NumberOfVehicles,CrashDate,CrashTime,DayOfWeek,TypeOfCollision,LocationOfFirstHarmfulEvent,RoadwaySurfaceType,RoadwayDefect,LightCondition_Category,LightCondition_Value,RoadwayDescription,WorkZoneLocation,WeatherCondition,RoadwayAlignment,WorkZoneWorkersPresent,SchoolZone,IntersectionType,WorkZoneType,TrafficControlType,RoadwaySurfaceCondition,RelationToRoadway_Category,RelationToRoadway_Value,TrafficControlMechanicalDevice,WorkZoneRelated,Year,Meteorological Season,MonthName,DaytimeNighttime_NHTSA,ThreeHourLabel,Hour,CrashType,AlcoholInvolved,SpeedRelated,CommercialMotorVehiclesInvolved,PedestrianInvolved,BicycleInvolved,MotorcycleInvolved,MopedInvolved,TrainRelated,SchoolZoneInvolved,TeenDriverInvolved,DistractedDriverInvolved,DriverTextingInvolved,DriverUsingCellPhone,Single_Multi_Vehicle,Jurisdiction,TownName,LocationTypeName,Latitude,Longitude,Interstate_NonInterstate,RoadName,RouteNumber,RouteName,MileMarker,FunctionalClassCode,AtIntersection,SecondaryLocation,MatureDriverInvolved,MatureDriverFatalities,MatureDriverInjuries,LargeTruckInvolved,PedestrianFatalities,PedestrianInjuries,MotorcycleFatalities,MotorcycleInjuries,BicycleFatalities,BicycleInjuries,DistractedDriverFatalities,DistractedDriverInjuries,UnrestrainedInjuries,Number_Of_Fatalities,Number_Of_Injuries,Crash_UID,Is_Fatal,Is_Severe,Is_Minor,SeverityLabel
1,2022-12-06,21:26:00,Tuesday,Fixed Object - Off Road,On Roadway,"Blacktop, Asphalt, Bituminous",No Defects,Darkness,Darkness - Road Not Lighted,"Two-Way, Not Divided",Not Provided,Rain,Straight - Level,Not Provided,No,Not at Intersection,Not Provided,No Traffic Control,Wet,Intersection Area,Non-Intersection,No Traffic Control Device Present,No,2022,Winter,December,Nighttime,9:00pm - 11:59pm,21,Injury Crash,Yes,Yes,No,No,No,No,No,No,No,No,No,No,No,Single Vehicle Crashes,Augusta County,,Rural,38.16362,-78.82913,Non-Interstate,SC-628N (AUGUSTA COUNTY),628.0,THOROFARE RD,1.39,Local,Not at Intersection,,No,0,0,No,0,0,0,0,0,0,0,0,1,0,1,c9681366,0,0,1,Minor
3,2023-03-19,01:31:00,Sunday,Fixed Object in Road,On Roadway,"Blacktop, Asphalt, Bituminous",No Defects,Darkness,Darkness - Road Lighted,"Two-Way, Divided, Unprotected Median",Not Provided,No Adverse Condition (Clear/Cloud),Straight - Level,Not Provided,No,Not at Intersection,Not Provided,Traffic Lanes Marked,Dry,Intersection Area,Non-Intersection,Yes - Working,No,2023,Spring,March,Nighttime,Midnight - 2:59am,1,Property Damage Crash,No,No,No,No,No,No,No,No,No,No,No,No,No,Multiple Vehicle Crashes,Norfolk City,,Urban,36.87732,-76.24533,Non-Interstate,UR-8636W (CITY OF NORFOLK),,ROBIN HOOD RD,0.24,Major Collector,At Intersection,HURLEY AVE,No,0,0,No,0,0,0,0,0,0,0,0,0,0,0,c3234231,0,0,1,Minor
1,2024-08-11,22:26:00,Sunday,Deer,On Roadway,"Blacktop, Asphalt, Bituminous",No Defects,Darkness,Darkness - Road Not Lighted,"Two-Way, Not Divided",Not Provided,No Adverse Condition (Clear/Cloud),Grade - Straight,Not Provided,No,Not at Intersection,Not Provided,Traffic Lanes Marked,Dry,Interchange Area,Main-Line Roadway,Yes - Working,No,2024,Summer,August,Nighttime,9:00pm - 11:59pm,22,Property Damage Crash,No,No,No,No,No,No,No,No,No,No,No,No,No,Single Vehicle Crashes,Albemarle County,,Rural,38.03901,-78.82763,Non-Interstate,US-250W,250.0,ROCKFISH GAP TPIKE,75.16,Minor Arterial,At Intersection,LITTLE ROCK LN,No,0,0,No,0,0,0,0,0,0,0,0,0,0,0,c0215796,0,0,1,Minor
2,2023-12-06,07:37:00,Wednesday,Sideswipe - Same Direction,On Roadway,"Blacktop, Asphalt, Bituminous",No Defects,Daylight,Daylight,"Two-Way, Not Divided",Not Provided,No Adverse Condition (Clear/Cloud),Straight - Level,Not Provided,Yes - With School Activity,Not at Intersection,Not Provided,Traffic Lanes Marked,Wet,Other Location,"Driveway, Alley-Access - Related",Yes - Working,No,2023,Winter,December,Daytime,6:00am - 8:59am,7,Property Damage Crash,No,No,No,No,No,No,No,No,Yes,Yes,No,No,No,Multiple Vehicle Crashes,Frederick County,,Urban,39.08129,-78.19229,Non-Interstate,SC-719S (FREDERICK COUNTY),719.0,WARRIOR DR,0.14,Minor Arterial,At Intersection,IVORY DR,No,0,0,No,0,0,0,0,0,0,0,0,0,0,0,c6147754,0,0,1,Minor
1,2022-10-26,19:10:00,Wednesday,Deer,On Roadway,"Blacktop, Asphalt, Bituminous",No Defects,Darkness,Darkness - Road Not Lighted,"Two-Way, Not Divided",Not Provided,No Adverse Condition (Clear/Cloud),Straight - Level,Not Provided,No,Not at Intersection,Not Provided,No Passing Lines,Dry,Intersection Area,Non-Intersection,Yes - Working,No,2022,Autumn,October,Nighttime,6:00pm - 8:59pm,19,Property Damage Crash,No,No,No,No,No,No,No,No,No,No,No,No,No,Single Vehicle Crashes,Gloucester County,,Rural,37.34672,-76.52878,Non-Interstate,SC-614N (GLOUCESTER COUNTY),614.0,HICKORY FORK RD,7.3,Major Collector,Not at Intersection,,No,0,0,No,0,0,0,0,0,0,0,0,0,0,0,c6771173,0,0,1,Minor
1,2024-03-07,18:09:00,Thursday,Fixed Object - Off Road,Shoulder,"Blacktop, Asphalt, Bituminous",No Defects,Dusk,Dusk,"Two-Way, Divided, Unprotected Median",Not Provided,No Adverse Condition (Clear/Cloud),Straight - Level,Not Provided,No,Not at Intersection,Not Provided,Traffic Lanes Marked,Dry,Intersection Area,Non-Intersection,Yes - Working,No,2024,Spring,March,Nighttime,6:00pm - 8:59pm,18,Property Damage Crash,No,Yes,No,No,No,No,No,No,No,Yes,No,No,No,Single Vehicle Crashes,Fauquier County,,Rural,38.71338,-77.82747,Non-Interstate,US-211E,211.0,LEE HWY,56.66,Other Principal Arterial,Not at Intersection,,No,0,0,No,0,0,0,0,0,0,0,0,0,0,0,c4379817,0,0,1,Minor
2,2022-02-23,17:06:00,Wednesday,Angle,On Roadway,"Blacktop, Asphalt, Bituminous",No Defects,Dusk,Dusk,"Two-Way, Divided, Unprotected Median",Not Provided,No Adverse Condition (Clear/Cloud),Straight - Level,Not Provided,No,Four Approaches,Not Provided,Stop Sign,Dry,Intersection Area,Intersection Related - Within 150 Feet,Yes - Working,No,2022,Winter,February,Daytime,3:00pm - 5:59pm,17,Property Damage Crash,No,No,No,No,No,No,No,No,No,No,No,No,No,Multiple Vehicle Crashes,Hampton City,,Urban,37.02567,-76.41768,Non-Interstate,BIG BETHEL RD (PR - CITY OF HAMPTON),,BIG BETHEL RD,0.69,Major Collector,At Intersection,LEWIS RD,Yes,0,0,No,0,0,0,0,0,0,0,0,0,0,0,c2072424,0,0,1,Minor
2,2024-11-25,07:48:00,Monday,Angle,On Roadway,"Blacktop, Asphalt, Bituminous",No Defects,Daylight,Daylight,"Two-Way, Divided, Positive Median Barrier",Not Provided,No Adverse Condition (Clear/Cloud),Straight - Level,Not Provided,No,Four Approaches,Not Provided,Stop Sign,Dry,Intersection Area,Within Intersection,Yes - Working,No,2024,Autumn,November,Daytime,6:00am - 8:59am,7,Property Damage Crash,No,Yes,No,No,No,No,No,No,No,Yes,No,No,No,Multiple Vehicle Crashes,Loudoun County,,Urban,39.0411,-77.38449,Non-Interstate,SC-637N (LOUDOUN COUNTY),637.0,POTOMAC VIEW RD,2.1,Major Collector,At Intersection,HAMPSHIRE STATION DR,No,0,0,No,0,0,0,0,0,0,0,0,0,0,0,c1860845,0,0,1,Minor
2,2022-10-31,08:41:00,Monday,Rear End,On Roadway,"Blacktop, Asphalt, Bituminous",No Defects,Daylight,Daylight,"Two-Way, Divided, Unprotected Median",Activity Area,No Adverse Condition (Clear/Cloud),Straight - Level,With Law Enforcement,No,Not at Intersection,Work on Shoulder or Median,Traffic Lanes Marked,Dry,Intersection Area,Non-Intersection,Yes - Working,Yes,2022,Autumn,October,Daytime,6:00am - 8:59am,8,Property Damage Crash,No,No,No,No,No,No,No,No,No,No,No,No,No,Multiple Vehicle Crashes,Chesapeake City,,Urban,36.75954,-76.32617,Interstate,I-64W,64.0,I-64,295.75,Interstate,Not at Intersection,,No,0,0,No,0,0,0,0,0,0,0,0,0,0,0,c5556845,0,0,1,Minor
2,2024-03-06,11:03:00,Wednesday,Angle,On Roadway,"Blacktop, Asphalt, Bituminous",No Defects,Daylight,Daylight,"Two-Way, Not Divided",Not Provided,Rain,Straight - Level,Not Provided,No,Four Approaches,Not Provided,Stop Sign,Wet,Interchange Area,Main-Line Roadway,Yes - Working,No,2024,Spring,March,Daytime,9:00am - 11:59am,11,Property Damage Crash,No,No,No,No,No,No,No,No,No,No,No,No,No,Multiple Vehicle Crashes,Richmond City,,Urban,37.54027,-77.41489,Non-Interstate,Q ST (PR - CITY OF RICHMOND),,Q ST,0.23,Local,At Intersection,22ND ST,No,0,0,No,0,0,0,0,0,0,0,0,0,0,0,c4134684,0,0,1,Minor
2,2024-01-28,13:50:00,Sunday,Sideswipe - Same Direction,On Roadway,"Blacktop, Asphalt, Bituminous",No Defects,Unknown,Unknown,"Two-Way, Not Divided",Not Provided,No Adverse Condition (Clear/Cloud),Straight - Level,Not Provided,No,Not at Intersection,Not Provided,Traffic Lanes Marked,Dry,Intersection Area,Non-Intersection,Yes - Working,No,2024,Winter,January,Daytime,Noon - 2:59pm,13,Property Damage Crash,No,No,No,No,No,No,No,No,No,No,No,No,No,Multiple Vehicle Crashes,Newport News City,,Urban,36.98636,-76.39416,Non-Interstate,CEDAR AVE (PR - CITY OF NEWPORT NEWS),,CEDAR AVE,0.03,Local,Not at Intersection,,No,0,0,No,0,0,0,0,0,0,0,0,0,0,0,c0547826,0,0,1,Minor
3,2023-08-21,16:31:00,Monday,Rear End,On Roadway,"Blacktop, Asphalt, Bituminous",No Defects,Daylight,Daylight,"One-Way, Not Divided",Not Provided,No Adverse Condition (Clear/Cloud),Straight - Level,Not Provided,No,Four Approaches,Not Provided,Traffic Signal,Dry,Interchange Area,Main-Line Roadway,Yes - Working and Obscured,No,2023,Summer,August,Daytime,3:00pm - 5:59pm,16,Property Damage Crash,No,No,No,No,No,No,No,No,No,No,Yes,No,No,Multiple Vehicle Crashes,Petersburg City,,Urban,37.22353,-77.42039,Non-Interstate,US-1P(3),1.0,WASHINGTON ST,0.34,Other Principal Arterial,At Intersection,WEST ST,No,0,0,No,0,0,0,0,0,0,0,0,0,0,0,c3358340,0,0,1,Minor
2,2023-04-26,06:45:00,Wednesday,Head On,On Roadway,Concrete,No Defects,Daylight,Daylight,"Two-Way, Not Divided",Not Provided,No Adverse Condition (Clear/Cloud),Straight - Level,Not Provided,No,Four Approaches,Not Provided,Traffic Signal,Dry,Intersection Area,Intersection Related - Within 150 Feet,Yes - Working,No,2023,Spring,April,Daytime,6:00am - 8:59am,6,Property Damage Crash,No,Yes,No,No,No,No,No,No,No,No,No,No,No,Multiple Vehicle Crashes,Norfolk City,,Urban,36.87263,-76.30148,Non-Interstate,VA-337W,337.0,HAMPTON BLVD,29.8,Other Principal Arterial,At Intersection,AZALEA CT,No,0,0,No,0,0,0,0,0,0,0,0,0,0,0,c1554745,0,0,1,Minor
2,2024-06-30,04:30:00,Sunday,Head On,On Roadway,"Blacktop, Asphalt, Bituminous",No Defects,Darkness,Darkness - Road Not Lighted,"Two-Way, Not Divided",Not Provided,No Adverse Condition (Clear/Cloud),Straight - Level,Not Provided,No,Three Approaches,Not Provided,No Traffic Control,Other,Intersection Area,Intersection Related - Within 150 Feet,No Traffic Control Device Present,No,2024,Summer,June,Nighttime,3:00am - 5:59am,4,Property Damage Crash,No,No,No,No,No,No,No,No,No,No,No,No,No,Multiple Vehicle Crashes,Loudoun County,,Urban,39.04188,-77.4081,Non-Interstate,SC-1633E (LOUDOUN COUNTY),1633.0,REGINA DR,0.06,Local,At Intersection,MARKWOOD DR,No,0,0,No,0,0,0,0,0,0,0,0,0,0,0,c9385434,0,0,1,Minor
1,2024-11-08,01:20:00,Friday,Other Animal,On Roadway,"Blacktop, Asphalt, Bituminous",No Defects,Darkness,Darkness - Road Not Lighted,"Two-Way, Divided, Positive Median Barrier",Not Provided,No Adverse Condition (Clear/Cloud),Straight - Level,Not Provided,No,Not at Intersection,Not Provided,Traffic Lanes Marked,Dry,Intersection Area,Non-Intersection,Yes - Working,No,2024,Autumn,November,Nighttime,Midnight - 2:59am,1,Property Damage Crash,No,No,No,No,No,No,No,No,No,No,No,No,No,Single Vehicle Crashes,Smyth County,,Rural,36.89622,-81.34994,Interstate,I-81S,81.0,I-81,56.6,Interstate,Not at Intersection,,No,0,0,No,0,0,0,0,0,0,0,0,0,0,0,c4268339,0,0,1,Minor
2,2024-03-09,12:19:00,Saturday,Angle,On Roadway,"Blacktop, Asphalt, Bituminous",No Defects,Daylight,Daylight,"Two-Way, Divided, Unprotected Median",Not Provided,Rain,Straight - Level,Not Provided,No,Three Approaches,Not Provided,Traffic Lanes Marked,Wet,Intersection Area,Within Intersection,Yes - Working,No,2024,Spring,March,Daytime,Noon - 2:59pm,12,Property Damage Crash,No,No,No,No,No,No,No,No,No,No,Yes,No,No,Multiple Vehicle Crashes,Prince William County,,Urban,38.77852,-77.50624,Non-Interstate,SC-1529E (PRINCE WILLIAM COUNTY),1529.0,PORTSMOUTH RD,0.05,Major Collector,Not at Intersection,,No,0,0,No,0,0,0,0,0,0,0,0,0,0,0,c5818605,0,0,1,Minor
2,2023-10-13,12:00:00,Friday,Rear End,On Roadway,"Blacktop, Asphalt, Bituminous",No Defects,Daylight,Daylight,"Two-Way, Divided, Unprotected Median",Not Provided,No Adverse Condition (Clear/Cloud),Straight - Level,Not Provided,No,"Five-Point, or More",Not Provided,Traffic Lanes Marked,Dry,Intersection Area,Within Intersection,Yes - Working,No,2023,Autumn,October,Daytime,Noon - 2:59pm,12,Property Damage Crash,No,No,No,No,No,No,No,No,No,No,No,No,No,Multiple Vehicle Crashes,Va. Beach City,,Urban,36.79737,-76.17511,Non-Interstate,INDIAN RIVER RD (NP - CITY OF VIRGINIA BEACH),,INDIAN RIVER RD,12.71,Other Principal Arterial,At Intersection,KEMPSVILLE RD,Yes,0,0,No,0,0,0,0,0,0,0,0,0,0,0,c3309356,0,0,1,Minor
2,2023-08-08,16:21:00,Tuesday,Angle,On Roadway,"Blacktop, Asphalt, Bituminous",No Defects,Daylight,Daylight,"Two-Way, Divided, Unprotected Median",Not Provided,No Adverse Condition (Clear/Cloud),Straight - Level,Not Provided,No,Three Approaches,Not Provided,Traffic Lanes Marked,Dry,Intersection Area,Within Intersection,Yes - Working,No,2023,Summer,August,Daytime,3:00pm - 5:59pm,16,Injury Crash,No,No,No,No,No,No,No,No,No,No,No,No,No,Multiple Vehicle Crashes,Richmond City,,Urban,37.47443,-77.48175,Non-Interstate,VA-10W,10.0,BROAD ROCK BLVD,2.65,Other Principal Arterial,At Intersection,WELFORD AVE,No,0,0,No,0,0,0,0,0,0,0,0,1,0,2,c1084023,0,1,0,Severe
2,2023-11-26,21:26:00,Sunday,Sideswipe - Same Direction,On Roadway,"Blacktop, Asphalt, Bituminous",No Defects,Darkness,Darkness - Road Not Lighted,"Two-Way, Divided, Unprotected Median",Not Provided,No Adverse Condition (Clear/Cloud),Straight - Level,Not Provided,No,Not at Intersection,Not Provided,Traffic Lanes Marked,Dry,Intersection Area,Non-Intersection,Yes - Working,No,2023,Autumn,November,Nighttime,9:00pm - 11:59pm,21,Property Damage Crash,No,No,No,No,No,No,No,No,No,No,Yes,No,No,Multiple Vehicle Crashes,Rockbridge County,,Rural,37.69165,-79.4818,Interstate,I-81S,81.0,I-81,183.35,Interstate,Not at Intersection,,No,0,0,No,0,0,0,0,0,0,0,0,0,0,0,c0247804,0,0,1,Minor
1,2024-10-05,20:36:00,Saturday,Deer,On Roadway,"Blacktop, Asphalt, Bituminous",No Defects,Darkness,Darkness - Road Not Lighted,"Two-Way, Not Divided",Not Provided,No Adverse Condition (Clear/Cloud),Straight - Level,Not Provided,No,Not at Intersection,Not Provided,No Passing Lines,Dry,Intersection Area,Non-Intersection,Yes - Working,No,2024,Autumn,October,Nighttime,6:00pm - 8:59pm,20,Property Damage Crash,No,No,No,No,No,No,No,No,No,No,No,No,No,Single Vehicle Crashes,Carroll County,,Urban,36.64261,-80.90008,Non-Interstate,VA-97E,97.0,PIPERS GAP RD,1.26,Major Collector,Not at Intersection,,No,0,0,No,0,0,0,0,0,0,0,0,0,0,0,c1989050,0,0,1,Minor
2,2022-02-08,21:30:00,Tuesday,Rear End,On Roadway,"Blacktop, Asphalt, Bituminous",No Defects,Darkness,Darkness - Road Not Lighted,"Two-Way, Divided, Positive Median Barrier",Not Provided,No Adverse Condition (Clear/Cloud),Grade - Straight,Not Provided,No,Not at Intersection,Not Provided,Traffic Lanes Marked,Dry,Intersection Area,Non-Intersection,Yes - Working,No,2022,Winter,February,Nighttime,9:00pm - 11:59pm,21,Injury Crash,No,No,No,No,No,No,No,No,No,No,Yes,No,No,Multiple Vehicle Crashes,Pulaski County,,Urban,37.07845,-80.69171,Non-Interstate,FR-47E,47.0,CLEBURNE BLVD,11.86,Minor Arterial,Not at Intersection,,No,0,0,No,0,0,0,0,0,0,0,0,1,0,1,c4042495,0,0,1,Minor
3,2024-02-29,08:22:00,Thursday,Angle,On Roadway,"Blacktop, Asphalt, Bituminous",No Defects,Daylight,Daylight,"Two-Way, Not Divided",Not Provided,No Adverse Condition (Clear/Cloud),Straight - Level,Not Provided,No,Four Approaches,Not Provided,Traffic Signal,Dry,Intersection Area,Within Intersection,Yes - Working,No,2024,Winter,February,Daytime,6:00am - 8:59am,8,Injury Crash,No,No,No,No,No,No,No,No,No,No,No,No,No,Multiple Vehicle Crashes,Richmond City,,Urban,37.51219,-77.46359,Non-Interstate,UR-7528W (CITY OF RICHMOND),7528.0,MIDLOTHIAN TPKE,0.61,Minor Arterial,At Intersection,BROAD ROCK RD,No,0,0,No,0,0,0,0,0,0,0,0,0,0,2,c8059916,0,1,0,Severe
1,2022-06-07,20:16:00,Tuesday,Pedestrian,On Roadway,"Blacktop, Asphalt, Bituminous",No Defects,Daylight,Daylight,"Two-Way, Not Divided",Not Provided,No Adverse Condition (Clear/Cloud),Straight - Level,Not Provided,No,Not at Intersection,Not Provided,No Traffic Control,Dry,Interchange Area,Main-Line Roadway,No Traffic Control Device Present,No,2022,Summer,June,Nighttime,6:00pm - 8:59pm,20,Injury Crash,No,No,No,Yes,No,No,No,No,No,No,No,No,No,Single Vehicle Crashes,Portsmouth City,,Urban,36.82701,-76.33577,Non-Interstate,ALT VA-337N (1 CITY OF PORTSMOUTH),337.0,TURNPIKE RD,1.26,Minor Arterial,Not at Intersection,,No,0,0,No,0,1,0,0,0,0,0,0,0,0,1,c0793414,0,0,1,Minor
2,2024-10-26,19:30:00,Saturday,Sideswipe - Opposite Direction,On Roadway,"Blacktop, Asphalt, Bituminous",No Defects,Darkness,Darkness - Road Not Lighted,"Two-Way, Not Divided",Not Provided,No Adverse Condition (Clear/Cloud),Straight - Level,Not Provided,No,Not at Intersection,Not Provided,No Traffic Control,Dry,Intersection Area,Non-Intersection,No Traffic Control Device Present,No,2024,Autumn,October,Nighttime,6:00pm - 8:59pm,19,Property Damage Crash,No,No,No,No,No,No,No,No,No,No,No,No,No,Multiple Vehicle Crashes,Amherst County,,Rural,37.61524,-79.00744,Non-Interstate,SC-608E (AMHERST COUNTY),608.0,TOYTOWN RD,3.99,Local,Not at Intersection,,No,0,0,No,0,0,0,0,0,0,0,0,0,0,0,c9481521,0,0,1,Minor
2,2024-04-26,14:15:00,Friday,Rear End,On Roadway,"Blacktop, Asphalt, Bituminous",No Defects,Daylight,Daylight,"Two-Way, Not Divided",Not Provided,No Adverse Condition (Clear/Cloud),Straight - Level,Not Provided,No,Four Approaches,Not Provided,Traffic Signal,Dry,Intersection Area,Intersection Related - Within 150 Feet,Yes - Working,No,2024,Spring,April,Daytime,Noon - 2:59pm,14,Property Damage Crash,No,No,No,No,No,No,No,No,No,No,No,No,No,Multiple Vehicle Crashes,Prince William County,,Urban,38.78649,-77.44905,Non-Interstate,VA-28N,28.0,CENTREVILLE RD,26.24,Other Principal Arterial,At Intersection,LELAND RD,No,0,0,No,0,0,0,0,0,0,0,0,0,0,0,c3639729,0,0,1,Minor
1,2024-03-14,15:40:00,Thursday,Non-Collision,Roadside,"Blacktop, Asphalt, Bituminous",No Defects,Daylight,Daylight,"Two-Way, Not Divided",Not Provided,No Adverse Condition (Clear/Cloud),Grade - Straight,Not Provided,No,Not at Intersection,Not Provided,No Passing Lines,Dry,Intersection Area,Non-Intersection,Yes - Working,No,2024,Spring,March,Daytime,3:00pm - 5:59pm,15,Injury Crash,No,No,No,No,No,Yes,No,No,No,No,No,No,No,Single Vehicle Crashes,Wythe County,,Rural,36.91899,-81.16715,Non-Interstate,SC-667E (WYTHE COUNTY),667.0,OLD STAGE RD,4.44,Major Collector,Not at Intersection,,No,0,0,No,0,0,0,1,0,0,0,0,0,0,1,c1477845,0,0,1,Minor
1,2024-06-01,23:10:00,Saturday,Other,On Roadway,"Blacktop, Asphalt, Bituminous",No Defects,Darkness,Darkness - Road Lighted,"Two-Way, Divided, Unprotected Median",Not Provided,No Adverse Condition (Clear/Cloud),Straight - Level,Not Provided,No,Not at Intersection,Not Provided,Traffic Signal,Dry,Intersection Area,Non-Intersection,Yes - Working,No,2024,Summer,June,Nighttime,9:00pm - 11:59pm,23,Property Damage Crash,No,No,No,No,No,No,No,No,No,No,No,No,No,Single Vehicle Crashes,Norfolk City,,Urban,36.90017,-76.2559,Non-Interstate,VA-168N,168.0,TIDEWATER DR,27.21,Other Principal Arterial,Not at Intersection,,No,0,0,No,0,0,0,0,0,0,0,0,0,0,0,c9069811,0,0,1,Minor
2,2022-05-13,07:30:00,Friday,Angle,On Roadway,"Blacktop, Asphalt, Bituminous",Slick Pavement,Daylight,Daylight,"Two-Way, Divided, Positive Median Barrier",Not Provided,Rain,Straight - Level,Not Provided,No,Three Approaches,Not Provided,Traffic Signal,Wet,Intersection Area,Within Intersection,Yes - Working,No,2022,Spring,May,Daytime,6:00am - 8:59am,7,Property Damage Crash,No,No,No,No,No,No,No,No,No,Yes,No,No,No,Multiple Vehicle Crashes,Chesterfield County,,Rural,37.40781,-77.56499,Non-Interstate,SC-604W (CHESTERFIELD COUNTY),604.0,COURTHOUSE RD,14.68,Minor Arterial,At Intersection,VA-288,No,0,0,No,0,0,0,0,0,0,0,0,0,0,0,c0276680,0,0,1,Minor
2,2022-04-11,10:38:00,Monday,Fixed Object - Off Road,Shoulder,"Blacktop, Asphalt, Bituminous",No Defects,Daylight,Daylight,"Two-Way, Not Divided",Not Provided,No Adverse Condition (Clear/Cloud),Grade - Straight,Not Provided,No,Not at Intersection,Not Provided,Traffic Lanes Marked,Dry,Intersection Area,Non-Intersection,Yes - Working,No,2022,Spring,April,Daytime,9:00am - 11:59am,10,Injury Crash,No,No,No,No,No,No,No,No,No,No,No,No,No,Multiple Vehicle Crashes,Culpeper County,,Rural,38.51648,-78.01126,Non-Interstate,SC-729S (CULPEPER COUNTY),729.0,EGGBORNSVILLE RD,1.18,Major Collector,At Intersection,KYFF CT,No,0,0,No,0,0,0,0,0,0,0,0,0,0,1,c9863923,0,0,1,Minor
2,2023-08-20,19:34:00,Sunday,Angle,On Roadway,"Blacktop, Asphalt, Bituminous",No Defects,Daylight,Daylight,"Two-Way, Divided, Unprotected Median",Not Provided,No Adverse Condition (Clear/Cloud),Straight - Level,Not Provided,No,Three Approaches,Not Provided,Traffic Lanes Marked,Dry,Intersection Area,Intersection Related - Within 150 Feet,Yes - Working,No,2023,Summer,August,Nighttime,6:00pm - 8:59pm,19,Property Damage Crash,No,No,No,No,No,No,No,No,No,Yes,Yes,No,No,Multiple Vehicle Crashes,Prince George County,,Rural,37.28603,-77.2163,Non-Interstate,VA-10W,10.0,JAMES RIVER DR,29.7,Minor Arterial,At Intersection,BEAVER CASTLE RD,No,0,0,No,0,0,0,0,0,0,0,0,0,0,0,c8541127,0,0,1,Minor
2,2022-07-07,16:06:00,Thursday,Sideswipe - Same Direction,On Roadway,"Blacktop, Asphalt, Bituminous",No Defects,Daylight,Daylight,"Two-Way, Divided, Unprotected Median",Not Provided,No Adverse Condition (Clear/Cloud),Grade - Straight,Not Provided,No,Two Approaches,Not Provided,Traffic Lanes Marked,Dry,Interchange Area,Intersection at end of Ramp,Yes - Working,No,2022,Summer,July,Daytime,3:00pm - 5:59pm,16,Property Damage Crash,No,No,No,No,No,No,No,No,No,Yes,No,No,No,Multiple Vehicle Crashes,Lynchburg City,,Urban,37.36465,-79.19863,Non-Interstate,US-501S,501.0,LYNCHBURG EXPY,73.09,Other Freeways and Expressways,Not at Intersection,,No,0,0,No,0,0,0,0,0,0,0,0,0,0,0,c9975911,0,0,1,Minor
1,2022-10-04,01:34:00,Tuesday,Other,On Roadway,"Blacktop, Asphalt, Bituminous",No Defects,Darkness,Darkness - Road Lighted,"Two-Way, Not Divided",Not Provided,Mist,Straight - Level,Not Provided,No,Not at Intersection,Not Provided,Traffic Lanes Marked,Wet,Intersection Area,Non-Intersection,Yes - Working,No,2022,Autumn,October,Nighttime,Midnight - 2:59am,1,Injury Crash,No,No,No,Yes,No,No,No,No,No,No,No,No,No,Single Vehicle Crashes,Suffolk City,,Urban,36.76698,-76.53268,Non-Interstate,PROGRESS RD (NP - CITY OF SUFFOLK),,PROGRESS RD,0.82,Local,Not at Intersection,,No,0,0,No,0,1,0,0,0,0,0,0,0,0,1,c4290301,0,0,1,Minor
1,2023-05-09,22:25:00,Tuesday,Other,"Off Roadway, Location Unknown","Blacktop, Asphalt, Bituminous",No Defects,Darkness,Darkness - Road Not Lighted,"Two-Way, Not Divided",Not Provided,No Adverse Condition (Clear/Cloud),Straight - Level,Not Provided,No,Not at Intersection,Not Provided,No Traffic Control,Dry,Other Location,"Driveway, Alley-Access - Related",No Traffic Control Device Present,No,2023,Spring,May,Nighttime,9:00pm - 11:59pm,22,Injury Crash,No,No,No,No,No,No,No,No,No,Yes,No,No,No,Single Vehicle Crashes,Albemarle County,,Rural,37.89965,-78.47755,Non-Interstate,SC-708E (ALBEMARLE COUNTY),708.0,SECRETARYS RD,17.35,Local,At Intersection,EYELAND DR,No,0,0,No,0,0,0,0,0,0,0,0,0,0,1,c8077012,0,0,1,Minor
1,2023-01-02,12:01:00,Monday,Fixed Object - Off Road,"Off Roadway, Location Unknown",Dirt,No Defects,Unknown,Unknown,Unknown,Not Provided,No Adverse Condition (Clear/Cloud),Straight - Level,Not Provided,No,Not at Intersection,Not Provided,Traffic Lanes Marked,Dry,Intersection Area,Non-Intersection,Yes - Working,No,2023,Winter,January,Daytime,Noon - 2:59pm,12,Property Damage Crash,No,No,No,No,No,No,No,No,No,No,No,No,No,Single Vehicle Crashes,Loudoun County,,Urban,39.05969,-77.48391,Non-Interstate,SC-1178N (LOUDOUN COUNTY),1178.0,BOXWOOD PL,0.41,Local,At Intersection,HIBISCUS DR,No,0,0,No,0,0,0,0,0,0,0,0,0,0,0,c4328682,0,0,1,Minor
1,2022-10-31,18:40:00,Monday,Deer,On Roadway,"Blacktop, Asphalt, Bituminous",No Defects,Darkness,Darkness - Road Not Lighted,"Two-Way, Not Divided",Not Provided,Rain,Straight - Level,Not Provided,No,Not at Intersection,Not Provided,Traffic Lanes Marked,Wet,Intersection Area,Non-Intersection,Yes - Working,No,2022,Autumn,October,Nighttime,6:00pm - 8:59pm,18,Property Damage Crash,No,No,No,No,No,No,No,No,No,No,No,No,No,Single Vehicle Crashes,Hanover County,,Rural,37.8144,-77.67844,Non-Interstate,US-33E,33.0,MOUNTAIN RD,111.76,Minor Arterial,Not at Intersection,,No,0,0,No,0,0,0,0,0,0,0,0,0,0,0,c6457479,0,0,1,Minor