NumberOfVehicles,CrashDate,CrashTime,DayOfWeek,TypeOfCollision,LocationOfFirstHarmfulEvent,RoadwaySurfaceType,RoadwayDefect,LightCondition_Category,LightCondition_Value,RoadwayDescription,WorkZoneLocation,WeatherCondition,RoadwayAlignment,WorkZoneWorkersPresent,SchoolZone,IntersectionType,WorkZoneType,TrafficControlType,RoadwaySurfaceCondition,RelationToRoadway_Category,RelationToRoadway_Value,TrafficControlMechanicalDevice,WorkZoneRelated,Year,Meteorological Season,MonthName,DaytimeNighttime_NHTSA,ThreeHourLabel,Hour,CrashType,AlcoholInvolved,SpeedRelated,CommercialMotorVehiclesInvolved,PedestrianInvolved,BicycleInvolved,MotorcycleInvolved,MopedInvolved,TrainRelated,SchoolZoneInvolved,TeenDriverInvolved,DistractedDriverInvolved,DriverTextingInvolved,DriverUsingCellPhone,Single_Multi_Vehicle,Jurisdiction,TownName,LocationTypeName,Latitude,Longitude,Interstate_NonInterstate,RoadName,RouteNumber,RouteName,MileMarker,FunctionalClassCode,AtIntersection,SecondaryLocation,MatureDriverInvolved,MatureDriverFatalities,MatureDriverInjuries,LargeTruckInvolved,PedestrianFatalities,PedestrianInjuries,MotorcycleFatalities,MotorcycleInjuries,BicycleFatalities,BicycleInjuries,DistractedDriverFatalities,DistractedDriverInjuries,UnrestrainedInjuries,Number_Of_Fatalities,Number_Of_Injuries,Crash_UID,Is_Fatal,Is_Severe,Is_Minor,SeverityLabel
2,2023-08-15,16:50:00,Tuesday,Rear End,On Roadway,"Blacktop, Asphalt, Bituminous",No Defects,Dusk,Dusk,"Two-Way, Divided, Unprotected Median",Not Provided,No Adverse Condition (Clear/Cloud),Straight - Level,Not Provided,No,Not at Intersection,Not Provided,Traffic Lanes Marked,Dry,Intersection Area,Non-Intersection,Yes - Working,No,2023,Summer,August,Daytime,3:00pm - 5:59pm,16,Property Damage Crash,No,No,No,No,No,No,No,No,No,No,No,No,No,Multiple Vehicle Crashes,Henrico County,,Urban,37.59592,-77.56704,,WELBORNE DR (NP - HENRICO COUNTY),,WELBORNE DR,0.08,,Not at Intersection,,No,0,0,No,0,0,0,0,0,0,0,0,0,0,0,c8631546,0,0,1,Minor
2,2022-01-16,22:30:00,Sunday,Rear End,On Roadway,"Blacktop, Asphalt, Bituminous",No Defects,Darkness,Darkness - Road Lighted,"Two-Way, Not Divided",Not Provided,Snow,Straight - Level,Not Provided,No,Not at Intersection,Not Provided,No Traffic Control,Snowy,Interchange Area,Main-Line Roadway,No Traffic Control Device Present,No,2022,Winter,January,Nighttime,9:00pm - 11:59pm,22,Property Damage Crash,No,Yes,No,No,No,No,No,No,No,Yes,No,No,No,Multiple Vehicle Crashes,Spotsylvania County,,Urban,38.27321,-77.44764,Non-Interstate,SC-1301S (SPOTSYLVANIA COUNTY),1301.0,BEND FARM RD,0.04,Local,Not at Intersection,,No,0,0,No,0,0,0,0,0,0,0,0,0,0,0,c2259462,0,0,1,Minor
3,2023-12-09,11:08:00,Saturday,Rear End,On Roadway,Concrete,No Defects,Daylight,Daylight,"Two-Way, Divided, Positive Median Barrier",Not Provided,No Adverse Condition (Clear/Cloud),Straight - Level,Not Provided,No,Four Approaches,Not Provided,Traffic Signal,Dry,Interchange Area,Main-Line Roadway,Yes - Working,No,2023,Winter,December,Daytime,9:00am - 11:59am,11,Injury Crash,No,No,No,No,No,No,No,No,No,No,No,No,No,Multiple Vehicle Crashes,Norfolk City,,Urban,36.86367,-76.21048,Non-Interstate,US-13S,13.0,MILITARY HWY,48.84,Other Principal Arterial,At Intersection,LOWERY RD,Yes,0,1,No,0,0,0,0,0,0,0,0,0,0,3,c7670336,0,1,0,Severe
2,2023-01-24,16:20:00,Tuesday,Sideswipe - Same Direction,On Roadway,"Blacktop, Asphalt, Bituminous",No Defects,Daylight,Daylight,"One-Way, Not Divided",Not Provided,No Adverse Condition (Clear/Cloud),Curve - Level,Not Provided,No,Roundabout,Not Provided,Traffic Lanes Marked,Dry,Intersection Area,Within Intersection,Yes - Working,No,2023,Winter,January,Daytime,3:00pm - 5:59pm,16,Property Damage Crash,No,No,No,No,No,No,No,No,No,Yes,No,No,No,Multiple Vehicle Crashes,Chesterfield County,,Rural,37.51397,-77.69667,Non-Interstate,SC-7225S (CHESTERFIELD COUNTY),7225.0,WATKINS CENTRE PKWY,0.15,Major Collector,At Intersection,CITY VIEW DR,No,0,0,No,0,0,0,0,0,0,0,0,0,0,0,c6033033,0,0,1,Minor
2,2022-03-24,08:00:00,Thursday,Backed Into,On Roadway,"Blacktop, Asphalt, Bituminous",No Defects,Daylight,Daylight,"Two-Way, Divided, Unprotected Median",Not Provided,Mist,Straight - Level,Not Provided,No,Not at Intersection,Not Provided,Railroad Crossing With Gate and Signals,Wet,Intersection Area,Non-Intersection,Yes - Working,No,2022,Spring,March,Daytime,6:00am - 8:59am,8,Property Damage Crash,No,No,No,No,No,No,No,No,No,No,No,No,No,Multiple Vehicle Crashes,Fairfax County,Clifton,Urban,38.7808,-77.3871,Non-Interstate,SC-645W (FAIRFAX COUNTY),645.0,MAIN ST,10.42,Minor Arterial,At Intersection,FORD LN,No,0,0,No,0,0,0,0,0,0,0,0,0,0,0,c0444994,0,0,1,Minor
2,2022-09-16,22:43:00,Friday,Rear End,On Roadway,"Blacktop, Asphalt, Bituminous",No Defects,Darkness,Darkness - Road Lighted,"Two-Way, Divided, Positive Median Barrier",Not Provided,No Adverse Condition (Clear/Cloud),Straight - Level,Not Provided,No,Four Approaches,Not Provided,Traffic Signal,Dry,Intersection Area,Intersection Related - Within 150 Feet,Yes - Working,No,2022,Autumn,September,Nighttime,9:00pm - 11:59pm,22,Property Damage Crash,No,No,No,No,No,No,No,No,No,No,No,No,No,Multiple Vehicle Crashes,Loudoun County,,Urban,38.91016,-77.54458,Non-Interstate,SC-659S (LOUDOUN COUNTY),659.0,GUM SPRING RD,4.43,Minor Arterial,At Intersection,BRADDOCK RD,No,0,0,No,0,0,0,0,0,0,0,0,0,0,0,c9465052,0,0,1,Minor
2,2022-10-21,08:30:00,Friday,Angle,On Roadway,"Blacktop, Asphalt, Bituminous",No Defects,Dawn,Dawn,"Two-Way, Not Divided",Not Provided,Other,Straight - Level,Not Provided,No,Four Approaches,Not Provided,Stop Sign,Dry,Intersection Area,Within Intersection,Yes - Working,No,2022,Autumn,October,Daytime,6:00am - 8:59am,8,Property Damage Crash,No,No,No,No,No,No,No,No,No,Yes,No,No,No,Multiple Vehicle Crashes,Chesterfield County,,Urban,37.3792,-77.49925,Non-Interstate,SC-2016W (CHESTERFIELD COUNTY),2016.0,STATUTE ST,0.05,Local,At Intersection,STATUTE CT,No,0,0,No,0,0,0,0,0,0,0,0,0,0,0,c6307529,0,0,1,Minor
2,2024-01-30,16:26:00,Tuesday,Rear End,On Roadway,"Blacktop, Asphalt, Bituminous",No Defects,Daylight,Daylight,"Two-Way, Not Divided",Not Provided,No Adverse Condition (Clear/Cloud),Straight - Level,Not Provided,No,Not at Intersection,Not Provided,No Traffic Control,Dry,Intersection Area,Non-Intersection,No Traffic Control Device Present,No,2024,Winter,January,Daytime,3:00pm - 5:59pm,16,Injury Crash,No,No,No,No,No,No,No,No,No,No,No,No,No,Multiple Vehicle Crashes,Sussex County,,Rural,37.00414,-77.04437,Non-Interstate,US-460W,460.0,GENERAL MAHONE HWY,344.6,Other Principal Arterial,Not at Intersection,,Yes,0,0,No,0,0,0,0,0,0,0,0,0,0,1,c0117964,0,0,1,Minor
1,2022-01-02,08:43:00,Sunday,Fixed Object - Off Road,Roadside,"Blacktop, Asphalt, Bituminous",No Defects,Daylight,Daylight,"Two-Way, Divided, Positive Median Barrier",Not Provided,Rain,Curve - Level,Not Provided,No,Not at Intersection,Not Provided,Traffic Lanes Marked,Wet,Interchange Area,On Entrance/Exit Ramp,Yes - Working,No,2022,Winter,January,Daytime,6:00am - 8:59am,8,Property Damage Crash,No,No,No,No,No,No,No,No,No,No,No,No,No,Single Vehicle Crashes,Frederick County,,Urban,39.18519,-78.1373,Interstate,VA-7U RAMP 1A,81.0,I-81 RAMP,0.19,Interstate,Not at Intersection,,No,0,0,No,0,0,0,0,0,0,0,0,0,0,0,c4877672,0,0,1,Minor
1,2024-06-13,16:00:00,Thursday,Fixed Object - Off Road,Roadside,"Blacktop, Asphalt, Bituminous",No Defects,Daylight,Daylight,"Two-Way, Not Divided",Not Provided,No Adverse Condition (Clear/Cloud),Straight - Level,Not Provided,No,Three Approaches,Not Provided,Traffic Lanes Marked,Dry,Intersection Area,Within Intersection,Yes - Working,No,2024,Summer,June,Daytime,3:00pm - 5:59pm,16,Property Damage Crash,No,No,No,No,No,No,No,No,No,No,No,No,No,Single Vehicle Crashes,Mecklenburg County,,Rural,36.8215,-78.49081,Non-Interstate,VA-47S,47.0,VA-47,24.24,Major Collector,Not at Intersection,,No,0,0,No,0,0,0,0,0,0,0,0,0,0,0,c7425768,0,0,1,Minor
1,2023-04-07,08:01:00,Friday,Fixed Object - Off Road,Roadside,"Blacktop, Asphalt, Bituminous",No Defects,Dawn,Dawn,"Two-Way, Not Divided",Not Provided,No Adverse Condition (Clear/Cloud),Straight - Level,Not Provided,Yes,Not at Intersection,Not Provided,Traffic Lanes Marked,Dry,Intersection Area,Non-Intersection,Yes - Working,No,2023,Spring,April,Daytime,6:00am - 8:59am,8,Injury Crash,No,No,No,No,No,No,No,No,Yes,No,No,No,No,Single Vehicle Crashes,Chesterfield County,,Urban,37.54997,-77.649,Non-Interstate,SC-3387E (CHESTERFIELD COUNTY),3387.0,JAMES RIVER RD,0.3,Local,Not at Intersection,,No,0,0,No,0,0,0,0,0,0,0,0,0,0,1,c1887927,0,0,1,Minor
2,2024-04-18,17:50:00,Thursday,Angle,On Roadway,"Blacktop, Asphalt, Bituminous",No Defects,Daylight,Daylight,"Two-Way, Not Divided",Not Provided,No Adverse Condition (Clear/Cloud),Straight - Level,Not Provided,No,Three Approaches,Not Provided,Stop Sign,Dry,Intersection Area,Within Intersection,Yes - Working,No,2024,Spring,April,Daytime,3:00pm - 5:59pm,17,Property Damage Crash,No,No,No,No,No,No,No,No,No,No,Yes,No,No,Multiple Vehicle Crashes,Richmond City,,Urban,37.52409,-77.43682,Non-Interstate,UR-7577E (CITY OF RICHMOND),,4TH ST,1.02,Minor Arterial,At Intersection,DECATUR ST,No,0,0,No,0,0,0,0,0,0,0,0,0,0,0,c4165858,0,0,1,Minor
1,2023-10-07,17:52:00,Saturday,Deer,On Roadway,"Blacktop, Asphalt, Bituminous",No Defects,Daylight,Daylight,"Two-Way, Divided, Unprotected Median",Not Provided,No Adverse Condition (Clear/Cloud),Straight - Level,Not Provided,No,Not at Intersection,Not Provided,No Traffic Control,Dry,Intersection Area,Non-Intersection,No Traffic Control Device Present,No,2023,Autumn,October,Daytime,3:00pm - 5:59pm,17,Property Damage Crash,No,No,No,No,No,No,No,No,No,No,No,No,No,Single Vehicle Crashes,Winchester City,,Urban,39.15749,-78.17316,Non-Interstate,PLEASANT VALLEY RD (PR - CITY OF WINCHESTER),,PLEASANT VALLEY RD,0.9,Minor Arterial,Not at Intersection,,No,0,0,No,0,0,0,0,0,0,0,0,0,0,0,c5636164,0,0,1,Minor
2,2023-01-19,15:30:00,Thursday,Angle,On Roadway,"Blacktop, Asphalt, Bituminous",No Defects,Daylight,Daylight,"Two-Way, Divided, Unprotected Median",Not Provided,No Adverse Condition (Clear/Cloud),Straight - Level,Not Provided,No,Four Approaches,Not Provided,Traffic Signal,Dry,Intersection Area,Within Intersection,Yes - Working,No,2023,Winter,January,Daytime,3:00pm - 5:59pm,15,Injury Crash,No,No,Yes,No,No,No,No,No,No,No,No,No,No,Multiple Vehicle Crashes,Chesapeake City,,Urban,36.77486,-76.27528,Non-Interstate,US-13S,13.0,MILITARY HWY,40.93,Other Principal Arterial,At Intersection,I-464 RAMP,No,0,0,Yes,0,0,0,0,0,0,0,0,0,0,3,c7254753,0,1,0,Severe
2,2023-02-10,15:54:00,Friday,Angle,On Roadway,"Blacktop, Asphalt, Bituminous",No Defects,Daylight,Daylight,"Two-Way, Not Divided",Not Provided,No Adverse Condition (Clear/Cloud),Straight - Level,Not Provided,No,Four Approaches,Not Provided,Stop Sign,Dry,Intersection Area,Within Intersection,Yes - Working,No,2023,Winter,February,Daytime,3:00pm - 5:59pm,15,Property Damage Crash,No,No,No,No,No,No,No,No,No,No,No,No,No,Multiple Vehicle Crashes,Nottoway County,Blackstone,Urban,37.0782,-77.99996,Non-Interstate,IRVIN ST (PR - TOWN OF BLACKSTONE),,IRVIN ST,0.03,Local,At Intersection,BROWN ST,No,0,0,No,0,0,0,0,0,0,0,0,0,0,0,c9996271,0,0,1,Minor
2,2023-08-25,22:09:00,Friday,Sideswipe - Same Direction,On Roadway,"Blacktop, Asphalt, Bituminous",No Defects,Darkness,Darkness - Road Lighted,"Two-Way, Not Divided",Not Provided,No Adverse Condition (Clear/Cloud),Grade - Straight,Not Provided,No,Not at Intersection,Not Provided,Traffic Signal,Dry,Intersection Area,Intersection Related - Within 150 Feet,Yes - Working,No,2023,Summer,August,Nighttime,9:00pm - 11:59pm,22,Property Damage Crash,No,No,No,No,No,No,No,No,No,No,No,No,No,Multiple Vehicle Crashes,Montgomery County,Christiansburg,Urban,37.13686,-80.41407,Non-Interstate,BUS US-460E (7 TOWN OF CHRISTIANSBURG),460.0,FRANKLIN ST,4.01,Minor Arterial,At Intersection,SARA ST,No,0,0,No,0,0,0,0,0,0,0,0,0,0,0,c6803883,0,0,1,Minor
1,2023-11-22,23:40:00,Wednesday,Deer,On Roadway,"Blacktop, Asphalt, Bituminous",No Defects,Darkness,Darkness - Road Not Lighted,"Two-Way, Divided, Positive Median Barrier",Not Provided,No Adverse Condition (Clear/Cloud),Straight - Level,Not Provided,No,Not at Intersection,Not Provided,Traffic Lanes Marked,Dry,Intersection Area,Non-Intersection,Yes - Working,No,2023,Autumn,November,Nighttime,9:00pm - 11:59pm,23,Property Damage Crash,No,No,No,No,No,No,No,No,No,No,No,No,No,Single Vehicle Crashes,Augusta County,,Rural,38.05853,-79.11262,Interstate,I-81N,81.0,I-81,216.48,Interstate,Not at Intersection,,No,0,0,No,0,0,0,0,0,0,0,0,0,0,0,c5826209,0,0,1,Minor
1,2023-05-13,08:07:00,Saturday,Fixed Object - Off Road,Shoulder,"Blacktop, Asphalt, Bituminous",No Defects,Daylight,Daylight,"One-Way, Not Divided",Not Provided,No Adverse Condition (Clear/Cloud),Grade - Curve,Not Provided,No,Not at Intersection,Not Provided,Traffic Lanes Marked,Dry,Interchange Area,On Entrance/Exit Ramp,Yes - Working,No,2023,Spring,May,Daytime,6:00am - 8:59am,8,Property Damage Crash,No,No,Yes,No,No,No,No,No,No,No,No,No,No,Single Vehicle Crashes,Pittsylvania County,,Rural,36.60654,-79.53711,Non-Interstate,US-58W RAMP 286B,58.0,US-58 BYP RAMP,0.35,Other Freeways and Expressways,Not at Intersection,,No,0,0,No,0,0,0,0,0,0,0,0,0,0,0,c3194214,0,0,1,Minor
1,2022-11-18,19:30:00,Friday,Fixed Object - Off Road,Roadside,"Blacktop, Asphalt, Bituminous",No Defects,Darkness,Darkness - Road Not Lighted,"Two-Way, Not Divided",Not Provided,No Adverse Condition (Clear/Cloud),Curve - Level,Not Provided,No,Not at Intersection,Not Provided,No Traffic Control,Dry,Intersection Area,Non-Intersection,No Traffic Control Device Present,No,2022,Autumn,November,Nighttime,6:00pm - 8:59pm,19,Property Damage Crash,No,Yes,No,No,No,No,No,No,No,Yes,No,No,No,Single Vehicle Crashes,Lee County,,Rural,36.82523,-82.8472,Non-Interstate,SC-621W (LEE COUNTY),621.0,WAMPLER HOLLOW RD,28.99,Minor Collector,Not at Intersection,,No,0,0,No,0,0,0,0,0,0,0,0,0,0,0,c4161992,0,0,1,Minor
2,2023-01-10,18:08:00,Tuesday,Rear End,On Roadway,"Blacktop, Asphalt, Bituminous",No Defects,Dusk,Dusk,"Two-Way, Divided, Unprotected Median",Not Provided,No Adverse Condition (Clear/Cloud),Straight - Level,Not Provided,No,Not at Intersection,Not Provided,Traffic Lanes Marked,Dry,Interchange Area,Main-Line Roadway,Yes - Working,No,2023,Winter,January,Nighttime,6:00pm - 8:59pm,18,Property Damage Crash,No,Yes,No,No,No,No,No,No,No,No,No,No,No,Multiple Vehicle Crashes,Salem City,,Urban,37.27277,-80.04601,Non-Interstate,US-11S,11.0,APPERSON DR,145.01,Other Principal Arterial,Not at Intersection,,No,0,0,No,0,0,0,0,0,0,0,0,0,0,0,c2300570,0,0,1,Minor
1,2022-11-04,07:26:00,Friday,Deer,On Roadway,"Blacktop, Asphalt, Bituminous",No Defects,Dawn,Dawn,"Two-Way, Divided, Unprotected Median",Not Provided,No Adverse Condition (Clear/Cloud),Straight - Level,Not Provided,No,Not at Intersection,Not Provided,Traffic Lanes Marked,Dry,Interchange Area,On Entrance/Exit Ramp,Yes - Working,No,2022,Autumn,November,Daytime,6:00am - 8:59am,7,Property Damage Crash,No,No,No,No,No,No,No,No,No,No,No,No,No,Single Vehicle Crashes,Loudoun County,,Urban,39.13998,-77.60726,Non-Interstate,VA-7W,7.0,CHARLES TOWN PIKE,32.78,Other Freeways and Expressways,Not at Intersection,,No,0,0,No,0,0,0,0,0,0,0,0,0,0,0,c7263439,0,0,1,Minor
2,2023-08-15,18:06:00,Tuesday,Non-Collision,On Roadway,"Blacktop, Asphalt, Bituminous",No Defects,Daylight,Daylight,"Two-Way, Not Divided",Not Provided,No Adverse Condition (Clear/Cloud),Curve - Level,Not Provided,No,Not at Intersection,Not Provided,No Traffic Control,Dry,Intersection Area,Non-Intersection,No Traffic Control Device Present,No,2023,Summer,August,Nighttime,6:00pm - 8:59pm,18,Injury Crash,No,No,No,No,No,Yes,No,No,No,No,No,No,No,Multiple Vehicle Crashes,Galax City,,Urban,36.64974,-80.91656,Non-Interstate,UR-4053S (CITY OF GALAX),,MEADOW ST,0.34,Minor Arterial,At Intersection,BEDSAUL RD,No,0,0,No,0,0,0,1,0,0,0,0,0,0,1,c3233324,0,0,1,Minor
2,2024-07-31,15:35:00,Wednesday,Rear End,On Roadway,"Blacktop, Asphalt, Bituminous",No Defects,Daylight,Daylight,"Two-Way, Divided, Unprotected Median",Not Provided,No Adverse Condition (Clear/Cloud),Straight - Level,Not Provided,No,Two Approaches,Not Provided,Traffic Lanes Marked,Dry,Interchange Area,Main-Line Roadway,Yes - Working,No,2024,Summer,July,Daytime,3:00pm - 5:59pm,15,Property Damage Crash,No,No,No,No,No,No,No,No,No,No,Yes,No,No,Multiple Vehicle Crashes,Southampton County,Capron,Rural,36.70583,-77.2031,Non-Interstate,US-58E,58.0,SOUTHAMPTON PKWAY,431.85,Other Principal Arterial,At Intersection,MAIN ST,Yes,0,0,No,0,0,0,0,0,0,0,0,0,0,0,c1491817,0,0,1,Minor
3,2023-11-13,18:39:00,Monday,Sideswipe - Same Direction,On Roadway,"Blacktop, Asphalt, Bituminous",No Defects,Darkness,Darkness - Road Lighted,"Two-Way, Divided, Positive Median Barrier",Not Provided,No Adverse Condition (Clear/Cloud),Straight - Level,Not Provided,No,Not at Intersection,Not Provided,Traffic Lanes Marked,Dry,Intersection Area,Non-Intersection,Yes - Working,No,2023,Autumn,November,Nighttime,6:00pm - 8:59pm,18,Property Damage Crash,No,No,No,No,No,No,No,No,No,No,No,No,No,Multiple Vehicle Crashes,Fairfax County,,Urban,38.95152,-77.19638,Interstate,I-495N,495.0,I-495,13.85,Interstate,Not at Intersection,,No,0,0,No,0,0,0,0,0,0,0,0,0,0,0,c0146149,0,0,1,Minor
2,2022-10-06,20:30:00,Thursday,Rear End,On Roadway,"Blacktop, Asphalt, Bituminous",No Defects,Darkness,Darkness - Road Lighted,"Two-Way, Divided, Positive Median Barrier",Not Provided,No Adverse Condition (Clear/Cloud),Straight - Level,Not Provided,No,Not at Intersection,Not Provided,Yield Sign,Dry,Interchange Area,On Entrance/Exit Ramp,Yes - Working,No,2022,Autumn,October,Nighttime,6:00pm - 8:59pm,20,Property Damage Crash,No,No,No,No,No,No,No,No,No,No,Yes,No,No,Multiple Vehicle Crashes,Alexandria City,,Urban,38.83067,-77.11333,Interstate,I-395S RAMP 4B,395.0,I-395 RAMP,0.02,Interstate,Not at Intersection,,No,0,0,No,0,0,0,0,0,0,0,0,0,0,0,c7504603,0,0,1,Minor
2,2024-04-11,10:45:00,Thursday,Sideswipe - Same Direction,On Roadway,"Blacktop, Asphalt, Bituminous",No Defects,Daylight,Daylight,"Two-Way, Divided, Positive Median Barrier",Not Provided,No Adverse Condition (Clear/Cloud),Straight - Level,Not Provided,No,Not at Intersection,Not Provided,Traffic Lanes Marked,Dry,Intersection Area,Non-Intersection,Yes - Working,No,2024,Spring,April,Daytime,9:00am - 11:59am,10,Injury Crash,No,No,Yes,No,No,No,No,No,No,Yes,No,No,No,Multiple Vehicle Crashes,Caroline County,,Rural,37.9398,-77.47384,Interstate,I-95S,95.0,I-95,105.12,Interstate,Not at Intersection,,No,0,0,No,0,0,0,0,0,0,0,0,0,0,1,c8794598,0,0,1,Minor
2,2024-07-19,15:29:00,Friday,Angle,On Roadway,"Blacktop, Asphalt, Bituminous",No Defects,Daylight,Daylight,"Two-Way, Not Divided",Not Provided,No Adverse Condition (Clear/Cloud),Straight - Level,Not Provided,No,Three Approaches,Not Provided,Stop Sign,Dry,Intersection Area,Within Intersection,Yes - Working,No,2024,Summer,July,Daytime,3:00pm - 5:59pm,15,Injury Crash,No,No,No,No,No,No,No,No,No,Yes,No,No,No,Multiple Vehicle Crashes,Hanover County,,Urban,37.71392,-77.29893,Non-Interstate,SC-605W (HANOVER COUNTY),605.0,RIVER RD,4.25,Major Collector,At Intersection,WILLIAMSVILLE RD,No,0,0,No,0,0,0,0,0,0,0,0,0,0,2,c0411645,0,1,0,Severe
1,2024-11-30,12:30:00,Saturday,Fixed Object - Off Road,Roadside,"Blacktop, Asphalt, Bituminous",No Defects,Daylight,Daylight,"Two-Way, Divided, Positive Median Barrier",Not Provided,No Adverse Condition (Clear/Cloud),On/Off Ramp,Not Provided,No,Not at Intersection,Not Provided,Traffic Lanes Marked,Dry,Interchange Area,On Entrance/Exit Ramp,Yes - Working,No,2024,Autumn,November,Daytime,Noon - 2:59pm,12,Property Damage Crash,No,No,No,No,No,No,No,No,No,No,No,No,No,Single Vehicle Crashes,Fairfax County,,Urban,38.86879,-77.36525,Non-Interstate,US-50W,50.0,VA-50,68.2,Minor Arterial,Not at Intersection,,Yes,0,0,No,0,0,0,0,0,0,0,0,0,0,0,c7159306,0,0,1,Minor
2,2022-10-01,20:22:00,Saturday,Angle,On Roadway,"Blacktop, Asphalt, Bituminous",No Defects,Darkness,Darkness - Road Not Lighted,"Two-Way, Divided, Positive Median Barrier",Not Provided,No Adverse Condition (Clear/Cloud),Curve - Level,Not Provided,No,Four Approaches,Not Provided,Traffic Signal,Dry,Intersection Area,Within Intersection,Yes - Working,No,2022,Autumn,October,Nighttime,6:00pm - 8:59pm,20,Property Damage Crash,No,No,No,No,No,No,No,No,No,No,No,No,No,Multiple Vehicle Crashes,Chesterfield County,,Urban,37.52227,-77.61183,Non-Interstate,VA-147W,147.0,HUGUENOT RD,1.33,Other Principal Arterial,At Intersection,ROBIOUS RD,No,0,0,No,0,0,0,0,0,0,0,0,0,0,0,c6536197,0,0,1,Minor
1,2023-07-20,16:03:00,Thursday,Fixed Object - Off Road,On Roadway,"Blacktop, Asphalt, Bituminous",No Defects,Daylight,Daylight,"Two-Way, Divided, Unprotected Median",Not Provided,No Adverse Condition (Clear/Cloud),Straight - Level,Not Provided,No,Not at Intersection,Not Provided,No Traffic Control,Dry,Intersection Area,Non-Intersection,No Traffic Control Device Present,No,2023,Summer,July,Daytime,3:00pm - 5:59pm,16,Property Damage Crash,No,No,No,No,No,No,No,No,No,No,No,No,No,Single Vehicle Crashes,Va. Beach City,,Urban,36.80483,-76.08939,Non-Interstate,UR-12W (CITY OF VIRGINIA BEACH),12.0,HOLLAND RD,2.6,Minor Arterial,At Intersection,TIVOLI CRK,No,0,0,No,0,0,0,0,0,0,0,0,0,0,0,c5700738,0,0,1,Minor
1,2022-05-20,20:02:00,Friday,Fixed Object - Off Road,Shoulder,"Blacktop, Asphalt, Bituminous",No Defects,Dusk,Dusk,"Two-Way, Not Divided",Not Provided,No Adverse Condition (Clear/Cloud),Curve - Level,Not Provided,No,Not at Intersection,Not Provided,Traffic Lanes Marked,Dry,Intersection Area,Non-Intersection,Yes - Working,No,2022,Spring,May,Nighttime,6:00pm - 8:59pm,20,Injury Crash,No,No,No,No,No,Yes,No,No,No,No,No,No,No,Single Vehicle Crashes,Chesapeake City,,Rural,36.61707,-76.18256,Non-Interstate,SANDERSON RD (PR - CITY OF CHESAPEAKE),,SANDERSON RD,1.1,Local,Not at Intersection,,No,0,0,No,0,0,0,1,0,0,0,0,0,0,1,c7429322,0,0,1,Minor
1,2022-09-11,08:26:00,Sunday,Fixed Object - Off Road,Roadside,"Blacktop, Asphalt, Bituminous",No Defects,Daylight,Daylight,"Two-Way, Divided, Unprotected Median",Not Provided,Rain,Straight - Level,Not Provided,No,Not at Intersection,Not Provided,Traffic Lanes Marked,Wet,Interchange Area,Main-Line Roadway,Yes - Working,No,2022,Autumn,September,Daytime,6:00am - 8:59am,8,Injury Crash,No,Yes,No,No,No,No,No,No,No,No,No,No,No,Single Vehicle Crashes,Albemarle County,,Rural,37.89482,-78.6989,Non-Interstate,US-29N,29.0,MONACAN TRAIL RD,121.43,Other Principal Arterial,Not at Intersection,,No,0,0,No,0,0,0,0,0,0,0,0,0,0,2,c0333530,0,1,0,Severe
1,2023-01-24,06:35:00,Tuesday,Deer,On Roadway,"Blacktop, Asphalt, Bituminous",No Defects,Dawn,Dawn,"Two-Way, Not Divided",Not Provided,No Adverse Condition (Clear/Cloud),Straight - Level,Not Provided,No,Not at Intersection,Not Provided,Traffic Lanes Marked,Dry,Intersection Area,Non-Intersection,Yes - Working,No,2023,Winter,January,Daytime,6:00am - 8:59am,6,Property Damage Crash,No,No,No,No,No,No,No,No,No,No,No,No,No,Single Vehicle Crashes,Hanover County,,Rural,37.83537,-77.72772,Non-Interstate,US-33E,33.0,MOUNTAIN RD,108.48,Minor Arterial,Not at Intersection,,No,0,0,No,0,0,0,0,0,0,0,0,0,0,0,c2638040,0,0,1,Minor
1,2024-02-28,23:57:00,Wednesday,Fixed Object - Off Road,Shoulder,"Blacktop, Asphalt, Bituminous",No Defects,Darkness,Darkness - Road Lighted,"Two-Way, Divided, Positive Median Barrier",Not Provided,No Adverse Condition (Clear/Cloud),Straight - Level,Not Provided,No,Not at Intersection,Not Provided,Highway Safety Corridor,Dry,Intersection Area,Non-Intersection,Yes - Working,No,2024,Winter,February,Nighttime,9:00pm - 11:59pm,23,Injury Crash,No,No,Yes,No,No,No,No,No,No,No,No,No,No,Single Vehicle Crashes,Prince William County,,Urban,38.66144,-77.27726,Interstate,I-95S,95.0,I-95,159.37,Interstate,Not at Intersection,,No,0,0,No,0,0,0,0,0,0,0,0,0,0,1,c2204328,0,0,1,Minor
1,2023-04-23,11:48:00,Sunday,Fixed Object - Off Road,Roadside,"Blacktop, Asphalt, Bituminous",No Defects,Daylight,Daylight,"Two-Way, Not Divided",Not Provided,No Adverse Condition (Clear/Cloud),Curve - Level,Not Provided,No,Not at Intersection,Not Provided,No Traffic Control,Dry,Intersection Area,Non-Intersection,No Traffic Control Device Present,No,2023,Spring,April,Daytime,9:00am - 11:59am,11,Injury Crash,No,No,No,No,No,No,No,No,No,No,Yes,No,No,Single Vehicle Crashes,Portsmouth City,,Urban,36.84504,-76.35112,Non-Interstate,E RD (PR - CITY OF PORTSMOUTH),,EAST RD,0.17,Local,Not at Intersection,,No,0,0,No,0,0,0,0,0,0,0,1,0,0,1,c1682010,0,0,1,Minor