NumberOfVehicles,CrashDate,CrashTime,DayOfWeek,TypeOfCollision,LocationOfFirstHarmfulEvent,RoadwaySurfaceType,RoadwayDefect,LightCondition_Category,LightCondition_Value,RoadwayDescription,WorkZoneLocation,WeatherCondition,RoadwayAlignment,WorkZoneWorkersPresent,SchoolZone,IntersectionType,WorkZoneType,TrafficControlType,RoadwaySurfaceCondition,RelationToRoadway_Category,RelationToRoadway_Value,TrafficControlMechanicalDevice,WorkZoneRelated,Year,Meteorological Season,MonthName,DaytimeNighttime_NHTSA,ThreeHourLabel,Hour,CrashType,AlcoholInvolved,SpeedRelated,CommercialMotorVehiclesInvolved,PedestrianInvolved,BicycleInvolved,MotorcycleInvolved,MopedInvolved,TrainRelated,SchoolZoneInvolved,TeenDriverInvolved,DistractedDriverInvolved,DriverTextingInvolved,DriverUsingCellPhone,Single_Multi_Vehicle,Jurisdiction,TownName,LocationTypeName,Latitude,Longitude,Interstate_NonInterstate,RoadName,RouteNumber,RouteName,MileMarker,FunctionalClassCode,AtIntersection,SecondaryLocation,MatureDriverInvolved,MatureDriverFatalities,MatureDriverInjuries,LargeTruckInvolved,PedestrianFatalities,PedestrianInjuries,MotorcycleFatalities,MotorcycleInjuries,BicycleFatalities,BicycleInjuries,DistractedDriverFatalities,DistractedDriverInjuries,UnrestrainedInjuries,Number_Of_Fatalities,Number_Of_Injuries,Crash_UID,Is_Fatal,Is_Severe,Is_Minor,SeverityLabel
2,2024-12-12,16:55:00,Thursday,Angle,On Roadway,"Blacktop, Asphalt, Bituminous",No Defects,Dusk,Dusk,"Two-Way, Not Divided",Not Provided,No Adverse Condition (Clear/Cloud),Straight - Level,Not Provided,No,Four Approaches,Not Provided,Traffic Signal,Dry,Intersection Area,Within Intersection,Yes - Working,No,2024,Winter,December,Daytime,3:00pm - 5:59pm,16,Property Damage Crash,No,No,No,No,No,No,No,No,No,No,No,No,No,Multiple Vehicle Crashes,Rockingham County,Mount Crawford,Urban,38.36562,-78.93688,Non-Interstate,VA-257W,257.0,DINKEL AVE,17.19,Other Principal Arterial,At Intersection,VALLEY PIKE,No,0,0,No,0,0,0,0,0,0,0,0,0,0,0,c0220135,0,0,1,Minor
2,2022-06-17,15:30:00,Friday,Angle,On Roadway,"Blacktop, Asphalt, Bituminous",No Defects,Daylight,Daylight,"Two-Way, Not Divided",Not Provided,No Adverse Condition (Clear/Cloud),Straight - Level,Not Provided,No,Not at Intersection,Not Provided,No Passing Lines,Dry,Other Location,"Driveway, Alley-Access - Related",Yes - Working,No,2022,Summer,June,Daytime,3:00pm - 5:59pm,15,Injury Crash,No,No,No,No,No,No,No,No,No,Yes,No,No,No,Multiple Vehicle Crashes,Grayson County,,Rural,36.62235,-81.23835,Non-Interstate,US-58W,58.0,WILSON HWY,170.28,Other Principal Arterial,Not at Intersection,,No,0,0,No,0,0,0,0,0,0,0,0,0,0,1,c7179001,0,0,1,Minor
3,2022-08-15,16:58:00,Monday,Angle,On Roadway,Concrete,No Defects,Daylight,Daylight,"Two-Way, Divided, Unprotected Median",Not Provided,No Adverse Condition (Clear/Cloud),Straight - Level,Not Provided,No,Four Approaches,Not Provided,Traffic Signal,Wet,Intersection Area,Within Intersection,Yes - Working,No,2022,Summer,August,Daytime,3:00pm - 5:59pm,16,Injury Crash,No,No,No,No,No,No,No,No,No,No,No,No,No,Multiple Vehicle Crashes,Hampton City,,Urban,37.05702,-76.40289,Interstate,VA-134E,134.0,MAGRUDER BLVD,7.15,Interstate,At Intersection,ENTERPRISE PKWY,No,0,0,No,0,0,0,0,0,0,0,0,0,0,6,c2891639,0,1,0,Severe
2,2023-03-22,00:38:00,Wednesday,Fixed Object - Off Road,"Off Roadway, Location Unknown","Blacktop, Asphalt, Bituminous",No Defects,Darkness,Darkness - Road Not Lighted,"Two-Way, Not Divided",Not Provided,No Adverse Condition (Clear/Cloud),Straight - Level,Not Provided,No,Three Approaches,Not Provided,No Traffic Control,Dry,Intersection Area,Intersection Related - Within 150 Feet,No Traffic Control Device Present,No,2023,Spring,March,Nighttime,Midnight - 2:59am,0,Property Damage Crash,No,No,No,No,No,No,No,No,No,No,Yes,No,No,Multiple Vehicle Crashes,Henrico County,,Urban,37.58774,-77.43462,,N CHATHAM DR (PR - HENRICO COUNTY),,CHATHAM DR,0.0,,At Intersection,ALMA AVE,No,0,0,No,0,0,0,0,0,0,0,0,0,0,0,c7687888,0,0,1,Minor
2,2022-11-03,12:35:00,Thursday,Angle,On Roadway,"Blacktop, Asphalt, Bituminous",No Defects,Daylight,Daylight,"Two-Way, Divided, Unprotected Median",Not Provided,No Adverse Condition (Clear/Cloud),Straight - Level,Not Provided,No,Four Approaches,Not Provided,Traffic Signal,Dry,Intersection Area,Within Intersection,Yes - Working,No,2022,Autumn,November,Daytime,Noon - 2:59pm,12,Injury Crash,No,No,Yes,No,No,No,No,No,No,No,Yes,No,No,Multiple Vehicle Crashes,Culpeper County,,Rural,38.50378,-77.89439,Non-Interstate,SC-663N (CULPEPER COUNTY),663.0,ALANTHUS RD,7.42,Major Collector,At Intersection,JAMES MADISON HWY,No,0,0,No,0,0,0,0,0,0,0,0,1,0,1,c9949655,0,0,1,Minor
1,2022-10-30,04:20:00,Sunday,Deer,On Roadway,"Blacktop, Asphalt, Bituminous",No Defects,Darkness,Darkness - Road Lighted,"Two-Way, Divided, Positive Median Barrier",Not Provided,No Adverse Condition (Clear/Cloud),Grade - Straight,Not Provided,No,Not at Intersection,Not Provided,Traffic Lanes Marked,Dry,Intersection Area,Non-Intersection,Yes - Working,No,2022,Autumn,October,Nighttime,3:00am - 5:59am,4,Property Damage Crash,No,Yes,No,No,No,No,No,No,No,No,No,No,No,Single Vehicle Crashes,Roanoke City,,Urban,37.2963,-79.9569,Interstate,I-581S,581.0,I-581,2.65,Interstate,Not at Intersection,,No,0,0,No,0,0,0,0,0,0,0,0,0,0,0,c5261012,0,0,1,Minor
2,2023-11-04,14:20:00,Saturday,Angle,On Roadway,"Blacktop, Asphalt, Bituminous",No Defects,Daylight,Daylight,"Two-Way, Not Divided",Not Provided,No Adverse Condition (Clear/Cloud),Straight - Level,Not Provided,No,Three Approaches,Not Provided,Traffic Signal,Dry,Intersection Area,Within Intersection,Yes - Working,No,2023,Autumn,November,Daytime,Noon - 2:59pm,14,Injury Crash,No,No,No,No,No,No,No,No,No,No,No,No,No,Multiple Vehicle Crashes,Culpeper County,,Rural,38.47411,-77.95309,Non-Interstate,SC-666W (CULPEPER COUNTY),666.0,BRAGGS CORNER RD,3.7,Major Collector,Not at Intersection,,No,0,0,No,0,0,0,0,0,0,0,0,1,0,1,c0397410,0,0,1,Minor
1,2024-11-16,22:42:00,Saturday,Deer,On Roadway,"Blacktop, Asphalt, Bituminous",No Defects,Darkness,Darkness - Road Not Lighted,"Two-Way, Divided, Positive Median Barrier",Not Provided,No Adverse Condition (Clear/Cloud),Straight - Level,Not Provided,No,Not at Intersection,Not Provided,Traffic Lanes Marked,Dry,Intersection Area,Non-Intersection,Yes - Working,No,2024,Autumn,November,Nighttime,9:00pm - 11:59pm,22,Property Damage Crash,No,No,No,No,No,No,No,No,No,No,No,No,No,Single Vehicle Crashes,Goochland County,,Rural,37.84563,-77.98394,Interstate,I-64E RAMP 152A,64.0,I-64,0.07,Interstate,Not at Intersection,,No,0,0,No,0,0,0,0,0,0,0,0,0,0,0,c8788174,0,0,1,Minor
1,2023-03-31,22:37:00,Friday,Fixed Object - Off Road,Roadside,"Blacktop, Asphalt, Bituminous",No Defects,Darkness,Darkness - Road Not Lighted,"Two-Way, Not Divided",Not Provided,Rain,Grade - Straight,Not Provided,No,Not at Intersection,Not Provided,No Traffic Control,Wet,Interchange Area,Main-Line Roadway,No Traffic Control Device Present,No,2023,Spring,March,Nighttime,9:00pm - 11:59pm,22,Injury Crash,No,Yes,No,No,No,No,No,No,No,No,No,No,No,Single Vehicle Crashes,Spotsylvania County,,Urban,38.25985,-77.54867,Non-Interstate,SC-1387W (SPOTSYLVANIA COUNTY),1387.0,LORIELLA PARK DR,0.2,Local,Not at Intersection,,No,0,0,No,0,0,0,0,0,0,0,0,0,0,1,c8227641,0,0,1,Minor
2,2024-05-15,18:47:00,Wednesday,Sideswipe - Same Direction,On Roadway,"Blacktop, Asphalt, Bituminous",No Defects,Daylight,Daylight,"Two-Way, Not Divided",Not Provided,No Adverse Condition (Clear/Cloud),Straight - Level,Not Provided,No,Not at Intersection,Not Provided,Traffic Lanes Marked,Dry,Intersection Area,Non-Intersection,Yes - Working,No,2024,Spring,May,Nighttime,6:00pm - 8:59pm,18,Property Damage Crash,No,No,Yes,No,No,No,No,No,No,No,No,No,No,Multiple Vehicle Crashes,Chesapeake City,,Urban,36.72303,-76.32631,Non-Interstate,UR-12E (CITY OF CHESAPEAKE),12.0,CEDAR RD,1.03,Major Collector,Not at Intersection,,No,0,0,No,0,0,0,0,0,0,0,0,0,0,0,c2166256,0,0,1,Minor
1,2024-01-11,06:50:00,Thursday,Fixed Object - Off Road,On Roadway,"Blacktop, Asphalt, Bituminous",Other,Dawn,Dawn,"Two-Way, Not Divided",Not Provided,Sleet/Hail,Straight - Level,Not Provided,No,Not at Intersection,Not Provided,Traffic Lanes Marked,Icy,Interchange Area,Main-Line Roadway,No Traffic Control Device Present,No,2024,Winter,January,Daytime,6:00am - 8:59am,6,Injury Crash,No,No,No,No,No,No,No,No,No,No,No,No,No,Single Vehicle Crashes,Fairfax County,,Urban,38.68574,-77.23762,Non-Interstate,SC-611S (FAIRFAX COUNTY),611.0,FURNACE RD,1.2,Minor Collector,Not at Intersection,,No,0,0,No,0,0,0,0,0,0,0,0,0,0,1,c4999834,0,0,1,Minor
2,2022-08-02,11:07:00,Tuesday,Rear End,On Roadway,"Blacktop, Asphalt, Bituminous",No Defects,Dawn,Dawn,"Two-Way, Divided, Unprotected Median",Not Provided,No Adverse Condition (Clear/Cloud),Straight - Level,Not Provided,No,Four Approaches,Not Provided,Traffic Signal,Dry,Intersection Area,Intersection Related - Within 150 Feet,Yes - Working,No,2022,Summer,August,Daytime,9:00am - 11:59am,11,Property Damage Crash,No,No,No,No,No,No,No,No,No,No,Yes,No,No,Multiple Vehicle Crashes,Stafford County,,Urban,38.47438,-77.41725,Non-Interstate,SC-610W (STAFFORD COUNTY),610.0,GARRISONVILLE RD,9.86,Major Collector,At Intersection,DOC STONE RD,Yes,0,0,No,0,0,0,0,0,0,0,0,0,0,0,c9166193,0,0,1,Minor
2,2024-04-30,10:45:00,Tuesday,Rear End,On Roadway,"Blacktop, Asphalt, Bituminous",No Defects,Daylight,Daylight,"Two-Way, Divided, Unprotected Median",Not Provided,No Adverse Condition (Clear/Cloud),Straight - Level,Not Provided,No,Four Approaches,Not Provided,Traffic Signal,Dry,Intersection Area,Within Intersection,Yes - Working,No,2024,Spring,April,Daytime,9:00am - 11:59am,10,Property Damage Crash,No,No,No,No,No,No,No,No,No,No,No,No,No,Multiple Vehicle Crashes,Colonial Heights City,,Urban,37.24207,-77.39149,Interstate,I-95N RAMP 53A,95.0,I-95 RAMP,0.2,Interstate,At Intersection,ROSLYN RD,Yes,0,0,No,0,0,0,0,0,0,0,0,0,0,0,c5229866,0,0,1,Minor
2,2022-12-16,20:53:00,Friday,Sideswipe - Same Direction,On Roadway,"Blacktop, Asphalt, Bituminous",No Defects,Darkness,Darkness - Road Not Lighted,"Two-Way, Divided, Unprotected Median",Not Provided,No Adverse Condition (Clear/Cloud),Straight - Level,Not Provided,No,Not at Intersection,Not Provided,Traffic Lanes Marked,Dry,Intersection Area,Non-Intersection,Yes - Working,No,2022,Winter,December,Nighttime,6:00pm - 8:59pm,20,Property Damage Crash,No,No,No,No,No,No,No,No,No,No,No,No,No,Multiple Vehicle Crashes,Prince William County,,Rural,38.85104,-77.55683,Non-Interstate,VA-234N,234.0,SUDLEY RD,29.8,Major Collector,Not at Intersection,,No,0,0,No,0,0,0,0,0,0,0,0,0,0,0,c9943843,0,0,1,Minor
1,2023-04-24,02:26:00,Monday,Fixed Object - Off Road,On Roadway,"Blacktop, Asphalt, Bituminous",No Defects,Darkness,Darkness - Road Not Lighted,"Two-Way, Divided, Unprotected Median",Not Provided,No Adverse Condition (Clear/Cloud),Straight - Level,Not Provided,No,Not at Intersection,Not Provided,Traffic Lanes Marked,Dry,Intersection Area,Non-Intersection,Yes - Working,No,2023,Spring,April,Nighttime,Midnight - 2:59am,2,Property Damage Crash,Yes,No,No,No,No,No,No,No,No,No,No,No,No,Single Vehicle Crashes,Henrico County,,Urban,37.61342,-77.50575,Non-Interstate,CR-7536S (HENRICO COUNTY),7536.0,GLENSIDE DR,2.08,Minor Arterial,Not at Intersection,,No,0,0,No,0,0,0,0,0,0,0,0,0,0,0,c8233487,0,0,1,Minor
1,2022-09-05,04:57:00,Monday,Fixed Object - Off Road,Roadside,"Blacktop, Asphalt, Bituminous",No Defects,Darkness,Darkness - Road Not Lighted,"One-Way, Not Divided",Not Provided,No Adverse Condition (Clear/Cloud),Curve - Level,Not Provided,No,Not at Intersection,Not Provided,One Way Road or Street,Dry,Interchange Area,On Entrance/Exit Ramp,Yes - Working,No,2022,Autumn,September,Nighttime,3:00am - 5:59am,4,Property Damage Crash,No,No,Yes,No,No,No,No,No,No,No,No,No,No,Single Vehicle Crashes,Henry County,,Urban,36.68027,-79.78291,Non-Interstate,US-58W RAMP 271A,58.0,WILLIAM F STONE HWY RAMP,0.26,Other Freeways and Expressways,Not at Intersection,,No,0,0,No,0,0,0,0,0,0,0,0,0,0,0,c3100045,0,0,1,Minor
1,2023-01-27,09:16:00,Friday,Fixed Object - Off Road,Shoulder,"Blacktop, Asphalt, Bituminous",No Defects,Daylight,Daylight,"Two-Way, Divided, Unprotected Median",Transition Area,No Adverse Condition (Clear/Cloud),Straight - Level,No Workers Present,No,Not at Intersection,Work on Shoulder or Median,Traffic Lanes Marked,Dry,Interchange Area,Main-Line Roadway,Yes - Working,Yes,2023,Winter,January,Daytime,9:00am - 11:59am,9,Injury Crash,No,No,Yes,No,No,No,No,No,No,No,Yes,No,No,Single Vehicle Crashes,Suffolk City,,Rural,36.70808,-76.68105,Non-Interstate,US-58E,58.0,HOLLAND RD,464.09,Other Principal Arterial,Not at Intersection,,No,0,0,Yes,0,0,0,0,0,0,0,1,0,0,1,c3330533,0,0,1,Minor
1,2022-04-12,07:10:00,Tuesday,Deer,On Roadway,"Blacktop, Asphalt, Bituminous",No Defects,Daylight,Daylight,"Two-Way, Divided, Unprotected Median",Not Provided,No Adverse Condition (Clear/Cloud),Straight - Level,Not Provided,No,Not at Intersection,Not Provided,Traffic Lanes Marked,Dry,Intersection Area,Non-Intersection,Yes - Working,No,2022,Spring,April,Daytime,6:00am - 8:59am,7,Property Damage Crash,No,No,No,No,No,No,No,No,No,No,No,No,No,Single Vehicle Crashes,Accomack County,,Rural,37.88073,-75.55669,Non-Interstate,US-13N,13.0,LANKFORD HWY,134.1,Other Principal Arterial,Not at Intersection,,No,0,0,No,0,0,0,0,0,0,0,0,0,0,0,c9805589,0,0,1,Minor
2,2022-12-27,14:19:00,Tuesday,Rear End,On Roadway,"Blacktop, Asphalt, Bituminous",No Defects,Daylight,Daylight,"Two-Way, Divided, Positive Median Barrier",Not Provided,No Adverse Condition (Clear/Cloud),Straight - Level,Not Provided,No,Two Approaches,Not Provided,Traffic Lanes Marked,Dry,Intersection Area,Intersection Related - Within 150 Feet,Yes - Working,No,2022,Winter,December,Daytime,Noon - 2:59pm,14,Property Damage Crash,No,No,Yes,No,No,No,No,No,No,No,No,No,No,Multiple Vehicle Crashes,Roanoke City,,Urban,37.3259,-79.99139,Non-Interstate,VA-117W,117.0,PETERS CREEK RD,4.68,Minor Arterial,At Intersection,THIRLANE RD,Yes,0,0,No,0,0,0,0,0,0,0,0,0,0,0,c5142638,0,0,1,Minor
2,2023-09-29,14:46:00,Friday,Angle,On Roadway,"Blacktop, Asphalt, Bituminous",No Defects,Daylight,Daylight,"Two-Way, Not Divided",Not Provided,No Adverse Condition (Clear/Cloud),Grade - Straight,Not Provided,No,Not at Intersection,Not Provided,Traffic Lanes Marked,Dry,Intersection Area,Non-Intersection,Yes - Working,No,2023,Autumn,September,Daytime,Noon - 2:59pm,14,Property Damage Crash,No,No,No,No,No,No,No,No,No,No,No,No,No,Multiple Vehicle Crashes,Stafford County,,Urban,38.30615,-77.45245,Non-Interstate,VA-212E,212.0,CHATHAM HEIGHTS RD,0.05,Major Collector,Not at Intersection,,Yes,0,0,No,0,0,0,0,0,0,0,0,0,0,0,c8910725,0,0,1,Minor
3,2022-09-24,15:20:00,Saturday,Rear End,On Roadway,Concrete,No Defects,Daylight,Daylight,"Two-Way, Divided, Unprotected Median",Not Provided,No Adverse Condition (Clear/Cloud),Straight - Level,Not Provided,No,Not at Intersection,Not Provided,Traffic Signal,Dry,Intersection Area,Non-Intersection,Yes - Working,No,2022,Autumn,September,Daytime,3:00pm - 5:59pm,15,Property Damage Crash,No,No,No,No,No,No,No,No,No,No,No,No,No,Multiple Vehicle Crashes,Roanoke City,,Urban,37.22266,-79.96802,Non-Interstate,US-220N,220.0,FRANKLIN RD,59.2,Other Principal Arterial,At Intersection,PHEASANT RIDGE RD,No,0,0,No,0,0,0,0,0,0,0,0,0,0,0,c0246809,0,0,1,Minor
1,2024-10-10,15:37:00,Thursday,Pedestrian,On Roadway,"Blacktop, Asphalt, Bituminous",No Defects,Daylight,Daylight,"Two-Way, Divided, Positive Median Barrier",Not Provided,No Adverse Condition (Clear/Cloud),Straight - Level,Not Provided,No,Four Approaches,Not Provided,Pedestrian Crosswalk,Dry,Intersection Area,Within Intersection,Yes - Working,No,2024,Autumn,October,Daytime,3:00pm - 5:59pm,15,Injury Crash,No,No,No,Yes,No,No,No,No,No,No,Yes,No,No,Single Vehicle Crashes,Norfolk City,,Urban,36.8819,-76.30236,Non-Interstate,VA-337W,337.0,HAMPTON BLVD,30.25,Other Principal Arterial,At Intersection,41ST ST,No,0,0,No,0,1,0,0,0,0,0,0,0,0,1,c1376005,0,0,1,Minor
2,2022-04-01,11:22:00,Friday,Rear End,On Roadway,"Blacktop, Asphalt, Bituminous",No Defects,Daylight,Daylight,"One-Way, Not Divided",Not Provided,No Adverse Condition (Clear/Cloud),Straight - Level,Not Provided,No,Not at Intersection,Not Provided,Traffic Lanes Marked,Dry,Interchange Area,Main-Line Roadway,Yes - Working,No,2022,Spring,April,Daytime,9:00am - 11:59am,11,Property Damage Crash,No,No,No,No,No,No,No,No,No,No,No,No,No,Multiple Vehicle Crashes,Alexandria City,,Urban,38.8142,-77.13469,Non-Interstate,VA-236E,236.0,DUKE ST,10.73,Other Principal Arterial,Not at Intersection,,Yes,0,0,No,0,0,0,0,0,0,0,0,0,0,0,c1956569,0,0,1,Minor
2,2023-08-04,16:02:00,Friday,Sideswipe - Same Direction,On Roadway,"Blacktop, Asphalt, Bituminous",No Defects,Daylight,Daylight,"Two-Way, Not Divided",Not Provided,No Adverse Condition (Clear/Cloud),Straight - Level,Not Provided,No,Not at Intersection,Not Provided,Traffic Lanes Marked,Dry,Intersection Area,Non-Intersection,Yes - Working,No,2023,Summer,August,Daytime,3:00pm - 5:59pm,16,Property Damage Crash,No,No,No,No,No,No,No,No,No,No,No,No,No,Multiple Vehicle Crashes,Pittsylvania County,,Urban,36.65883,-79.41152,Non-Interstate,VA-41N,41.0,FRANKLIN TPKE,4.1,Minor Arterial,Not at Intersection,,Yes,0,0,No,0,0,0,0,0,0,0,0,0,0,0,c9714216,0,0,1,Minor
2,2023-03-16,19:54:00,Thursday,Rear End,On Roadway,"Blacktop, Asphalt, Bituminous",No Defects,Darkness,Darkness - Road Not Lighted,"Two-Way, Divided, Unprotected Median",Not Provided,No Adverse Condition (Clear/Cloud),Straight - Level,Not Provided,No,Three Approaches,Not Provided,Traffic Lanes Marked,Dry,Intersection Area,Intersection Related - Within 150 Feet,Yes - Working,No,2023,Spring,March,Nighttime,6:00pm - 8:59pm,19,Property Damage Crash,No,No,No,No,No,No,No,No,No,No,No,No,No,Multiple Vehicle Crashes,Henrico County,,Urban,37.61892,-77.47483,Non-Interstate,CR-7663N (HENRICO COUNTY),7663.0,HERMITAGE RD,1.1,Minor Arterial,At Intersection,LAFAYETTE AVE,No,0,0,No,0,0,0,0,0,0,0,0,0,0,0,c5728609,0,0,1,Minor
2,2023-08-30,10:55:00,Wednesday,Angle,On Roadway,"Blacktop, Asphalt, Bituminous",No Defects,Daylight,Daylight,"Two-Way, Divided, Unprotected Median",Not Provided,No Adverse Condition (Clear/Cloud),Other,Not Provided,No,Roundabout,Not Provided,Yield Sign,Dry,Intersection Area,Within Intersection,Yes - Not Working and Obscured,No,2023,Summer,August,Daytime,9:00am - 11:59am,10,Injury Crash,No,No,No,No,No,No,No,No,No,No,No,No,No,Multiple Vehicle Crashes,Fredericksburg City,,Urban,38.2886,-77.47547,Non-Interstate,BUS US-1N (1 CITY OF FREDERICKSBURG),1.0,LAFAYETTE BLVD,2.73,Minor Arterial,At Intersection,LEE DR,Yes,0,1,No,0,0,0,0,0,0,0,0,0,0,2,c2401206,0,1,0,Severe
1,2022-08-01,11:17:00,Monday,Non-Collision,On Roadway,"Blacktop, Asphalt, Bituminous",No Defects,Daylight,Daylight,"Two-Way, Divided, Unprotected Median",Not Provided,No Adverse Condition (Clear/Cloud),Grade - Straight,Not Provided,No,Not at Intersection,Not Provided,Traffic Lanes Marked,Dry,Intersection Area,Non-Intersection,Yes - Working,No,2022,Summer,August,Daytime,9:00am - 11:59am,11,Property Damage Crash,No,No,No,No,No,No,No,No,No,No,No,No,No,Single Vehicle Crashes,Gloucester County,,Rural,37.45704,-76.46877,Non-Interstate,VA-3E,3.0,JOHN CLAYTON MEMORIAL HWY,145.85,Minor Arterial,Not at Intersection,,No,0,0,No,0,0,0,0,0,0,0,0,0,0,0,c5700224,0,0,1,Minor
2,2022-11-20,15:04:00,Sunday,Angle,On Roadway,"Blacktop, Asphalt, Bituminous",No Defects,Daylight,Daylight,"Two-Way, Divided, Positive Median Barrier",Not Provided,No Adverse Condition (Clear/Cloud),Straight - Level,Not Provided,No,Two Approaches,Not Provided,Traffic Signal,Dry,Interchange Area,Intersection at end of Ramp,Yes - Working,No,2022,Autumn,November,Daytime,3:00pm - 5:59pm,15,Injury Crash,No,No,No,No,No,No,No,No,No,No,No,No,No,Multiple Vehicle Crashes,Fairfax County,,Urban,38.84517,-77.37602,Non-Interstate,US-29S DIST/COLL AT MP231,29.0,LEE HWY RAMP,0.25,Other Freeways and Expressways,At Intersection,FAIRAX COUNTY PKWY RAMP,Yes,0,1,No,0,0,0,0,0,0,0,0,0,0,3,c9758286,0,1,0,Severe
3,2023-09-20,16:53:00,Wednesday,Rear End,On Roadway,"Blacktop, Asphalt, Bituminous",No Defects,Daylight,Daylight,"Two-Way, Divided, Positive Median Barrier",Not Provided,No Adverse Condition (Clear/Cloud),Hillcrest - Straight,Not Provided,No,Four Approaches,Not Provided,Traffic Lanes Marked,Dry,Interchange Area,On Entrance/Exit Ramp,Yes - Working,No,2023,Autumn,September,Daytime,3:00pm - 5:59pm,16,Property Damage Crash,No,No,No,No,No,No,No,No,No,No,No,No,No,Multiple Vehicle Crashes,Prince William County,,Urban,38.79707,-77.60843,Non-Interstate,US-29N,29.0,LEE HWY,218.51,Other Principal Arterial,Not at Intersection,,No,0,0,No,0,0,0,0,0,0,0,0,0,0,0,c7782725,0,0,1,Minor
1,2024-12-02,00:55:00,Monday,Fixed Object - Off Road,Shoulder,"Blacktop, Asphalt, Bituminous",No Defects,Darkness,Darkness - Road Not Lighted,"Two-Way, Not Divided",Not Provided,No Adverse Condition (Clear/Cloud),Straight - Level,Not Provided,No,Not at Intersection,Not Provided,No Traffic Control,Dry,Intersection Area,Non-Intersection,No Traffic Control Device Present,No,2024,Winter,December,Nighttime,Midnight - 2:59am,0,Property Damage Crash,No,No,No,No,No,No,No,No,No,No,No,No,No,Single Vehicle Crashes,Appomattox County,,Rural,37.43066,-78.85305,Non-Interstate,SC-608W (APPOMATTOX COUNTY),608.0,PINEY MOUNTAIN RD,13.02,Major Collector,Not at Intersection,,No,0,0,No,0,0,0,0,0,0,0,0,0,0,0,c2384355,0,0,1,Minor
1,2023-03-17,18:15:00,Friday,Fixed Object - Off Road,On Roadway,Concrete,No Defects,Dusk,Dusk,"One-Way, Not Divided",Not Provided,No Adverse Condition (Clear/Cloud),Straight - Level,Not Provided,No,Not at Intersection,Not Provided,Traffic Lanes Marked,Dry,Intersection Area,Non-Intersection,Yes - Working,No,2023,Spring,March,Nighttime,6:00pm - 8:59pm,18,Injury Crash,No,No,No,No,No,No,No,No,No,No,No,No,No,Single Vehicle Crashes,Newport News City,,Urban,37.11724,-76.50473,Interstate,I-64W DIST/COLL AT MP255,64.0,I-64 RAMP,0.44,Interstate,Not at Intersection,,No,0,0,No,0,0,0,0,0,0,0,0,0,0,1,c1190603,0,0,1,Minor
2,2023-12-13,16:45:00,Wednesday,Angle,On Roadway,"Blacktop, Asphalt, Bituminous",No Defects,Daylight,Daylight,"Two-Way, Not Divided",Not Provided,No Adverse Condition (Clear/Cloud),Straight - Level,Not Provided,No,Four Approaches,Not Provided,Stop Sign,Dry,Intersection Area,Within Intersection,Yes - Working,No,2023,Winter,December,Daytime,3:00pm - 5:59pm,16,Property Damage Crash,No,No,No,No,No,No,No,No,No,No,No,No,No,Multiple Vehicle Crashes,Radford City,,Urban,37.13411,-80.57292,Non-Interstate,RANDOLPH ST (NP - CITY OF RADFORD),,RANDOLPH ST,0.07,Local,At Intersection,SECOND ST,No,0,0,No,0,0,0,0,0,0,0,0,0,0,0,c5868080,0,0,1,Minor
1,2022-10-04,23:56:00,Tuesday,Other Animal,On Roadway,"Blacktop, Asphalt, Bituminous",No Defects,Darkness,Darkness - Road Not Lighted,"Two-Way, Divided, Positive Median Barrier",Not Provided,No Adverse Condition (Clear/Cloud),Grade - Straight,Not Provided,No,Not at Intersection,Not Provided,Traffic Lanes Marked,Dry,Interchange Area,Main-Line Roadway,Yes - Working,No,2022,Autumn,October,Nighttime,9:00pm - 11:59pm,23,Property Damage Crash,No,Yes,No,No,No,No,No,No,No,No,No,No,No,Single Vehicle Crashes,Montgomery County,,Rural,37.16484,-80.54567,Non-Interstate,VA-114W,114.0,PEPPERS FERRY RD,2.68,Minor Arterial,Not at Intersection,,No,0,0,No,0,0,0,0,0,0,0,0,0,0,0,c1942950,0,0,1,Minor
2,2024-06-26,21:36:00,Wednesday,Angle,On Roadway,"Blacktop, Asphalt, Bituminous",No Defects,Darkness,Darkness - Road Not Lighted,"Two-Way, Not Divided",Not Provided,Rain,Straight - Level,Not Provided,No,Four Approaches,Not Provided,Traffic Signal,Wet,Intersection Area,Within Intersection,Yes - Working,No,2024,Summer,June,Nighttime,9:00pm - 11:59pm,21,Injury Crash,No,Yes,No,No,No,No,No,No,No,Yes,No,No,No,Multiple Vehicle Crashes,Staunton City,,Urban,38.13669,-79.06693,Non-Interstate,US-11N,11.0,GREENVILLE AVE,237.07,Other Principal Arterial,At Intersection,OLD GREENVILLE RD,No,0,0,No,0,0,0,0,0,0,0,0,0,0,2,c5187518,0,1,0,Severe
2,2024-01-09,11:46:00,Tuesday,Rear End,On Roadway,"Blacktop, Asphalt, Bituminous",No Defects,Daylight,Daylight,"Two-Way, Not Divided",Not Provided,Rain,Straight - Level,Not Provided,No,Not at Intersection,Not Provided,Traffic Lanes Marked,Wet,Other Location,"Driveway, Alley-Access - Related",Yes - Working,No,2024,Winter,January,Daytime,9:00am - 11:59am,11,Injury Crash,No,No,No,No,No,No,No,No,No,Yes,No,No,No,Multiple Vehicle Crashes,Chesterfield County,,Urban,37.3677,-77.4174,Non-Interstate,US-1S,1.0,JEFFERSON DAVIS HWY,80.78,Other Principal Arterial,At Intersection,OSBORNE RD,No,0,0,No,0,0,0,0,0,0,0,0,0,0,1,c4683883,0,0,1,Minor