NumberOfVehicles,CrashDate,CrashTime,DayOfWeek,TypeOfCollision,LocationOfFirstHarmfulEvent,RoadwaySurfaceType,RoadwayDefect,LightCondition_Category,LightCondition_Value,RoadwayDescription,WorkZoneLocation,WeatherCondition,RoadwayAlignment,WorkZoneWorkersPresent,SchoolZone,IntersectionType,WorkZoneType,TrafficControlType,RoadwaySurfaceCondition,RelationToRoadway_Category,RelationToRoadway_Value,TrafficControlMechanicalDevice,WorkZoneRelated,Year,Meteorological Season,MonthName,DaytimeNighttime_NHTSA,ThreeHourLabel,Hour,CrashType,AlcoholInvolved,SpeedRelated,CommercialMotorVehiclesInvolved,PedestrianInvolved,BicycleInvolved,MotorcycleInvolved,MopedInvolved,TrainRelated,SchoolZoneInvolved,TeenDriverInvolved,DistractedDriverInvolved,DriverTextingInvolved,DriverUsingCellPhone,Single_Multi_Vehicle,Jurisdiction,TownName,LocationTypeName,Latitude,Longitude,Interstate_NonInterstate,RoadName,RouteNumber,RouteName,MileMarker,FunctionalClassCode,AtIntersection,SecondaryLocation,MatureDriverInvolved,MatureDriverFatalities,MatureDriverInjuries,LargeTruckInvolved,PedestrianFatalities,PedestrianInjuries,MotorcycleFatalities,MotorcycleInjuries,BicycleFatalities,BicycleInjuries,DistractedDriverFatalities,DistractedDriverInjuries,UnrestrainedInjuries,Number_Of_Fatalities,Number_Of_Injuries,Crash_UID,Is_Fatal,Is_Severe,Is_Minor,SeverityLabel
2,2023-09-26,16:54:00,Tuesday,Sideswipe - Same Direction,On Roadway,"Blacktop, Asphalt, Bituminous",No Defects,Daylight,Daylight,"Two-Way, Divided, Positive Median Barrier",Not Provided,No Adverse Condition (Clear/Cloud),Grade - Straight,Not Provided,No,Not at Intersection,Not Provided,Highway Safety Corridor,Dry,Intersection Area,Non-Intersection,Yes - Working,No,2023,Autumn,September,Daytime,3:00pm - 5:59pm,16,Property Damage Crash,No,No,No,No,No,No,No,No,No,No,No,No,No,Multiple Vehicle Crashes,Montgomery County,,Rural,37.23202,-80.23842,Interstate,I-81N,81.0,I-81,128.39,Interstate,Not at Intersection,,No,0,0,No,0,0,0,0,0,0,0,0,0,0,0,c5858552,0,0,1,Minor
1,2023-01-08,04:38:00,Sunday,Fixed Object - Off Road,On Roadway,"Blacktop, Asphalt, Bituminous",No Defects,Darkness,Darkness - Road Not Lighted,"Two-Way, Not Divided",Not Provided,No Adverse Condition (Clear/Cloud),Straight - Level,Not Provided,No,Three Approaches,Not Provided,No Traffic Control,Dry,Intersection Area,Intersection Related - Within 150 Feet,No Traffic Control Device Present,No,2023,Winter,January,Nighttime,3:00am - 5:59am,4,Property Damage Crash,No,No,No,No,No,No,No,No,No,No,No,No,No,Single Vehicle Crashes,Henrico County,,Urban,37.61408,-77.51826,Non-Interstate,CR-7647S (HENRICO COUNTY),7647.0,BETHLEHEM RD,3.74,Major Collector,Not at Intersection,,No,0,0,No,0,0,0,0,0,0,0,0,0,0,0,c9888548,0,0,1,Minor
1,2022-10-09,05:45:00,Sunday,Deer,On Roadway,"Blacktop, Asphalt, Bituminous",No Defects,Darkness,Darkness - Road Not Lighted,"Two-Way, Not Divided",Not Provided,No Adverse Condition (Clear/Cloud),Straight - Level,Not Provided,No,Not at Intersection,Not Provided,Traffic Lanes Marked,Dry,Intersection Area,Non-Intersection,Yes - Working,No,2022,Autumn,October,Nighttime,3:00am - 5:59am,5,Property Damage Crash,No,No,No,No,No,No,No,No,No,No,No,No,No,Single Vehicle Crashes,Isle of Wight County,,Rural,36.92896,-76.61377,Non-Interstate,SC-644W (ISLE OF WIGHT COUNTY),644.0,TURNER DR,14.61,Major Collector,Not at Intersection,,No,0,0,No,0,0,0,0,0,0,0,0,0,0,0,c2339054,0,0,1,Minor
2,2024-11-18,12:15:00,Monday,Rear End,On Roadway,"Blacktop, Asphalt, Bituminous",No Defects,Daylight,Daylight,"Two-Way, Not Divided",Not Provided,No Adverse Condition (Clear/Cloud),Straight - Level,Not Provided,No,Three Approaches,Not Provided,Traffic Lanes Marked,Dry,Intersection Area,Within Intersection,Yes - Working,No,2024,Autumn,November,Daytime,Noon - 2:59pm,12,Property Damage Crash,No,No,No,No,No,No,No,No,No,Yes,Yes,No,Yes,Multiple Vehicle Crashes,Chesterfield County,,Urban,37.39793,-77.45847,Non-Interstate,SC-637N (CHESTERFIELD COUNTY),637.0,HOPKINS RD,1.27,Minor Arterial,At Intersection,LAUREL OAK CT,No,0,0,No,0,0,0,0,0,0,0,0,0,0,0,c5883833,0,0,1,Minor
2,2023-02-17,18:10:00,Friday,Angle,On Roadway,"Blacktop, Asphalt, Bituminous",No Defects,Dusk,Dusk,"Two-Way, Divided, Positive Median Barrier",Not Provided,No Adverse Condition (Clear/Cloud),Straight - Level,Not Provided,No,Four Approaches,Not Provided,Traffic Signal,Dry,Intersection Area,Within Intersection,Yes - Working,No,2023,Winter,February,Nighttime,6:00pm - 8:59pm,18,Property Damage Crash,No,No,No,No,No,No,No,No,No,Yes,No,No,No,Multiple Vehicle Crashes,Prince William County,,Urban,38.79173,-77.60481,Non-Interstate,SC-674E (PRINCE WILLIAM COUNTY),674.0,WELLINGTON RD,0.27,Major Collector,At Intersection,ACCESS,No,0,0,No,0,0,0,0,0,0,0,0,0,0,0,c9059705,0,0,1,Minor
2,2023-09-14,08:08:00,Thursday,Rear End,On Roadway,"Blacktop, Asphalt, Bituminous",No Defects,Daylight,Daylight,"Two-Way, Divided, Positive Median Barrier",Not Provided,No Adverse Condition (Clear/Cloud),Grade - Straight,Not Provided,No,Not at Intersection,Not Provided,No Traffic Control,Dry,Other Location,Crossover Related,No Traffic Control Device Present,No,2023,Autumn,September,Daytime,6:00am - 8:59am,8,Property Damage Crash,No,No,No,No,No,No,No,No,No,No,No,No,No,Multiple Vehicle Crashes,Charlottesville City,,Urban,38.05971,-78.49358,Non-Interstate,US-29S,29.0,EMMET ST,139.51,Other Principal Arterial,Not at Intersection,,Yes,0,0,No,0,0,0,0,0,0,0,0,0,0,0,c5471407,0,0,1,Minor
2,2024-03-29,17:39:00,Friday,Angle,On Roadway,"Blacktop, Asphalt, Bituminous",No Defects,Daylight,Daylight,"Two-Way, Divided, Unprotected Median",Not Provided,No Adverse Condition (Clear/Cloud),Straight - Level,Not Provided,No,Four Approaches,Not Provided,Traffic Lanes Marked,Dry,Intersection Area,Within Intersection,Yes - Working,No,2024,Spring,March,Daytime,3:00pm - 5:59pm,17,Property Damage Crash,No,No,No,No,No,No,No,No,No,No,No,No,No,Multiple Vehicle Crashes,Fauquier County,Warrenton,Urban,38.72847,-77.79572,Non-Interstate,BUS US-29S (12 TOWN OF WARRENTON),29.0,WEST LEE HWY,3.79,Other Principal Arterial,At Intersection,ACCESS,No,0,0,No,0,0,0,0,0,0,0,0,0,0,0,c9152794,0,0,1,Minor
1,2023-08-24,15:26:00,Thursday,Deer,On Roadway,"Blacktop, Asphalt, Bituminous",No Defects,Daylight,Daylight,"Two-Way, Not Divided",Not Provided,No Adverse Condition (Clear/Cloud),Straight - Level,Not Provided,No,Not at Intersection,Not Provided,Traffic Lanes Marked,Dry,Intersection Area,Non-Intersection,Yes - Working,No,2023,Summer,August,Daytime,3:00pm - 5:59pm,15,Property Damage Crash,No,No,No,No,No,No,No,No,No,No,No,No,No,Single Vehicle Crashes,Botetourt County,Fincastle,Rural,37.49836,-79.87941,Non-Interstate,US-220N,220.0,BOTETOURT RD,85.55,Other Principal Arterial,Not at Intersection,,No,0,0,No,0,0,0,0,0,0,0,0,0,0,0,c6289777,0,0,1,Minor
2,2023-06-27,11:42:00,Tuesday,Angle,On Roadway,"Blacktop, Asphalt, Bituminous",No Defects,Daylight,Daylight,"Two-Way, Divided, Unprotected Median",Not Provided,No Adverse Condition (Clear/Cloud),Straight - Level,Not Provided,No,Four Approaches,Not Provided,Traffic Lanes Marked,Dry,Intersection Area,Within Intersection,Yes - Working,No,2023,Summer,June,Daytime,9:00am - 11:59am,11,Injury Crash,No,No,No,No,No,No,No,No,No,No,No,No,No,Multiple Vehicle Crashes,Pulaski County,,Urban,37.08525,-80.68974,Non-Interstate,VA-100S,100.0,CLEBURNE BLVD,27.49,Minor Arterial,At Intersection,WOODLYN ST,No,0,0,No,0,0,0,0,0,0,0,0,0,0,1,c0829163,0,0,1,Minor
2,2022-04-04,17:20:00,Monday,Rear End,On Roadway,"Blacktop, Asphalt, Bituminous",No Defects,Daylight,Daylight,"Two-Way, Divided, Unprotected Median",Not Provided,No Adverse Condition (Clear/Cloud),Straight - Level,Not Provided,No,Not at Intersection,Not Provided,Traffic Lanes Marked,Dry,Intersection Area,Non-Intersection,Yes - Working,No,2022,Spring,April,Daytime,3:00pm - 5:59pm,17,Injury Crash,No,Yes,No,No,No,No,No,No,No,No,Yes,No,No,Multiple Vehicle Crashes,New Kent County,,Rural,37.46328,-77.10396,Non-Interstate,US-60E,60.0,POCAHONTAS TRL,211.11,Other Principal Arterial,Not at Intersection,,Yes,0,1,No,0,0,0,0,0,0,0,1,0,0,1,c4029636,0,0,1,Minor
2,2022-06-14,13:18:00,Tuesday,Sideswipe - Same Direction,On Roadway,Concrete,No Defects,Daylight,Daylight,"Two-Way, Divided, Positive Median Barrier",Not Provided,No Adverse Condition (Clear/Cloud),Straight - Level,Not Provided,No,Four Approaches,Not Provided,Traffic Lanes Marked,Dry,Intersection Area,Intersection Related - Within 150 Feet,Yes - Working and Obscured,No,2022,Summer,June,Daytime,Noon - 2:59pm,13,Injury Crash,No,No,No,No,No,No,No,No,No,No,No,No,No,Multiple Vehicle Crashes,Hampton City,,Urban,37.04102,-76.39226,Interstate,US-258W RAMP 63B,258.0,I-64 RAMP,0.0,Interstate,Not at Intersection,,No,0,0,No,0,0,0,0,0,0,0,0,0,0,2,c4680883,0,1,0,Severe
2,2024-08-20,16:56:00,Tuesday,Rear End,On Roadway,"Blacktop, Asphalt, Bituminous",No Defects,Daylight,Daylight,"Two-Way, Divided, Unprotected Median",Not Provided,No Adverse Condition (Clear/Cloud),Straight - Level,Not Provided,No,Four Approaches,Not Provided,Traffic Signal,Dry,Intersection Area,Within Intersection,Yes - Working,No,2024,Summer,August,Daytime,3:00pm - 5:59pm,16,Injury Crash,No,No,No,No,No,No,No,No,No,No,Yes,No,No,Multiple Vehicle Crashes,Petersburg City,,Rural,37.23937,-77.37302,Non-Interstate,UR-9038W (CITY OF PETERSBURG),0.0,PUDDLEDOCK RD,0.04,Minor Arterial,Not at Intersection,ACCESS,No,0,0,No,0,0,0,0,0,0,0,0,0,0,2,c2475134,0,1,0,Severe
3,2024-06-17,08:49:00,Monday,Angle,On Roadway,"Blacktop, Asphalt, Bituminous",No Defects,Daylight,Daylight,"Two-Way, Not Divided",Not Provided,No Adverse Condition (Clear/Cloud),Dip - Straight,Not Provided,Yes,Not at Intersection,Not Provided,Traffic Lanes Marked,Dry,Interchange Area,Main-Line Roadway,No Traffic Control Device Present,No,2024,Summer,June,Daytime,6:00am - 8:59am,8,Property Damage Crash,No,No,No,No,No,No,No,No,Yes,No,No,No,No,Multiple Vehicle Crashes,Newport News City,,Urban,37.12945,-76.56601,Non-Interstate,UR-18S (CITY OF NEWPORT NEWS),18.0,MOYER RD,0.37,Major Collector,Not at Intersection,,No,0,0,No,0,0,0,0,0,0,0,0,0,0,0,c3831466,0,0,1,Minor
2,2022-06-14,07:00:00,Tuesday,Angle,On Roadway,"Blacktop, Asphalt, Bituminous",No Defects,Daylight,Daylight,"Two-Way, Divided, Positive Median Barrier",Not Provided,No Adverse Condition (Clear/Cloud),Straight - Level,Not Provided,No,Four Approaches,Not Provided,Traffic Signal,Dry,Interchange Area,Main-Line Roadway,Yes - Working,No,2022,Summer,June,Daytime,6:00am - 8:59am,7,Property Damage Crash,No,No,No,No,No,No,No,No,No,Yes,Yes,No,No,Multiple Vehicle Crashes,Va. Beach City,,Urban,36.82258,-76.15142,Non-Interstate,VA-165N,165.0,PRINCESS ANNE RD,27.26,Minor Arterial,At Intersection,BAXTER RD,No,0,0,No,0,0,0,0,0,0,0,0,0,0,0,c3612608,0,0,1,Minor
1,2022-09-27,04:50:00,Tuesday,Fixed Object - Off Road,Roadside,"Blacktop, Asphalt, Bituminous",No Defects,Darkness,Darkness - Road Not Lighted,"Two-Way, Not Divided",Not Provided,No Adverse Condition (Clear/Cloud),Hillcrest - Curve,Not Provided,No,Not at Intersection,Not Provided,No Passing Lines,Dry,Intersection Area,Non-Intersection,Yes - Working,No,2022,Autumn,September,Nighttime,3:00am - 5:59am,4,Fatal Crash,Yes,Yes,No,No,No,No,No,No,No,No,No,No,No,Single Vehicle Crashes,Louisa County,,Rural,37.99897,-77.83577,Non-Interstate,SC-618S (LOUISA COUNTY),618.0,FREDERICKS HALL RD,8.93,Major Collector,Not at Intersection,,No,0,0,No,0,0,0,0,0,0,0,0,0,1,0,c3872057,1,1,0,Fatal
2,2023-06-14,21:00:00,Wednesday,Head On,On Roadway,"Blacktop, Asphalt, Bituminous",No Defects,Darkness,Darkness - Road Lighted,"Two-Way, Divided, Unprotected Median",Not Provided,No Adverse Condition (Clear/Cloud),Straight - Level,Not Provided,No,Four Approaches,Not Provided,Stop Sign,Dry,Intersection Area,Intersection Related - Within 150 Feet,Yes - Working,No,2023,Summer,June,Nighttime,9:00pm - 11:59pm,21,Property Damage Crash,No,No,No,No,No,No,No,No,No,Yes,No,No,No,Multiple Vehicle Crashes,Wise County,St. Paul,Rural,36.90306,-82.31167,Non-Interstate,SC-1225E (WISE COUNTY),1225.0,RIVERSIDE DR,0.16,Local,At Intersection,4TH AVE,No,0,0,No,0,0,0,0,0,0,0,0,0,0,0,c0222656,0,0,1,Minor
1,2022-12-22,18:34:00,Thursday,Fixed Object - Off Road,Roadside,"Blacktop, Asphalt, Bituminous",No Defects,Darkness,Darkness - Road Not Lighted,"Two-Way, Divided, Unprotected Median",Not Provided,Rain,Straight - Level,Not Provided,No,Three Approaches,Not Provided,Traffic Lanes Marked,Wet,Intersection Area,Within Intersection,Yes - Working,No,2022,Winter,December,Nighttime,6:00pm - 8:59pm,18,Property Damage Crash,No,No,No,No,No,No,No,No,No,No,No,No,No,Single Vehicle Crashes,Greene County,,Rural,38.23143,-78.35508,Non-Interstate,US-33E,33.0,SPOTSWOOD TRL,60.7,Minor Arterial,At Intersection,LONDON CT,No,0,0,No,0,0,0,0,0,0,0,0,0,0,0,c2998051,0,0,1,Minor
2,2022-02-10,16:10:00,Thursday,Rear End,On Roadway,"Blacktop, Asphalt, Bituminous",No Defects,Daylight,Daylight,"Two-Way, Divided, Unprotected Median",Not Provided,No Adverse Condition (Clear/Cloud),Straight - Level,Not Provided,No,Not at Intersection,Not Provided,Traffic Lanes Marked,Dry,Intersection Area,Non-Intersection,Yes - Working,No,2022,Winter,February,Daytime,3:00pm - 5:59pm,16,Property Damage Crash,No,No,No,No,No,No,No,No,No,No,Yes,No,No,Multiple Vehicle Crashes,Bedford County,,Rural,37.27287,-79.81285,Non-Interstate,VA-24E,24.0,STEWARTSVILLE RD,7.77,Minor Arterial,Not at Intersection,,Yes,0,0,No,0,0,0,0,0,0,0,0,0,0,0,c9340493,0,0,1,Minor
1,2024-08-23,07:56:00,Friday,Fixed Object - Off Road,On Roadway,"Blacktop, Asphalt, Bituminous",No Defects,Daylight,Daylight,"Two-Way, Not Divided",Not Provided,No Adverse Condition (Clear/Cloud),Straight - Level,Not Provided,No,Not at Intersection,Not Provided,Traffic Lanes Marked,Dry,Intersection Area,Non-Intersection,Yes - Working,No,2024,Summer,August,Daytime,6:00am - 8:59am,7,Property Damage Crash,No,No,No,No,No,No,No,No,No,No,No,No,No,Single Vehicle Crashes,Botetourt County,Troutville,Urban,37.41698,-79.8723,Non-Interstate,SC-651W (BOTETOURT COUNTY),651.0,STONEY BATTERY RD,1.45,Local,Not at Intersection,,No,0,0,No,0,0,0,0,0,0,0,0,0,0,0,c1492509,0,0,1,Minor
2,2024-12-16,14:59:00,Monday,Head On,On Roadway,"Blacktop, Asphalt, Bituminous",No Defects,Daylight,Daylight,"Two-Way, Divided, Unprotected Median",Not Provided,No Adverse Condition (Clear/Cloud),Straight - Level,Not Provided,No,Three Approaches,Not Provided,Traffic Signal,Dry,Intersection Area,Intersection Related - Within 150 Feet,Yes - Working,No,2024,Winter,December,Daytime,Noon - 2:59pm,14,Property Damage Crash,No,No,No,No,No,No,No,No,No,No,No,No,No,Multiple Vehicle Crashes,Fairfax County,,Urban,38.98971,-77.32966,Non-Interstate,VA-7W,7.0,LEESBURG PIKE,52.44,Other Principal Arterial,At Intersection,UTTERBACK STORE RD,No,0,0,No,0,0,0,0,0,0,0,0,0,0,0,c3343801,0,0,1,Minor
2,2024-06-20,09:00:00,Thursday,Sideswipe - Same Direction,On Roadway,"Blacktop, Asphalt, Bituminous",No Defects,Daylight,Daylight,"Two-Way, Divided, Unprotected Median",Not Provided,No Adverse Condition (Clear/Cloud),Straight - Level,Not Provided,No,Four Approaches,Not Provided,Traffic Signal,Dry,Intersection Area,Within Intersection,Yes - Working,No,2024,Summer,June,Daytime,9:00am - 11:59am,9,Property Damage Crash,No,No,No,No,No,No,No,No,No,No,No,No,No,Multiple Vehicle Crashes,Petersburg City,,Urban,37.21486,-77.38457,,UR-9012E (CITY OF PETERSBURG),0.0,GRAHAM RD,2.04,,At Intersection,CRATER RD,No,0,0,No,0,0,0,0,0,0,0,0,0,0,0,c0937402,0,0,1,Minor
2,2022-11-13,12:53:00,Sunday,Sideswipe - Same Direction,On Roadway,"Blacktop, Asphalt, Bituminous",No Defects,Daylight,Daylight,"Two-Way, Divided, Unprotected Median",Not Provided,No Adverse Condition (Clear/Cloud),Straight - Level,Not Provided,No,Three Approaches,Not Provided,Traffic Lanes Marked,Dry,Intersection Area,Intersection Related - Within 150 Feet,Yes - Working,No,2022,Autumn,November,Daytime,Noon - 2:59pm,12,Property Damage Crash,No,No,No,No,No,No,No,No,No,No,No,No,No,Multiple Vehicle Crashes,Lynchburg City,,Urban,37.41204,-79.21237,Non-Interstate,UR-6044S (CITY OF LYNCHBURG),,DANDRIDGE DR,1.01,Local,At Intersection,OLD FOREST RD,No,0,0,No,0,0,0,0,0,0,0,0,0,0,0,c5217562,0,0,1,Minor
2,2024-09-10,10:12:00,Tuesday,Angle,On Roadway,"Blacktop, Asphalt, Bituminous",No Defects,Daylight,Daylight,"Two-Way, Divided, Unprotected Median",Not Provided,No Adverse Condition (Clear/Cloud),Straight - Level,Not Provided,No,Three Approaches,Not Provided,Stop Sign,Dry,Intersection Area,Within Intersection,Yes - Working,No,2024,Autumn,September,Daytime,9:00am - 11:59am,10,Property Damage Crash,No,No,No,No,No,No,No,No,No,Yes,Yes,No,No,Multiple Vehicle Crashes,Montgomery County,Blacksburg,Urban,37.22784,-80.41627,Non-Interstate,OTEY ST (NP - TOWN OF BLACKSBURG),0.0,OTEY ST,0.11,Local,At Intersection,ROANOKE ST,No,0,0,No,0,0,0,0,0,0,0,0,0,0,0,c9442435,0,0,1,Minor
2,2022-06-02,02:30:00,Thursday,Angle,On Roadway,"Blacktop, Asphalt, Bituminous",No Defects,Darkness,Darkness - Road Lighted,"Two-Way, Divided, Positive Median Barrier",Activity Area,No Adverse Condition (Clear/Cloud),Straight - Level,With No Law Enforcement,No,Not at Intersection,Lane Closure,Traffic Lanes Marked,Dry,Intersection Area,Non-Intersection,Yes - Working,Yes,2022,Summer,June,Nighttime,Midnight - 2:59am,2,Injury Crash,No,No,Yes,No,No,No,No,No,No,No,No,No,No,Multiple Vehicle Crashes,Richmond City,,Urban,37.60751,-77.5283,Interstate,I-64E,64.0,I-64,183.57,Interstate,Not at Intersection,,No,0,0,No,0,0,0,0,0,0,0,0,0,0,1,c2414967,0,0,1,Minor
3,2023-11-10,17:50:00,Friday,Rear End,On Roadway,"Blacktop, Asphalt, Bituminous",No Defects,Darkness,Darkness - Road Lighted,"Two-Way, Divided, Unprotected Median",Not Provided,No Adverse Condition (Clear/Cloud),Straight - Level,Not Provided,No,Not at Intersection,Not Provided,Traffic Lanes Marked,Dry,Intersection Area,Non-Intersection,Yes - Working,No,2023,Autumn,November,Daytime,3:00pm - 5:59pm,17,Injury Crash,No,No,No,No,No,No,No,No,No,No,No,No,No,Multiple Vehicle Crashes,Fairfax County,,Urban,38.83996,-77.40673,Non-Interstate,US-29N,29.0,LEE HWY,229.88,Other Principal Arterial,Not at Intersection,,Yes,0,0,No,0,0,0,0,0,0,0,0,0,0,1,c6495205,0,0,1,Minor
1,2024-12-10,20:10:00,Tuesday,Fixed Object - Off Road,Shoulder,"Blacktop, Asphalt, Bituminous",No Defects,Darkness,Darkness - Road Lighted,"One-Way, Not Divided",Not Provided,Rain,Curve - Level,Not Provided,No,Not at Intersection,Not Provided,One Way Road or Street,Wet,Interchange Area,On Entrance/Exit Ramp,Yes - Working,No,2024,Winter,December,Nighttime,6:00pm - 8:59pm,20,Property Damage Crash,No,Yes,No,No,No,No,No,No,No,No,No,No,No,Single Vehicle Crashes,Hampton City,,Urban,37.04122,-76.39345,Interstate,US-258W RAMP 63B,64.0,I-64 RAMP,0.05,Interstate,Not at Intersection,,No,0,0,No,0,0,0,0,0,0,0,0,0,0,0,c4894837,0,0,1,Minor
3,2023-11-19,11:05:00,Sunday,Angle,On Roadway,"Blacktop, Asphalt, Bituminous",No Defects,Daylight,Daylight,"Two-Way, Divided, Unprotected Median",Not Provided,No Adverse Condition (Clear/Cloud),Straight - Level,Not Provided,No,Three Approaches,Not Provided,Stop Sign,Dry,Intersection Area,Within Intersection,Yes - Working,No,2023,Autumn,November,Daytime,9:00am - 11:59am,11,Injury Crash,No,No,No,No,No,No,No,No,No,No,No,No,No,Multiple Vehicle Crashes,Chesterfield County,,Urban,37.41979,-77.43708,Non-Interstate,SC-1627W (CHESTERFIELD COUNTY),1627.0,GAYLAND AVE,0.0,Local,At Intersection,JEFFERSON DAVIS HWY,No,0,0,No,0,0,0,0,0,0,0,0,0,0,1,c2138849,0,0,1,Minor
1,2024-01-09,10:36:00,Tuesday,Deer,On Roadway,"Blacktop, Asphalt, Bituminous",No Defects,Daylight,Daylight,"Two-Way, Divided, Unprotected Median",Not Provided,Rain,Straight - Level,Not Provided,No,Not at Intersection,Not Provided,Traffic Lanes Marked,Wet,Interchange Area,Main-Line Roadway,Yes - Working,No,2024,Winter,January,Daytime,9:00am - 11:59am,10,Injury Crash,No,No,No,No,No,No,No,No,No,No,No,No,No,Single Vehicle Crashes,Manassas City,,Urban,38.73553,-77.49966,Non-Interstate,GODWIN DR (NP - CITY OF MANASSAS),,GODWIN DR,3.11,Minor Collector,Not at Intersection,,No,0,0,No,0,0,0,0,0,0,0,0,0,0,1,c4606938,0,0,1,Minor
2,2022-06-13,15:02:00,Monday,Angle,On Roadway,"Blacktop, Asphalt, Bituminous",No Defects,Daylight,Daylight,"Two-Way, Not Divided",Not Provided,Rain,Straight - Level,Not Provided,No,"Five-Point, or More",Not Provided,Traffic Signal,Wet,Intersection Area,Intersection Related - Within 150 Feet,Yes - Working,No,2022,Summer,June,Daytime,3:00pm - 5:59pm,15,Injury Crash,No,No,No,No,No,No,No,No,No,No,No,No,No,Multiple Vehicle Crashes,Portsmouth City,,Urban,36.82666,-76.34728,Non-Interstate,US-58E,58.0,AIRLINE BLVD,486.83,Minor Arterial,At Intersection,RODMAN AVE,Yes,0,0,No,0,0,0,0,0,0,0,0,0,0,4,c9128892,0,1,0,Severe
1,2024-09-17,17:45:00,Tuesday,Fixed Object - Off Road,"Off Roadway, Location Unknown","Blacktop, Asphalt, Bituminous",No Defects,Daylight,Daylight,"Two-Way, Divided, Unprotected Median",Not Provided,Rain,Curve - Level,Not Provided,No,Not at Intersection,Not Provided,Traffic Lanes Marked,Wet,Intersection Area,Non-Intersection,Yes - Working,No,2024,Autumn,September,Daytime,3:00pm - 5:59pm,17,Property Damage Crash,No,No,No,No,No,No,No,No,No,No,No,No,No,Single Vehicle Crashes,King and Queen County,,Rural,37.79676,-77.04927,Non-Interstate,VA-14W,14.0,THE TRAIL,0.59,Minor Arterial,Not at Intersection,,No,0,0,No,0,0,0,0,0,0,0,0,0,0,0,c0871983,0,0,1,Minor
2,2024-01-02,17:40:00,Tuesday,Rear End,On Roadway,"Blacktop, Asphalt, Bituminous",No Defects,Darkness,Darkness - Road Not Lighted,"One-Way, Not Divided",Not Provided,No Adverse Condition (Clear/Cloud),Grade - Curve,Not Provided,No,Not at Intersection,Not Provided,Traffic Lanes Marked,Dry,Interchange Area,On Entrance/Exit Ramp,Yes - Working,No,2024,Winter,January,Daytime,3:00pm - 5:59pm,17,Injury Crash,No,No,No,No,No,No,No,No,No,Yes,No,No,No,Multiple Vehicle Crashes,Chesapeake City,,Urban,36.76191,-76.26558,Interstate,US-17N RAMP 17D,17.0,I-464 RAMP,0.5,Interstate,Not at Intersection,,No,0,0,No,0,0,0,0,0,0,0,0,0,0,1,c9819341,0,0,1,Minor
2,2022-06-29,12:16:00,Wednesday,Angle,On Roadway,"Blacktop, Asphalt, Bituminous",No Defects,Daylight,Daylight,"Two-Way, Divided, Unprotected Median",Not Provided,No Adverse Condition (Clear/Cloud),Straight - Level,Not Provided,No,Not at Intersection,Not Provided,Traffic Lanes Marked,Dry,Intersection Area,Non-Intersection,Yes - Working,No,2022,Summer,June,Daytime,Noon - 2:59pm,12,Injury Crash,No,Yes,No,No,No,No,No,No,No,No,No,No,No,Multiple Vehicle Crashes,Fairfax County,,Urban,38.74236,-77.07638,Non-Interstate,PARKERS LN (PR - FAIRFAX COUNTY),628.0,PARKERS LN,0.26,Major Collector,Not at Intersection,,Yes,0,0,No,0,0,0,0,0,0,0,0,0,0,1,c5854719,0,0,1,Minor
2,2024-04-22,22:30:00,Monday,Angle,On Roadway,"Blacktop, Asphalt, Bituminous",No Defects,Darkness,Darkness - Road Lighted,"Two-Way, Not Divided",Not Provided,No Adverse Condition (Clear/Cloud),Straight - Level,Not Provided,No,Four Approaches,Not Provided,Traffic Signal,Dry,Interchange Area,Main-Line Roadway,Yes - Working,No,2024,Spring,April,Nighttime,9:00pm - 11:59pm,22,Property Damage Crash,No,No,No,No,No,No,No,No,No,No,No,No,No,Multiple Vehicle Crashes,Fairfax County,,Urban,38.723,-77.12022,Non-Interstate,US-1N,1.0,RICHMOND HWY,185.04,Other Principal Arterial,At Intersection,LUKENS LN,No,0,0,No,0,0,0,0,0,0,0,0,0,0,0,c9807930,0,0,1,Minor
2,2023-03-08,08:44:00,Wednesday,Angle,On Roadway,"Blacktop, Asphalt, Bituminous",No Defects,Daylight,Daylight,"Two-Way, Not Divided",Not Provided,No Adverse Condition (Clear/Cloud),Straight - Level,Not Provided,No,Four Approaches,Not Provided,Stop Sign,Dry,Intersection Area,Within Intersection,Yes - Working,No,2023,Spring,March,Daytime,6:00am - 8:59am,8,Property Damage Crash,No,No,No,No,No,No,No,No,No,No,No,No,No,Multiple Vehicle Crashes,Va. Beach City,,Urban,36.79062,-76.00499,Non-Interstate,EAGLEWOOD DR (PR - CITY OF VIRGINIA BEACH),,EAGLEWOOD DR,0.7,Local,At Intersection,DOVE DR,Yes,0,0,No,0,0,0,0,0,0,0,0,0,0,0,c1995612,0,0,1,Minor
2,2024-12-17,08:42:00,Tuesday,Sideswipe - Same Direction,On Roadway,"Blacktop, Asphalt, Bituminous",No Defects,Daylight,Daylight,"Two-Way, Divided, Positive Median Barrier",Not Provided,No Adverse Condition (Clear/Cloud),Straight - Level,Not Provided,No,Not at Intersection,Not Provided,Traffic Lanes Marked,Dry,Intersection Area,Non-Intersection,Yes - Working,No,2024,Winter,December,Daytime,6:00am - 8:59am,8,Property Damage Crash,No,No,Yes,No,No,No,No,No,No,No,No,No,No,Multiple Vehicle Crashes,Fairfax County,,Urban,38.79603,-77.18875,Interstate,I-495N,495.0,I-495,1.71,Interstate,Not at Intersection,,Yes,0,0,Yes,0,0,0,0,0,0,0,0,0,0,0,c5237192,0,0,1,Minor