NumberOfVehicles,CrashDate,CrashTime,DayOfWeek,TypeOfCollision,LocationOfFirstHarmfulEvent,RoadwaySurfaceType,RoadwayDefect,LightCondition_Category,LightCondition_Value,RoadwayDescription,WorkZoneLocation,WeatherCondition,RoadwayAlignment,WorkZoneWorkersPresent,SchoolZone,IntersectionType,WorkZoneType,TrafficControlType,RoadwaySurfaceCondition,RelationToRoadway_Category,RelationToRoadway_Value,TrafficControlMechanicalDevice,WorkZoneRelated,Year,Meteorological Season,MonthName,DaytimeNighttime_NHTSA,ThreeHourLabel,Hour,CrashType,AlcoholInvolved,SpeedRelated,CommercialMotorVehiclesInvolved,PedestrianInvolved,BicycleInvolved,MotorcycleInvolved,MopedInvolved,TrainRelated,SchoolZoneInvolved,TeenDriverInvolved,DistractedDriverInvolved,DriverTextingInvolved,DriverUsingCellPhone,Single_Multi_Vehicle,Jurisdiction,TownName,LocationTypeName,Latitude,Longitude,Interstate_NonInterstate,RoadName,RouteNumber,RouteName,MileMarker,FunctionalClassCode,AtIntersection,SecondaryLocation,MatureDriverInvolved,MatureDriverFatalities,MatureDriverInjuries,LargeTruckInvolved,PedestrianFatalities,PedestrianInjuries,MotorcycleFatalities,MotorcycleInjuries,BicycleFatalities,BicycleInjuries,DistractedDriverFatalities,DistractedDriverInjuries,UnrestrainedInjuries,Number_Of_Fatalities,Number_Of_Injuries,Crash_UID,Is_Fatal,Is_Severe,Is_Minor,SeverityLabel
2,2024-08-28,00:23:00,Wednesday,Sideswipe - Same Direction,On Roadway,"Blacktop, Asphalt, Bituminous",No Defects,Darkness,Darkness - Road Not Lighted,"Two-Way, Divided, Unprotected Median",Transition Area,No Adverse Condition (Clear/Cloud),Straight - Level,With Law Enforcement,No,Not at Intersection,Lane Closure,Traffic Lanes Marked,Dry,Intersection Area,Non-Intersection,Yes - Working,Yes,2024,Summer,August,Nighttime,Midnight - 2:59am,0,Property Damage Crash,No,Yes,No,No,No,No,No,No,No,No,No,No,No,Multiple Vehicle Crashes,Hanover County,,Rural,37.82752,-77.45461,Interstate,I-95S,95.0,I-95,96.88,Interstate,Not at Intersection,,No,0,0,No,0,0,0,0,0,0,0,0,0,0,0,c5276160,0,0,1,Minor
1,2023-03-24,06:18:00,Friday,Pedestrian,On Roadway,"Blacktop, Asphalt, Bituminous",No Defects,Darkness,Darkness - Road Lighted,"Two-Way, Divided, Unprotected Median",Not Provided,Mist,Hillcrest - Straight,Not Provided,No,Four Approaches,Not Provided,Traffic Signal,Dry,Intersection Area,Within Intersection,Yes - Working,No,2023,Spring,March,Daytime,6:00am - 8:59am,6,Fatal Crash,No,No,No,Yes,No,No,No,No,No,No,No,No,No,Single Vehicle Crashes,Fairfax County,,Urban,38.8734,-77.14727,Non-Interstate,SC-613S (FAIRFAX COUNTY),613.0,WILSON BLVD,11.55,Other Principal Arterial,At Intersection,JOHN MARSHALL DR,No,0,0,No,1,0,0,0,0,0,0,0,0,1,0,c0892750,1,1,0,Fatal
2,2024-09-26,11:34:00,Thursday,Angle,On Roadway,"Blacktop, Asphalt, Bituminous",No Defects,Dawn,Dawn,"Two-Way, Not Divided",Not Provided,No Adverse Condition (Clear/Cloud),Straight - Level,Not Provided,No,Four Approaches,Not Provided,Yield Sign,Dry,Intersection Area,Within Intersection,Yes - Working,No,2024,Autumn,September,Daytime,9:00am - 11:59am,11,Property Damage Crash,No,No,No,No,No,No,No,No,No,No,No,No,No,Multiple Vehicle Crashes,Norfolk City,,Urban,36.84795,-76.24149,Non-Interstate,SCOTT ST (PR - CITY OF NORFOLK),0.0,SCOTT ST,0.18,Local,At Intersection,SEAY AVE,Yes,0,0,No,0,0,0,0,0,0,0,0,0,0,0,c0173978,0,0,1,Minor
3,2024-02-08,07:56:00,Thursday,Angle,On Roadway,"Blacktop, Asphalt, Bituminous",No Defects,Daylight,Daylight,"Two-Way, Divided, Unprotected Median",Not Provided,No Adverse Condition (Clear/Cloud),Straight - Level,Not Provided,No,Four Approaches,Not Provided,Traffic Signal,Dry,Intersection Area,Within Intersection,Yes - Working,No,2024,Winter,February,Daytime,6:00am - 8:59am,7,Injury Crash,No,No,No,No,No,No,No,No,No,No,No,No,No,Multiple Vehicle Crashes,Newport News City,,Urban,37.0756,-76.47085,Non-Interstate,US-17S,17.0,J CLYDE MORRIS BLVD,55.68,Other Principal Arterial,At Intersection,WOODS RD,No,0,0,No,0,0,0,0,0,0,0,0,0,0,1,c9859140,0,0,1,Minor
2,2024-02-29,19:15:00,Thursday,Angle,On Roadway,"Blacktop, Asphalt, Bituminous",No Defects,Darkness,Darkness - Road Not Lighted,"Two-Way, Not Divided",Not Provided,No Adverse Condition (Clear/Cloud),Straight - Level,Not Provided,No,Two Approaches,Not Provided,Stop Sign,Dry,Intersection Area,Within Intersection,Yes - Working,No,2024,Winter,February,Nighttime,6:00pm - 8:59pm,19,Property Damage Crash,No,No,No,No,No,No,No,No,No,No,No,No,No,Multiple Vehicle Crashes,Loudoun County,,Rural,39.07421,-77.57415,Non-Interstate,SC-621S (LOUDOUN COUNTY),621.0,EVERGREEN MILLS RD,14.31,Major Collector,At Intersection,GRENATA PRESERVE PL,No,0,0,No,0,0,0,0,0,0,0,0,0,0,0,c9435002,0,0,1,Minor
1,2022-06-10,08:10:00,Friday,Fixed Object - Off Road,Shoulder,"Blacktop, Asphalt, Bituminous",No Defects,Daylight,Daylight,"Two-Way, Divided, Positive Median Barrier",Not Provided,No Adverse Condition (Clear/Cloud),Straight - Level,Not Provided,No,Not at Intersection,Not Provided,Traffic Lanes Marked,Dry,Intersection Area,Non-Intersection,Yes - Working,No,2022,Summer,June,Daytime,6:00am - 8:59am,8,Property Damage Crash,No,No,No,No,No,No,No,No,No,No,No,No,No,Single Vehicle Crashes,Shenandoah County,Mount Jackson,Rural,38.73578,-78.65093,Interstate,I-81S,81.0,I-81,272.31,Interstate,Not at Intersection,,No,0,0,No,0,0,0,0,0,0,0,0,0,0,0,c1136829,0,0,1,Minor
2,2022-11-03,09:09:00,Thursday,Other,On Roadway,"Blacktop, Asphalt, Bituminous",No Defects,Daylight,Daylight,"Two-Way, Divided, Unprotected Median",Not Provided,No Adverse Condition (Clear/Cloud),Straight - Level,Not Provided,No,Not at Intersection,Not Provided,Traffic Lanes Marked,Dry,Interchange Area,Main-Line Roadway,Yes - Working,No,2022,Autumn,November,Daytime,9:00am - 11:59am,9,Injury Crash,No,No,No,No,Yes,No,No,No,No,No,Yes,No,No,Multiple Vehicle Crashes,Newport News City,,Urban,37.1673,-76.56051,Non-Interstate,US-60E,60.0,WARWICK BLVD,252.05,Other Principal Arterial,At Intersection,WATERWORKS WAY,Yes,0,0,No,0,0,0,0,0,1,0,0,0,0,1,c3006646,0,0,1,Minor
2,2024-08-03,15:31:00,Saturday,Angle,On Roadway,"Blacktop, Asphalt, Bituminous",No Defects,Daylight,Daylight,"Two-Way, Not Divided",Not Provided,No Adverse Condition (Clear/Cloud),Straight - Level,Not Provided,No,Not at Intersection,Not Provided,Traffic Lanes Marked,Dry,Intersection Area,Non-Intersection,Yes - Working,No,2024,Summer,August,Daytime,3:00pm - 5:59pm,15,Injury Crash,No,Yes,No,No,No,No,No,No,No,No,No,No,No,Multiple Vehicle Crashes,Stafford County,,Urban,38.30531,-77.45562,Non-Interstate,BUS VA-3W (1 CITY OF FREDERICKSBURG),3.0,KINGS HWAY,1.45,Minor Arterial,Not at Intersection,,No,0,0,No,0,0,0,0,0,0,0,0,0,0,5,c9345780,0,1,0,Severe
1,2023-08-04,22:00:00,Friday,Other,On Roadway,"Blacktop, Asphalt, Bituminous",No Defects,Darkness,Darkness - Road Lighted,"Two-Way, Not Divided",Not Provided,No Adverse Condition (Clear/Cloud),Straight - Level,Not Provided,No,Not at Intersection,Not Provided,Traffic Lanes Marked,Dry,Interchange Area,Main-Line Roadway,Yes - Working,No,2023,Summer,August,Nighttime,9:00pm - 11:59pm,22,Property Damage Crash,No,No,No,No,No,No,No,No,No,No,Yes,No,No,Single Vehicle Crashes,Danville City,,Urban,36.622,-79.38494,Non-Interstate,MEADOWBROOK DR (PR - CITY OF DANVILLE),,MEADOWBROOK DR,0.07,Local,Not at Intersection,,No,0,0,No,0,0,0,0,0,0,0,0,0,0,0,c6908126,0,0,1,Minor
2,2022-07-19,09:21:00,Tuesday,Angle,On Roadway,"Blacktop, Asphalt, Bituminous",No Defects,Daylight,Daylight,"Two-Way, Not Divided",Not Provided,No Adverse Condition (Clear/Cloud),Straight - Level,Not Provided,No,Four Approaches,Not Provided,Stop Sign,Dry,Intersection Area,Within Intersection,Yes - Working,No,2022,Summer,July,Daytime,9:00am - 11:59am,9,Property Damage Crash,No,No,No,No,No,No,No,No,No,No,No,No,No,Multiple Vehicle Crashes,Spotsylvania County,,Urban,38.25386,-77.49765,Non-Interstate,FR-691S,691.0,WICKER ST,0.16,Local,At Intersection,CARR DR,No,0,0,No,0,0,0,0,0,0,0,0,0,0,0,c0935586,0,0,1,Minor
2,2023-07-01,16:14:00,Saturday,Angle,On Roadway,"Blacktop, Asphalt, Bituminous",No Defects,Daylight,Daylight,"Two-Way, Not Divided",Not Provided,No Adverse Condition (Clear/Cloud),Straight - Level,Not Provided,No,Four Approaches,Not Provided,Stop Sign,Dry,Intersection Area,Within Intersection,Yes - Working,No,2023,Summer,July,Daytime,3:00pm - 5:59pm,16,Property Damage Crash,No,No,No,No,No,No,No,No,No,No,No,No,No,Multiple Vehicle Crashes,Stafford County,,Urban,38.47526,-77.43428,Non-Interstate,SC-642E (STAFFORD COUNTY),642.0,BARRETT HEIGHTS RD,0.07,Minor Collector,At Intersection,WHITESTONE DR,No,0,0,No,0,0,0,0,0,0,0,0,0,0,0,c7150612,0,0,1,Minor
2,2023-10-01,16:49:00,Sunday,Angle,On Roadway,"Blacktop, Asphalt, Bituminous",No Defects,Daylight,Daylight,"Two-Way, Divided, Positive Median Barrier",Not Provided,No Adverse Condition (Clear/Cloud),Straight - Level,Not Provided,No,Four Approaches,Not Provided,Stop Sign,Dry,Intersection Area,Within Intersection,Yes - Working,No,2023,Autumn,October,Daytime,3:00pm - 5:59pm,16,Property Damage Crash,No,No,No,No,No,No,No,No,No,No,No,No,No,Multiple Vehicle Crashes,Loudoun County,,Urban,39.01743,-77.51866,Non-Interstate,SC-2119W (LOUDOUN COUNTY),2119.0,TRURO PARISH DR,1.08,Major Collector,At Intersection,WAXPOOL RD,No,0,0,No,0,0,0,0,0,0,0,0,0,0,0,c9204509,0,0,1,Minor
2,2023-01-06,13:17:00,Friday,Rear End,On Roadway,"Blacktop, Asphalt, Bituminous",No Defects,Daylight,Daylight,"Two-Way, Divided, Unprotected Median",Activity Area,No Adverse Condition (Clear/Cloud),Grade - Straight,With No Law Enforcement,No,Not at Intersection,Work on Shoulder or Median,Traffic Signal,Dry,Interchange Area,Main-Line Roadway,Yes - Working,Yes,2023,Winter,January,Daytime,Noon - 2:59pm,13,Property Damage Crash,No,No,No,No,No,No,No,No,No,No,No,No,No,Multiple Vehicle Crashes,Arlington County,,Urban,38.85998,-77.05322,Non-Interstate,CR-6722W (ARLINGTON COUNTY),6722.0,15TH ST,0.91,Minor Arterial,At Intersection,EADS ST,No,0,0,No,0,0,0,0,0,0,0,0,0,0,0,c7798662,0,0,1,Minor
1,2022-08-20,19:10:00,Saturday,Fixed Object - Off Road,Shoulder,"Blacktop, Asphalt, Bituminous",No Defects,Dusk,Dusk,"One-Way, Not Divided",Not Provided,No Adverse Condition (Clear/Cloud),Grade - Curve,Not Provided,No,Not at Intersection,Not Provided,Highway Safety Corridor,Dry,Interchange Area,On Entrance/Exit Ramp,Yes - Working,No,2022,Summer,August,Nighttime,6:00pm - 8:59pm,19,Injury Crash,Yes,No,No,No,No,Yes,No,No,No,No,No,No,No,Single Vehicle Crashes,Prince William County,,Urban,38.63474,-77.29151,Interstate,I-95S RAMP 156B,95.0,I-95 RAMP,0.05,Interstate,Not at Intersection,,No,0,0,No,0,0,0,1,0,0,0,0,0,0,1,c6121933,0,0,1,Minor
2,2024-07-09,08:20:00,Tuesday,Angle,On Roadway,"Blacktop, Asphalt, Bituminous",No Defects,Daylight,Daylight,"Two-Way, Not Divided",Not Provided,No Adverse Condition (Clear/Cloud),Grade - Straight,Not Provided,No,Not at Intersection,Not Provided,Traffic Lanes Marked,Dry,Intersection Area,Non-Intersection,Yes - Working,No,2024,Summer,July,Daytime,6:00am - 8:59am,8,Injury Crash,No,No,No,No,No,No,No,No,No,No,No,No,No,Multiple Vehicle Crashes,Henry County,,Urban,36.70654,-79.90917,Non-Interstate,BUS US-220S (4 CITY OF MARTINSVILLE),220.0,VIRGINIA AVE,7.67,Other Principal Arterial,At Intersection,FIFTH AVE,Yes,0,0,No,0,0,0,0,0,0,0,0,0,0,1,c8217112,0,0,1,Minor
2,2022-11-16,09:00:00,Wednesday,Angle,On Roadway,"Blacktop, Asphalt, Bituminous",No Defects,Daylight,Daylight,"Two-Way, Divided, Unprotected Median",Not Provided,No Adverse Condition (Clear/Cloud),Straight - Level,Not Provided,No,Four Approaches,Not Provided,Traffic Lanes Marked,Dry,Intersection Area,Within Intersection,Yes - Working,No,2022,Autumn,November,Daytime,9:00am - 11:59am,9,Property Damage Crash,No,Yes,No,No,No,No,No,No,No,No,Yes,No,No,Multiple Vehicle Crashes,Fairfax County,,Urban,38.82228,-77.16123,Non-Interstate,VA-236W,236.0,LITTLE RIVER TPKE,9.15,Other Principal Arterial,At Intersection,LITTLE RIVER TPKE SERVICE RD,No,0,0,No,0,0,0,0,0,0,0,0,0,0,0,c8990893,0,0,1,Minor
2,2024-02-22,07:22:00,Thursday,Rear End,On Roadway,"Blacktop, Asphalt, Bituminous",No Defects,Daylight,Daylight,"Two-Way, Divided, Positive Median Barrier",Not Provided,No Adverse Condition (Clear/Cloud),Straight - Level,Not Provided,No,Not at Intersection,Not Provided,Traffic Lanes Marked,Dry,Intersection Area,Non-Intersection,Yes - Working,No,2024,Winter,February,Daytime,6:00am - 8:59am,7,Property Damage Crash,No,No,No,No,No,No,No,No,No,No,No,No,No,Multiple Vehicle Crashes,Va. Beach City,,Urban,36.83333,-76.13152,Interstate,I-264E,264.0,I-264,16.66,Interstate,Not at Intersection,,No,0,0,No,0,0,0,0,0,0,0,0,0,0,0,c8960038,0,0,1,Minor
1,2023-01-23,09:00:00,Monday,Other,On Roadway,"Blacktop, Asphalt, Bituminous",No Defects,Darkness,Darkness - Road Lighted,"Two-Way, Not Divided",Not Provided,No Adverse Condition (Clear/Cloud),Straight - Level,Not Provided,No,Not at Intersection,Not Provided,No Traffic Control,Dry,Intersection Area,Non-Intersection,No Traffic Control Device Present,No,2023,Winter,January,Daytime,9:00am - 11:59am,9,Property Damage Crash,Yes,No,No,No,No,No,No,No,No,No,Yes,No,No,Single Vehicle Crashes,Roanoke City,,Urban,37.29553,-79.9818,Non-Interstate,FOREST PARK BLVD NW (NP - CITY OF ROANOKE),,FOREST PARK BLVD,0.6,Local,Not at Intersection,,No,0,0,No,0,0,0,0,0,0,0,0,0,0,0,c7851462,0,0,1,Minor
2,2022-11-29,17:55:00,Tuesday,Angle,On Roadway,"Blacktop, Asphalt, Bituminous",No Defects,Darkness,Darkness - Road Not Lighted,"Two-Way, Divided, Unprotected Median",Not Provided,No Adverse Condition (Clear/Cloud),Straight - Level,Not Provided,No,Four Approaches,Not Provided,Stop Sign,Dry,Intersection Area,Within Intersection,Yes - Working,No,2022,Autumn,November,Daytime,3:00pm - 5:59pm,17,Property Damage Crash,No,No,No,No,No,No,No,No,No,No,No,No,No,Multiple Vehicle Crashes,Loudoun County,,Urban,39.00905,-77.38219,Non-Interstate,SC-1454E (LOUDOUN COUNTY),1454.0,FREDERICK DR,0.86,Major Collector,At Intersection,SUGARLAND RD,No,0,0,No,0,0,0,0,0,0,0,0,0,0,0,c2086576,0,0,1,Minor
2,2024-02-19,16:33:00,Monday,Other,On Roadway,"Blacktop, Asphalt, Bituminous",No Defects,Daylight,Daylight,"Two-Way, Divided, Positive Median Barrier",Not Provided,No Adverse Condition (Clear/Cloud),Straight - Level,Not Provided,No,Four Approaches,Not Provided,No Traffic Control,Dry,Intersection Area,Within Intersection,No Traffic Control Device Present,No,2024,Winter,February,Daytime,3:00pm - 5:59pm,16,Property Damage Crash,No,No,No,No,No,No,No,No,No,No,Yes,No,No,Multiple Vehicle Crashes,Nottoway County,,Urban,37.19005,-78.18327,Non-Interstate,US-460W,460.0,COLONIAL TRAIL HWY,270.51,Other Principal Arterial,At Intersection,LEWISTON PLANK RD,No,0,0,No,0,0,0,0,0,0,0,0,0,0,0,c6736845,0,0,1,Minor
1,2024-05-28,06:11:00,Tuesday,Fixed Object - Off Road,On Roadway,"Blacktop, Asphalt, Bituminous",No Defects,Daylight,Daylight,"Two-Way, Divided, Positive Median Barrier",Not Provided,No Adverse Condition (Clear/Cloud),Straight - Level,Not Provided,No,Not at Intersection,Not Provided,Traffic Lanes Marked,Dry,Interchange Area,Main-Line Roadway,Yes - Working,No,2024,Spring,May,Daytime,6:00am - 8:59am,6,Property Damage Crash,No,Yes,No,No,No,No,No,No,No,No,No,No,No,Single Vehicle Crashes,Hanover County,,Urban,37.63295,-77.38241,Interstate,I-295N,295.0,I-295,39.0,Interstate,Not at Intersection,,No,0,0,No,0,0,0,0,0,0,0,0,0,0,0,c8636564,0,0,1,Minor
4,2023-08-02,17:12:00,Wednesday,Rear End,On Roadway,"Blacktop, Asphalt, Bituminous",No Defects,Daylight,Daylight,"Two-Way, Not Divided",Not Provided,No Adverse Condition (Clear/Cloud),Straight - Level,Not Provided,No,Not at Intersection,Not Provided,Traffic Lanes Marked,Dry,Intersection Area,Non-Intersection,Yes - Working,No,2023,Summer,August,Daytime,3:00pm - 5:59pm,17,Property Damage Crash,No,No,No,No,No,No,No,No,No,No,No,No,No,Multiple Vehicle Crashes,Chesterfield County,,Urban,37.22979,-77.47827,Non-Interstate,SC-600S (CHESTERFIELD COUNTY),600.0,PICKETT AVE,0.31,Minor Arterial,Not at Intersection,,No,0,0,No,0,0,0,0,0,0,0,0,0,0,0,c5962092,0,0,1,Minor
2,2023-03-08,16:07:00,Wednesday,Sideswipe - Same Direction,On Roadway,"Blacktop, Asphalt, Bituminous",No Defects,Daylight,Daylight,"Two-Way, Divided, Unprotected Median",Not Provided,No Adverse Condition (Clear/Cloud),Straight - Level,Not Provided,No,Not at Intersection,Not Provided,Traffic Lanes Marked,Dry,Intersection Area,Non-Intersection,Yes - Working,No,2023,Spring,March,Daytime,3:00pm - 5:59pm,16,Property Damage Crash,No,No,No,No,No,No,No,No,No,Yes,Yes,No,No,Multiple Vehicle Crashes,Loudoun County,Leesburg,Urban,39.10254,-77.57373,Non-Interstate,VA-7W,7.0,LEESBURG BYP,36.74,Other Freeways and Expressways,Not at Intersection,,No,0,0,No,0,0,0,0,0,0,0,0,0,0,0,c3911599,0,0,1,Minor
2,2024-08-20,16:52:00,Tuesday,Angle,On Roadway,"Blacktop, Asphalt, Bituminous",No Defects,Daylight,Daylight,"Two-Way, Divided, Unprotected Median",Not Provided,No Adverse Condition (Clear/Cloud),Straight - Level,Not Provided,No,Three Approaches,Not Provided,Stop Sign,Dry,Intersection Area,Within Intersection,Yes - Working,No,2024,Summer,August,Daytime,3:00pm - 5:59pm,16,Property Damage Crash,No,No,No,No,No,No,No,No,No,No,No,No,No,Multiple Vehicle Crashes,Hampton City,,Urban,37.02001,-76.37423,Non-Interstate,VA-351E,351.0,PEMBROKE AVE,3.89,Minor Arterial,At Intersection,DOWNING ST,No,0,0,No,0,0,0,0,0,0,0,0,0,0,0,c2803182,0,0,1,Minor
1,2024-05-13,01:33:00,Monday,Fixed Object - Off Road,Outside Right-of-Way,"Blacktop, Asphalt, Bituminous",No Defects,Darkness,Darkness - Road Lighted,"Two-Way, Not Divided",Not Provided,No Adverse Condition (Clear/Cloud),Grade - Curve,Not Provided,No,Not at Intersection,Not Provided,Stop Sign,Dry,Other Location,"Driveway, Alley-Access - Related",Yes - Working,No,2024,Spring,May,Nighttime,Midnight - 2:59am,1,Property Damage Crash,No,No,No,No,No,No,No,No,No,Yes,Yes,No,No,Single Vehicle Crashes,Manassas City,,Urban,38.76413,-77.47776,Non-Interstate,GRANT AVE (PR - CITY OF MANASSAS),,GRANT AVE,0.45,Local,At Intersection,LONGSTREET DR,No,0,0,No,0,0,0,0,0,0,0,0,0,0,0,c9034774,0,0,1,Minor
2,2023-03-27,12:19:00,Monday,Sideswipe - Same Direction,On Roadway,"Blacktop, Asphalt, Bituminous",No Defects,Daylight,Daylight,"One-Way, Not Divided",Advance Warning Area,No Adverse Condition (Clear/Cloud),Straight - Level,With Law Enforcement,No,Four Approaches,Lane Closure,Stop Sign,Dry,Intersection Area,Within Intersection,Yes - Working,Yes,2023,Spring,March,Daytime,Noon - 2:59pm,12,Property Damage Crash,No,No,No,No,No,No,No,No,No,No,No,No,No,Multiple Vehicle Crashes,Richmond City,,Urban,37.55285,-77.44973,Non-Interstate,US-33E,33.0,HANCOCK ST,135.62,Minor Arterial,At Intersection,CLAY ST,No,0,0,No,0,0,0,0,0,0,0,0,0,0,0,c9619553,0,0,1,Minor
1,2022-01-16,18:53:00,Sunday,Fixed Object - Off Road,On Roadway,"Blacktop, Asphalt, Bituminous",No Defects,Darkness,Darkness - Road Not Lighted,"Two-Way, Not Divided",Not Provided,Rain,Straight - Level,Not Provided,No,Not at Intersection,Not Provided,Traffic Lanes Marked,Wet,Intersection Area,Non-Intersection,Yes - Working,No,2022,Winter,January,Nighttime,6:00pm - 8:59pm,18,Property Damage Crash,No,No,No,No,No,No,No,No,No,No,No,No,No,Single Vehicle Crashes,Henrico County,,Urban,37.63932,-77.52838,,OLDE WEST DR (PR - HENRICO COUNTY),,OLDE WEST DR,0.85,,At Intersection,KILCOLMAN DR,No,0,0,No,0,0,0,0,0,0,0,0,0,0,0,c2491420,0,0,1,Minor
2,2023-12-25,18:30:00,Monday,Rear End,In Parking Lane or Zone,"Blacktop, Asphalt, Bituminous",No Defects,Darkness,Darkness - Road Lighted,"Two-Way, Not Divided",Not Provided,No Adverse Condition (Clear/Cloud),Straight - Level,Not Provided,No,Not at Intersection,Not Provided,No Passing Lines,Dry,Intersection Area,Non-Intersection,Yes - Working,No,2023,Winter,December,Nighttime,6:00pm - 8:59pm,18,Property Damage Crash,No,No,No,No,No,No,No,No,No,No,No,No,No,Multiple Vehicle Crashes,Richmond City,,Urban,37.54467,-77.41541,Non-Interstate,T ST (NP - CITY OF RICHMOND),,T ST,0.08,Local,At Intersection,19TH ST,No,0,0,No,0,0,0,0,0,0,0,0,0,0,0,c4284011,0,0,1,Minor
2,2024-03-22,17:02:00,Friday,Rear End,On Roadway,"Blacktop, Asphalt, Bituminous",No Defects,Daylight,Daylight,"Two-Way, Divided, Unprotected Median",Not Provided,No Adverse Condition (Clear/Cloud),Straight - Level,Not Provided,No,Four Approaches,Not Provided,Traffic Signal,Dry,Intersection Area,Intersection Related - Within 150 Feet,Yes - Working,No,2024,Spring,March,Daytime,3:00pm - 5:59pm,17,Injury Crash,No,Yes,No,No,No,No,No,No,No,No,Yes,No,No,Multiple Vehicle Crashes,Fredericksburg City,,Urban,38.29614,-77.49777,Non-Interstate,VA-3E,3.0,PLANK RD,32.42,Other Principal Arterial,At Intersection,ALTOONA DR,No,0,0,No,0,0,0,0,0,0,0,2,0,0,2,c3309493,0,1,0,Severe
2,2023-04-17,09:41:00,Monday,Rear End,On Roadway,"Blacktop, Asphalt, Bituminous",No Defects,Daylight,Daylight,"Two-Way, Divided, Unprotected Median",Not Provided,No Adverse Condition (Clear/Cloud),Straight - Level,Not Provided,No,Three Approaches,Not Provided,Traffic Signal,Dry,Intersection Area,Intersection Related - Within 150 Feet,Yes - Working,No,2023,Spring,April,Daytime,9:00am - 11:59am,9,Injury Crash,No,No,No,No,No,No,No,No,No,No,No,No,No,Multiple Vehicle Crashes,Fairfax County,,Urban,38.78227,-77.14577,Non-Interstate,SC-644W (FAIRFAX COUNTY),644.0,FRANCONIA RD,8.29,Minor Arterial,At Intersection,BEULAH ST,No,0,0,No,0,0,0,0,0,0,0,0,0,0,1,c5625352,0,0,1,Minor
1,2023-12-18,17:41:00,Monday,Fixed Object - Off Road,On Roadway,"Blacktop, Asphalt, Bituminous",No Defects,Darkness,Darkness - Road Lighted,"Two-Way, Not Divided",Not Provided,No Adverse Condition (Clear/Cloud),Straight - Level,Not Provided,No,Three Approaches,Not Provided,Traffic Signal,Dry,Intersection Area,Intersection Related - Within 150 Feet,Yes - Working,No,2023,Winter,December,Daytime,3:00pm - 5:59pm,17,Property Damage Crash,No,No,No,No,No,No,No,No,No,No,Yes,No,No,Single Vehicle Crashes,Bedford County,,Urban,37.34304,-79.28301,Non-Interstate,SC-811N (BEDFORD COUNTY),811.0,THOMAS JEFFERSON RD,6.34,Major Collector,At Intersection,WATERLICK RD,No,0,0,No,0,0,0,0,0,0,0,0,0,0,0,c2009273,0,0,1,Minor
6,2022-07-04,21:19:00,Monday,Other,On Roadway,"Blacktop, Asphalt, Bituminous",No Defects,Darkness,Darkness - Road Lighted,"Two-Way, Not Divided",Not Provided,No Adverse Condition (Clear/Cloud),Straight - Level,Not Provided,No,Three Approaches,Not Provided,Stop Sign,Dry,Interchange Area,Intersection at end of Ramp,Yes - Working,No,2022,Summer,July,Nighttime,9:00pm - 11:59pm,21,Injury Crash,No,No,No,Yes,No,No,No,No,No,Yes,No,No,No,Multiple Vehicle Crashes,Richmond City,,Urban,37.57499,-77.46107,Interstate,I-95N RAMP 78A,95.0,I-95 RAMP,0.09,Interstate,Not at Intersection,,Yes,0,1,No,0,1,0,0,0,0,0,0,1,0,6,c9846591,0,1,0,Severe
2,2022-10-30,12:58:00,Sunday,Rear End,On Roadway,"Blacktop, Asphalt, Bituminous",No Defects,Daylight,Daylight,"Two-Way, Not Divided",Not Provided,No Adverse Condition (Clear/Cloud),Straight - Level,Not Provided,No,Three Approaches,Not Provided,Traffic Signal,Dry,Intersection Area,Within Intersection,Yes - Working,No,2022,Autumn,October,Daytime,Noon - 2:59pm,12,Injury Crash,No,No,No,No,No,No,No,No,No,No,No,No,No,Multiple Vehicle Crashes,Fairfax City,,Urban,38.86206,-77.27025,Non-Interstate,OLD PICKETT RD (NP - CITY OF FAIRFAX),,OLD PICKETT RD,0.32,Local,At Intersection,PICKETT RD,Yes,0,2,No,0,0,0,0,0,0,0,0,0,0,2,c0966898,0,1,0,Severe
1,2023-11-27,15:24:00,Monday,Fixed Object - Off Road,Roadside,"Blacktop, Asphalt, Bituminous",No Defects,Daylight,Daylight,"Two-Way, Divided, Positive Median Barrier",Not Provided,No Adverse Condition (Clear/Cloud),Straight - Level,Not Provided,No,Not at Intersection,Not Provided,Traffic Lanes Marked,Dry,Intersection Area,Non-Intersection,Yes - Working,No,2023,Autumn,November,Daytime,3:00pm - 5:59pm,15,Fatal Crash,No,No,No,No,No,No,No,No,No,No,No,No,No,Single Vehicle Crashes,Augusta County,,Urban,38.19643,-78.99527,Interstate,I-81N,81.0,I-81,228.41,Interstate,Not at Intersection,,Yes,0,1,No,0,0,0,0,0,0,0,0,0,1,1,c5824362,1,1,0,Fatal