NumberOfVehicles,CrashDate,CrashTime,DayOfWeek,TypeOfCollision,LocationOfFirstHarmfulEvent,RoadwaySurfaceType,RoadwayDefect,LightCondition_Category,LightCondition_Value,RoadwayDescription,WorkZoneLocation,WeatherCondition,RoadwayAlignment,WorkZoneWorkersPresent,SchoolZone,IntersectionType,WorkZoneType,TrafficControlType,RoadwaySurfaceCondition,RelationToRoadway_Category,RelationToRoadway_Value,TrafficControlMechanicalDevice,WorkZoneRelated,Year,Meteorological Season,MonthName,DaytimeNighttime_NHTSA,ThreeHourLabel,Hour,CrashType,AlcoholInvolved,SpeedRelated,CommercialMotorVehiclesInvolved,PedestrianInvolved,BicycleInvolved,MotorcycleInvolved,MopedInvolved,TrainRelated,SchoolZoneInvolved,TeenDriverInvolved,DistractedDriverInvolved,DriverTextingInvolved,DriverUsingCellPhone,Single_Multi_Vehicle,Jurisdiction,TownName,LocationTypeName,Latitude,Longitude,Interstate_NonInterstate,RoadName,RouteNumber,RouteName,MileMarker,FunctionalClassCode,AtIntersection,SecondaryLocation,MatureDriverInvolved,MatureDriverFatalities,MatureDriverInjuries,LargeTruckInvolved,PedestrianFatalities,PedestrianInjuries,MotorcycleFatalities,MotorcycleInjuries,BicycleFatalities,BicycleInjuries,DistractedDriverFatalities,DistractedDriverInjuries,UnrestrainedInjuries,Number_Of_Fatalities,Number_Of_Injuries,Crash_UID,Is_Fatal,Is_Severe,Is_Minor,SeverityLabel
1,2024-08-08,17:30:00,Thursday,Fixed Object - Off Road,Gore,"Blacktop, Asphalt, Bituminous",No Defects,Daylight,Daylight,"Two-Way, Divided, Unprotected Median",Not Provided,Rain,Curve - Level,Not Provided,No,Not at Intersection,Not Provided,Traffic Lanes Marked,Wet,Interchange Area,Gore Area (Between Ramp and Highway Edgelines),Yes - Working,No,2024,Summer,August,Daytime,3:00pm - 5:59pm,17,Property Damage Crash,No,No,No,No,No,No,No,No,No,Yes,No,No,No,Single Vehicle Crashes,York County,,Urban,37.34337,-76.74383,Non-Interstate,VA-199E,199.0,HUMELSINE PKWAY,0.95,Other Freeways and Expressways,Not at Intersection,,No,0,0,No,0,0,0,0,0,0,0,0,0,0,0,c8905269,0,0,1,Minor
1,2022-09-02,10:37:00,Friday,Pedestrian,On Roadway,"Blacktop, Asphalt, Bituminous",No Defects,Daylight,Daylight,"Two-Way, Divided, Unprotected Median",Not Provided,No Adverse Condition (Clear/Cloud),Straight - Level,Not Provided,No,Two Approaches,Not Provided,Other,Dry,Intersection Area,Within Intersection,Yes - Working,No,2022,Autumn,September,Daytime,9:00am - 11:59am,10,Injury Crash,No,No,No,Yes,No,No,No,No,No,No,No,No,No,Single Vehicle Crashes,Fairfax County,,Urban,38.79088,-77.06553,Non-Interstate,SC-1325S (FAIRFAX COUNTY),1325.0,HUNTING CREEK RD,0.01,Local,At Intersection,HUNTINGTON AVE,No,0,0,No,0,1,0,0,0,0,0,0,0,0,2,c3536955,0,1,0,Severe
1,2022-09-05,22:13:00,Monday,Fixed Object - Off Road,Roadside,"Blacktop, Asphalt, Bituminous",No Defects,Darkness,Darkness - Road Lighted,"Two-Way, Divided, Unprotected Median",Not Provided,Rain,Curve - Level,Not Provided,No,Not at Intersection,Not Provided,Traffic Lanes Marked,Wet,Intersection Area,Non-Intersection,Yes - Working,No,2022,Autumn,September,Nighttime,9:00pm - 11:59pm,22,Property Damage Crash,No,No,No,No,No,No,No,No,No,Yes,No,No,No,Single Vehicle Crashes,Prince William County,,Urban,38.76445,-77.58792,Non-Interstate,SC-619E (PRINCE WILLIAM COUNTY),619.0,LINTON HALL RD,2.83,Minor Arterial,Not at Intersection,,No,0,0,No,0,0,0,0,0,0,0,0,0,0,0,c8854565,0,0,1,Minor
1,2023-01-01,00:10:00,Sunday,Fixed Object - Off Road,On Roadway,"Blacktop, Asphalt, Bituminous",No Defects,Darkness,Darkness - Road Not Lighted,"Two-Way, Not Divided",Not Provided,Fog,Grade - Curve,Not Provided,No,Not at Intersection,Not Provided,No Traffic Control,Wet,Intersection Area,Non-Intersection,No Traffic Control Device Present,No,2023,Winter,January,Nighttime,Midnight - 2:59am,0,Injury Crash,No,Yes,No,No,No,No,No,No,No,Yes,No,No,No,Single Vehicle Crashes,Washington County,,Rural,36.69251,-82.19596,Non-Interstate,SC-700E (WASHINGTON COUNTY),700.0,RICH VALLEY RD,6.48,Local,Not at Intersection,,No,0,0,No,0,0,0,0,0,0,0,0,0,0,1,c8373922,0,0,1,Minor
3,2022-08-09,17:19:00,Tuesday,Angle,On Roadway,"Blacktop, Asphalt, Bituminous",No Defects,Daylight,Daylight,"One-Way, Not Divided",Not Provided,No Adverse Condition (Clear/Cloud),Straight - Level,Not Provided,No,Three Approaches,Not Provided,Stop Sign,Dry,Intersection Area,Within Intersection,Yes - Working,No,2022,Summer,August,Daytime,3:00pm - 5:59pm,17,Property Damage Crash,Yes,Yes,No,No,No,No,No,No,No,No,No,No,No,Multiple Vehicle Crashes,Halifax County,South Boston,Urban,36.70707,-78.90757,Non-Interstate,US-501N,501.0,BROAD ST,12.45,Minor Arterial,At Intersection,WEBSTER ST,Yes,0,0,No,0,0,0,0,0,0,0,0,0,0,0,c9585197,0,0,1,Minor
1,2022-11-01,03:26:00,Tuesday,Fixed Object - Off Road,On Roadway,"Blacktop, Asphalt, Bituminous",No Defects,Darkness,Darkness - Road Lighted,"Two-Way, Divided, Positive Median Barrier",Not Provided,No Adverse Condition (Clear/Cloud),Straight - Level,Not Provided,No,Not at Intersection,Not Provided,Traffic Lanes Marked,Dry,Intersection Area,Non-Intersection,Yes - Working,No,2022,Autumn,November,Nighttime,3:00am - 5:59am,3,Property Damage Crash,No,No,No,No,No,No,No,No,No,No,Yes,No,No,Single Vehicle Crashes,Richmond City,,Urban,37.52671,-77.44597,Non-Interstate,US-60W,60.0,SEMMES AVE,189.58,Other Principal Arterial,At Intersection,9TH ST,No,0,0,No,0,0,0,0,0,0,0,0,0,0,0,c0423918,0,0,1,Minor
2,2023-12-15,09:55:00,Friday,Angle,On Roadway,"Blacktop, Asphalt, Bituminous",No Defects,Daylight,Daylight,"Two-Way, Not Divided",Not Provided,No Adverse Condition (Clear/Cloud),Straight - Level,Not Provided,No,Three Approaches,Not Provided,Stop Sign,Dry,Intersection Area,Within Intersection,Yes - Working,No,2023,Winter,December,Daytime,9:00am - 11:59am,9,Property Damage Crash,No,No,No,No,No,No,No,No,No,No,No,No,No,Multiple Vehicle Crashes,Spotsylvania County,,Urban,38.29228,-77.52168,Non-Interstate,SC-710W (SPOTSYLVANIA COUNTY),710.0,TASKFORCE DR,0.03,Local,At Intersection,SHALABY WAY,Yes,0,0,No,0,0,0,0,0,0,0,0,0,0,0,c6598916,0,0,1,Minor
2,2023-01-19,16:49:00,Thursday,Angle,On Roadway,"Blacktop, Asphalt, Bituminous",No Defects,Dusk,Dusk,"Two-Way, Divided, Unprotected Median",Not Provided,Rain,Straight - Level,Not Provided,No,Four Approaches,Not Provided,Traffic Signal,Wet,Intersection Area,Within Intersection,Yes - Working,No,2023,Winter,January,Daytime,3:00pm - 5:59pm,16,Property Damage Crash,No,Yes,No,No,No,No,No,No,No,No,No,No,No,Multiple Vehicle Crashes,Fairfax County,,Urban,38.85971,-77.37554,Non-Interstate,SC-7700E (FAIRFAX COUNTY),7700.0,FAIR LAKES PKWY,1.89,Minor Arterial,At Intersection,MARKET COMMONS DR,Yes,0,0,No,0,0,0,0,0,0,0,0,0,0,0,c2158729,0,0,1,Minor
2,2022-02-24,11:51:00,Thursday,Sideswipe - Same Direction,On Roadway,"Blacktop, Asphalt, Bituminous",No Defects,Daylight,Daylight,"Two-Way, Divided, Unprotected Median",Not Provided,Rain,Straight - Level,Not Provided,No,Four Approaches,Not Provided,Traffic Signal,Wet,Intersection Area,Within Intersection,Yes - Working,No,2022,Winter,February,Daytime,9:00am - 11:59am,11,Property Damage Crash,No,No,No,No,No,No,No,No,No,No,No,No,No,Multiple Vehicle Crashes,Prince William County,,Urban,38.77903,-77.60076,Non-Interstate,SC-619E (PRINCE WILLIAM COUNTY),619.0,LINTON HALL RD,1.43,Minor Arterial,At Intersection,LIMESTONE DR,No,0,0,No,0,0,0,0,0,0,0,0,0,0,0,c1026445,0,0,1,Minor
1,2024-01-09,23:22:00,Tuesday,Other,On Roadway,"Blacktop, Asphalt, Bituminous",No Defects,Darkness,Darkness - Road Not Lighted,"Two-Way, Not Divided",Not Provided,No Adverse Condition (Clear/Cloud),Straight - Level,Not Provided,No,Not at Intersection,Not Provided,No Traffic Control,Dry,Intersection Area,Non-Intersection,No Traffic Control Device Present,No,2024,Winter,January,Nighttime,9:00pm - 11:59pm,23,Property Damage Crash,No,No,No,No,No,No,No,No,No,No,No,No,No,Single Vehicle Crashes,Isle of Wight County,,Rural,36.7385,-76.90644,Non-Interstate,SC-611W (ISLE OF WIGHT COUNTY),611.0,JOYNERS BRIDGE RD,0.59,Local,Not at Intersection,,No,0,0,No,0,0,0,0,0,0,0,0,0,0,0,c3251213,0,0,1,Minor
2,2024-05-11,15:19:00,Saturday,Angle,On Roadway,"Blacktop, Asphalt, Bituminous",No Defects,Daylight,Daylight,"Two-Way, Divided, Unprotected Median",Not Provided,No Adverse Condition (Clear/Cloud),Straight - Level,Not Provided,No,Three Approaches,Not Provided,Stop Sign,Dry,Intersection Area,Within Intersection,Yes - Working,No,2024,Spring,May,Daytime,3:00pm - 5:59pm,15,Injury Crash,No,Yes,No,No,No,No,No,No,No,No,No,No,No,Multiple Vehicle Crashes,Nelson County,,Rural,37.71123,-78.92801,Non-Interstate,US-29S,29.0,THOMAS NELSON HWY,101.39,Other Principal Arterial,At Intersection,TYE BROOK HWY,No,0,0,No,0,0,0,0,0,0,0,0,0,0,2,c3791420,0,1,0,Severe
2,2023-11-02,14:06:00,Thursday,Sideswipe - Opposite Direction,On Roadway,"Blacktop, Asphalt, Bituminous",No Defects,Daylight,Daylight,"Two-Way, Not Divided",Not Provided,No Adverse Condition (Clear/Cloud),Grade - Curve,Not Provided,No,Not at Intersection,Not Provided,No Traffic Control,Dry,Intersection Area,Non-Intersection,No Traffic Control Device Present,No,2023,Autumn,November,Daytime,Noon - 2:59pm,14,Property Damage Crash,No,No,No,No,No,No,No,No,No,No,No,No,No,Multiple Vehicle Crashes,Hanover County,,Rural,37.95611,-77.63732,Non-Interstate,SC-678N (HANOVER COUNTY),678.0,UNION CHURCH RD,1.37,Local,Not at Intersection,,No,0,0,No,0,0,0,0,0,0,0,0,0,0,0,c7650089,0,0,1,Minor
1,2023-08-25,06:45:00,Friday,Deer,On Roadway,"Blacktop, Asphalt, Bituminous",No Defects,Darkness,Darkness - Road Not Lighted,"Two-Way, Not Divided",Not Provided,Rain,Straight - Level,Not Provided,No,Not at Intersection,Not Provided,Traffic Lanes Marked,Wet,Intersection Area,Non-Intersection,Yes - Working,No,2023,Summer,August,Daytime,6:00am - 8:59am,6,Property Damage Crash,No,No,No,No,No,No,No,No,No,No,No,No,No,Single Vehicle Crashes,Loudoun County,,Rural,38.9785,-77.6523,Non-Interstate,US-50E,50.0,JOHN MOSBY HWY,50.92,Minor Arterial,At Intersection,SNICKERSVILLE TPKE,No,0,0,No,0,0,0,0,0,0,0,0,0,0,0,c8685603,0,0,1,Minor
2,2023-06-27,10:55:00,Tuesday,Sideswipe - Opposite Direction,On Roadway,"Blacktop, Asphalt, Bituminous",No Defects,Daylight,Daylight,"Two-Way, Not Divided",Not Provided,No Adverse Condition (Clear/Cloud),Grade - Straight,Not Provided,No,Not at Intersection,Not Provided,No Passing Lines,Dry,Intersection Area,Non-Intersection,Yes - Working,No,2023,Summer,June,Daytime,9:00am - 11:59am,10,Property Damage Crash,No,No,No,No,No,No,No,No,No,No,No,No,No,Multiple Vehicle Crashes,Campbell County,,Rural,37.2581,-79.16423,Non-Interstate,VA-24W,24.0,COLONIAL HWY,48.59,Minor Arterial,Not at Intersection,,No,0,0,No,0,0,0,0,0,0,0,0,0,0,0,c2020849,0,0,1,Minor
1,2022-04-22,07:03:00,Friday,Fixed Object - Off Road,Shoulder,"Blacktop, Asphalt, Bituminous",No Defects,Daylight,Daylight,"Two-Way, Divided, Unprotected Median",Not Provided,No Adverse Condition (Clear/Cloud),Grade - Straight,Not Provided,No,Not at Intersection,Not Provided,Traffic Lanes Marked,Dry,Intersection Area,Non-Intersection,Yes - Working,No,2022,Spring,April,Daytime,6:00am - 8:59am,7,Property Damage Crash,No,No,No,No,No,No,No,No,No,No,Yes,No,No,Single Vehicle Crashes,Nelson County,,Rural,37.75582,-78.98348,Non-Interstate,VA-151S,151.0,PATRICK HENRY HWY,10.79,Minor Arterial,Not at Intersection,,Yes,0,0,No,0,0,0,0,0,0,0,0,0,0,0,c4120001,0,0,1,Minor
2,2022-11-08,13:42:00,Tuesday,Angle,On Roadway,"Blacktop, Asphalt, Bituminous",No Defects,Daylight,Daylight,"Two-Way, Not Divided",Not Provided,No Adverse Condition (Clear/Cloud),Straight - Level,Not Provided,No,Four Approaches,Not Provided,Traffic Lanes Marked,Dry,Intersection Area,Within Intersection,Yes - Working,No,2022,Autumn,November,Daytime,Noon - 2:59pm,13,Property Damage Crash,No,No,No,No,No,No,No,No,No,No,Yes,No,No,Multiple Vehicle Crashes,Loudoun County,,Rural,38.95906,-77.49925,Non-Interstate,SC-606W (LOUDOUN COUNTY),606.0,OLD OX RD,4.72,Minor Arterial,At Intersection,PEBBLE RUN PL,No,0,0,No,0,0,0,0,0,0,0,0,0,0,0,c1787283,0,0,1,Minor
1,2024-12-03,11:02:00,Tuesday,Fixed Object - Off Road,Roadside,"Blacktop, Asphalt, Bituminous",No Defects,Daylight,Daylight,"Two-Way, Divided, Unprotected Median",Not Provided,Snow,Grade - Curve,Not Provided,No,Not at Intersection,Not Provided,Traffic Lanes Marked,Icy,Intersection Area,Non-Intersection,Yes - Working,No,2024,Winter,December,Daytime,9:00am - 11:59am,11,Injury Crash,No,No,No,No,No,No,No,No,No,No,No,No,No,Single Vehicle Crashes,Wise County,,Rural,36.945,-82.40937,Non-Interstate,ALT US-58E,58.0,BULL RUN RD,50.35,Other Principal Arterial,Not at Intersection,,Yes,0,1,No,0,0,0,0,0,0,0,0,0,0,1,c9092538,0,0,1,Minor
2,2024-10-13,11:45:00,Sunday,Sideswipe - Same Direction,On Roadway,"Blacktop, Asphalt, Bituminous",No Defects,Daylight,Daylight,"Two-Way, Not Divided",Not Provided,No Adverse Condition (Clear/Cloud),Straight - Level,Not Provided,No,Not at Intersection,Not Provided,No Traffic Control,Dry,Intersection Area,Non-Intersection,No Traffic Control Device Present,No,2024,Autumn,October,Daytime,9:00am - 11:59am,11,Property Damage Crash,Yes,No,No,No,No,No,No,No,No,No,No,No,No,Multiple Vehicle Crashes,Chesterfield County,,Urban,37.48297,-77.53079,Non-Interstate,SC-650N (CHESTERFIELD COUNTY),650.0,TURNER RD,2.27,Minor Arterial,Not at Intersection,,No,0,0,No,0,0,0,0,0,0,0,0,0,0,0,c6633943,0,0,1,Minor
2,2023-05-26,17:31:00,Friday,Angle,On Roadway,"Blacktop, Asphalt, Bituminous",No Defects,Daylight,Daylight,"Two-Way, Divided, Unprotected Median",Not Provided,No Adverse Condition (Clear/Cloud),Straight - Level,Not Provided,No,Not at Intersection,Not Provided,No Traffic Control,Dry,Interchange Area,Main-Line Roadway,No Traffic Control Device Present,No,2023,Spring,May,Daytime,3:00pm - 5:59pm,17,Property Damage Crash,No,No,No,No,No,No,No,No,No,No,No,No,No,Multiple Vehicle Crashes,Amherst County,,Urban,37.46664,-79.11734,Non-Interstate,VA-130W,130.0,AMELON RD,31.99,Minor Arterial,At Intersection,AMELON SQUARE PLZ,No,0,0,No,0,0,0,0,0,0,0,0,0,0,0,c4952852,0,0,1,Minor
2,2024-09-17,08:44:00,Tuesday,Rear End,On Roadway,"Blacktop, Asphalt, Bituminous",No Defects,Daylight,Daylight,"Two-Way, Divided, Unprotected Median",Not Provided,Rain,Straight - Level,Not Provided,No,Not at Intersection,Not Provided,Highway Safety Corridor,Wet,Intersection Area,Non-Intersection,Yes - Working,No,2024,Autumn,September,Daytime,6:00am - 8:59am,8,Property Damage Crash,No,No,No,No,No,No,No,No,No,No,No,No,No,Multiple Vehicle Crashes,Henrico County,,Urban,37.60477,-77.45594,Interstate,I-95S,95.0,I-95,80.88,Interstate,Not at Intersection,,No,0,0,No,0,0,0,0,0,0,0,0,0,0,0,c7279046,0,0,1,Minor
2,2022-12-16,19:10:00,Friday,Rear End,On Roadway,"Blacktop, Asphalt, Bituminous",No Defects,Darkness,Darkness - Road Not Lighted,"Two-Way, Divided, Positive Median Barrier",Not Provided,No Adverse Condition (Clear/Cloud),Straight - Level,Not Provided,No,Not at Intersection,Not Provided,Traffic Lanes Marked,Dry,Intersection Area,Non-Intersection,Yes - Working,No,2022,Winter,December,Nighttime,6:00pm - 8:59pm,19,Injury Crash,Yes,Yes,No,No,No,No,No,No,No,No,Yes,Yes,No,Multiple Vehicle Crashes,Stafford County,,Urban,38.41982,-77.42387,Interstate,I-95S,95.0,I-95,140.65,Interstate,Not at Intersection,,No,0,0,No,0,0,0,0,0,0,0,0,0,0,3,c9863758,0,1,0,Severe
2,2024-12-12,16:45:00,Thursday,Rear End,On Roadway,"Blacktop, Asphalt, Bituminous",No Defects,Daylight,Daylight,"Two-Way, Divided, Unprotected Median",Not Provided,No Adverse Condition (Clear/Cloud),Straight - Level,Not Provided,No,Not at Intersection,Not Provided,No Traffic Control,Dry,Interchange Area,Main-Line Roadway,No Traffic Control Device Present,No,2024,Winter,December,Daytime,3:00pm - 5:59pm,16,Property Damage Crash,No,No,No,No,No,No,No,No,No,Yes,Yes,No,No,Multiple Vehicle Crashes,Fairfax County,Vienna,Urban,38.91467,-77.26602,Non-Interstate,UR-6669N (TOWN OF VIENNA),0.0,BEULAH RD,0.69,Minor Arterial,Not at Intersection,,No,0,0,No,0,0,0,0,0,0,0,0,0,0,0,c2944517,0,0,1,Minor
3,2022-06-16,16:22:00,Thursday,Head On,On Roadway,"Blacktop, Asphalt, Bituminous",No Defects,Daylight,Daylight,"Two-Way, Not Divided",Not Provided,No Adverse Condition (Clear/Cloud),Straight - Level,Not Provided,No,Not at Intersection,Not Provided,Traffic Lanes Marked,Dry,Intersection Area,Non-Intersection,Yes - Working,No,2022,Summer,June,Daytime,3:00pm - 5:59pm,16,Injury Crash,No,No,No,No,No,No,No,No,No,No,Yes,No,No,Multiple Vehicle Crashes,Norfolk City,,Urban,36.90781,-76.23925,Non-Interstate,JOHNSTONS RD (NP - CITY OF NORFOLK),,JOHNSTONS RD,0.72,Major Collector,At Intersection,AUBURN AVE,No,0,0,No,0,0,0,0,0,0,0,0,0,0,1,c4251588,0,0,1,Minor
2,2024-08-01,10:59:00,Thursday,Angle,On Roadway,"Blacktop, Asphalt, Bituminous",No Defects,Daylight,Daylight,"Two-Way, Divided, Unprotected Median",Not Provided,No Adverse Condition (Clear/Cloud),Grade - Straight,Not Provided,No,Four Approaches,Not Provided,Traffic Signal,Dry,Intersection Area,Within Intersection,Yes - Working,No,2024,Summer,August,Daytime,9:00am - 11:59am,10,Property Damage Crash,No,No,No,No,No,No,No,No,No,Yes,No,No,No,Multiple Vehicle Crashes,Stafford County,,Urban,38.47347,-77.39571,Non-Interstate,US-1N,1.0,RICHMOND HWAY,160.55,Other Principal Arterial,At Intersection,PORT AQUIA DR,Yes,0,0,No,0,0,0,0,0,0,0,0,0,0,0,c4098209,0,0,1,Minor
2,2022-03-11,08:00:00,Friday,Other,On Roadway,"Blacktop, Asphalt, Bituminous",No Defects,Daylight,Daylight,"Two-Way, Not Divided",Not Provided,No Adverse Condition (Clear/Cloud),Straight - Level,Not Provided,No,Not at Intersection,Not Provided,No Traffic Control,Dry,Interchange Area,Main-Line Roadway,No Traffic Control Device Present,No,2022,Spring,March,Daytime,6:00am - 8:59am,8,Property Damage Crash,No,No,No,No,No,No,No,No,No,No,Yes,No,No,Multiple Vehicle Crashes,Madison County,,Rural,38.27787,-78.31785,Non-Interstate,SC-621E (MADISON COUNTY),621.0,JACKS SHOP RD,5.1,Local,Not at Intersection,,No,0,0,No,0,0,0,0,0,0,0,0,0,0,0,c3212952,0,0,1,Minor
1,2024-04-11,01:19:00,Thursday,Fixed Object - Off Road,Shoulder,"Blacktop, Asphalt, Bituminous",No Defects,Darkness,Darkness - Road Not Lighted,"Two-Way, Not Divided",Not Provided,No Adverse Condition (Clear/Cloud),Curve - Level,Not Provided,No,Not at Intersection,Not Provided,Traffic Lanes Marked,Dry,Intersection Area,Non-Intersection,Yes - Working,No,2024,Spring,April,Nighttime,Midnight - 2:59am,1,Injury Crash,No,No,No,No,No,Yes,No,No,No,No,No,No,No,Single Vehicle Crashes,Culpeper County,,Rural,38.46705,-77.93957,Non-Interstate,SC-666E (CULPEPER COUNTY),666.0,GREENS CORNER RD,4.58,Minor Collector,Not at Intersection,,No,0,0,No,0,0,0,1,0,0,0,0,0,0,1,c1064206,0,0,1,Minor
2,2023-04-30,20:25:00,Sunday,Sideswipe - Same Direction,On Roadway,"Blacktop, Asphalt, Bituminous",No Defects,Darkness,Darkness - Road Not Lighted,"Two-Way, Divided, Positive Median Barrier",Not Provided,No Adverse Condition (Clear/Cloud),On/Off Ramp,Not Provided,No,Not at Intersection,Not Provided,Traffic Lanes Marked,Dry,Interchange Area,On Entrance/Exit Ramp,Yes - Working and Obscured,No,2023,Spring,April,Nighttime,6:00pm - 8:59pm,20,Property Damage Crash,No,No,No,No,No,No,No,No,No,No,No,No,No,Multiple Vehicle Crashes,Fairfax County,,Urban,38.8466,-77.42908,Interstate,VA-28U RAMP 30A,28.0,I-66 RAMP,0.1,Interstate,Not at Intersection,,Yes,0,0,No,0,0,0,0,0,0,0,0,0,0,0,c1341078,0,0,1,Minor
1,2024-12-15,08:10:00,Sunday,Fixed Object - Off Road,Shoulder,"Blacktop, Asphalt, Bituminous",No Defects,Daylight,Daylight,"Two-Way, Divided, Positive Median Barrier",Not Provided,Sleet/Hail,Straight - Level,Not Provided,No,Not at Intersection,Not Provided,Traffic Lanes Marked,Icy,Intersection Area,Non-Intersection,Yes - Working,No,2024,Winter,December,Daytime,6:00am - 8:59am,8,Property Damage Crash,No,No,No,No,No,No,No,No,No,No,No,No,No,Single Vehicle Crashes,Shenandoah County,,Rural,38.83024,-78.57592,Interstate,I-81N,81.0,I-81,279.9,Interstate,Not at Intersection,,No,0,0,No,0,0,0,0,0,0,0,0,0,0,0,c4617623,0,0,1,Minor
2,2022-10-06,00:15:00,Thursday,Rear End,On Roadway,"Blacktop, Asphalt, Bituminous",No Defects,Darkness,Darkness - Road Not Lighted,"Two-Way, Not Divided",Not Provided,No Adverse Condition (Clear/Cloud),Straight - Level,Not Provided,No,Not at Intersection,Not Provided,Slow or Warning Sign,Dry,Intersection Area,Non-Intersection,Yes - Working,No,2022,Autumn,October,Nighttime,Midnight - 2:59am,0,Property Damage Crash,No,No,No,No,No,No,No,No,No,Yes,No,No,No,Multiple Vehicle Crashes,Loudoun County,,Urban,39.00477,-77.40973,Non-Interstate,SC-1401N (LOUDOUN COUNTY),1401.0,HOLLY AVE,0.33,Local,At Intersection,SEQUOIA CT,No,0,0,No,0,0,0,0,0,0,0,0,0,0,0,c9867071,0,0,1,Minor
2,2024-04-09,20:02:00,Tuesday,Rear End,On Roadway,"Blacktop, Asphalt, Bituminous",No Defects,Darkness,Darkness - Road Lighted,"Two-Way, Not Divided",Not Provided,No Adverse Condition (Clear/Cloud),Straight - Level,Not Provided,No,Not at Intersection,Not Provided,Traffic Lanes Marked,Dry,Interchange Area,Main-Line Roadway,No Traffic Control Device Present,No,2024,Spring,April,Nighttime,6:00pm - 8:59pm,20,Injury Crash,No,No,No,No,No,No,No,No,No,No,Yes,No,No,Multiple Vehicle Crashes,Charlottesville City,,Urban,38.0371,-78.50767,Non-Interstate,BUS US-29S (8 CITY OF CHARLOTTESVILLE),29.0,EMMET ST,1.8,Other Principal Arterial,Not at Intersection,,No,0,0,No,0,0,0,0,0,0,0,0,0,0,1,c6539616,0,0,1,Minor
3,2023-05-26,13:30:00,Friday,Rear End,On Roadway,"Blacktop, Asphalt, Bituminous",No Defects,Daylight,Daylight,"Two-Way, Divided, Positive Median Barrier",Not Provided,No Adverse Condition (Clear/Cloud),Straight - Level,Not Provided,No,Not at Intersection,Not Provided,Traffic Lanes Marked,Dry,Intersection Area,Non-Intersection,Yes - Working,No,2023,Spring,May,Daytime,Noon - 2:59pm,13,Property Damage Crash,No,Yes,Yes,No,No,No,No,No,No,No,No,No,No,Multiple Vehicle Crashes,Fairfax County,,Urban,38.85568,-77.22037,Interstate,I-495S,495.0,I-495,6.91,Interstate,Not at Intersection,,No,0,0,No,0,0,0,0,0,0,0,0,0,0,0,c6922639,0,0,1,Minor
2,2023-01-11,15:00:00,Wednesday,Sideswipe - Opposite Direction,On Roadway,"Blacktop, Asphalt, Bituminous",No Defects,Daylight,Daylight,"Two-Way, Not Divided",Not Provided,No Adverse Condition (Clear/Cloud),Straight - Level,Not Provided,Yes - With School Activity,Four Approaches,Not Provided,Traffic Signal,Dry,Interchange Area,Main-Line Roadway,Yes - Working,No,2023,Winter,January,Daytime,3:00pm - 5:59pm,15,Injury Crash,No,No,No,No,No,No,No,No,Yes,No,No,No,No,Multiple Vehicle Crashes,Franklin County,Rocky Mount,Urban,37.01986,-79.88782,Non-Interstate,BUS US-220S (3 TOWN OF ROCKY MOUNT),220.0,NORTH MAIN ST,4.66,Minor Arterial,At Intersection,GRASSY HILL RD,No,0,0,No,0,0,0,0,0,0,0,0,0,0,1,c2713844,0,0,1,Minor
2,2022-09-27,11:00:00,Tuesday,Sideswipe - Same Direction,On Roadway,"Blacktop, Asphalt, Bituminous",No Defects,Daylight,Daylight,"One-Way, Not Divided",Not Provided,No Adverse Condition (Clear/Cloud),Straight - Level,Not Provided,No,Not at Intersection,Not Provided,Traffic Lanes Marked,Dry,Intersection Area,Non-Intersection,Yes - Working,No,2022,Autumn,September,Daytime,9:00am - 11:59am,11,Property Damage Crash,No,No,No,No,No,No,No,No,No,No,No,No,No,Multiple Vehicle Crashes,Richmond City,,Urban,37.53763,-77.42462,Non-Interstate,US-360P,360.0,OLIVER HILL WAY,0.26,Other Principal Arterial,At Intersection,CLAY ST,No,0,0,No,0,0,0,0,0,0,0,0,0,0,0,c2441085,0,0,1,Minor
2,2024-09-27,14:30:00,Friday,Angle,On Roadway,"Blacktop, Asphalt, Bituminous",No Defects,Daylight,Daylight,"Two-Way, Divided, Unprotected Median",Not Provided,Rain,Straight - Level,Not Provided,No,Not at Intersection,Not Provided,Stop Sign,Wet,Intersection Area,Non-Intersection,Yes - Working,No,2024,Autumn,September,Daytime,Noon - 2:59pm,14,Property Damage Crash,No,No,No,No,No,No,No,No,No,No,No,No,No,Multiple Vehicle Crashes,Loudoun County,,Rural,39.00902,-77.49071,Non-Interstate,GREENWAY CORPORATE DR (PR - LOUDOUN COUNTY),0.0,GREENWAY CORPORATE DR,0.14,Local,At Intersection,,Yes,0,0,No,0,0,0,0,0,0,0,0,0,0,0,c8063144,0,0,1,Minor
1,2024-07-07,02:03:00,Sunday,Fixed Object - Off Road,Shoulder,"Blacktop, Asphalt, Bituminous",No Defects,Darkness,Darkness - Road Not Lighted,"Two-Way, Not Divided",Not Provided,No Adverse Condition (Clear/Cloud),Grade - Curve,Not Provided,No,Not at Intersection,Not Provided,Traffic Lanes Marked,Dry,Intersection Area,Non-Intersection,Yes - Working,No,2024,Summer,July,Nighttime,Midnight - 2:59am,2,Property Damage Crash,Yes,No,No,No,No,No,No,No,No,No,Yes,No,No,Single Vehicle Crashes,Rockingham County,,Rural,38.54279,-78.97943,Non-Interstate,SC-612N (ROCKINGHAM COUNTY),612.0,HOPKINS GAP RD,4.77,Minor Collector,Not at Intersection,,No,0,0,No,0,0,0,0,0,0,0,0,0,0,0,c3283710,0,0,1,Minor