NumberOfVehicles,CrashDate,CrashTime,DayOfWeek,TypeOfCollision,LocationOfFirstHarmfulEvent,RoadwaySurfaceType,RoadwayDefect,LightCondition_Category,LightCondition_Value,RoadwayDescription,WorkZoneLocation,WeatherCondition,RoadwayAlignment,WorkZoneWorkersPresent,SchoolZone,IntersectionType,WorkZoneType,TrafficControlType,RoadwaySurfaceCondition,RelationToRoadway_Category,RelationToRoadway_Value,TrafficControlMechanicalDevice,WorkZoneRelated,Year,Meteorological Season,MonthName,DaytimeNighttime_NHTSA,ThreeHourLabel,Hour,CrashType,AlcoholInvolved,SpeedRelated,CommercialMotorVehiclesInvolved,PedestrianInvolved,BicycleInvolved,MotorcycleInvolved,MopedInvolved,TrainRelated,SchoolZoneInvolved,TeenDriverInvolved,DistractedDriverInvolved,DriverTextingInvolved,DriverUsingCellPhone,Single_Multi_Vehicle,Jurisdiction,TownName,LocationTypeName,Latitude,Longitude,Interstate_NonInterstate,RoadName,RouteNumber,RouteName,MileMarker,FunctionalClassCode,AtIntersection,SecondaryLocation,MatureDriverInvolved,MatureDriverFatalities,MatureDriverInjuries,LargeTruckInvolved,PedestrianFatalities,PedestrianInjuries,MotorcycleFatalities,MotorcycleInjuries,BicycleFatalities,BicycleInjuries,DistractedDriverFatalities,DistractedDriverInjuries,UnrestrainedInjuries,Number_Of_Fatalities,Number_Of_Injuries,Crash_UID,Is_Fatal,Is_Severe,Is_Minor,SeverityLabel
1,2023-01-09,05:45:00,Monday,Fixed Object - Off Road,Median,"Blacktop, Asphalt, Bituminous",No Defects,Darkness,Darkness - Road Not Lighted,"Two-Way, Divided, Positive Median Barrier",Not Provided,Fog,Straight - Level,Not Provided,No,Not at Intersection,Not Provided,Traffic Lanes Marked,Icy,Intersection Area,Non-Intersection,Yes - Working,No,2023,Winter,January,Nighttime,3:00am - 5:59am,5,Property Damage Crash,No,Yes,No,No,No,No,No,No,No,No,No,No,No,Single Vehicle Crashes,Campbell County,,Rural,37.38578,-79.0556,Non-Interstate,US-460W,460.0,RICHMOND HWY,211.75,Other Principal Arterial,Not at Intersection,,No,0,0,No,0,0,0,0,0,0,0,0,0,0,0,c0869510,0,0,1,Minor
2,2022-10-05,16:50:00,Wednesday,Angle,On Roadway,"Blacktop, Asphalt, Bituminous",No Defects,Daylight,Daylight,"Two-Way, Divided, Positive Median Barrier",Not Provided,No Adverse Condition (Clear/Cloud),Straight - Level,Not Provided,No,Four Approaches,Not Provided,Traffic Signal,Dry,Intersection Area,Intersection Related - Within 150 Feet,Yes - Working,No,2022,Autumn,October,Daytime,3:00pm - 5:59pm,16,Injury Crash,No,No,No,No,No,No,No,No,No,No,No,No,No,Multiple Vehicle Crashes,Albemarle County,,Urban,38.00744,-78.50999,Non-Interstate,SC-631S (ALBEMARLE COUNTY),631.0,5TH ST,11.01,Minor Arterial,At Intersection,I-64 RAMP,Yes,0,1,No,0,0,0,0,0,0,0,0,0,0,2,c8169048,0,1,0,Severe
1,2022-06-29,23:15:00,Wednesday,Fixed Object - Off Road,On Roadway,"Blacktop, Asphalt, Bituminous",No Defects,Darkness,Darkness - Road Not Lighted,"Two-Way, Divided, Positive Median Barrier",Not Provided,No Adverse Condition (Clear/Cloud),Straight - Level,Not Provided,No,Not at Intersection,Not Provided,No Traffic Control,Dry,Interchange Area,Main-Line Roadway,No Traffic Control Device Present,No,2022,Summer,June,Nighttime,9:00pm - 11:59pm,23,Property Damage Crash,Yes,Yes,No,No,No,No,No,No,No,No,Yes,No,Yes,Single Vehicle Crashes,Alexandria City,,Urban,38.83171,-77.10743,Non-Interstate,UR-6592W (CITY OF ALEXANDRIA),6592.0,BRADDOCK RD,0.47,Minor Arterial,Not at Intersection,,No,0,0,No,0,0,0,0,0,0,0,0,0,0,0,c0259545,0,0,1,Minor
1,2024-03-31,00:23:00,Sunday,Fixed Object - Off Road,Roadside,"Blacktop, Asphalt, Bituminous",No Defects,Darkness,Darkness - Road Not Lighted,"Two-Way, Not Divided",Not Provided,No Adverse Condition (Clear/Cloud),Straight - Level,Not Provided,No,Not at Intersection,Not Provided,Traffic Lanes Marked,Dry,Intersection Area,Non-Intersection,Yes - Working,No,2024,Spring,March,Nighttime,Midnight - 2:59am,0,Property Damage Crash,No,No,No,No,No,No,No,No,No,No,Yes,No,No,Single Vehicle Crashes,Pittsylvania County,,Rural,36.68724,-79.57225,Non-Interstate,SC-844N (PITTSYLVANIA COUNTY),844.0,MOUNT CROSS RD,5.93,Minor Collector,Not at Intersection,,No,0,0,No,0,0,0,0,0,0,0,0,0,0,0,c5764056,0,0,1,Minor
2,2024-04-03,18:30:00,Wednesday,Sideswipe - Same Direction,On Roadway,"Blacktop, Asphalt, Bituminous",No Defects,Daylight,Daylight,"One-Way, Not Divided",Not Provided,No Adverse Condition (Clear/Cloud),Grade - Curve,Not Provided,No,Not at Intersection,Not Provided,Traffic Lanes Marked,Dry,Interchange Area,On Entrance/Exit Ramp,Yes - Working,No,2024,Spring,April,Nighttime,6:00pm - 8:59pm,18,Property Damage Crash,No,No,No,No,No,No,No,No,No,No,No,No,No,Multiple Vehicle Crashes,Loudoun County,Leesburg,Urban,39.10098,-77.54956,Non-Interstate,US-15S,15.0,LEESBURG BYP,218.31,Other Freeways and Expressways,Not at Intersection,,Yes,0,0,No,0,0,0,0,0,0,0,0,0,0,0,c7922009,0,0,1,Minor
1,2023-02-20,13:35:00,Monday,Fixed Object - Off Road,Shoulder,"Blacktop, Asphalt, Bituminous",No Defects,Daylight,Daylight,"Two-Way, Divided, Positive Median Barrier",Not Provided,Rain,Straight - Level,Not Provided,No,Not at Intersection,Not Provided,Traffic Lanes Marked,Wet,Intersection Area,Non-Intersection,Yes - Working,No,2023,Winter,February,Daytime,Noon - 2:59pm,13,Injury Crash,No,No,No,No,No,No,No,No,No,No,Yes,No,No,Single Vehicle Crashes,Smyth County,,Urban,36.81148,-81.57101,Interstate,I-81S,81.0,I-81,42.48,Interstate,Not at Intersection,,No,0,0,No,0,0,0,0,0,0,0,1,0,0,1,c5500365,0,0,1,Minor
2,2022-05-17,17:03:00,Tuesday,Angle,On Roadway,Concrete,No Defects,Daylight,Daylight,"Two-Way, Not Divided",Not Provided,No Adverse Condition (Clear/Cloud),Straight - Level,Not Provided,No,Not at Intersection,Not Provided,No Traffic Control,Dry,Intersection Area,Non-Intersection,No Traffic Control Device Present,No,2022,Spring,May,Daytime,3:00pm - 5:59pm,17,Property Damage Crash,No,No,No,No,No,No,No,No,No,Yes,No,No,No,Multiple Vehicle Crashes,Henrico County,,Urban,37.65439,-77.45333,,BRANT LN (NP - HENRICO COUNTY),,BRANT LN,0.08,,Not at Intersection,,No,0,0,No,0,0,0,0,0,0,0,0,0,0,0,c3295909,0,0,1,Minor
1,2024-09-30,08:30:00,Monday,Fixed Object - Off Road,On Roadway,"Blacktop, Asphalt, Bituminous",No Defects,Dawn,Dawn,"Two-Way, Not Divided",Not Provided,No Adverse Condition (Clear/Cloud),Grade - Curve,Not Provided,No,Three Approaches,Not Provided,Traffic Signal,Dry,Intersection Area,Within Intersection,Yes - Working,No,2024,Autumn,September,Daytime,6:00am - 8:59am,8,Property Damage Crash,No,No,No,No,No,No,No,No,No,No,No,No,No,Single Vehicle Crashes,Lexington City,,Urban,37.78514,-79.44182,Non-Interstate,BUS US-11N (2 CITY OF LEXINGTON),11.0,MAIN ST,1.24,Other Principal Arterial,At Intersection,WASHINGTON ST,No,0,0,No,0,0,0,0,0,0,0,0,0,0,0,c7239551,0,0,1,Minor
2,2023-05-26,17:25:00,Friday,Rear End,On Roadway,"Blacktop, Asphalt, Bituminous",No Defects,Daylight,Daylight,"Two-Way, Divided, Unprotected Median",Not Provided,No Adverse Condition (Clear/Cloud),Straight - Level,Not Provided,No,Four Approaches,Not Provided,Traffic Signal,Dry,Intersection Area,Intersection Related - Within 150 Feet,Yes - Working,No,2023,Spring,May,Daytime,3:00pm - 5:59pm,17,Injury Crash,Yes,No,No,No,No,No,No,No,No,No,No,No,No,Multiple Vehicle Crashes,Warren County,,Rural,38.96629,-78.18961,Non-Interstate,US-522S,522.0,WINCHESTER RD,120.68,Minor Arterial,At Intersection,COUNTRY CLUB RD,No,0,0,No,0,0,0,0,0,0,0,0,0,0,1,c7657333,0,0,1,Minor
2,2022-11-26,13:34:00,Saturday,Rear End,On Roadway,"Blacktop, Asphalt, Bituminous",No Defects,Daylight,Daylight,"Two-Way, Divided, Positive Median Barrier",Not Provided,No Adverse Condition (Clear/Cloud),Straight - Level,Not Provided,No,Four Approaches,Not Provided,Traffic Signal,Dry,Intersection Area,Within Intersection,Yes - Working,No,2022,Autumn,November,Daytime,Noon - 2:59pm,13,Property Damage Crash,No,No,No,No,No,No,No,No,No,No,Yes,No,No,Multiple Vehicle Crashes,Richmond City,,Urban,37.55771,-77.46233,Non-Interstate,US-33E,33.0,BROAD ST,134.75,Other Principal Arterial,At Intersection,ALLISON ST,No,0,0,No,0,0,0,0,0,0,0,0,0,0,0,c8426845,0,0,1,Minor
2,2023-01-19,06:30:00,Thursday,Rear End,On Roadway,"Blacktop, Asphalt, Bituminous",No Defects,Darkness,Darkness - Road Not Lighted,"Two-Way, Divided, Positive Median Barrier",Not Provided,No Adverse Condition (Clear/Cloud),Straight - Level,Not Provided,No,Not at Intersection,Not Provided,Traffic Lanes Marked,Dry,Intersection Area,Non-Intersection,Yes - Working,No,2023,Winter,January,Daytime,6:00am - 8:59am,6,Injury Crash,No,Yes,No,No,No,No,No,No,No,Yes,Yes,No,No,Multiple Vehicle Crashes,Henrico County,,Urban,37.63609,-77.5757,Interstate,I-64W,64.0,I-64,180.17,Interstate,Not at Intersection,,Yes,0,1,No,0,0,0,0,0,0,0,0,0,0,1,c0011261,0,0,1,Minor
2,2023-04-19,18:52:00,Wednesday,Angle,On Roadway,"Blacktop, Asphalt, Bituminous",No Defects,Daylight,Daylight,"One-Way, Not Divided",Not Provided,No Adverse Condition (Clear/Cloud),Dip - Straight,Not Provided,No,Two Approaches,Not Provided,Traffic Lanes Marked,Dry,Intersection Area,Within Intersection,Yes - Working,No,2023,Spring,April,Nighttime,6:00pm - 8:59pm,18,Injury Crash,No,No,No,No,Yes,No,No,No,No,No,No,No,No,Multiple Vehicle Crashes,Arlington County,,Urban,38.89183,-77.08121,Non-Interstate,CR-6812E (ARLINGTON COUNTY),6812.0,CLARENDON BLVD,0.49,Other Principal Arterial,At Intersection,SCOTT ST,No,0,0,No,0,0,0,0,0,1,0,0,0,0,1,c9075273,0,0,1,Minor
2,2022-05-05,09:25:00,Thursday,Rear End,On Roadway,"Blacktop, Asphalt, Bituminous",No Defects,Daylight,Daylight,"Two-Way, Divided, Unprotected Median",Not Provided,No Adverse Condition (Clear/Cloud),Grade - Straight,Not Provided,No,Four Approaches,Not Provided,Traffic Lanes Marked,Dry,Other Location,Crossover Related,Yes - Working,No,2022,Spring,May,Daytime,9:00am - 11:59am,9,Property Damage Crash,No,Yes,No,No,No,No,No,No,No,No,No,No,No,Multiple Vehicle Crashes,Henry County,,Urban,36.68239,-79.79861,Non-Interstate,BUS US-58E (9 CITY OF MARTINSVILLE),58.0,A L PHILPOTT HWY,9.11,Other Principal Arterial,At Intersection,MEADOWBROOK LN,No,0,0,No,0,0,0,0,0,0,0,0,0,0,0,c3228341,0,0,1,Minor
3,2023-12-24,22:40:00,Sunday,Sideswipe - Same Direction,Shoulder,"Blacktop, Asphalt, Bituminous",No Defects,Darkness,Darkness - Road Lighted,"Two-Way, Divided, Positive Median Barrier",Not Provided,No Adverse Condition (Clear/Cloud),Curve - Level,Not Provided,No,Not at Intersection,Not Provided,Traffic Lanes Marked,Dry,Intersection Area,Non-Intersection,Yes - Working,No,2023,Winter,December,Nighttime,9:00pm - 11:59pm,22,Injury Crash,No,Yes,No,No,No,No,No,No,No,Yes,No,No,No,Multiple Vehicle Crashes,Portsmouth City,,Urban,36.8257,-76.32729,Interstate,I-264W,264.0,I-264,5.01,Interstate,Not at Intersection,,No,0,0,No,0,0,0,0,0,0,0,0,0,0,2,c1774464,0,1,0,Severe
2,2023-10-20,19:00:00,Friday,Rear End,On Roadway,"Blacktop, Asphalt, Bituminous",No Defects,Darkness,Darkness - Road Not Lighted,"Two-Way, Divided, Positive Median Barrier",Not Provided,No Adverse Condition (Clear/Cloud),Straight - Level,Not Provided,No,Not at Intersection,Not Provided,Traffic Lanes Marked,Dry,Intersection Area,Non-Intersection,Yes - Working,No,2023,Autumn,October,Nighttime,6:00pm - 8:59pm,19,Property Damage Crash,No,No,No,No,No,No,No,No,No,No,No,No,No,Multiple Vehicle Crashes,Shenandoah County,,Rural,38.66178,-78.66715,Interstate,I-81N,81.0,I-81,266.65,Interstate,Not at Intersection,,No,0,0,No,0,0,0,0,0,0,0,0,0,0,0,c7398075,0,0,1,Minor
3,2023-02-14,15:30:00,Tuesday,Rear End,On Roadway,"Blacktop, Asphalt, Bituminous",No Defects,Daylight,Daylight,"Two-Way, Divided, Positive Median Barrier",Not Provided,No Adverse Condition (Clear/Cloud),Straight - Level,Not Provided,No,Not at Intersection,Not Provided,Other,Dry,Interchange Area,Main-Line Roadway,Yes - Working,No,2023,Winter,February,Daytime,3:00pm - 5:59pm,15,Property Damage Crash,No,No,No,No,No,No,No,No,No,No,Yes,No,No,Multiple Vehicle Crashes,Fairfax County,,Urban,38.89251,-77.37997,Non-Interstate,SC-608N (FAIRFAX COUNTY),608.0,WEST OX RD,3.64,Minor Arterial,At Intersection,NATHANIEL OAKS DR,No,0,0,No,0,0,0,0,0,0,0,0,0,0,0,c7004064,0,0,1,Minor
2,2023-08-15,11:11:00,Tuesday,Angle,On Roadway,"Blacktop, Asphalt, Bituminous",No Defects,Daylight,Daylight,"Two-Way, Divided, Unprotected Median",Not Provided,No Adverse Condition (Clear/Cloud),Straight - Level,Not Provided,No,Three Approaches,Not Provided,Traffic Lanes Marked,Dry,Intersection Area,Within Intersection,Yes - Working,No,2023,Summer,August,Daytime,9:00am - 11:59am,11,Injury Crash,No,No,No,No,No,No,No,No,No,No,No,No,No,Multiple Vehicle Crashes,Loudoun County,,Urban,39.01116,-77.381,Non-Interstate,SC-1454W (LOUDOUN COUNTY),1454.0,FREDERICK DR,0.7,Major Collector,At Intersection,RABBITRUN TER,Yes,0,1,No,0,0,0,0,0,0,0,0,0,0,2,c9786913,0,1,0,Severe
1,2023-03-03,09:53:00,Friday,Other,On Roadway,"Blacktop, Asphalt, Bituminous",No Defects,Daylight,Daylight,"Two-Way, Divided, Unprotected Median",Not Provided,No Adverse Condition (Clear/Cloud),Straight - Level,Not Provided,No,Four Approaches,Not Provided,Stop Sign,Wet,Intersection Area,Intersection Related - Within 150 Feet,Yes - Working,No,2023,Spring,March,Daytime,9:00am - 11:59am,9,Injury Crash,No,No,No,No,No,No,No,No,No,No,No,No,No,Single Vehicle Crashes,Hampton City,,Urban,37.02605,-76.36301,,QUEEN ST W (NP - CITY OF HAMPTON),,QUEEN ST,0.72,,At Intersection,LASALLE AVE,No,0,0,No,0,0,0,0,0,0,0,0,0,0,1,c6147493,0,0,1,Minor
1,2024-03-27,18:50:00,Wednesday,Fixed Object - Off Road,Shoulder,"Blacktop, Asphalt, Bituminous",No Defects,Dusk,Dusk,"Two-Way, Divided, Positive Median Barrier",Not Provided,Rain,Curve - Level,Not Provided,No,Not at Intersection,Not Provided,Traffic Lanes Marked,Wet,Intersection Area,Non-Intersection,Yes - Working,No,2024,Spring,March,Nighttime,6:00pm - 8:59pm,18,Property Damage Crash,No,Yes,No,No,No,No,No,No,No,No,No,No,No,Single Vehicle Crashes,Spotsylvania County,,Rural,38.11741,-77.51729,Interstate,I-95N,95.0,I-95,117.61,Interstate,Not at Intersection,,No,0,0,No,0,0,0,0,0,0,0,0,0,0,0,c8901992,0,0,1,Minor
2,2023-01-25,18:30:00,Wednesday,Rear End,On Roadway,"Blacktop, Asphalt, Bituminous",No Defects,Darkness,Darkness - Road Not Lighted,"Two-Way, Not Divided",Not Provided,Rain,Straight - Level,Not Provided,No,Not at Intersection,Not Provided,No Passing Lines,"Water (Standing, Moving)",Intersection Area,Non-Intersection,Yes - Working and Obscured,No,2023,Winter,January,Nighttime,6:00pm - 8:59pm,18,Property Damage Crash,No,Yes,No,No,No,No,No,No,No,Yes,No,No,No,Multiple Vehicle Crashes,Culpeper County,,Rural,38.34952,-78.04387,Non-Interstate,SC-615S (CULPEPER COUNTY),615.0,RAPIDAN RD,3.04,Major Collector,Not at Intersection,,No,0,0,No,0,0,0,0,0,0,0,0,0,0,0,c9824349,0,0,1,Minor
1,2023-03-04,05:58:00,Saturday,Fixed Object - Off Road,On Roadway,"Blacktop, Asphalt, Bituminous",No Defects,Darkness,Darkness - Road Not Lighted,"Two-Way, Divided, Positive Median Barrier",Not Provided,No Adverse Condition (Clear/Cloud),Curve - Level,Not Provided,No,Not at Intersection,Not Provided,Traffic Lanes Marked,Dry,Intersection Area,Non-Intersection,Yes - Working,No,2023,Spring,March,Nighttime,3:00am - 5:59am,5,Property Damage Crash,No,No,No,No,No,No,No,No,No,No,No,No,No,Single Vehicle Crashes,Fairfax County,,Urban,38.82322,-77.36205,Non-Interstate,VA-286N,286.0,FAIRFAX COUNTY PKWY,16.68,Other Freeways and Expressways,Not at Intersection,,No,0,0,No,0,0,0,0,0,0,0,0,0,0,0,c3402955,0,0,1,Minor
2,2024-06-24,21:19:00,Monday,Angle,On Roadway,Concrete,No Defects,Darkness,Darkness - Road Lighted,"Two-Way, Not Divided",Not Provided,No Adverse Condition (Clear/Cloud),Straight - Level,Not Provided,No,Not at Intersection,Not Provided,Traffic Lanes Marked,Dry,Intersection Area,Non-Intersection,No Traffic Control Device Present,No,2024,Summer,June,Nighttime,9:00pm - 11:59pm,21,Property Damage Crash,No,No,No,No,No,No,No,No,No,Yes,No,No,No,Multiple Vehicle Crashes,Fairfax County,,Urban,38.99836,-77.2901,Non-Interstate,VA-193E,193.0,GEORGETOWN PIKE,2.99,Minor Arterial,Not at Intersection,,Yes,0,0,No,0,0,0,0,0,0,0,0,0,0,0,c5313505,0,0,1,Minor
3,2022-10-27,15:13:00,Thursday,Rear End,On Roadway,"Blacktop, Asphalt, Bituminous",No Defects,Daylight,Daylight,"Two-Way, Divided, Unprotected Median",Not Provided,No Adverse Condition (Clear/Cloud),Grade - Straight,Not Provided,No,Three Approaches,Not Provided,Traffic Signal,Dry,Intersection Area,Intersection Related - Within 150 Feet,Yes - Working,No,2022,Autumn,October,Daytime,3:00pm - 5:59pm,15,Injury Crash,No,No,No,No,No,No,No,No,No,No,No,No,No,Multiple Vehicle Crashes,Botetourt County,,Urban,37.34696,-79.84414,Non-Interstate,US-460W,460.0,BLUE RIDGE BLVD,162.45,Other Principal Arterial,At Intersection,LAYMANTOWN RD,Yes,0,1,No,0,0,0,0,0,0,0,0,0,0,2,c4535096,0,1,0,Severe
2,2022-11-01,19:12:00,Tuesday,Angle,On Roadway,"Blacktop, Asphalt, Bituminous",No Defects,Darkness,Darkness - Road Lighted,"Two-Way, Divided, Positive Median Barrier",Not Provided,No Adverse Condition (Clear/Cloud),Straight - Level,Not Provided,No,Four Approaches,Not Provided,Traffic Lanes Marked,Dry,Intersection Area,Within Intersection,Yes - Working,No,2022,Autumn,November,Nighttime,6:00pm - 8:59pm,19,Property Damage Crash,Yes,No,No,No,No,No,No,No,No,No,Yes,No,No,Multiple Vehicle Crashes,Stafford County,,Urban,38.30076,-77.44686,Non-Interstate,BUS VA-3W (1 CITY OF FREDERICKSBURG),3.0,KINGS HWY,2.24,Minor Arterial,At Intersection,COOL SPRING RD,No,0,0,No,0,0,0,0,0,0,0,0,0,0,0,c6360896,0,0,1,Minor
2,2023-02-24,15:28:00,Friday,Sideswipe - Same Direction,On Roadway,"Blacktop, Asphalt, Bituminous",No Defects,Daylight,Daylight,"Two-Way, Not Divided",Not Provided,No Adverse Condition (Clear/Cloud),Straight - Level,Not Provided,No,Four Approaches,Not Provided,Traffic Lanes Marked,Dry,Intersection Area,Within Intersection,Yes - Working,No,2023,Winter,February,Daytime,3:00pm - 5:59pm,15,Property Damage Crash,No,No,No,No,No,No,No,No,No,No,No,No,No,Multiple Vehicle Crashes,Henrico County,,Urban,37.63107,-77.5113,Non-Interstate,CR-7518S (HENRICO COUNTY),7518.0,PARHAM RD,6.63,Other Principal Arterial,At Intersection,DIXON POWERS DR,No,0,0,No,0,0,0,0,0,0,0,0,0,0,0,c7141304,0,0,1,Minor
1,2024-12-11,20:07:00,Wednesday,Fixed Object - Off Road,Shoulder,"Blacktop, Asphalt, Bituminous",No Defects,Darkness,Darkness - Road Not Lighted,"Two-Way, Not Divided",Not Provided,Rain,Straight - Level,Not Provided,No,Not at Intersection,Not Provided,No Traffic Control,Wet,Intersection Area,Non-Intersection,No Traffic Control Device Present,No,2024,Winter,December,Nighttime,6:00pm - 8:59pm,20,Injury Crash,No,No,No,No,No,No,No,No,No,Yes,No,No,No,Single Vehicle Crashes,Henrico County,,Urban,37.49629,-77.38321,,OLD OAKLAND RD (PR - HENRICO COUNTY),0.0,OLD OAKLAND RD,0.35,,Not at Intersection,,No,0,0,No,0,0,0,0,0,0,0,0,0,0,1,c5502108,0,0,1,Minor
2,2023-04-09,20:20:00,Sunday,Angle,On Roadway,"Blacktop, Asphalt, Bituminous",No Defects,Darkness,Darkness - Road Not Lighted,"Two-Way, Divided, Unprotected Median",Not Provided,No Adverse Condition (Clear/Cloud),Straight - Level,Not Provided,No,Not at Intersection,Not Provided,Traffic Lanes Marked,Dry,Intersection Area,Non-Intersection,Yes - Working,No,2023,Spring,April,Nighttime,6:00pm - 8:59pm,20,Property Damage Crash,No,No,No,No,No,No,No,No,No,No,No,No,No,Multiple Vehicle Crashes,Dinwiddie County,,Urban,37.19702,-77.47768,Interstate,I-85N,85.0,I-85,63.14,Interstate,Not at Intersection,,No,0,0,No,0,0,0,0,0,0,0,0,0,0,0,c9741567,0,0,1,Minor
1,2024-10-20,18:57:00,Sunday,Deer,On Roadway,"Blacktop, Asphalt, Bituminous",No Defects,Darkness,Darkness - Road Lighted,"Two-Way, Divided, Unprotected Median",Not Provided,No Adverse Condition (Clear/Cloud),Curve - Level,Not Provided,No,Not at Intersection,Not Provided,Traffic Lanes Marked,Dry,Intersection Area,Non-Intersection,Yes - Working,No,2024,Autumn,October,Nighttime,6:00pm - 8:59pm,18,Injury Crash,No,No,No,No,No,No,No,No,No,No,No,No,No,Single Vehicle Crashes,Culpeper County,,Rural,38.45653,-78.11757,Non-Interstate,US-29N,29.0,JAMES MONROE HWAY,174.84,Other Principal Arterial,Not at Intersection,,No,0,0,No,0,0,0,0,0,0,0,0,0,0,1,c0771214,0,0,1,Minor
2,2022-02-16,08:30:00,Wednesday,Rear End,On Roadway,"Blacktop, Asphalt, Bituminous",No Defects,Daylight,Daylight,"Two-Way, Not Divided",Not Provided,No Adverse Condition (Clear/Cloud),Straight - Level,Not Provided,No,Not at Intersection,Not Provided,No Passing Lines,Dry,Other Location,"Driveway, Alley-Access - Related",Yes - Working,No,2022,Winter,February,Daytime,6:00am - 8:59am,8,Property Damage Crash,No,No,No,No,No,No,No,No,No,No,No,No,No,Multiple Vehicle Crashes,New Kent County,,Rural,37.48205,-77.03034,Non-Interstate,VA-155N,155.0,COURTHOUSE RD,10.56,Minor Arterial,Not at Intersection,,Yes,0,0,No,0,0,0,0,0,0,0,0,0,0,0,c8112013,0,0,1,Minor
2,2022-08-19,17:35:00,Friday,Angle,On Roadway,"Blacktop, Asphalt, Bituminous",No Defects,Daylight,Daylight,"Two-Way, Divided, Unprotected Median",Not Provided,No Adverse Condition (Clear/Cloud),Straight - Level,Not Provided,No,Not at Intersection,Not Provided,Traffic Lanes Marked,Dry,Interchange Area,Main-Line Roadway,Yes - Working,No,2022,Summer,August,Daytime,3:00pm - 5:59pm,17,Property Damage Crash,No,Yes,No,No,No,No,No,No,No,No,No,No,No,Multiple Vehicle Crashes,Alexandria City,,Urban,38.81374,-77.13401,Non-Interstate,UR-17S (CITY OF ALEXANDRIA),17.0,WALKER ST,0.06,Major Collector,Not at Intersection,,Yes,0,0,No,0,0,0,0,0,0,0,0,0,0,0,c4738442,0,0,1,Minor
1,2023-12-08,10:34:00,Friday,Fixed Object - Off Road,On Roadway,"Blacktop, Asphalt, Bituminous",No Defects,Daylight,Daylight,"Two-Way, Not Divided",Not Provided,No Adverse Condition (Clear/Cloud),Straight - Level,Not Provided,No,Not at Intersection,Not Provided,No Traffic Control,Dry,Intersection Area,Non-Intersection,No Traffic Control Device Present,No,2023,Winter,December,Daytime,9:00am - 11:59am,10,Injury Crash,No,No,No,No,No,No,No,No,No,No,No,No,No,Single Vehicle Crashes,Henrico County,,Urban,37.5969,-77.536,Non-Interstate,CR-7645N (HENRICO COUNTY),7645.0,THREE CHOPT RD,0.44,Minor Arterial,At Intersection,FOSTER RD,Yes,0,1,No,0,0,0,0,0,0,0,0,0,0,1,c4395182,0,0,1,Minor
1,2022-12-15,09:11:00,Thursday,Fixed Object - Off Road,On Roadway,"Blacktop, Asphalt, Bituminous",Slick Pavement,Daylight,Daylight,"Two-Way, Not Divided",Not Provided,Sleet/Hail,Curve - Level,Not Provided,No,Not at Intersection,Not Provided,Traffic Lanes Marked,Icy,Interchange Area,Main-Line Roadway,Yes - Working,No,2022,Winter,December,Daytime,9:00am - 11:59am,9,Property Damage Crash,No,No,No,No,No,No,No,No,No,No,No,No,No,Single Vehicle Crashes,Montgomery County,,Rural,37.20782,-80.36354,Non-Interstate,SC-723S (MONTGOMERY COUNTY),723.0,LUSTERS GATE RD,4.9,Major Collector,Not at Intersection,,No,0,0,No,0,0,0,0,0,0,0,0,0,0,0,c1543781,0,0,1,Minor
2,2022-11-19,13:28:00,Saturday,Other,On Roadway,Concrete,No Defects,Daylight,Daylight,"Two-Way, Divided, Unprotected Median",Not Provided,No Adverse Condition (Clear/Cloud),Straight - Level,Not Provided,No,Not at Intersection,Not Provided,Traffic Signal,Dry,Interchange Area,Main-Line Roadway,Yes - Working,No,2022,Autumn,November,Daytime,Noon - 2:59pm,13,Property Damage Crash,No,No,No,No,No,No,No,No,No,No,No,No,No,Multiple Vehicle Crashes,Richmond City,,Urban,37.55083,-77.44566,Non-Interstate,US-1S,1.0,BELVIDERE ST,93.73,Other Principal Arterial,At Intersection,CLAY ST,No,0,0,No,0,0,0,0,0,0,0,0,0,0,0,c8982260,0,0,1,Minor
1,2024-06-14,09:18:00,Friday,Fixed Object - Off Road,Shoulder,"Blacktop, Asphalt, Bituminous",No Defects,Daylight,Daylight,"One-Way, Not Divided",Not Provided,No Adverse Condition (Clear/Cloud),Grade - Curve,Not Provided,No,Not at Intersection,Not Provided,Traffic Lanes Marked,Dry,Interchange Area,On Entrance/Exit Ramp,Yes - Working,No,2024,Summer,June,Daytime,9:00am - 11:59am,9,Property Damage Crash,No,No,Yes,No,No,No,No,No,No,No,No,No,No,Single Vehicle Crashes,James City County,,Rural,37.42094,-76.82549,Interstate,VA-30E RAMP 56B,64.0,I-64  RAMP,0.21,Interstate,Not at Intersection,,No,0,0,Yes,0,0,0,0,0,0,0,0,0,0,0,c0639894,0,0,1,Minor
2,2022-10-14,21:00:00,Friday,Angle,On Roadway,"Blacktop, Asphalt, Bituminous",No Defects,Darkness,Darkness - Road Lighted,"Two-Way, Divided, Unprotected Median",Not Provided,No Adverse Condition (Clear/Cloud),Straight - Level,Not Provided,No,Three Approaches,Not Provided,Traffic Signal,Dry,Intersection Area,Within Intersection,Yes - Working,No,2022,Autumn,October,Nighttime,9:00pm - 11:59pm,21,Injury Crash,Yes,Yes,No,No,No,No,No,No,No,No,No,No,No,Multiple Vehicle Crashes,Va. Beach City,,Urban,36.77901,-76.08535,Non-Interstate,UR-8779S (CITY OF VIRGINIA BEACH),,DAM NECK RD,2.75,Other Principal Arterial,At Intersection,ROSEMONT RD,No,0,0,No,0,0,0,0,0,0,0,0,0,0,4,c7048353,0,1,0,Severe