NumberOfVehicles,CrashDate,CrashTime,DayOfWeek,TypeOfCollision,LocationOfFirstHarmfulEvent,RoadwaySurfaceType,RoadwayDefect,LightCondition_Category,LightCondition_Value,RoadwayDescription,WorkZoneLocation,WeatherCondition,RoadwayAlignment,WorkZoneWorkersPresent,SchoolZone,IntersectionType,WorkZoneType,TrafficControlType,RoadwaySurfaceCondition,RelationToRoadway_Category,RelationToRoadway_Value,TrafficControlMechanicalDevice,WorkZoneRelated,Year,Meteorological Season,MonthName,DaytimeNighttime_NHTSA,ThreeHourLabel,Hour,CrashType,AlcoholInvolved,SpeedRelated,CommercialMotorVehiclesInvolved,PedestrianInvolved,BicycleInvolved,MotorcycleInvolved,MopedInvolved,TrainRelated,SchoolZoneInvolved,TeenDriverInvolved,DistractedDriverInvolved,DriverTextingInvolved,DriverUsingCellPhone,Single_Multi_Vehicle,Jurisdiction,TownName,LocationTypeName,Latitude,Longitude,Interstate_NonInterstate,RoadName,RouteNumber,RouteName,MileMarker,FunctionalClassCode,AtIntersection,SecondaryLocation,MatureDriverInvolved,MatureDriverFatalities,MatureDriverInjuries,LargeTruckInvolved,PedestrianFatalities,PedestrianInjuries,MotorcycleFatalities,MotorcycleInjuries,BicycleFatalities,BicycleInjuries,DistractedDriverFatalities,DistractedDriverInjuries,UnrestrainedInjuries,Number_Of_Fatalities,Number_Of_Injuries,Crash_UID,Is_Fatal,Is_Severe,Is_Minor,SeverityLabel
2,2022-03-17,02:35:00,Thursday,Rear End,On Roadway,"Blacktop, Asphalt, Bituminous",No Defects,Darkness,Darkness - Road Lighted,"Two-Way, Divided, Positive Median Barrier",Not Provided,Rain,Straight - Level,Not Provided,No,Three Approaches,Not Provided,Traffic Signal,Wet,Intersection Area,Within Intersection,Yes - Working,No,2022,Spring,March,Nighttime,Midnight - 2:59am,2,Injury Crash,No,No,No,No,No,No,No,No,No,No,Yes,No,No,Multiple Vehicle Crashes,Fairfax County,,Urban,38.79799,-77.18555,Non-Interstate,SC-617N (FAIRFAX COUNTY),617.0,BACKLICK RD,4.58,Minor Arterial,At Intersection,WIMSATT RD,No,0,0,No,0,0,0,0,0,0,0,1,0,0,2,c7549323,0,1,0,Severe
1,2024-10-27,21:25:00,Sunday,Deer,On Roadway,"Blacktop, Asphalt, Bituminous",No Defects,Darkness,Darkness - Road Not Lighted,"Two-Way, Divided, Positive Median Barrier",Not Provided,No Adverse Condition (Clear/Cloud),Grade - Straight,Not Provided,No,Not at Intersection,Not Provided,Traffic Lanes Marked,Dry,Intersection Area,Non-Intersection,Yes - Working,No,2024,Autumn,October,Nighttime,9:00pm - 11:59pm,21,Property Damage Crash,No,No,No,No,No,No,No,No,No,No,No,No,No,Single Vehicle Crashes,Botetourt County,,Urban,37.40713,-79.89397,Interstate,I-81S,81.0,I-81,151.93,Interstate,Not at Intersection,,No,0,0,No,0,0,0,0,0,0,0,0,0,0,0,c1425206,0,0,1,Minor
2,2023-11-01,17:17:00,Wednesday,Angle,On Roadway,"Blacktop, Asphalt, Bituminous",No Defects,Daylight,Daylight,"Two-Way, Not Divided",Not Provided,No Adverse Condition (Clear/Cloud),Straight - Level,Not Provided,No,Four Approaches,Not Provided,Traffic Signal,Dry,Intersection Area,Within Intersection,Yes - Working,No,2023,Autumn,November,Daytime,3:00pm - 5:59pm,17,Injury Crash,No,No,No,No,No,No,No,No,No,No,No,No,No,Multiple Vehicle Crashes,Roanoke City,,Urban,37.27221,-79.94572,Non-Interstate,UR-17E (CITY OF ROANOKE),17.0,SALEM AVE,0.93,Major Collector,At Intersection,3RD ST,No,0,0,No,0,0,0,0,0,0,0,0,0,0,2,c3376450,0,1,0,Severe
2,2024-12-12,18:20:00,Thursday,Angle,On Roadway,"Blacktop, Asphalt, Bituminous",No Defects,Darkness,Darkness - Road Not Lighted,"Two-Way, Divided, Unprotected Median",Not Provided,No Adverse Condition (Clear/Cloud),Straight - Level,Not Provided,No,Four Approaches,Not Provided,Stop Sign,Dry,Intersection Area,Within Intersection,Yes - Working,No,2024,Winter,December,Nighttime,6:00pm - 8:59pm,18,Injury Crash,No,No,No,No,No,No,No,No,No,No,No,No,No,Multiple Vehicle Crashes,Chesterfield County,,Urban,37.2315,-77.51417,Non-Interstate,SC-669S (CHESTERFIELD COUNTY),669.0,CHURCH RD,0.91,Major Collector,At Intersection,RIVER RD,Yes,0,1,No,0,0,0,0,0,0,0,0,0,0,2,c2042461,0,1,0,Severe
2,2023-03-06,17:50:00,Monday,Rear End,On Roadway,Concrete,No Defects,Daylight,Daylight,"Two-Way, Divided, Positive Median Barrier",Not Provided,No Adverse Condition (Clear/Cloud),Straight - Level,Not Provided,No,Four Approaches,Not Provided,Traffic Signal,Dry,Intersection Area,Within Intersection,Yes - Working,No,2023,Spring,March,Daytime,3:00pm - 5:59pm,17,Injury Crash,No,Yes,No,No,No,No,No,No,No,No,No,No,No,Multiple Vehicle Crashes,Va. Beach City,,Urban,36.82996,-76.09526,Non-Interstate,ROSEMONT RD (PR - CITY OF VIRGINIA BEACH),,ROSEMONT RD,4.15,Minor Arterial,At Intersection,PLAZA TRL,Yes,0,1,No,0,0,0,0,0,0,0,0,0,0,2,c5306672,0,1,0,Severe
2,2023-11-13,08:10:00,Monday,Rear End,On Roadway,"Blacktop, Asphalt, Bituminous",No Defects,Daylight,Daylight,"Two-Way, Not Divided",Not Provided,No Adverse Condition (Clear/Cloud),Straight - Level,Not Provided,Yes - With School Activity,Four Approaches,Not Provided,Stop Sign,Dry,Intersection Area,Intersection Related - Within 150 Feet,Yes - Working,No,2023,Autumn,November,Daytime,6:00am - 8:59am,8,Injury Crash,No,No,No,No,No,No,No,No,Yes,Yes,No,No,No,Multiple Vehicle Crashes,Suffolk City,,Urban,36.8039,-76.51278,Non-Interstate,VA-337W,337.0,NANSEMOND PKWY,8.82,Minor Arterial,At Intersection,BENNETTS PASTURE RD,No,0,0,No,0,0,0,0,0,0,0,0,0,0,1,c3794635,0,0,1,Minor
2,2023-04-04,14:01:00,Tuesday,Angle,On Roadway,"Blacktop, Asphalt, Bituminous",No Defects,Daylight,Daylight,"Two-Way, Divided, Unprotected Median",Not Provided,No Adverse Condition (Clear/Cloud),Straight - Level,Not Provided,No,Four Approaches,Not Provided,Traffic Lanes Marked,Dry,Intersection Area,Within Intersection,Yes - Working,No,2023,Spring,April,Daytime,Noon - 2:59pm,14,Property Damage Crash,No,No,No,No,No,No,No,No,No,No,No,No,No,Multiple Vehicle Crashes,Roanoke County,,Urban,37.24682,-80.0325,Non-Interstate,VA-419S,419.0,ELECTRIC RD,4.17,Other Principal Arterial,At Intersection,GRANDIN ROAD EXT,Yes,0,0,No,0,0,0,0,0,0,0,0,0,0,0,c9797462,0,0,1,Minor
2,2023-04-08,16:50:00,Saturday,Sideswipe - Same Direction,On Roadway,Concrete,No Defects,Daylight,Daylight,"Two-Way, Divided, Positive Median Barrier",Activity Area,No Adverse Condition (Clear/Cloud),Grade - Curve,No Workers Present,No,Not at Intersection,Work on Shoulder or Median,Traffic Lanes Marked,Dry,Interchange Area,On Entrance/Exit Ramp,Yes - Working,Yes,2023,Spring,April,Daytime,3:00pm - 5:59pm,16,Property Damage Crash,No,No,No,No,No,No,No,No,No,No,No,No,No,Multiple Vehicle Crashes,Fairfax County,,Urban,38.88418,-77.22398,Interstate,I-66E RAMP 64B,66.0,I-66 RAMP,0.02,Interstate,Not at Intersection,,No,0,0,No,0,0,0,0,0,0,0,0,0,0,0,c3884097,0,0,1,Minor
1,2024-03-15,13:55:00,Friday,Fixed Object - Off Road,Shoulder,"Blacktop, Asphalt, Bituminous",No Defects,Daylight,Daylight,"Two-Way, Divided, Positive Median Barrier",Not Provided,Rain,Straight - Level,Not Provided,No,Not at Intersection,Not Provided,Traffic Lanes Marked,Wet,Intersection Area,Non-Intersection,Yes - Working,No,2024,Spring,March,Daytime,Noon - 2:59pm,13,Injury Crash,No,No,No,No,No,No,No,No,No,No,No,No,No,Single Vehicle Crashes,Botetourt County,Buchanan,Rural,37.53193,-79.68783,Interstate,I-81N,81.0,I-81,166.63,Interstate,Not at Intersection,,Yes,0,0,No,0,0,0,0,0,0,0,0,0,0,1,c6354654,0,0,1,Minor
2,2022-02-28,11:39:00,Monday,Head On,On Roadway,"Blacktop, Asphalt, Bituminous",No Defects,Daylight,Daylight,"Two-Way, Divided, Positive Median Barrier",Not Provided,No Adverse Condition (Clear/Cloud),Straight - Level,Not Provided,No,Four Approaches,Not Provided,Traffic Signal,Dry,Interchange Area,Main-Line Roadway,Yes - Working,No,2022,Winter,February,Daytime,9:00am - 11:59am,11,Injury Crash,No,No,No,No,No,No,No,No,No,No,Yes,No,No,Multiple Vehicle Crashes,Fairfax County,Herndon,Urban,38.96621,-77.40306,Non-Interstate,VA-228S,228.0,HERNDON PKWY,0.54,Minor Arterial,At Intersection,EARLY FALL CT,Yes,0,1,No,0,0,0,0,0,0,0,1,0,0,2,c9878073,0,1,0,Severe
2,2024-03-13,21:36:00,Wednesday,Angle,On Roadway,Concrete,No Defects,Darkness,Darkness - Road Lighted,"One-Way, Not Divided",Not Provided,No Adverse Condition (Clear/Cloud),Straight - Level,Not Provided,No,Three Approaches,Not Provided,Traffic Signal,Dry,Intersection Area,Within Intersection,Yes - Working,No,2024,Spring,March,Nighttime,9:00pm - 11:59pm,21,Property Damage Crash,No,Yes,No,No,No,No,No,No,No,No,No,No,No,Multiple Vehicle Crashes,Alexandria City,,Urban,38.80904,-77.0506,Non-Interstate,PRINCESS ST (NP - CITY OF ALEXANDRIA),,PRINCESS ST,0.59,Local,At Intersection,HENRY ST,No,0,0,No,0,0,0,0,0,0,0,0,0,0,0,c7328049,0,0,1,Minor
2,2022-12-10,23:42:00,Saturday,Angle,On Roadway,"Blacktop, Asphalt, Bituminous",No Defects,Darkness,Darkness - Road Lighted,"Two-Way, Not Divided",Not Provided,No Adverse Condition (Clear/Cloud),Straight - Level,Not Provided,No,Four Approaches,Not Provided,Stop Sign,Dry,Intersection Area,Within Intersection,Yes - Working,No,2022,Winter,December,Nighttime,9:00pm - 11:59pm,23,Injury Crash,No,No,No,No,No,No,No,No,No,No,No,No,No,Multiple Vehicle Crashes,Norfolk City,,Urban,36.86922,-76.27959,Non-Interstate,UR-8575N (CITY OF NORFOLK),,CHURCH ST,1.84,Minor Arterial,At Intersection,25TH ST,No,0,0,No,0,0,0,0,0,0,0,0,0,0,2,c2909009,0,1,0,Severe
2,2023-10-15,09:00:00,Sunday,Angle,On Roadway,"Blacktop, Asphalt, Bituminous",No Defects,Daylight,Daylight,"Two-Way, Divided, Positive Median Barrier",Not Provided,No Adverse Condition (Clear/Cloud),Straight - Level,Not Provided,No,Four Approaches,Not Provided,Traffic Signal,Dry,Intersection Area,Within Intersection,Yes - Working,No,2023,Autumn,October,Daytime,9:00am - 11:59am,9,Injury Crash,No,No,No,No,No,No,No,No,No,No,Yes,No,No,Multiple Vehicle Crashes,Fairfax County,,Urban,38.86548,-77.23392,Non-Interstate,US-50E,50.0,ARLINGTON BLVD,75.69,Other Principal Arterial,At Intersection,WILLIAMS DR,Yes,0,1,No,0,0,0,0,0,0,0,1,0,0,2,c8488172,0,1,0,Severe
3,2023-08-17,15:45:00,Thursday,Rear End,On Roadway,"Blacktop, Asphalt, Bituminous",No Defects,Daylight,Daylight,"Two-Way, Divided, Unprotected Median",Not Provided,No Adverse Condition (Clear/Cloud),Straight - Level,Not Provided,No,Not at Intersection,Not Provided,Traffic Lanes Marked,Dry,Intersection Area,Non-Intersection,Yes - Working,No,2023,Summer,August,Daytime,3:00pm - 5:59pm,15,Property Damage Crash,No,No,No,No,No,No,No,No,No,No,No,No,No,Multiple Vehicle Crashes,Chesterfield County,,Urban,37.42091,-77.63693,Non-Interstate,US-360W,360.0,HULL ST RD,126.57,Other Principal Arterial,At Intersection,OLD HUNDRED RD,No,0,0,No,0,0,0,0,0,0,0,0,0,0,0,c4290256,0,0,1,Minor
2,2022-11-23,09:55:00,Wednesday,Rear End,On Roadway,"Blacktop, Asphalt, Bituminous",No Defects,Daylight,Daylight,"Two-Way, Not Divided",Not Provided,No Adverse Condition (Clear/Cloud),Grade - Straight,Not Provided,No,Not at Intersection,Not Provided,Traffic Lanes Marked,Dry,Intersection Area,Non-Intersection,Yes - Working,No,2022,Autumn,November,Daytime,9:00am - 11:59am,9,Property Damage Crash,No,Yes,No,No,No,No,No,No,No,No,No,No,No,Multiple Vehicle Crashes,Louisa County,,Rural,37.91918,-78.07561,Interstate,I-64W,64.0,I-64,145.58,Interstate,Not at Intersection,,No,0,0,No,0,0,0,0,0,0,0,0,0,0,0,c4611151,0,0,1,Minor
2,2022-08-26,16:45:00,Friday,Sideswipe - Same Direction,On Roadway,"Blacktop, Asphalt, Bituminous",No Defects,Daylight,Daylight,"Two-Way, Divided, Positive Median Barrier",Not Provided,No Adverse Condition (Clear/Cloud),Straight - Level,Not Provided,No,Not at Intersection,Not Provided,Highway Safety Corridor,Dry,Intersection Area,Non-Intersection,Yes - Working,No,2022,Summer,August,Daytime,3:00pm - 5:59pm,16,Property Damage Crash,No,No,Yes,No,No,No,No,No,No,No,No,No,No,Multiple Vehicle Crashes,Richmond City,,Urban,37.53642,-77.4291,Interstate,I-95N,95.0,I-95,74.63,Interstate,Not at Intersection,,No,0,0,No,0,0,0,0,0,0,0,0,0,0,0,c3196014,0,0,1,Minor
1,2022-11-11,22:00:00,Friday,Fixed Object - Off Road,Roadside,"Blacktop, Asphalt, Bituminous",No Defects,Darkness,Darkness - Road Not Lighted,"Two-Way, Divided, Positive Median Barrier",Not Provided,Rain,Grade - Straight,Not Provided,No,Not at Intersection,Not Provided,Traffic Lanes Marked,Wet,Intersection Area,Non-Intersection,Yes - Working,No,2022,Autumn,November,Nighttime,9:00pm - 11:59pm,22,Property Damage Crash,No,Yes,No,No,No,No,No,No,No,No,No,No,No,Single Vehicle Crashes,Caroline County,,Rural,37.98892,-77.49299,Interstate,I-95S,95.0,I-95,108.76,Interstate,Not at Intersection,,No,0,0,No,0,0,0,0,0,0,0,0,0,0,0,c0608614,0,0,1,Minor
1,2024-09-21,19:38:00,Saturday,Deer,On Roadway,"Blacktop, Asphalt, Bituminous",No Defects,Darkness,Darkness - Road Not Lighted,"Two-Way, Not Divided",Not Provided,No Adverse Condition (Clear/Cloud),Curve - Level,Not Provided,No,Three Approaches,Not Provided,Traffic Lanes Marked,Dry,Intersection Area,Intersection Related - Within 150 Feet,Yes - Working,No,2024,Autumn,September,Nighttime,6:00pm - 8:59pm,19,Property Damage Crash,No,No,No,No,No,No,No,No,No,No,No,No,No,Single Vehicle Crashes,Fauquier County,,Rural,38.45969,-77.72745,Non-Interstate,SC-651N (FAUQUIER COUNTY),651.0,SUMERDUCK RD,4.27,Minor Collector,At Intersection,UNION CHURCH RD,No,0,0,No,0,0,0,0,0,0,0,0,0,0,0,c1006887,0,0,1,Minor
2,2023-04-01,12:46:00,Saturday,Angle,On Roadway,"Blacktop, Asphalt, Bituminous",No Defects,Daylight,Daylight,"Two-Way, Not Divided",Not Provided,No Adverse Condition (Clear/Cloud),Straight - Level,Not Provided,No,Four Approaches,Not Provided,Stop Sign,Dry,Intersection Area,Within Intersection,Yes - Working,No,2023,Spring,April,Daytime,Noon - 2:59pm,12,Injury Crash,No,No,No,No,No,No,No,No,No,Yes,No,No,No,Multiple Vehicle Crashes,Fredericksburg City,,Urban,38.31478,-77.47589,Non-Interstate,UR-3965N (CITY OF FREDERICKSBURG),,FALL HILL AVE,1.52,Major Collector,At Intersection,WALLACE ST,Yes,0,1,No,0,0,0,0,0,0,0,0,0,0,1,c2316631,0,0,1,Minor
2,2024-11-02,13:20:00,Saturday,Rear End,On Roadway,"Blacktop, Asphalt, Bituminous",No Defects,Daylight,Daylight,"Two-Way, Divided, Unprotected Median",Not Provided,No Adverse Condition (Clear/Cloud),Straight - Level,Not Provided,No,Four Approaches,Not Provided,No Passing Lines,Dry,Intersection Area,Intersection Related - Within 150 Feet,Yes - Working,No,2024,Autumn,November,Daytime,Noon - 2:59pm,13,Property Damage Crash,No,No,No,No,No,No,No,No,No,No,No,No,No,Multiple Vehicle Crashes,Rockingham County,,Urban,38.36766,-78.83189,Non-Interstate,VA-276S,276.0,CROSS KEYS RD,7.26,Minor Arterial,Not at Intersection,,No,0,0,No,0,0,0,0,0,0,0,0,0,0,0,c8537698,0,0,1,Minor
2,2024-09-10,10:30:00,Tuesday,Angle,On Roadway,"Blacktop, Asphalt, Bituminous","Holes, Ruts, Bumps",Daylight,Daylight,"One-Way, Not Divided",Not Provided,No Adverse Condition (Clear/Cloud),Curve - Level,Not Provided,No,Two Approaches,Not Provided,Stop Sign,Dry,Intersection Area,Within Intersection,Yes - Working,No,2024,Autumn,September,Daytime,9:00am - 11:59am,10,Injury Crash,No,No,No,No,No,No,No,No,No,No,No,No,No,Multiple Vehicle Crashes,Norfolk City,,Urban,36.86371,-76.30441,Non-Interstate,VA-337E,337.0,HAMPTON BLVD,28.9,Other Principal Arterial,At Intersection,GRESHAM DR,Yes,0,1,No,0,0,0,0,0,0,0,0,0,0,2,c5441331,0,1,0,Severe
2,2024-02-19,18:30:00,Monday,Sideswipe - Same Direction,On Roadway,"Blacktop, Asphalt, Bituminous",No Defects,Dusk,Dusk,"Two-Way, Not Divided",Not Provided,No Adverse Condition (Clear/Cloud),Straight - Level,Not Provided,No,Not at Intersection,Not Provided,No Traffic Control,Dry,Intersection Area,Non-Intersection,No Traffic Control Device Present,No,2024,Winter,February,Nighttime,6:00pm - 8:59pm,18,Property Damage Crash,Yes,No,No,No,No,No,No,No,No,No,Yes,No,No,Multiple Vehicle Crashes,Mecklenburg County,Chase City,Urban,36.79193,-78.46751,Non-Interstate,HUTCHESON AVE (PR - TOWN OF CHASE CITY),,HUTCHESON AVE,0.02,Local,Not at Intersection,,Yes,0,0,No,0,0,0,0,0,0,0,0,0,0,0,c2893093,0,0,1,Minor
2,2022-05-02,07:27:00,Monday,Head On,On Roadway,"Blacktop, Asphalt, Bituminous",No Defects,Daylight,Daylight,"Two-Way, Not Divided",Not Provided,No Adverse Condition (Clear/Cloud),Straight - Level,Not Provided,No,Three Approaches,Not Provided,No Passing Lines,Dry,Intersection Area,Intersection Related - Within 150 Feet,Yes - Working,No,2022,Spring,May,Daytime,6:00am - 8:59am,7,Injury Crash,No,Yes,No,No,No,No,No,No,No,No,No,No,No,Multiple Vehicle Crashes,Westmoreland County,,Rural,38.01874,-76.60291,Non-Interstate,VA-203W,203.0,KINSALE RD,8.03,Major Collector,At Intersection,COPLE HWY,No,0,0,No,0,0,0,0,0,0,0,0,0,0,2,c5465151,0,1,0,Severe
2,2024-10-18,15:45:00,Friday,Angle,On Roadway,"Blacktop, Asphalt, Bituminous",No Defects,Daylight,Daylight,"Two-Way, Divided, Unprotected Median",Not Provided,No Adverse Condition (Clear/Cloud),Straight - Level,Not Provided,No,Two Approaches,Not Provided,Traffic Lanes Marked,Dry,Interchange Area,Main-Line Roadway,No Traffic Control Device Present,No,2024,Autumn,October,Daytime,3:00pm - 5:59pm,15,Property Damage Crash,No,Yes,No,No,No,No,No,No,No,No,No,No,No,Multiple Vehicle Crashes,Va. Beach City,,Urban,36.84396,-76.07408,Non-Interstate,US-58W,58.0,VIRGINIA BEACH BLVD,504.14,Other Principal Arterial,At Intersection,LYNNHAVEN RD,No,0,0,No,0,0,0,0,0,0,0,0,0,0,0,c6699089,0,0,1,Minor
2,2022-09-26,14:13:00,Monday,Head On,On Roadway,"Blacktop, Asphalt, Bituminous",No Defects,Daylight,Daylight,"Two-Way, Not Divided",Not Provided,No Adverse Condition (Clear/Cloud),Straight - Level,Not Provided,No,Four Approaches,Not Provided,Traffic Signal,Dry,Intersection Area,Within Intersection,Yes - Working,No,2022,Autumn,September,Daytime,Noon - 2:59pm,14,Injury Crash,No,No,No,No,No,No,No,No,No,No,No,No,No,Multiple Vehicle Crashes,Roanoke County,,Urban,37.21769,-80.01748,Non-Interstate,BRAMBLETON AVE (PR - ROANOKE COUNTY),221.0,BRAMBLETON AVE,2.35,Minor Arterial,At Intersection,RANCHCREST DR,Yes,0,1,No,0,0,0,0,0,0,0,0,0,0,4,c6958366,0,1,0,Severe
2,2024-02-26,23:01:00,Monday,Angle,On Roadway,"Blacktop, Asphalt, Bituminous",No Defects,Darkness,Darkness - Road Lighted,"Two-Way, Not Divided",Not Provided,No Adverse Condition (Clear/Cloud),Straight - Level,Not Provided,No,Not at Intersection,Not Provided,Stop Sign,Dry,Intersection Area,Non-Intersection,Yes - Working,No,2024,Winter,February,Nighttime,9:00pm - 11:59pm,23,Injury Crash,Yes,No,No,No,No,No,No,No,No,No,No,No,No,Multiple Vehicle Crashes,Arlington County,,Urban,38.86523,-77.07644,Non-Interstate,CR-23E (ARLINGTON COUNTY),23.0,COLUMBIA PIKE,2.55,Other Principal Arterial,Not at Intersection,,No,0,0,No,0,0,0,0,0,0,0,0,0,0,1,c7603360,0,0,1,Minor
2,2024-08-07,15:18:00,Wednesday,Angle,On Roadway,"Blacktop, Asphalt, Bituminous",No Defects,Daylight,Daylight,"Two-Way, Divided, Unprotected Median",Not Provided,No Adverse Condition (Clear/Cloud),Straight - Level,Not Provided,No,Not at Intersection,Not Provided,Traffic Lanes Marked,Dry,Other Location,"Driveway, Alley-Access - Related",Yes - Working,No,2024,Summer,August,Daytime,3:00pm - 5:59pm,15,Property Damage Crash,No,No,No,No,No,No,No,No,No,No,No,No,No,Multiple Vehicle Crashes,Poquoson City,,Urban,37.12266,-76.39208,Non-Interstate,VA-172S,172.0,WYTHE CREEK RD,3.9,Minor Arterial,Not at Intersection,,No,0,0,No,0,0,0,0,0,0,0,0,0,0,0,c7692598,0,0,1,Minor
2,2024-07-15,12:35:00,Monday,Rear End,On Roadway,"Blacktop, Asphalt, Bituminous",No Defects,Daylight,Daylight,"Two-Way, Divided, Unprotected Median",Not Provided,No Adverse Condition (Clear/Cloud),Straight - Level,Not Provided,No,Three Approaches,Not Provided,Traffic Signal,Dry,Intersection Area,Intersection Related - Within 150 Feet,Yes - Working,No,2024,Summer,July,Daytime,Noon - 2:59pm,12,Property Damage Crash,No,Yes,No,No,No,No,No,No,No,Yes,No,No,No,Multiple Vehicle Crashes,Spotsylvania County,,Rural,38.3229,-77.70879,Non-Interstate,VA-3W,3.0,PLANK RD,20.35,Other Principal Arterial,At Intersection,BROCK RD,No,0,0,No,0,0,0,0,0,0,0,0,0,0,0,c4038187,0,0,1,Minor
2,2024-03-03,01:37:00,Sunday,Rear End,On Roadway,"Blacktop, Asphalt, Bituminous",No Defects,Darkness,Darkness - Road Not Lighted,"Two-Way, Divided, Positive Median Barrier",Not Provided,No Adverse Condition (Clear/Cloud),Straight - Level,Not Provided,No,Three Approaches,Not Provided,Traffic Lanes Marked,Dry,Intersection Area,Within Intersection,Yes - Working,No,2024,Spring,March,Nighttime,Midnight - 2:59am,1,Property Damage Crash,No,No,No,No,No,No,No,No,No,No,No,No,No,Multiple Vehicle Crashes,Chesterfield County,,Urban,37.50453,-77.57795,Non-Interstate,US-60E,60.0,MIDLOTHIAN TPKE,181.22,Other Principal Arterial,Not at Intersection,,Yes,0,0,No,0,0,0,0,0,0,0,0,0,0,0,c2221062,0,0,1,Minor
1,2023-03-06,15:35:00,Monday,Fixed Object - Off Road,Shoulder,"Blacktop, Asphalt, Bituminous",No Defects,Daylight,Daylight,"Two-Way, Not Divided",Not Provided,No Adverse Condition (Clear/Cloud),Straight - Level,Not Provided,No,Not at Intersection,Not Provided,No Traffic Control,Dry,Intersection Area,Non-Intersection,No Traffic Control Device Present,No,2023,Spring,March,Daytime,3:00pm - 5:59pm,15,Property Damage Crash,No,No,No,No,No,No,No,No,No,Yes,Yes,No,No,Single Vehicle Crashes,King George County,,Rural,38.331,-77.11899,Non-Interstate,SC-655E (KING GEORGE COUNTY),655.0,SAINT PAULS RD,0.16,Local,Not at Intersection,,No,0,0,No,0,0,0,0,0,0,0,0,0,0,0,c5769695,0,0,1,Minor
1,2022-08-10,14:00:00,Wednesday,Fixed Object - Off Road,Median,Concrete,No Defects,Daylight,Daylight,"Two-Way, Divided, Unprotected Median",Not Provided,Rain,Straight - Level,Not Provided,No,Not at Intersection,Not Provided,Traffic Lanes Marked,Wet,Interchange Area,Main-Line Roadway,Yes - Working,No,2022,Summer,August,Daytime,Noon - 2:59pm,14,Property Damage Crash,No,Yes,No,No,No,No,No,No,No,No,No,No,No,Single Vehicle Crashes,Henrico County,,Rural,37.56525,-77.30148,Interstate,I-295S,295.0,I-295,32.28,Interstate,Not at Intersection,,No,0,0,No,0,0,0,0,0,0,0,0,0,0,0,c1665442,0,0,1,Minor
2,2023-07-24,17:22:00,Monday,Angle,On Roadway,"Blacktop, Asphalt, Bituminous",No Defects,Daylight,Daylight,"Two-Way, Divided, Unprotected Median",Not Provided,Rain,Straight - Level,Not Provided,No,Three Approaches,Not Provided,No Traffic Control,Wet,Interchange Area,Main-Line Roadway,No Traffic Control Device Present,No,2023,Summer,July,Daytime,3:00pm - 5:59pm,17,Injury Crash,No,No,No,No,No,No,No,No,No,No,Yes,No,No,Multiple Vehicle Crashes,Hampton City,,Urban,37.06198,-76.42709,Non-Interstate,UR-7021S (CITY OF HAMPTON),,BIG BETHEL RD,3.45,Minor Arterial,At Intersection,TOWNE CENTRE WAY,No,0,0,No,0,0,0,0,0,0,0,1,0,0,2,c7547100,0,1,0,Severe
2,2023-11-15,07:45:00,Wednesday,Rear End,On Roadway,"Blacktop, Asphalt, Bituminous",No Defects,Daylight,Daylight,"Two-Way, Divided, Unprotected Median",Not Provided,No Adverse Condition (Clear/Cloud),Straight - Level,Not Provided,No,Not at Intersection,Not Provided,No Traffic Control,Dry,Intersection Area,Non-Intersection,No Traffic Control Device Present,No,2023,Autumn,November,Daytime,6:00am - 8:59am,7,Property Damage Crash,No,No,No,No,No,No,No,No,No,No,Yes,No,No,Multiple Vehicle Crashes,Va. Beach City,,Urban,36.79515,-76.09455,Non-Interstate,UR-8717W (CITY OF VIRGINIA BEACH),,LYNNHAVEN PKWY,6.39,Minor Arterial,Not at Intersection,,No,0,0,No,0,0,0,0,0,0,0,0,0,0,0,c9630020,0,0,1,Minor
2,2024-01-18,14:06:00,Thursday,Rear End,On Roadway,"Blacktop, Asphalt, Bituminous",No Defects,Daylight,Daylight,"Two-Way, Divided, Positive Median Barrier",Not Provided,No Adverse Condition (Clear/Cloud),Straight - Level,Not Provided,No,Four Approaches,Not Provided,Traffic Signal,Dry,Intersection Area,Intersection Related - Within 150 Feet,Yes - Working,No,2024,Winter,January,Daytime,Noon - 2:59pm,14,Property Damage Crash,No,No,No,No,No,No,No,No,No,Yes,Yes,No,Yes,Multiple Vehicle Crashes,Fairfax County,Herndon,Urban,38.97572,-77.40435,Non-Interstate,VA-228S,228.0,HERNDON PKWY,1.23,Minor Arterial,At Intersection,STERLING RD,No,0,0,No,0,0,0,0,0,0,0,0,0,0,0,c7038982,0,0,1,Minor
1,2023-06-24,05:27:00,Saturday,Fixed Object - Off Road,Roadside,Concrete,No Defects,Dawn,Dawn,"Two-Way, Not Divided",Not Provided,No Adverse Condition (Clear/Cloud),Straight - Level,Not Provided,No,Not at Intersection,Not Provided,Traffic Lanes Marked,Dry,Intersection Area,Non-Intersection,Yes - Working,No,2023,Summer,June,Nighttime,3:00am - 5:59am,5,Property Damage Crash,No,No,No,No,No,No,No,No,No,No,No,No,No,Single Vehicle Crashes,Chesapeake City,,Urban,36.75216,-76.27057,,,,GREAT BRIDGE BLVD,,,Not at Intersection,,No,0,0,No,0,0,0,0,0,0,0,0,0,0,0,c7201250,0,0,1,Minor