NumberOfVehicles,CrashDate,CrashTime,DayOfWeek,TypeOfCollision,LocationOfFirstHarmfulEvent,RoadwaySurfaceType,RoadwayDefect,LightCondition_Category,LightCondition_Value,RoadwayDescription,WorkZoneLocation,WeatherCondition,RoadwayAlignment,WorkZoneWorkersPresent,SchoolZone,IntersectionType,WorkZoneType,TrafficControlType,RoadwaySurfaceCondition,RelationToRoadway_Category,RelationToRoadway_Value,TrafficControlMechanicalDevice,WorkZoneRelated,Year,Meteorological Season,MonthName,DaytimeNighttime_NHTSA,ThreeHourLabel,Hour,CrashType,AlcoholInvolved,SpeedRelated,CommercialMotorVehiclesInvolved,PedestrianInvolved,BicycleInvolved,MotorcycleInvolved,MopedInvolved,TrainRelated,SchoolZoneInvolved,TeenDriverInvolved,DistractedDriverInvolved,DriverTextingInvolved,DriverUsingCellPhone,Single_Multi_Vehicle,Jurisdiction,TownName,LocationTypeName,Latitude,Longitude,Interstate_NonInterstate,RoadName,RouteNumber,RouteName,MileMarker,FunctionalClassCode,AtIntersection,SecondaryLocation,MatureDriverInvolved,MatureDriverFatalities,MatureDriverInjuries,LargeTruckInvolved,PedestrianFatalities,PedestrianInjuries,MotorcycleFatalities,MotorcycleInjuries,BicycleFatalities,BicycleInjuries,DistractedDriverFatalities,DistractedDriverInjuries,UnrestrainedInjuries,Number_Of_Fatalities,Number_Of_Injuries,Crash_UID,Is_Fatal,Is_Severe,Is_Minor,SeverityLabel
2,2022-12-31,09:10:00,Saturday,Rear End,On Roadway,"Blacktop, Asphalt, Bituminous",No Defects,Dawn,Dawn,"Two-Way, Divided, Positive Median Barrier",Not Provided,Fog,Straight - Level,Not Provided,No,Four Approaches,Not Provided,Traffic Signal,Wet,Intersection Area,Within Intersection,Yes - Working,No,2022,Winter,December,Daytime,9:00am - 11:59am,9,Injury Crash,No,Yes,Yes,No,No,No,No,No,No,No,No,No,No,Multiple Vehicle Crashes,Southampton County,,Rural,36.68652,-77.02258,Non-Interstate,US-58W,58.0,SOUTHAMPTON PKWY,443.05,Other Principal Arterial,At Intersection,STORYS STATION RD,No,0,0,No,0,0,0,0,0,0,0,0,1,0,2,c9783635,0,1,0,Severe
2,2022-11-14,19:31:00,Monday,Rear End,On Roadway,"Blacktop, Asphalt, Bituminous",No Defects,Darkness,Darkness - Road Lighted,"Two-Way, Divided, Positive Median Barrier",Not Provided,No Adverse Condition (Clear/Cloud),Grade - Straight,Not Provided,No,Not at Intersection,Not Provided,Highway Safety Corridor,Dry,Intersection Area,Non-Intersection,Yes - Working,No,2022,Autumn,November,Nighttime,6:00pm - 8:59pm,19,Injury Crash,No,Yes,No,No,No,No,No,No,No,Yes,No,No,No,Multiple Vehicle Crashes,Prince William County,,Urban,38.62067,-77.29723,Interstate,I-95S DIST/COLL AT MP156,95.0,I-95 RAMP,1.23,Interstate,Not at Intersection,,No,0,0,No,0,0,0,0,0,0,0,0,0,0,1,c8853037,0,0,1,Minor
1,2023-04-10,06:33:00,Monday,Deer,On Roadway,"Blacktop, Asphalt, Bituminous",No Defects,Daylight,Daylight,"Two-Way, Divided, Unprotected Median",Not Provided,No Adverse Condition (Clear/Cloud),Straight - Level,Not Provided,No,Not at Intersection,Not Provided,Traffic Lanes Marked,Dry,Intersection Area,Non-Intersection,Yes - Working,No,2023,Spring,April,Daytime,6:00am - 8:59am,6,Property Damage Crash,No,No,No,No,No,No,No,No,No,No,No,No,No,Single Vehicle Crashes,Pulaski County,,Rural,37.08037,-80.7485,Non-Interstate,US-11N,11.0,LEE HWY,96.53,Other Principal Arterial,Not at Intersection,,No,0,0,No,0,0,0,0,0,0,0,0,0,0,0,c0256527,0,0,1,Minor
2,2023-04-28,10:03:00,Friday,Angle,On Roadway,"Blacktop, Asphalt, Bituminous",No Defects,Daylight,Daylight,"Two-Way, Divided, Unprotected Median",Not Provided,Rain,Grade - Straight,Not Provided,No,Three Approaches,Not Provided,Traffic Signal,Wet,Intersection Area,Within Intersection,Yes - Working,No,2023,Spring,April,Daytime,9:00am - 11:59am,10,Property Damage Crash,No,Yes,No,No,No,No,No,No,No,No,No,No,No,Multiple Vehicle Crashes,Frederick County,,Urban,39.09752,-78.15521,Non-Interstate,US-522S,522.0,FRONT ROYAL PIKE,130.61,Minor Arterial,At Intersection,MACEDONIA CHURCH RD,No,0,0,No,0,0,0,0,0,0,0,0,0,0,0,c4383188,0,0,1,Minor
2,2023-06-13,09:00:00,Tuesday,Head On,On Roadway,"Blacktop, Asphalt, Bituminous",No Defects,Daylight,Daylight,"Two-Way, Divided, Positive Median Barrier",Activity Area,No Adverse Condition (Clear/Cloud),Straight - Level,With No Law Enforcement,No,Four Approaches,Lane Closure,Traffic Signal,Dry,Intersection Area,Within Intersection,Yes - Working,Yes,2023,Summer,June,Daytime,9:00am - 11:59am,9,Injury Crash,No,No,No,No,No,No,No,No,No,No,No,No,No,Multiple Vehicle Crashes,York County,,Urban,37.11803,-76.45664,Non-Interstate,US-17S,17.0,GEORGE WASHINGTON MEMORIAL HWY,58.97,Other Principal Arterial,At Intersection,VICTORY BLVD,No,0,0,No,0,0,0,0,0,0,0,0,0,0,2,c4499579,0,1,0,Severe
2,2022-02-20,17:12:00,Sunday,Sideswipe - Same Direction,On Roadway,"Blacktop, Asphalt, Bituminous",No Defects,Daylight,Daylight,"Two-Way, Divided, Positive Median Barrier",Not Provided,No Adverse Condition (Clear/Cloud),Straight - Level,Not Provided,No,Not at Intersection,Not Provided,Traffic Lanes Marked,Dry,Intersection Area,Non-Intersection,Yes - Working,No,2022,Winter,February,Daytime,3:00pm - 5:59pm,17,Property Damage Crash,No,Yes,No,No,No,No,No,No,No,No,No,No,No,Multiple Vehicle Crashes,Arlington County,,Urban,38.87119,-77.04461,Interstate,I-395N,395.0,I-395,10.37,Interstate,Not at Intersection,,No,0,0,No,0,0,0,0,0,0,0,0,0,0,0,c6609081,0,0,1,Minor
1,2022-10-28,22:06:00,Friday,Deer,On Roadway,"Blacktop, Asphalt, Bituminous",No Defects,Darkness,Darkness - Road Lighted,"Two-Way, Divided, Unprotected Median",Not Provided,No Adverse Condition (Clear/Cloud),Straight - Level,Not Provided,No,Not at Intersection,Not Provided,Traffic Lanes Marked,Dry,Intersection Area,Non-Intersection,Yes - Working,No,2022,Autumn,October,Nighttime,9:00pm - 11:59pm,22,Property Damage Crash,No,Yes,No,No,No,No,No,No,No,No,No,No,No,Single Vehicle Crashes,Rockingham County,,Rural,38.3547,-78.69525,Non-Interstate,SC-649S (ROCKINGHAM COUNTY),649.0,ISLAND FORD RD,0.87,Major Collector,Not at Intersection,,No,0,0,No,0,0,0,0,0,0,0,0,0,0,0,c4114877,0,0,1,Minor
2,2022-03-08,07:25:00,Tuesday,Rear End,On Roadway,"Blacktop, Asphalt, Bituminous",No Defects,Daylight,Daylight,"Two-Way, Divided, Unprotected Median",Not Provided,No Adverse Condition (Clear/Cloud),Straight - Level,Not Provided,No,Two Approaches,Not Provided,Traffic Lanes Marked,Dry,Other Location,Railway Grade Crossing,Yes - Working,No,2022,Spring,March,Daytime,6:00am - 8:59am,7,Injury Crash,No,No,No,No,No,No,No,No,No,No,Yes,No,No,Multiple Vehicle Crashes,Va. Beach City,,Urban,36.88947,-76.18408,,BAKER RD (PR - CITY OF VIRGINIA BEACH),,BAKER RD,3.51,,Not at Intersection,,No,0,0,No,0,0,0,0,0,0,0,0,0,0,1,c2280341,0,0,1,Minor
2,2022-04-02,12:44:00,Saturday,Angle,On Roadway,"Blacktop, Asphalt, Bituminous",No Defects,Daylight,Daylight,"Two-Way, Not Divided",Not Provided,No Adverse Condition (Clear/Cloud),Straight - Level,Not Provided,No,Not at Intersection,Not Provided,Traffic Lanes Marked,Dry,Intersection Area,Non-Intersection,No Traffic Control Device Present,No,2022,Spring,April,Daytime,Noon - 2:59pm,12,Injury Crash,No,No,No,No,No,No,No,No,No,No,No,No,No,Multiple Vehicle Crashes,Washington County,Abingdon,Urban,36.72369,-81.93426,Non-Interstate,UR-3005W (TOWN OF ABINGDON),3005.0,HILLMAN HWY,0.9,Major Collector,Not at Intersection,,No,0,0,No,0,0,0,0,0,0,0,0,0,0,1,c7833395,0,0,1,Minor
2,2024-12-22,19:57:00,Sunday,Sideswipe - Same Direction,On Roadway,"Blacktop, Asphalt, Bituminous",No Defects,Darkness,Darkness - Road Lighted,"Two-Way, Not Divided",Not Provided,No Adverse Condition (Clear/Cloud),Straight - Level,Not Provided,No,Three Approaches,Not Provided,No Traffic Control,Dry,Interchange Area,Main-Line Roadway,No Traffic Control Device Present,No,2024,Winter,December,Nighttime,6:00pm - 8:59pm,19,Injury Crash,No,No,No,No,No,No,No,No,No,No,No,No,No,Multiple Vehicle Crashes,Fairfax County,,Urban,38.78181,-77.18883,,,0.0,SPRINGFIELD PLZ,,,Not at Intersection,,No,0,0,No,0,0,0,0,0,0,0,0,0,0,1,c6807615,0,0,1,Minor
1,2024-06-04,03:53:00,Tuesday,Deer,On Roadway,"Blacktop, Asphalt, Bituminous",No Defects,Darkness,Darkness - Unknown Road Lighting,"Two-Way, Not Divided",Not Provided,No Adverse Condition (Clear/Cloud),Straight - Level,Not Provided,No,Two Approaches,Not Provided,Traffic Lanes Marked,Dry,Interchange Area,Main-Line Roadway,Yes - Working,No,2024,Summer,June,Nighttime,3:00am - 5:59am,3,Property Damage Crash,No,No,No,No,No,No,No,No,No,No,No,No,No,Single Vehicle Crashes,Fauquier County,,Rural,38.96987,-77.77868,Non-Interstate,US-50W,50.0,JOHN  MOSBY HWAY,43.93,Minor Arterial,At Intersection,WESTON LN,No,0,0,No,0,0,0,0,0,0,0,0,0,0,0,c6074390,0,0,1,Minor
2,2023-01-23,17:30:00,Monday,Sideswipe - Same Direction,On Roadway,"Blacktop, Asphalt, Bituminous",No Defects,Daylight,Daylight,"Two-Way, Divided, Positive Median Barrier",Not Provided,No Adverse Condition (Clear/Cloud),Straight - Level,Not Provided,No,Not at Intersection,Not Provided,Traffic Lanes Marked,Dry,Intersection Area,Non-Intersection,Yes - Working,No,2023,Winter,January,Daytime,3:00pm - 5:59pm,17,Property Damage Crash,No,No,No,No,No,No,No,No,No,Yes,No,No,No,Multiple Vehicle Crashes,Augusta County,,Rural,38.28174,-78.93538,Interstate,I-81S,81.0,I-81,235.64,Interstate,Not at Intersection,,No,0,0,No,0,0,0,0,0,0,0,0,0,0,0,c6673075,0,0,1,Minor
2,2022-02-15,09:50:00,Tuesday,Rear End,On Roadway,"Blacktop, Asphalt, Bituminous",No Defects,Daylight,Daylight,"Two-Way, Divided, Unprotected Median",Not Provided,No Adverse Condition (Clear/Cloud),Straight - Level,Not Provided,No,Not at Intersection,Not Provided,No Traffic Control,Dry,Interchange Area,Main-Line Roadway,No Traffic Control Device Present,No,2022,Winter,February,Daytime,9:00am - 11:59am,9,Property Damage Crash,No,No,No,No,No,No,No,No,No,No,No,No,No,Multiple Vehicle Crashes,Va. Beach City,,Urban,36.81532,-76.10509,Non-Interstate,HOLLAND RD (PR - CITY OF VIRGINIA BEACH),,HOLLAND RD,5.49,Minor Arterial,Not at Intersection,,Yes,0,0,No,0,0,0,0,0,0,0,0,0,0,0,c7464630,0,0,1,Minor
2,2024-11-22,16:14:00,Friday,Rear End,On Roadway,"Blacktop, Asphalt, Bituminous",No Defects,Daylight,Daylight,"Two-Way, Divided, Positive Median Barrier",Not Provided,No Adverse Condition (Clear/Cloud),Straight - Level,Not Provided,No,Not at Intersection,Not Provided,Traffic Lanes Marked,Dry,Interchange Area,Main-Line Roadway,Yes - Working,No,2024,Autumn,November,Daytime,3:00pm - 5:59pm,16,Property Damage Crash,No,No,No,No,No,No,No,No,No,Yes,No,No,No,Multiple Vehicle Crashes,Albemarle County,,Urban,38.02051,-78.53735,Non-Interstate,US-29S,29.0,US-29 BYP,135.22,Other Principal Arterial,Not at Intersection,,No,0,0,No,0,0,0,0,0,0,0,0,0,0,0,c8417915,0,0,1,Minor
2,2024-02-29,15:37:00,Thursday,Rear End,Shoulder,"Blacktop, Asphalt, Bituminous",No Defects,Daylight,Daylight,"Two-Way, Divided, Unprotected Median",Not Provided,No Adverse Condition (Clear/Cloud),Straight - Level,Not Provided,No,Not at Intersection,Not Provided,No Traffic Control,Dry,Interchange Area,Main-Line Roadway,No Traffic Control Device Present,No,2024,Winter,February,Daytime,3:00pm - 5:59pm,15,Property Damage Crash,No,No,No,No,No,No,No,No,No,No,No,No,No,Multiple Vehicle Crashes,Prince William County,,Rural,38.69103,-77.60873,Non-Interstate,VA-28S,28.0,NOKESVILLE RD,14.33,Minor Arterial,Not at Intersection,,No,0,0,No,0,0,0,0,0,0,0,0,0,0,0,c9079465,0,0,1,Minor
2,2022-01-24,07:45:00,Monday,Angle,On Roadway,"Blacktop, Asphalt, Bituminous",No Defects,Daylight,Daylight,"Two-Way, Divided, Unprotected Median",Not Provided,No Adverse Condition (Clear/Cloud),Straight - Level,Not Provided,No,Three Approaches,Not Provided,Stop Sign,Dry,Intersection Area,Within Intersection,Yes - Working,No,2022,Winter,January,Daytime,6:00am - 8:59am,7,Injury Crash,No,No,No,No,No,No,No,No,No,No,No,No,No,Multiple Vehicle Crashes,Clarke County,,Rural,39.14291,-77.95297,Non-Interstate,VA-7E,7.0,HARRY BYRD HWY,12.79,Other Principal Arterial,At Intersection,PARSHALL RD,No,0,0,No,0,0,0,0,0,0,0,0,0,0,1,c5039483,0,0,1,Minor
2,2024-08-06,10:41:00,Tuesday,Rear End,On Roadway,"Blacktop, Asphalt, Bituminous",No Defects,Daylight,Daylight,"Two-Way, Not Divided",Not Provided,No Adverse Condition (Clear/Cloud),Straight - Level,Not Provided,No,Not at Intersection,Not Provided,Traffic Lanes Marked,Dry,Intersection Area,Non-Intersection,Yes - Working,No,2024,Summer,August,Daytime,9:00am - 11:59am,10,Injury Crash,No,No,No,No,No,No,No,No,No,No,No,No,No,Multiple Vehicle Crashes,Va. Beach City,,Urban,36.84281,-76.02379,Non-Interstate,BUS US-58E (7 CITY OF VIRGINIA BEACH),58.0,VIRGINIA BEACH BLVD,1.25,Minor Arterial,Not at Intersection,,Yes,0,1,No,0,0,0,0,0,0,0,0,0,0,2,c2196526,0,1,0,Severe
3,2023-03-11,19:34:00,Saturday,Angle,On Roadway,"Blacktop, Asphalt, Bituminous",No Defects,Darkness,Darkness - Road Lighted,"Two-Way, Divided, Positive Median Barrier",Not Provided,No Adverse Condition (Clear/Cloud),Straight - Level,Not Provided,No,Not at Intersection,Not Provided,Highway Safety Corridor,Dry,Intersection Area,Non-Intersection,Yes - Working,No,2023,Spring,March,Nighttime,6:00pm - 8:59pm,19,Property Damage Crash,No,Yes,No,No,No,No,No,No,No,No,No,No,No,Multiple Vehicle Crashes,Richmond City,,Urban,37.5231,-77.4277,Interstate,I-95N,95.0,I-95,73.72,Interstate,Not at Intersection,,No,0,0,No,0,0,0,0,0,0,0,0,0,0,0,c5877457,0,0,1,Minor
1,2023-04-02,16:35:00,Sunday,Deer,On Roadway,"Blacktop, Asphalt, Bituminous",No Defects,Daylight,Daylight,"Two-Way, Not Divided",Not Provided,No Adverse Condition (Clear/Cloud),Grade - Straight,Not Provided,No,Not at Intersection,Not Provided,Traffic Lanes Marked,Dry,Intersection Area,Non-Intersection,Yes - Working,No,2023,Spring,April,Daytime,3:00pm - 5:59pm,16,Property Damage Crash,No,No,No,No,No,No,No,No,No,No,No,No,No,Single Vehicle Crashes,Rockbridge County,,Rural,37.78734,-79.38109,Non-Interstate,SC-631W (ROCKBRIDGE COUNTY),631.0,OLD BUENA VISTA RD,12.21,Major Collector,Not at Intersection,,No,0,0,No,0,0,0,0,0,0,0,0,0,0,0,c9457101,0,0,1,Minor
3,2024-12-05,11:43:00,Thursday,Head On,On Roadway,Concrete,No Defects,Daylight,Daylight,"Two-Way, Not Divided",Not Provided,No Adverse Condition (Clear/Cloud),Straight - Level,Not Provided,No,Four Approaches,Not Provided,Traffic Signal,Dry,Interchange Area,Main-Line Roadway,Yes - Working,No,2024,Winter,December,Daytime,9:00am - 11:59am,11,Injury Crash,No,No,No,No,No,Yes,No,No,No,No,No,No,No,Multiple Vehicle Crashes,Norfolk City,,Urban,36.9314,-76.31721,Non-Interstate,VA-337E,337.0,GREENBRIER AVE,34.03,Local,At Intersection,MISCELLANEOUS ST,No,0,0,No,0,0,0,1,0,0,0,0,0,0,1,c0074104,0,0,1,Minor
1,2023-12-20,19:55:00,Wednesday,Fixed Object - Off Road,Roadside,Dirt,No Defects,Darkness,Darkness - Road Lighted,"Two-Way, Not Divided",Not Provided,No Adverse Condition (Clear/Cloud),Straight - Level,Not Provided,No,Three Approaches,Not Provided,Stop Sign,Dry,Intersection Area,Intersection Related - Within 150 Feet,Yes - Working,No,2023,Winter,December,Nighttime,6:00pm - 8:59pm,19,Property Damage Crash,No,No,No,No,No,No,No,No,No,No,No,No,No,Single Vehicle Crashes,Hopewell City,,Urban,37.28345,-77.2959,Non-Interstate,GRANBY ST (PR - CITY OF HOPEWELL),,GRANBY ST,0.17,Local,At Intersection,WALL AVE,No,0,0,No,0,0,0,0,0,0,0,0,0,0,0,c7234032,0,0,1,Minor
2,2024-06-27,13:10:00,Thursday,Angle,On Roadway,"Blacktop, Asphalt, Bituminous",Under Repair,Daylight,Daylight,"Two-Way, Not Divided",Activity Area,No Adverse Condition (Clear/Cloud),Straight - Level,With No Law Enforcement,No,Not at Intersection,Other,Traffic Lanes Marked,Wet,Intersection Area,Non-Intersection,Yes - Working,Yes,2024,Summer,June,Daytime,Noon - 2:59pm,13,Property Damage Crash,No,No,No,No,No,No,No,No,No,No,No,No,No,Multiple Vehicle Crashes,Chesapeake City,,Rural,36.74212,-76.34548,Non-Interstate,BUS US-17S (7 CITY OF CHESAPEAKE),17.0,GEORGE WASHINGTON HWAY,4.19,Other Principal Arterial,At Intersection,,No,0,0,No,0,0,0,0,0,0,0,0,0,0,0,c2348902,0,0,1,Minor
2,2024-04-15,17:56:00,Monday,Rear End,On Roadway,"Blacktop, Asphalt, Bituminous",No Defects,Daylight,Daylight,"Two-Way, Divided, Unprotected Median",Not Provided,No Adverse Condition (Clear/Cloud),Grade - Straight,Not Provided,No,Four Approaches,Not Provided,Traffic Signal,Dry,Intersection Area,Intersection Related - Within 150 Feet,Yes - Working,No,2024,Spring,April,Daytime,3:00pm - 5:59pm,17,Property Damage Crash,No,No,Yes,No,No,No,No,No,No,No,No,No,No,Multiple Vehicle Crashes,Harrisonburg City,,Urban,38.45005,-78.87295,Non-Interstate,US-33E,33.0,MARKET ST,21.85,Other Principal Arterial,At Intersection,HIGH ST,No,0,0,Yes,0,0,0,0,0,0,0,0,0,0,0,c8801067,0,0,1,Minor
2,2024-03-26,13:18:00,Tuesday,Angle,On Roadway,"Blacktop, Asphalt, Bituminous",No Defects,Daylight,Daylight,"Two-Way, Divided, Unprotected Median",Not Provided,No Adverse Condition (Clear/Cloud),Straight - Level,Not Provided,No,Four Approaches,Not Provided,Traffic Signal,Dry,Intersection Area,Within Intersection,Yes - Working,No,2024,Spring,March,Daytime,Noon - 2:59pm,13,Injury Crash,No,No,No,No,No,No,No,No,No,No,No,No,No,Multiple Vehicle Crashes,Spotsylvania County,,Urban,38.26151,-77.53993,Non-Interstate,SC-639N (SPOTSYLVANIA COUNTY),639.0,LEAVELLS RD,5.7,Minor Arterial,At Intersection,SALEM STATION BLVD,Yes,0,1,No,0,0,0,0,0,0,0,0,0,0,1,c4436676,0,0,1,Minor
2,2022-04-30,13:43:00,Saturday,Angle,In Parking Lane or Zone,"Blacktop, Asphalt, Bituminous",No Defects,Daylight,Daylight,"One-Way, Not Divided",Not Provided,No Adverse Condition (Clear/Cloud),Straight - Level,Not Provided,No,Not at Intersection,Not Provided,No Traffic Control,Dry,Intersection Area,Non-Intersection,No Traffic Control Device Present,No,2022,Spring,April,Daytime,Noon - 2:59pm,13,Property Damage Crash,No,No,No,No,No,No,No,No,No,Yes,No,No,No,Multiple Vehicle Crashes,Fauquier County,Warrenton,Urban,38.7162,-77.79222,Non-Interstate,HAITI ST (PR - TOWN OF WARRENTON),,HAITI ST,0.19,Local,Not at Intersection,,No,0,0,No,0,0,0,0,0,0,0,0,0,0,0,c0765412,0,0,1,Minor
2,2022-08-19,14:40:00,Friday,Rear End,On Roadway,"Blacktop, Asphalt, Bituminous",No Defects,Daylight,Daylight,"Two-Way, Divided, Positive Median Barrier",Not Provided,No Adverse Condition (Clear/Cloud),Straight - Level,Not Provided,No,Not at Intersection,Not Provided,Traffic Lanes Marked,Dry,Intersection Area,Non-Intersection,Yes - Working,No,2022,Summer,August,Daytime,Noon - 2:59pm,14,Property Damage Crash,No,No,No,No,No,No,No,No,No,No,No,No,No,Multiple Vehicle Crashes,Roanoke County,,Urban,37.36221,-79.95012,Interstate,I-81S,81.0,I-81,147.54,Interstate,Not at Intersection,,No,0,0,Yes,0,0,0,0,0,0,0,0,0,0,0,c8899835,0,0,1,Minor
2,2022-04-28,10:18:00,Thursday,Sideswipe - Same Direction,On Roadway,"Blacktop, Asphalt, Bituminous",No Defects,Daylight,Daylight,"Two-Way, Divided, Positive Median Barrier",Not Provided,No Adverse Condition (Clear/Cloud),On/Off Ramp,Not Provided,No,Not at Intersection,Not Provided,Yield Sign,Dry,Interchange Area,On Entrance/Exit Ramp,No Traffic Control Device Present,No,2022,Spring,April,Daytime,9:00am - 11:59am,10,Property Damage Crash,No,No,No,No,No,No,No,No,No,No,No,No,No,Multiple Vehicle Crashes,Charlottesville City,,Urban,38.05717,-78.49534,Non-Interstate,US-29N,29.0,EMMET ST,139.36,Other Freeways and Expressways,Not at Intersection,,Yes,0,0,Yes,0,0,0,0,0,0,0,0,0,0,0,c1866281,0,0,1,Minor
1,2023-04-17,06:00:00,Monday,Fixed Object - Off Road,On Roadway,"Blacktop, Asphalt, Bituminous",No Defects,Daylight,Daylight,"Two-Way, Not Divided",Not Provided,No Adverse Condition (Clear/Cloud),Straight - Level,Not Provided,No,Three Approaches,Not Provided,Traffic Lanes Marked,Dry,Intersection Area,Within Intersection,No Traffic Control Device Present,No,2023,Spring,April,Daytime,6:00am - 8:59am,6,Injury Crash,No,No,No,No,No,No,No,No,No,No,Yes,No,No,Single Vehicle Crashes,Richmond City,,Urban,37.47064,-77.47412,Non-Interstate,UR-7522W (CITY OF RICHMOND),,WALMSLEY BLVD,1.94,Minor Arterial,At Intersection,BRANCHWOOD DR,No,0,0,No,0,0,0,0,0,0,0,1,0,0,1,c0012116,0,0,1,Minor
1,2022-11-04,14:35:00,Friday,Non-Collision,Roadside,"Blacktop, Asphalt, Bituminous",No Defects,Daylight,Daylight,"Two-Way, Not Divided",Not Provided,No Adverse Condition (Clear/Cloud),Curve - Level,Not Provided,No,Not at Intersection,Not Provided,No Passing Lines,Dry,Intersection Area,Non-Intersection,Yes - Working,No,2022,Autumn,November,Daytime,Noon - 2:59pm,14,Injury Crash,No,Yes,No,No,No,Yes,No,No,No,No,Yes,No,No,Single Vehicle Crashes,Buchanan County,,Rural,37.30785,-81.9401,Non-Interstate,VA-83W,83.0,SLATE CREEK RD,57.77,Major Collector,Not at Intersection,,Yes,0,1,No,0,0,0,1,0,0,0,1,0,0,1,c5424527,0,0,1,Minor
2,2022-04-13,22:15:00,Wednesday,Rear End,On Roadway,"Blacktop, Asphalt, Bituminous",No Defects,Darkness,Darkness - Road Lighted,"Two-Way, Divided, Positive Median Barrier",Not Provided,No Adverse Condition (Clear/Cloud),Straight - Level,Not Provided,No,Not at Intersection,Not Provided,Traffic Lanes Marked,Dry,Intersection Area,Non-Intersection,Yes - Working,No,2022,Spring,April,Nighttime,9:00pm - 11:59pm,22,Property Damage Crash,No,Yes,No,No,No,No,No,No,No,No,No,No,No,Multiple Vehicle Crashes,Fairfax County,,Urban,38.93483,-77.23869,Non-Interstate,VA-267W,267.0,VA-267,24.77,Other Freeways and Expressways,Not at Intersection,,No,0,0,No,0,0,0,0,0,0,0,0,0,0,0,c9914657,0,0,1,Minor
1,2023-10-25,17:15:00,Wednesday,Fixed Object - Off Road,On Roadway,"Blacktop, Asphalt, Bituminous",Edge Pavement Drop Off,Daylight,Daylight,"Two-Way, Not Divided",Transition Area,No Adverse Condition (Clear/Cloud),Straight - Level,With No Law Enforcement,No,Not at Intersection,Other,No Traffic Control,Dry,Intersection Area,Non-Intersection,No Traffic Control Device Present,Yes,2023,Autumn,October,Daytime,3:00pm - 5:59pm,17,Property Damage Crash,No,No,No,No,No,No,No,No,No,No,No,No,No,Single Vehicle Crashes,Spotsylvania County,,Rural,38.06776,-77.59743,Non-Interstate,SC-605W (SPOTSYLVANIA COUNTY),605.0,MARYE RD,8.26,Major Collector,Not at Intersection,,No,0,0,No,0,0,0,0,0,0,0,0,0,0,0,c8053066,0,0,1,Minor
1,2022-03-20,01:53:00,Sunday,Fixed Object - Off Road,Roadside,"Blacktop, Asphalt, Bituminous",No Defects,Darkness,Darkness - Road Lighted,"Two-Way, Divided, Unprotected Median",Not Provided,No Adverse Condition (Clear/Cloud),Straight - Level,Not Provided,No,Two Approaches,Not Provided,Traffic Lanes Marked,Dry,Intersection Area,Intersection Related - Within 150 Feet,Yes - Working,No,2022,Spring,March,Nighttime,Midnight - 2:59am,1,Injury Crash,No,No,No,No,No,No,No,No,No,No,Yes,No,Yes,Single Vehicle Crashes,Waynesboro City,,Urban,38.06939,-78.89362,Non-Interstate,US-340S,340.0,MAIN ST,15.08,Minor Arterial,Not at Intersection,,No,0,0,No,0,0,0,0,0,0,0,1,0,0,1,c6833896,0,0,1,Minor
2,2022-05-04,14:25:00,Wednesday,Angle,On Roadway,Concrete,No Defects,Daylight,Daylight,"One-Way, Not Divided",Not Provided,No Adverse Condition (Clear/Cloud),Straight - Level,Not Provided,No,Not at Intersection,Not Provided,Stop Sign,Dry,Interchange Area,On Entrance/Exit Ramp,Yes - Working,No,2022,Spring,May,Daytime,Noon - 2:59pm,14,Injury Crash,No,No,No,No,No,No,No,No,No,No,Yes,No,No,Multiple Vehicle Crashes,Henrico County,,Urban,37.67838,-77.54022,Interstate,I-295S RAMP 49B,295.0,I-295 RAMP,0.3,Interstate,At Intersection,STAPLES MILL RD RAMP,No,0,0,No,0,0,0,0,0,0,0,0,0,0,1,c1904970,0,0,1,Minor
2,2022-05-10,00:30:00,Tuesday,Rear End,On Roadway,"Blacktop, Asphalt, Bituminous",No Defects,Darkness,Darkness - Road Lighted,"Two-Way, Divided, Positive Median Barrier",Not Provided,No Adverse Condition (Clear/Cloud),Straight - Level,Not Provided,No,Not at Intersection,Not Provided,Traffic Lanes Marked,Dry,Intersection Area,Non-Intersection,Yes - Working,No,2022,Spring,May,Nighttime,Midnight - 2:59am,0,Property Damage Crash,No,Yes,No,No,No,No,No,No,No,Yes,No,No,No,Multiple Vehicle Crashes,Richmond City,,Urban,37.53617,-77.42936,Interstate,I-95N,95.0,I-95,74.6,Interstate,Not at Intersection,,No,0,0,No,0,0,0,0,0,0,0,0,0,0,0,c8852936,0,0,1,Minor
1,2023-07-24,08:00:00,Monday,Fixed Object - Off Road,Shoulder,"Blacktop, Asphalt, Bituminous",No Defects,Daylight,Daylight,"Two-Way, Not Divided",Activity Area,Rain,Straight - Level,No Workers Present,No,Four Approaches,Other,Traffic Signal,Wet,Intersection Area,Within Intersection,Yes - Working,Yes,2023,Summer,July,Daytime,6:00am - 8:59am,8,Property Damage Crash,No,No,No,No,No,No,No,No,No,No,No,No,No,Single Vehicle Crashes,Norfolk City,,Urban,36.88528,-76.28126,Non-Interstate,US-460E,460.0,GRANBY ST,402.51,Other Principal Arterial,At Intersection,42ND ST,No,0,0,No,0,0,0,0,0,0,0,0,0,0,0,c4818852,0,0,1,Minor