NumberOfVehicles,CrashDate,CrashTime,DayOfWeek,TypeOfCollision,LocationOfFirstHarmfulEvent,RoadwaySurfaceType,RoadwayDefect,LightCondition_Category,LightCondition_Value,RoadwayDescription,WorkZoneLocation,WeatherCondition,RoadwayAlignment,WorkZoneWorkersPresent,SchoolZone,IntersectionType,WorkZoneType,TrafficControlType,RoadwaySurfaceCondition,RelationToRoadway_Category,RelationToRoadway_Value,TrafficControlMechanicalDevice,WorkZoneRelated,Year,Meteorological Season,MonthName,DaytimeNighttime_NHTSA,ThreeHourLabel,Hour,CrashType,AlcoholInvolved,SpeedRelated,CommercialMotorVehiclesInvolved,PedestrianInvolved,BicycleInvolved,MotorcycleInvolved,MopedInvolved,TrainRelated,SchoolZoneInvolved,TeenDriverInvolved,DistractedDriverInvolved,DriverTextingInvolved,DriverUsingCellPhone,Single_Multi_Vehicle,Jurisdiction,TownName,LocationTypeName,Latitude,Longitude,Interstate_NonInterstate,RoadName,RouteNumber,RouteName,MileMarker,FunctionalClassCode,AtIntersection,SecondaryLocation,MatureDriverInvolved,MatureDriverFatalities,MatureDriverInjuries,LargeTruckInvolved,PedestrianFatalities,PedestrianInjuries,MotorcycleFatalities,MotorcycleInjuries,BicycleFatalities,BicycleInjuries,DistractedDriverFatalities,DistractedDriverInjuries,UnrestrainedInjuries,Number_Of_Fatalities,Number_Of_Injuries,Crash_UID,Is_Fatal,Is_Severe,Is_Minor,SeverityLabel
2,2023-01-20,05:56:00,Friday,Rear End,On Roadway,"Blacktop, Asphalt, Bituminous",No Defects,Darkness,Darkness - Road Lighted,"Two-Way, Divided, Positive Median Barrier",Not Provided,No Adverse Condition (Clear/Cloud),Straight - Level,Not Provided,No,Four Approaches,Not Provided,Traffic Signal,Dry,Intersection Area,Within Intersection,Yes - Working,No,2023,Winter,January,Nighttime,3:00am - 5:59am,5,Property Damage Crash,No,No,No,No,No,No,No,No,No,No,Yes,No,No,Multiple Vehicle Crashes,Richmond City,,Urban,37.56298,-77.44823,Non-Interstate,UR-7625S (CITY OF RICHMOND),,BROOK RD,0.71,Minor Arterial,At Intersection,LOMBARDY ST,Yes,0,0,No,0,0,0,0,0,0,0,0,0,0,0,c8203320,0,0,1,Minor
2,2023-07-12,15:52:00,Wednesday,Other,On Roadway,Concrete,No Defects,Daylight,Daylight,"Two-Way, Divided, Unprotected Median",Not Provided,No Adverse Condition (Clear/Cloud),Straight - Level,Not Provided,No,Four Approaches,Not Provided,No Traffic Control,Dry,Intersection Area,Intersection Related - Within 150 Feet,No Traffic Control Device Present,No,2023,Summer,July,Daytime,3:00pm - 5:59pm,15,Injury Crash,No,No,No,No,No,No,No,No,No,No,Yes,No,Yes,Multiple Vehicle Crashes,Hampton City,,Urban,37.03117,-76.32471,Non-Interstate,OLD POINT AVE (NP - CITY OF HAMPTON),,OLD POINT AVE,0.49,Local,At Intersection,MERCURY BLVD,No,0,0,No,0,0,0,0,0,0,0,1,1,0,2,c4218662,0,1,0,Severe
2,2023-06-13,16:08:00,Tuesday,Sideswipe - Same Direction,On Roadway,"Blacktop, Asphalt, Bituminous",No Defects,Daylight,Daylight,"Two-Way, Divided, Unprotected Median",Not Provided,No Adverse Condition (Clear/Cloud),Straight - Level,Not Provided,No,Not at Intersection,Not Provided,Traffic Lanes Marked,Dry,Intersection Area,Non-Intersection,Yes - Working,No,2023,Summer,June,Daytime,3:00pm - 5:59pm,16,Property Damage Crash,No,No,No,No,No,No,No,No,No,No,No,No,No,Multiple Vehicle Crashes,Spotsylvania County,,Urban,38.2928,-77.58086,Non-Interstate,VA-3W,3.0,PLANK RD,27.8,Other Principal Arterial,Not at Intersection,,Yes,0,0,No,0,0,0,0,0,0,0,0,0,0,0,c9952102,0,0,1,Minor
2,2024-04-10,16:36:00,Wednesday,Angle,On Roadway,"Blacktop, Asphalt, Bituminous",No Defects,Daylight,Daylight,"Two-Way, Divided, Positive Median Barrier",Not Provided,No Adverse Condition (Clear/Cloud),Straight - Level,Not Provided,No,Four Approaches,Not Provided,Traffic Lanes Marked,Dry,Interchange Area,Main-Line Roadway,No Traffic Control Device Present,No,2024,Spring,April,Daytime,3:00pm - 5:59pm,16,Property Damage Crash,No,No,No,No,No,No,No,No,No,No,No,No,No,Multiple Vehicle Crashes,Va. Beach City,,Urban,36.81495,-76.1647,Non-Interstate,VA-190W,190.0,KEMPSVILLE RD,11.25,Minor Arterial,At Intersection,LOBAUGH DR,No,0,0,No,0,0,0,0,0,0,0,0,0,0,0,c9029987,0,0,1,Minor
2,2022-07-04,21:55:00,Monday,Rear End,On Roadway,"Blacktop, Asphalt, Bituminous",No Defects,Darkness,Darkness - Unknown Road Lighting,"Two-Way, Divided, Unprotected Median",Not Provided,No Adverse Condition (Clear/Cloud),Straight - Level,Not Provided,No,Not at Intersection,Not Provided,Traffic Lanes Marked,Dry,Interchange Area,Main-Line Roadway,Yes - Working,No,2022,Summer,July,Nighttime,9:00pm - 11:59pm,21,Injury Crash,No,No,No,No,No,No,No,No,No,No,Yes,No,No,Multiple Vehicle Crashes,Arlington County,,Urban,38.84161,-77.05235,Non-Interstate,US-1N,1.0,RICHMOND HWY,195.09,Other Principal Arterial,Not at Intersection,,No,0,0,No,0,0,0,0,0,0,0,1,0,0,3,c4480120,0,1,0,Severe
1,2022-10-06,01:38:00,Thursday,Fixed Object - Off Road,On Roadway,"Blacktop, Asphalt, Bituminous",No Defects,Darkness,Darkness - Road Not Lighted,"Two-Way, Not Divided",Not Provided,No Adverse Condition (Clear/Cloud),Hillcrest - Curve,Not Provided,No,Not at Intersection,Not Provided,No Traffic Control,Dry,Intersection Area,Non-Intersection,No Traffic Control Device Present,No,2022,Autumn,October,Nighttime,Midnight - 2:59am,1,Injury Crash,No,Yes,No,No,No,No,No,No,No,Yes,No,No,No,Single Vehicle Crashes,Roanoke County,,Urban,37.26507,-80.08221,Non-Interstate,SC-694N (ROANOKE COUNTY),694.0,TWELVE OCLOCK KNOB RD,7.3,Minor Collector,Not at Intersection,,No,0,0,No,0,0,0,0,0,0,0,0,0,0,4,c4562652,0,1,0,Severe
1,2023-03-29,11:43:00,Wednesday,Fixed Object - Off Road,Outside Right-of-Way,"Blacktop, Asphalt, Bituminous",No Defects,Daylight,Daylight,"Two-Way, Not Divided",Not Provided,No Adverse Condition (Clear/Cloud),Curve - Level,Not Provided,No,Not at Intersection,Not Provided,No Passing Lines,Dry,Intersection Area,Non-Intersection,Yes - Working,No,2023,Spring,March,Daytime,9:00am - 11:59am,11,Injury Crash,No,No,No,No,No,No,No,No,No,Yes,No,No,No,Single Vehicle Crashes,Lancaster County,,Rural,37.75942,-76.42077,Non-Interstate,VA-3E,3.0,MARY BALL RD,116.4,Minor Arterial,Not at Intersection,,No,0,0,No,0,0,0,0,0,0,0,0,1,0,1,c1648328,0,0,1,Minor
2,2023-11-21,17:04:00,Tuesday,Angle,On Roadway,"Blacktop, Asphalt, Bituminous",No Defects,Darkness,Darkness - Road Not Lighted,"Two-Way, Divided, Unprotected Median",Not Provided,Rain,Straight - Level,Not Provided,No,Three Approaches,Not Provided,Stop Sign,Wet,Intersection Area,Within Intersection,Yes - Working,No,2023,Autumn,November,Daytime,3:00pm - 5:59pm,17,Injury Crash,No,No,No,No,No,No,No,No,No,No,No,No,No,Multiple Vehicle Crashes,Goochland County,,Rural,37.60155,-77.69745,Non-Interstate,VA-6W,6.0,RIVER RD,89.05,Minor Arterial,At Intersection,HOCKETT RD,No,0,0,No,0,0,0,0,0,0,0,0,0,0,1,c4159521,0,0,1,Minor
2,2022-10-19,12:06:00,Wednesday,Angle,On Roadway,"Blacktop, Asphalt, Bituminous",No Defects,Daylight,Daylight,"Two-Way, Divided, Unprotected Median",Not Provided,No Adverse Condition (Clear/Cloud),Straight - Level,Not Provided,No,Not at Intersection,Not Provided,No Traffic Control,Dry,Intersection Area,Non-Intersection,No Traffic Control Device Present,No,2022,Autumn,October,Daytime,Noon - 2:59pm,12,Property Damage Crash,No,No,Yes,No,No,No,No,No,No,No,No,No,No,Multiple Vehicle Crashes,Petersburg City,,Urban,37.21791,-77.44115,Non-Interstate,US-1S,1.0,WASHINGTON ST,68.3,Other Principal Arterial,Not at Intersection,,No,0,0,No,0,0,0,0,0,0,0,0,0,0,0,c5200705,0,0,1,Minor
3,2022-09-10,15:53:00,Saturday,Rear End,On Roadway,"Blacktop, Asphalt, Bituminous",No Defects,Daylight,Daylight,"Two-Way, Not Divided",Not Provided,No Adverse Condition (Clear/Cloud),Straight - Level,Not Provided,No,Not at Intersection,Not Provided,Traffic Lanes Marked,Dry,Intersection Area,Non-Intersection,Yes - Working,No,2022,Autumn,September,Daytime,3:00pm - 5:59pm,15,Injury Crash,No,No,No,No,No,No,No,No,No,No,Yes,No,No,Multiple Vehicle Crashes,Fredericksburg City,,Urban,38.30042,-77.48197,Non-Interstate,US-1N,1.0,JEFFERSON DAVIS HWY,147.17,Other Principal Arterial,At Intersection,COWAN BLVD,No,0,0,No,0,0,0,0,0,0,0,1,0,0,3,c0206389,0,1,0,Severe
2,2023-01-12,15:45:00,Thursday,Angle,On Roadway,"Blacktop, Asphalt, Bituminous",No Defects,Daylight,Daylight,"Two-Way, Divided, Positive Median Barrier",Not Provided,No Adverse Condition (Clear/Cloud),Straight - Level,Not Provided,No,Three Approaches,Not Provided,Stop Sign,Dry,Intersection Area,Within Intersection,Yes - Working,No,2023,Winter,January,Daytime,3:00pm - 5:59pm,15,Property Damage Crash,No,No,No,No,No,No,No,No,No,No,No,No,No,Multiple Vehicle Crashes,Fairfax County,,Urban,38.80177,-77.27515,Non-Interstate,SC-5101W (FAIRFAX COUNTY),5101.0,LAKE BRADDOCK DR,0.2,Minor Collector,At Intersection,WESTPORT LN,Yes,0,0,No,0,0,0,0,0,0,0,0,0,0,0,c1826436,0,0,1,Minor
3,2022-12-01,18:04:00,Thursday,Angle,On Roadway,"Blacktop, Asphalt, Bituminous",No Defects,Darkness,Darkness - Road Lighted,"Two-Way, Divided, Unprotected Median",Not Provided,No Adverse Condition (Clear/Cloud),Straight - Level,Not Provided,No,Four Approaches,Not Provided,Traffic Lanes Marked,Dry,Intersection Area,Within Intersection,Yes - Working,No,2022,Winter,December,Nighttime,6:00pm - 8:59pm,18,Property Damage Crash,No,No,No,No,No,No,No,No,No,No,No,No,No,Multiple Vehicle Crashes,Fairfax County,,Urban,38.78859,-77.30413,Non-Interstate,SC-643S (FAIRFAX COUNTY),643.0,BURKE CENTRE PKWY,10.86,Minor Arterial,At Intersection,MARTINS LANDING LN,Yes,0,0,No,0,0,0,0,0,0,0,0,0,0,0,c5016396,0,0,1,Minor
1,2023-05-18,05:38:00,Thursday,Fixed Object - Off Road,"Off Roadway, Location Unknown","Blacktop, Asphalt, Bituminous",No Defects,Dawn,Dawn,"Two-Way, Not Divided",Not Provided,No Adverse Condition (Clear/Cloud),Curve - Level,Not Provided,No,Not at Intersection,Not Provided,Traffic Lanes Marked,Dry,Interchange Area,Main-Line Roadway,Yes - Working,No,2023,Spring,May,Nighttime,3:00am - 5:59am,5,Property Damage Crash,No,Yes,No,No,No,No,No,No,No,No,Yes,No,No,Single Vehicle Crashes,Halifax County,South Boston,Urban,36.70982,-78.92105,Non-Interstate,SUTPHIN RD (PR - TOWN OF SOUTH BOSTON),,SUTPHIN RD,0.4,Local,Not at Intersection,,No,0,0,No,0,0,0,0,0,0,0,0,0,0,0,c5670337,0,0,1,Minor
3,2023-05-15,09:12:00,Monday,Rear End,On Roadway,"Blacktop, Asphalt, Bituminous",No Defects,Daylight,Daylight,"Two-Way, Divided, Unprotected Median",Not Provided,No Adverse Condition (Clear/Cloud),Straight - Level,Not Provided,No,Two Approaches,Not Provided,Traffic Lanes Marked,Dry,Intersection Area,Intersection Related - Within 150 Feet,Yes - Working,No,2023,Spring,May,Daytime,9:00am - 11:59am,9,Injury Crash,No,No,No,No,No,No,No,No,No,No,No,No,No,Multiple Vehicle Crashes,Charlottesville City,,Urban,38.02899,-78.48581,Non-Interstate,UR-3405S (CITY OF CHARLOTTESVILLE),,RIDGE ST,1.68,Other Principal Arterial,At Intersection,MONTICELLO AVE,Yes,0,0,No,0,0,0,0,0,0,0,0,0,0,2,c9420203,0,1,0,Severe
2,2023-07-04,04:40:00,Tuesday,Rear End,On Roadway,"Blacktop, Asphalt, Bituminous",No Defects,Darkness,Darkness - Road Lighted,"Two-Way, Divided, Unprotected Median",Not Provided,No Adverse Condition (Clear/Cloud),Straight - Level,Not Provided,No,Four Approaches,Not Provided,Traffic Signal,Dry,Intersection Area,Intersection Related - Within 150 Feet,Yes - Working,No,2023,Summer,July,Nighttime,3:00am - 5:59am,4,Property Damage Crash,No,No,No,No,No,No,No,No,No,No,Yes,No,No,Multiple Vehicle Crashes,Va. Beach City,,Urban,36.83062,-76.13784,Non-Interstate,UR-8736N (CITY OF VIRGINIA BEACH),,BAXTER RD,0.92,Minor Arterial,At Intersection,INDEPENDENCE BLVD,No,0,0,No,0,0,0,0,0,0,0,0,0,0,0,c8245106,0,0,1,Minor
2,2024-11-26,08:32:00,Tuesday,Angle,On Roadway,"Blacktop, Asphalt, Bituminous",No Defects,Daylight,Daylight,"Two-Way, Divided, Unprotected Median",Not Provided,No Adverse Condition (Clear/Cloud),Straight - Level,Not Provided,No,Four Approaches,Not Provided,Traffic Lanes Marked,Wet,Intersection Area,Within Intersection,Yes - Working,No,2024,Autumn,November,Daytime,6:00am - 8:59am,8,Property Damage Crash,No,No,Yes,No,No,No,No,No,No,No,No,No,No,Multiple Vehicle Crashes,Fredericksburg City,,Urban,38.28568,-77.50616,Non-Interstate,IDLEWILD BLVD (PR - CITY OF FREDERICKSBURG),0.0,IDLEWILD BLVD,1.26,Local,At Intersection,HAMPTON ST,No,0,0,No,0,0,0,0,0,0,0,0,0,0,0,c5295620,0,0,1,Minor
2,2022-05-18,07:09:00,Wednesday,Rear End,On Roadway,"Blacktop, Asphalt, Bituminous",No Defects,Daylight,Daylight,"Two-Way, Divided, Positive Median Barrier",Not Provided,No Adverse Condition (Clear/Cloud),Straight - Level,Not Provided,No,Not at Intersection,Not Provided,No Traffic Control,Dry,Interchange Area,Main-Line Roadway,No Traffic Control Device Present,No,2022,Spring,May,Daytime,6:00am - 8:59am,7,Property Damage Crash,No,No,No,No,No,No,No,No,No,No,No,No,No,Multiple Vehicle Crashes,Va. Beach City,,Urban,36.79712,-76.14786,Non-Interstate,UR-8692W (CITY OF VIRGINIA BEACH),8692.0,FERRELL PKWY,1.32,Other Principal Arterial,At Intersection,PLEASANT VALLEY RD,No,0,0,No,0,0,0,0,0,0,0,0,0,0,0,c9407990,0,0,1,Minor
2,2023-06-11,12:34:00,Sunday,Angle,On Roadway,"Blacktop, Asphalt, Bituminous",No Defects,Daylight,Daylight,"Two-Way, Not Divided",Not Provided,No Adverse Condition (Clear/Cloud),Straight - Level,Not Provided,No,Three Approaches,Not Provided,Stop Sign,Dry,Intersection Area,Within Intersection,Yes - Working,No,2023,Summer,June,Daytime,Noon - 2:59pm,12,Property Damage Crash,No,No,No,No,No,No,No,No,No,No,No,No,No,Multiple Vehicle Crashes,Goochland County,,Rural,37.72637,-77.88948,Non-Interstate,SC-633S (GOOCHLAND COUNTY),633.0,POORHOUSE RD,0.0,Local,At Intersection,SANDY HOOK RD,Yes,0,0,No,0,0,0,0,0,0,0,0,0,0,0,c8459875,0,0,1,Minor
1,2024-11-26,18:49:00,Tuesday,Deer,On Roadway,"Blacktop, Asphalt, Bituminous",No Defects,Darkness,Darkness - Road Not Lighted,"Two-Way, Divided, Unprotected Median",Not Provided,No Adverse Condition (Clear/Cloud),Straight - Level,Not Provided,No,Not at Intersection,Not Provided,Traffic Lanes Marked,Dry,Interchange Area,Main-Line Roadway,Yes - Working,No,2024,Autumn,November,Nighttime,6:00pm - 8:59pm,18,Property Damage Crash,No,No,No,No,No,No,No,No,No,No,No,No,No,Single Vehicle Crashes,Russell County,,Rural,36.85796,-82.27572,Non-Interstate,ALT US-58W,58.0,US-58,63.04,Other Principal Arterial,Not at Intersection,,No,0,0,No,0,0,0,0,0,0,0,0,0,0,0,c6162375,0,0,1,Minor
1,2022-11-12,03:50:00,Saturday,Fixed Object - Off Road,On Roadway,"Blacktop, Asphalt, Bituminous",No Defects,Darkness,Darkness - Road Not Lighted,"Two-Way, Divided, Positive Median Barrier",Not Provided,Rain,On/Off Ramp,Not Provided,No,Not at Intersection,Not Provided,Traffic Lanes Marked,Wet,Interchange Area,On Entrance/Exit Ramp,Yes - Working,No,2022,Autumn,November,Nighttime,3:00am - 5:59am,3,Property Damage Crash,No,No,No,No,No,No,No,No,No,No,No,No,No,Single Vehicle Crashes,Fredericksburg City,,Urban,38.29752,-77.50462,Interstate,I-95N,95.0,I-95,130.55,Interstate,Not at Intersection,,No,0,0,No,0,0,0,0,0,0,0,0,0,0,0,c7576840,0,0,1,Minor
2,2023-05-22,15:29:00,Monday,Rear End,On Roadway,"Blacktop, Asphalt, Bituminous",No Defects,Daylight,Daylight,"Two-Way, Divided, Unprotected Median",Not Provided,No Adverse Condition (Clear/Cloud),Straight - Level,Not Provided,No,Not at Intersection,Not Provided,Traffic Lanes Marked,Dry,Intersection Area,Non-Intersection,Yes - Working,No,2023,Spring,May,Daytime,3:00pm - 5:59pm,15,Property Damage Crash,No,No,No,No,No,No,No,No,No,No,No,No,No,Multiple Vehicle Crashes,Arlington County,,Urban,38.8577,-77.07126,Interstate,I-395S,395.0,I-395,8.39,Interstate,Not at Intersection,,No,0,0,No,0,0,0,0,0,0,0,0,0,0,0,c8680765,0,0,1,Minor
3,2024-06-21,19:45:00,Friday,Rear End,On Roadway,"Blacktop, Asphalt, Bituminous",No Defects,Dusk,Dusk,"Two-Way, Divided, Positive Median Barrier",Not Provided,No Adverse Condition (Clear/Cloud),Straight - Level,Not Provided,No,Not at Intersection,Not Provided,Traffic Lanes Marked,Dry,Intersection Area,Non-Intersection,Yes - Working,No,2024,Summer,June,Nighttime,6:00pm - 8:59pm,19,Injury Crash,No,No,No,No,No,No,No,No,No,No,No,No,No,Multiple Vehicle Crashes,Petersburg City,,Urban,37.23622,-77.39556,Interstate,I-95S,95.0,I-95,52.83,Interstate,Not at Intersection,,No,0,0,No,0,0,0,0,0,0,0,0,0,0,7,c3453520,0,1,0,Severe
2,2022-01-27,18:52:00,Thursday,Rear End,On Roadway,"Blacktop, Asphalt, Bituminous",No Defects,Darkness,Darkness - Road Not Lighted,"Two-Way, Divided, Unprotected Median",Not Provided,No Adverse Condition (Clear/Cloud),Straight - Level,Not Provided,No,Three Approaches,Not Provided,Traffic Signal,Dry,Intersection Area,Intersection Related - Within 150 Feet,Yes - Working,No,2022,Winter,January,Nighttime,6:00pm - 8:59pm,18,Property Damage Crash,Yes,No,No,No,No,No,No,No,No,No,No,No,No,Multiple Vehicle Crashes,Loudoun County,,Rural,38.94672,-77.51906,Non-Interstate,SC-606W (LOUDOUN COUNTY),606.0,LOUDOUN COUNTY PKWY,3.2,Minor Arterial,At Intersection,YARDLEY RIDGE DR,No,0,0,No,0,0,0,0,0,0,0,0,0,0,0,c0685397,0,0,1,Minor
2,2024-03-14,13:00:00,Thursday,Angle,On Roadway,"Blacktop, Asphalt, Bituminous",No Defects,Daylight,Daylight,"Two-Way, Not Divided",Not Provided,No Adverse Condition (Clear/Cloud),Straight - Level,Not Provided,No,Not at Intersection,Not Provided,No Traffic Control,Dry,Intersection Area,Non-Intersection,No Traffic Control Device Present,No,2024,Spring,March,Daytime,Noon - 2:59pm,13,Property Damage Crash,No,No,No,No,No,No,No,No,No,No,Yes,No,No,Multiple Vehicle Crashes,Roanoke City,,Urban,37.25835,-79.9376,Non-Interstate,BELLEVIEW AVE SE (PR - CITY OF ROANOKE),,BELLEVIEW AVE,0.0,Major Collector,At Intersection,WALNUT AVE,No,0,0,No,0,0,0,0,0,0,0,0,0,0,0,c0749583,0,0,1,Minor
1,2023-04-08,03:00:00,Saturday,Fixed Object - Off Road,Roadside,"Blacktop, Asphalt, Bituminous",Soft or Low Shoulder,Darkness,Darkness - Road Not Lighted,"Two-Way, Not Divided",Not Provided,No Adverse Condition (Clear/Cloud),Hillcrest - Straight,Not Provided,No,Not at Intersection,Not Provided,No Traffic Control,Wet,Intersection Area,Non-Intersection,No Traffic Control Device Present,No,2023,Spring,April,Nighttime,3:00am - 5:59am,3,Injury Crash,No,No,No,No,No,No,No,No,No,Yes,No,No,No,Single Vehicle Crashes,Carroll County,,Rural,36.75254,-80.64758,Non-Interstate,SC-664E (CARROLL COUNTY),664.0,SILVERLEAF RD,0.25,Local,Not at Intersection,,No,0,0,No,0,0,0,0,0,0,0,0,0,0,1,c8539858,0,0,1,Minor
2,2022-08-24,14:50:00,Wednesday,Angle,On Roadway,"Blacktop, Asphalt, Bituminous",No Defects,Daylight,Daylight,"Two-Way, Divided, Unprotected Median",Not Provided,No Adverse Condition (Clear/Cloud),Straight - Level,Not Provided,No,Not at Intersection,Not Provided,Traffic Lanes Marked,Dry,Intersection Area,Non-Intersection,Yes - Working,No,2022,Summer,August,Daytime,Noon - 2:59pm,14,Injury Crash,No,No,No,No,No,Yes,No,No,No,No,No,No,No,Multiple Vehicle Crashes,Campbell County,,Urban,37.34237,-79.23574,Non-Interstate,BUS US-460E (11 CITY OF LYNCHBURG),460.0,TIMBERLAKE RD,3.04,Other Principal Arterial,At Intersection,OAKDALE CIR,No,0,0,No,0,0,0,1,0,0,0,0,0,0,1,c1181015,0,0,1,Minor
2,2024-07-31,12:15:00,Wednesday,Angle,On Roadway,"Blacktop, Asphalt, Bituminous",No Defects,Daylight,Daylight,"Two-Way, Divided, Unprotected Median",Not Provided,No Adverse Condition (Clear/Cloud),Straight - Level,Not Provided,No,Two Approaches,Not Provided,No Traffic Control,Dry,Intersection Area,Within Intersection,No Traffic Control Device Present,No,2024,Summer,July,Daytime,Noon - 2:59pm,12,Property Damage Crash,No,No,No,No,No,No,No,No,No,No,No,No,No,Multiple Vehicle Crashes,Richmond City,,Urban,37.51054,-77.46034,Non-Interstate,29TH ST E (NP - CITY OF RICHMOND),,29TH ST,0.14,Local,At Intersection,HULL ST,No,0,0,No,0,0,0,0,0,0,0,0,0,0,0,c3030701,0,0,1,Minor
1,2023-02-02,15:50:00,Thursday,Fixed Object - Off Road,On Roadway,"Blacktop, Asphalt, Bituminous",No Defects,Daylight,Daylight,"Two-Way, Not Divided",Not Provided,No Adverse Condition (Clear/Cloud),Straight - Level,Not Provided,No,Not at Intersection,Not Provided,Traffic Lanes Marked,Dry,Intersection Area,Non-Intersection,Yes - Working,No,2023,Winter,February,Daytime,3:00pm - 5:59pm,15,Property Damage Crash,No,No,No,No,No,No,No,No,No,No,Yes,No,No,Single Vehicle Crashes,Chesterfield County,,Rural,37.25386,-77.48417,Non-Interstate,SC-600S (CHESTERFIELD COUNTY),600.0,MATOACA RD,2.25,Major Collector,Not at Intersection,,No,0,0,No,0,0,0,0,0,0,0,0,0,0,0,c9507479,0,0,1,Minor
1,2024-02-13,15:03:00,Tuesday,Fixed Object - Off Road,Shoulder,"Blacktop, Asphalt, Bituminous",No Defects,Daylight,Daylight,"Two-Way, Not Divided",Not Provided,No Adverse Condition (Clear/Cloud),Straight - Level,Not Provided,No,Not at Intersection,Not Provided,Slow or Warning Sign,Dry,Interchange Area,Main-Line Roadway,No Traffic Control Device Present,No,2024,Winter,February,Daytime,3:00pm - 5:59pm,15,Property Damage Crash,No,No,No,No,No,No,No,No,No,No,No,No,No,Single Vehicle Crashes,Albemarle County,,Rural,37.99497,-78.72345,Non-Interstate,SC-635S (ALBEMARLE COUNTY),635.0,CRAIGS STORE RD,4.58,Minor Collector,Not at Intersection,,Yes,0,0,No,0,0,0,0,0,0,0,0,0,0,0,c1724456,0,0,1,Minor
2,2023-03-30,14:06:00,Thursday,Rear End,On Roadway,Concrete,No Defects,Daylight,Daylight,"Two-Way, Divided, Unprotected Median",Not Provided,No Adverse Condition (Clear/Cloud),Straight - Level,Not Provided,No,Four Approaches,Not Provided,Traffic Lanes Marked,Dry,Intersection Area,Intersection Related - Within 150 Feet,Yes - Working,No,2023,Spring,March,Daytime,Noon - 2:59pm,14,Property Damage Crash,No,No,No,No,No,No,No,No,No,No,No,No,No,Multiple Vehicle Crashes,Henrico County,,Urban,37.58558,-77.42106,Non-Interstate,CR-7555N (HENRICO COUNTY),7555.0,LABURNUM AVE,11.54,Other Principal Arterial,At Intersection,PARKVIEW AVE,Yes,0,0,No,0,0,0,0,0,0,0,0,0,0,0,c5501327,0,0,1,Minor
1,2023-03-07,10:15:00,Tuesday,Fixed Object - Off Road,Roadside,"Blacktop, Asphalt, Bituminous",No Defects,Daylight,Daylight,"Two-Way, Not Divided",Not Provided,No Adverse Condition (Clear/Cloud),Curve - Level,Not Provided,No,Not at Intersection,Not Provided,No Passing Lines,Dry,Intersection Area,Non-Intersection,Yes - Working,No,2023,Spring,March,Daytime,9:00am - 11:59am,10,Property Damage Crash,No,No,No,No,No,No,No,No,No,Yes,No,No,No,Single Vehicle Crashes,Pittsylvania County,,Rural,36.69531,-79.51436,Non-Interstate,SC-750N (PITTSYLVANIA COUNTY),750.0,WHITMELL SCHOOL RD,8.69,Major Collector,Not at Intersection,,No,0,0,No,0,0,0,0,0,0,0,0,0,0,0,c6330930,0,0,1,Minor
1,2022-07-03,03:30:00,Sunday,Fixed Object - Off Road,Roadside,"Blacktop, Asphalt, Bituminous",No Defects,Darkness,Darkness - Road Lighted,"Two-Way, Divided, Unprotected Median",Not Provided,No Adverse Condition (Clear/Cloud),Straight - Level,Not Provided,No,Four Approaches,Not Provided,Traffic Signal,Dry,Intersection Area,Intersection Related - Within 150 Feet,Yes - Working,No,2022,Summer,July,Nighttime,3:00am - 5:59am,3,Injury Crash,No,No,No,No,No,No,No,No,No,No,No,No,No,Single Vehicle Crashes,Newport News City,,Urban,37.02171,-76.44588,Non-Interstate,US-17N,17.0,JEFFERSON AVE,51.45,Other Principal Arterial,At Intersection,MORRIS DR,No,0,0,No,0,0,0,0,0,0,0,0,0,0,1,c9364145,0,0,1,Minor
2,2022-12-17,13:53:00,Saturday,Head On,On Roadway,"Blacktop, Asphalt, Bituminous",No Defects,Daylight,Daylight,"Two-Way, Not Divided",Not Provided,No Adverse Condition (Clear/Cloud),Straight - Level,Not Provided,No,Three Approaches,Not Provided,Traffic Lanes Marked,Dry,Intersection Area,Within Intersection,Yes - Working,No,2022,Winter,December,Daytime,Noon - 2:59pm,13,Property Damage Crash,No,No,No,No,No,No,No,No,No,No,Yes,No,No,Multiple Vehicle Crashes,Hanover County,,Rural,37.78873,-77.73207,Non-Interstate,SC-610W (HANOVER COUNTY),610.0,TAYLORS CREEK RD,2.38,Local,At Intersection,CLAZEMONT RD,No,0,0,No,0,0,0,0,0,0,0,0,0,0,0,c4213405,0,0,1,Minor
2,2023-01-23,15:30:00,Monday,Rear End,On Roadway,"Blacktop, Asphalt, Bituminous",No Defects,Daylight,Daylight,"Two-Way, Divided, Unprotected Median",Not Provided,No Adverse Condition (Clear/Cloud),Grade - Straight,Not Provided,No,Not at Intersection,Not Provided,Traffic Lanes Marked,Dry,Interchange Area,Main-Line Roadway,Yes - Working,No,2023,Winter,January,Daytime,3:00pm - 5:59pm,15,Injury Crash,No,Yes,Yes,No,No,No,No,No,No,No,No,No,No,Multiple Vehicle Crashes,Stafford County,,Rural,38.36941,-77.46594,Interstate,I-95N,95.0,I-95,136.15,Interstate,Not at Intersection,,No,0,0,No,0,0,0,0,0,0,0,0,0,0,1,c9373705,0,0,1,Minor