NumberOfVehicles,CrashDate,CrashTime,DayOfWeek,TypeOfCollision,LocationOfFirstHarmfulEvent,RoadwaySurfaceType,RoadwayDefect,LightCondition_Category,LightCondition_Value,RoadwayDescription,WorkZoneLocation,WeatherCondition,RoadwayAlignment,WorkZoneWorkersPresent,SchoolZone,IntersectionType,WorkZoneType,TrafficControlType,RoadwaySurfaceCondition,RelationToRoadway_Category,RelationToRoadway_Value,TrafficControlMechanicalDevice,WorkZoneRelated,Year,Meteorological Season,MonthName,DaytimeNighttime_NHTSA,ThreeHourLabel,Hour,CrashType,AlcoholInvolved,SpeedRelated,CommercialMotorVehiclesInvolved,PedestrianInvolved,BicycleInvolved,MotorcycleInvolved,MopedInvolved,TrainRelated,SchoolZoneInvolved,TeenDriverInvolved,DistractedDriverInvolved,DriverTextingInvolved,DriverUsingCellPhone,Single_Multi_Vehicle,Jurisdiction,TownName,LocationTypeName,Latitude,Longitude,Interstate_NonInterstate,RoadName,RouteNumber,RouteName,MileMarker,FunctionalClassCode,AtIntersection,SecondaryLocation,MatureDriverInvolved,MatureDriverFatalities,MatureDriverInjuries,LargeTruckInvolved,PedestrianFatalities,PedestrianInjuries,MotorcycleFatalities,MotorcycleInjuries,BicycleFatalities,BicycleInjuries,DistractedDriverFatalities,DistractedDriverInjuries,UnrestrainedInjuries,Number_Of_Fatalities,Number_Of_Injuries,Crash_UID,Is_Fatal,Is_Severe,Is_Minor,SeverityLabel
1,2024-09-21,21:30:00,Saturday,Fixed Object - Off Road,Shoulder,"Blacktop, Asphalt, Bituminous",No Defects,Darkness,Darkness - Road Not Lighted,"Two-Way, Divided, Positive Median Barrier",Not Provided,Rain,Straight - Level,Not Provided,No,Not at Intersection,Not Provided,Traffic Lanes Marked,Wet,Interchange Area,Main-Line Roadway,Yes - Working,No,2024,Autumn,September,Nighttime,9:00pm - 11:59pm,21,Injury Crash,No,No,No,No,No,No,No,No,No,No,No,No,No,Single Vehicle Crashes,Chesterfield County,,Urban,37.43636,-77.4309,Interstate,I-95S,95.0,I-95,67.42,Interstate,Not at Intersection,,No,0,0,No,0,0,0,0,0,0,0,0,0,0,1,c1168666,0,0,1,Minor
2,2024-06-15,11:45:00,Saturday,Angle,On Roadway,"Blacktop, Asphalt, Bituminous",No Defects,Daylight,Daylight,"Two-Way, Divided, Unprotected Median",Not Provided,No Adverse Condition (Clear/Cloud),Straight - Level,Not Provided,No,Four Approaches,Not Provided,Stop Sign,Dry,Intersection Area,Intersection Related - Within 150 Feet,Yes - Working,No,2024,Summer,June,Daytime,9:00am - 11:59am,11,Injury Crash,No,No,No,No,No,No,No,No,No,No,No,No,No,Multiple Vehicle Crashes,Hampton City,,Urban,37.04012,-76.41772,Non-Interstate,VA-152W,152.0,TODDS LN,2.7,Minor Arterial,At Intersection,ASPENWOOD DR,Yes,0,1,No,0,0,0,0,0,0,0,0,0,0,2,c6289477,0,1,0,Severe
2,2022-05-07,08:20:00,Saturday,Angle,On Roadway,"Blacktop, Asphalt, Bituminous",No Defects,Daylight,Daylight,"Two-Way, Divided, Unprotected Median",Not Provided,Rain,Straight - Level,Not Provided,No,Not at Intersection,Not Provided,Traffic Lanes Marked,Wet,Intersection Area,Non-Intersection,Yes - Working,No,2022,Spring,May,Daytime,6:00am - 8:59am,8,Property Damage Crash,No,Yes,No,No,No,No,No,No,No,Yes,No,No,No,Multiple Vehicle Crashes,Chesterfield County,,Urban,37.52141,-77.57151,Non-Interstate,SC-718W (CHESTERFIELD COUNTY),718.0,OLD BON AIR RD,1.11,Major Collector,Not at Intersection,,No,0,0,No,0,0,0,0,0,0,0,0,0,0,0,c4708254,0,0,1,Minor
1,2024-02-09,01:00:00,Friday,Fixed Object - Off Road,Roadside,"Blacktop, Asphalt, Bituminous",No Defects,Darkness,Darkness - Road Not Lighted,"Two-Way, Not Divided",Not Provided,No Adverse Condition (Clear/Cloud),Curve - Level,Not Provided,No,Not at Intersection,Not Provided,No Passing Lines,Dry,Intersection Area,Non-Intersection,Yes - Working,No,2024,Winter,February,Nighttime,Midnight - 2:59am,1,Injury Crash,No,Yes,No,No,No,No,No,No,No,No,No,No,No,Single Vehicle Crashes,Henry County,,Rural,36.63146,-79.71088,Non-Interstate,SC-610S (HENRY COUNTY),610.0,AXTON RD,7.26,Minor Arterial,Not at Intersection,,No,0,0,No,0,0,0,0,0,0,0,0,1,0,1,c8017490,0,0,1,Minor
2,2024-06-01,21:57:00,Saturday,Sideswipe - Same Direction,On Roadway,"Blacktop, Asphalt, Bituminous",No Defects,Darkness,Darkness - Road Not Lighted,"Two-Way, Divided, Unprotected Median",Not Provided,No Adverse Condition (Clear/Cloud),Straight - Level,Not Provided,No,Four Approaches,Not Provided,No Traffic Control,Dry,Intersection Area,Within Intersection,No Traffic Control Device Present,No,2024,Summer,June,Nighttime,9:00pm - 11:59pm,21,Property Damage Crash,No,No,No,No,No,No,No,No,No,No,No,No,No,Multiple Vehicle Crashes,Henrico County,,Urban,37.58792,-77.51702,Non-Interstate,CR-7538W (HENRICO COUNTY),7538.0,MONUMENT AVE,0.94,Minor Arterial,At Intersection,DEVERS RD,No,0,0,No,0,0,0,0,0,0,0,0,0,0,0,c2696235,0,0,1,Minor
1,2023-07-31,12:45:00,Monday,Fixed Object - Off Road,Roadside,Concrete,No Defects,Daylight,Daylight,"Two-Way, Divided, Positive Median Barrier",Not Provided,No Adverse Condition (Clear/Cloud),Straight - Level,Not Provided,No,Not at Intersection,Not Provided,Traffic Lanes Marked,Dry,Intersection Area,Non-Intersection,Yes - Working,No,2023,Summer,July,Daytime,Noon - 2:59pm,12,Property Damage Crash,No,No,No,No,No,No,No,No,No,No,No,No,No,Single Vehicle Crashes,Rockingham County,,Rural,38.34576,-78.93353,Interstate,I-81S,81.0,I-81,240.02,Interstate,Not at Intersection,,No,0,0,No,0,0,0,0,0,0,0,0,0,0,0,c1686445,0,0,1,Minor
4,2024-06-08,23:32:00,Saturday,Rear End,On Roadway,"Blacktop, Asphalt, Bituminous",No Defects,Darkness,Darkness - Road Lighted,"Two-Way, Divided, Positive Median Barrier",Not Provided,No Adverse Condition (Clear/Cloud),Straight - Level,Not Provided,No,Not at Intersection,Not Provided,Traffic Lanes Marked,Dry,Intersection Area,Non-Intersection,Yes - Working,No,2024,Summer,June,Nighttime,9:00pm - 11:59pm,23,Injury Crash,No,Yes,No,No,No,No,No,No,No,Yes,No,No,No,Multiple Vehicle Crashes,Fairfax County,,Urban,38.774,-77.18128,Interstate,I-95N,95.0,I-95,169.56,Interstate,Not at Intersection,,No,0,0,No,0,0,0,0,0,0,0,0,0,0,2,c9566934,0,1,0,Severe
1,2023-06-12,05:45:00,Monday,Other Animal,On Roadway,"Blacktop, Asphalt, Bituminous",No Defects,Dawn,Dawn,"Two-Way, Divided, Unprotected Median",Not Provided,No Adverse Condition (Clear/Cloud),Grade - Straight,Not Provided,No,Not at Intersection,Not Provided,Traffic Lanes Marked,Dry,Intersection Area,Non-Intersection,Yes - Working,No,2023,Summer,June,Nighttime,3:00am - 5:59am,5,Property Damage Crash,No,No,No,No,No,No,No,No,No,No,No,No,No,Single Vehicle Crashes,Mecklenburg County,,Rural,36.66142,-78.41718,Non-Interstate,US-58E,58.0,HIGHWAY FIFTY-EIGHT,358.36,Other Principal Arterial,Not at Intersection,,No,0,0,No,0,0,0,0,0,0,0,0,0,0,0,c0831649,0,0,1,Minor
2,2023-11-04,12:40:00,Saturday,Angle,On Roadway,"Blacktop, Asphalt, Bituminous",No Defects,Daylight,Daylight,"Two-Way, Not Divided",Not Provided,No Adverse Condition (Clear/Cloud),Straight - Level,Not Provided,No,Four Approaches,Not Provided,No Traffic Control,Dry,Interchange Area,Main-Line Roadway,No Traffic Control Device Present,No,2023,Autumn,November,Daytime,Noon - 2:59pm,12,Property Damage Crash,No,Yes,No,No,No,No,No,No,No,No,No,No,No,Multiple Vehicle Crashes,Fairfax County,,Urban,38.72541,-77.0592,Non-Interstate,SC-629N (FAIRFAX COUNTY),629.0,FORT HUNT RD,1.09,Minor Arterial,At Intersection,OLD STAGE RD,No,0,0,No,0,0,0,0,0,0,0,0,0,0,0,c3865300,0,0,1,Minor
1,2024-10-08,19:22:00,Tuesday,Fixed Object in Road,Shoulder,"Blacktop, Asphalt, Bituminous",No Defects,Daylight,Daylight,"Two-Way, Divided, Unprotected Median",Activity Area,No Adverse Condition (Clear/Cloud),Straight - Level,No Workers Present,No,Not at Intersection,Work on Shoulder or Median,Traffic Lanes Marked,Dry,Intersection Area,Non-Intersection,Yes - Working,Yes,2024,Autumn,October,Nighttime,6:00pm - 8:59pm,19,Injury Crash,No,Yes,No,No,No,No,No,No,No,No,No,No,No,Single Vehicle Crashes,New Kent County,,Rural,37.51281,-77.16305,Interstate,I-64W,64.0,I-64,207.11,Interstate,Not at Intersection,,No,0,0,No,0,0,0,0,0,0,0,0,0,0,1,c6381228,0,0,1,Minor
2,2023-04-24,13:30:00,Monday,Head On,Outside Right-of-Way,"Blacktop, Asphalt, Bituminous",No Defects,Daylight,Daylight,"Two-Way, Not Divided",Not Provided,No Adverse Condition (Clear/Cloud),Straight - Level,Not Provided,No,Three Approaches,Not Provided,No Traffic Control,Dry,Intersection Area,Within Intersection,No Traffic Control Device Present,No,2023,Spring,April,Daytime,Noon - 2:59pm,13,Property Damage Crash,No,No,No,No,No,No,No,No,No,No,Yes,No,No,Multiple Vehicle Crashes,Roanoke City,,Urban,37.29209,-79.98195,Non-Interstate,FOREST PARK BLVD NW (PR - CITY OF ROANOKE),,FOREST PARK BLVD,0.38,Local,At Intersection,LOMBARDY AVE,No,0,0,No,0,0,0,0,0,0,0,0,0,0,0,c2198573,0,0,1,Minor
2,2024-02-18,16:54:00,Sunday,Rear End,On Roadway,"Blacktop, Asphalt, Bituminous",No Defects,Daylight,Daylight,"Two-Way, Divided, Unprotected Median",Not Provided,No Adverse Condition (Clear/Cloud),Grade - Straight,Not Provided,No,Not at Intersection,Not Provided,Traffic Signal,Dry,Intersection Area,Non-Intersection,Yes - Working,No,2024,Winter,February,Daytime,3:00pm - 5:59pm,16,Injury Crash,No,No,No,No,No,No,No,No,No,No,Yes,No,No,Multiple Vehicle Crashes,Roanoke County,,Urban,37.32501,-79.86928,Non-Interstate,US-460E,460.0,CHALLENGER AVE,160.33,Other Principal Arterial,At Intersection,CLOVERDALE RD,Yes,0,1,No,0,0,0,0,0,0,0,1,0,0,2,c9138579,0,1,0,Severe
2,2022-08-24,22:30:00,Wednesday,Sideswipe - Same Direction,On Roadway,"Blacktop, Asphalt, Bituminous",No Defects,Darkness,Darkness - Road Not Lighted,"Two-Way, Divided, Positive Median Barrier",Not Provided,No Adverse Condition (Clear/Cloud),Straight - Level,Not Provided,No,Not at Intersection,Not Provided,Traffic Lanes Marked,Dry,Intersection Area,Non-Intersection,Yes - Working,No,2022,Summer,August,Nighttime,9:00pm - 11:59pm,22,Property Damage Crash,No,Yes,No,No,No,No,No,No,No,No,No,No,No,Multiple Vehicle Crashes,Stafford County,,Rural,38.35615,-77.47464,Interstate,I-95S,95.0,I-95,135.4,Interstate,Not at Intersection,,No,0,0,No,0,0,0,0,0,0,0,0,0,0,0,c7989229,0,0,1,Minor
2,2022-04-21,17:22:00,Thursday,Angle,On Roadway,"Blacktop, Asphalt, Bituminous",No Defects,Daylight,Daylight,"Two-Way, Not Divided",Not Provided,No Adverse Condition (Clear/Cloud),Straight - Level,Not Provided,No,Three Approaches,Not Provided,Traffic Lanes Marked,Dry,Intersection Area,Within Intersection,Yes - Working,No,2022,Spring,April,Daytime,3:00pm - 5:59pm,17,Property Damage Crash,Yes,No,No,No,No,No,No,No,No,No,No,No,No,Multiple Vehicle Crashes,Montgomery County,Christiansburg,Urban,37.13046,-80.39772,Non-Interstate,US-11S,11.0,ROANOKE ST,118.6,Other Principal Arterial,At Intersection,CRAIG ST,No,0,0,No,0,0,0,0,0,0,0,0,0,0,0,c8944828,0,0,1,Minor
2,2022-02-16,11:51:00,Wednesday,Sideswipe - Opposite Direction,On Roadway,"Blacktop, Asphalt, Bituminous",No Defects,Daylight,Daylight,"Two-Way, Divided, Unprotected Median",Not Provided,No Adverse Condition (Clear/Cloud),Straight - Level,Not Provided,No,Four Approaches,Not Provided,Traffic Signal,Dry,Intersection Area,Intersection Related - Within 150 Feet,Yes - Working,No,2022,Winter,February,Daytime,9:00am - 11:59am,11,Injury Crash,No,No,No,No,No,No,No,No,No,No,No,No,No,Multiple Vehicle Crashes,Hampton City,,Urban,37.04386,-76.37698,Non-Interstate,US-258E,258.0,MERCURY BLVD,63.65,Other Principal Arterial,At Intersection,ARMISTEAD AVE,Yes,0,1,No,0,0,0,0,0,0,0,0,0,0,2,c8834261,0,1,0,Severe
2,2022-11-18,10:32:00,Friday,Angle,On Roadway,"Blacktop, Asphalt, Bituminous",No Defects,Daylight,Daylight,"Two-Way, Divided, Unprotected Median",Not Provided,No Adverse Condition (Clear/Cloud),Straight - Level,Not Provided,No,Not at Intersection,Not Provided,Traffic Lanes Marked,Dry,Interchange Area,Main-Line Roadway,Yes - Working,No,2022,Autumn,November,Daytime,9:00am - 11:59am,10,Property Damage Crash,No,No,No,No,No,No,No,No,No,No,No,No,No,Multiple Vehicle Crashes,Montgomery County,Christiansburg,Urban,37.11273,-80.42353,Non-Interstate,VA-8N,8.0,RINER RD,54.38,Minor Arterial,Not at Intersection,,No,0,0,No,0,0,0,0,0,0,0,0,0,0,0,c4230029,0,0,1,Minor
2,2023-06-19,12:42:00,Monday,Rear End,On Roadway,"Blacktop, Asphalt, Bituminous",No Defects,Daylight,Daylight,"Two-Way, Divided, Unprotected Median",Not Provided,No Adverse Condition (Clear/Cloud),Straight - Level,Not Provided,No,Four Approaches,Not Provided,Traffic Signal,Dry,Intersection Area,Intersection Related - Within 150 Feet,Yes - Working,No,2023,Summer,June,Daytime,Noon - 2:59pm,12,Property Damage Crash,No,No,No,No,No,No,No,No,No,No,No,No,No,Multiple Vehicle Crashes,Va. Beach City,,Urban,36.83764,-76.06536,Non-Interstate,UR-14S (CITY OF VIRGINIA BEACH),14.0,LYNNHAVEN PKWY,3.0,Minor Arterial,At Intersection,I-264 RAMP,No,0,0,No,0,0,0,0,0,0,0,0,0,0,0,c6341970,0,0,1,Minor
2,2022-01-05,06:29:00,Wednesday,Angle,On Roadway,"Blacktop, Asphalt, Bituminous",No Defects,Darkness,Darkness - Road Not Lighted,"Two-Way, Divided, Unprotected Median",Not Provided,No Adverse Condition (Clear/Cloud),Straight - Level,Not Provided,No,Four Approaches,Not Provided,Traffic Lanes Marked,Dry,Intersection Area,Within Intersection,Yes - Working,No,2022,Winter,January,Daytime,6:00am - 8:59am,6,Property Damage Crash,No,No,No,No,No,No,No,No,No,No,No,No,No,Multiple Vehicle Crashes,Loudoun County,,Urban,39.0315,-77.49218,Non-Interstate,SC-625E (LOUDOUN COUNTY),625.0,ASHBURN FARM PKWY,5.75,Minor Arterial,At Intersection,SUMMERWOOD CIR,Yes,0,0,No,0,0,0,0,0,0,0,0,0,0,0,c5332835,0,0,1,Minor
2,2024-03-01,10:03:00,Friday,Angle,On Roadway,"Blacktop, Asphalt, Bituminous",No Defects,Daylight,Daylight,"Two-Way, Not Divided",Not Provided,No Adverse Condition (Clear/Cloud),Grade - Curve,Not Provided,No,Not at Intersection,Not Provided,No Traffic Control,Dry,Intersection Area,Non-Intersection,No Traffic Control Device Present,No,2024,Spring,March,Daytime,9:00am - 11:59am,10,Property Damage Crash,No,No,No,No,No,No,No,No,No,No,No,No,No,Multiple Vehicle Crashes,Loudoun County,,Urban,38.98009,-77.5082,Non-Interstate,SC-2479E (LOUDOUN COUNTY),2479.0,BARNSTEAD DR,0.96,Local,Not at Intersection,,No,0,0,No,0,0,0,0,0,0,0,0,0,0,0,c4103868,0,0,1,Minor
2,2023-12-15,23:34:00,Friday,Angle,On Roadway,"Blacktop, Asphalt, Bituminous",No Defects,Darkness,Darkness - Road Not Lighted,"Two-Way, Divided, Unprotected Median",Not Provided,No Adverse Condition (Clear/Cloud),Straight - Level,Not Provided,No,Four Approaches,Not Provided,Traffic Signal,Dry,Intersection Area,Within Intersection,Yes - Working,No,2023,Winter,December,Nighttime,9:00pm - 11:59pm,23,Injury Crash,No,No,No,No,No,No,No,No,No,No,No,No,No,Multiple Vehicle Crashes,Henrico County,,Urban,37.54417,-77.37012,Non-Interstate,VA-33W,33.0,NINE MILE RD,4.98,Minor Arterial,At Intersection,LABURNUM AVE,No,0,0,No,0,0,0,0,0,0,0,0,0,0,7,c9369531,0,1,0,Severe
2,2023-07-06,11:34:00,Thursday,Angle,On Roadway,"Blacktop, Asphalt, Bituminous",No Defects,Daylight,Daylight,"Two-Way, Divided, Unprotected Median",Not Provided,No Adverse Condition (Clear/Cloud),Straight - Level,Not Provided,No,Two Approaches,Not Provided,Slow or Warning Sign,Dry,Interchange Area,Intersection at end of Ramp,Yes - Working,No,2023,Summer,July,Daytime,9:00am - 11:59am,11,Property Damage Crash,No,No,No,No,No,No,No,No,No,No,No,No,No,Multiple Vehicle Crashes,Hampton City,,Urban,37.0431,-76.4004,Non-Interstate,VA-152W,152.0,CUNNINGHAM DR,3.69,Minor Arterial,Not at Intersection,,No,0,0,No,0,0,0,0,0,0,0,0,0,0,0,c3415796,0,0,1,Minor
2,2024-09-10,05:55:00,Tuesday,Rear End,On Roadway,"Blacktop, Asphalt, Bituminous",No Defects,Darkness,Darkness - Road Not Lighted,"Two-Way, Divided, Positive Median Barrier",Not Provided,No Adverse Condition (Clear/Cloud),Straight - Level,Not Provided,No,Not at Intersection,Not Provided,Traffic Lanes Marked,Dry,Intersection Area,Non-Intersection,Yes - Working,No,2024,Autumn,September,Nighttime,3:00am - 5:59am,5,Property Damage Crash,No,No,No,No,No,No,No,No,No,No,No,No,No,Multiple Vehicle Crashes,Prince William County,,Urban,38.80534,-77.50212,Interstate,I-66E EXPRESS,66.0,I-66 HOV,48.34,Interstate,Not at Intersection,,No,0,0,No,0,0,0,0,0,0,0,0,0,0,0,c1615353,0,0,1,Minor
1,2024-06-26,12:24:00,Wednesday,Other,Shoulder,"Blacktop, Asphalt, Bituminous",No Defects,Daylight,Daylight,"Two-Way, Not Divided",Not Provided,No Adverse Condition (Clear/Cloud),Straight - Level,Not Provided,No,Not at Intersection,Not Provided,No Traffic Control,Dry,Interchange Area,Main-Line Roadway,No Traffic Control Device Present,No,2024,Summer,June,Daytime,Noon - 2:59pm,12,Property Damage Crash,No,No,No,No,No,No,No,No,No,No,No,No,No,Single Vehicle Crashes,Suffolk City,,Urban,36.7351,-76.55925,Non-Interstate,UR-1352E (CITY OF SUFFOLK),0.0,KENTUCKY AVE,0.11,Local,At Intersection,HOLLYWOOD AVE,No,0,0,Yes,0,0,0,0,0,0,0,0,0,0,0,c9326220,0,0,1,Minor
2,2023-07-22,11:38:00,Saturday,Angle,On Roadway,"Blacktop, Asphalt, Bituminous",No Defects,Daylight,Daylight,"Two-Way, Not Divided",Not Provided,No Adverse Condition (Clear/Cloud),Grade - Straight,Not Provided,No,Three Approaches,Not Provided,Stop Sign,Dry,Intersection Area,Within Intersection,Yes - Working,No,2023,Summer,July,Daytime,9:00am - 11:59am,11,Property Damage Crash,No,No,No,No,No,No,No,No,No,No,No,No,No,Multiple Vehicle Crashes,Arlington County,,Urban,38.88915,-77.08954,Non-Interstate,CR-4E (ARLINGTON COUNTY),4.0,CLARENDON BLVD,0.43,Other Principal Arterial,At Intersection,CLEVELAND ST,No,0,0,No,0,0,0,0,0,0,0,0,0,0,0,c9031267,0,0,1,Minor
1,2024-09-26,12:20:00,Thursday,Fixed Object - Off Road,Shoulder,"Blacktop, Asphalt, Bituminous",No Defects,Daylight,Daylight,"Two-Way, Divided, Unprotected Median",Not Provided,No Adverse Condition (Clear/Cloud),Curve - Level,Not Provided,No,Not at Intersection,Not Provided,Traffic Lanes Marked,Dry,Interchange Area,Main-Line Roadway,Yes - Working,No,2024,Autumn,September,Daytime,Noon - 2:59pm,12,Property Damage Crash,No,No,No,No,No,No,No,No,No,No,No,No,No,Single Vehicle Crashes,Nelson County,,Rural,37.79455,-78.86336,Non-Interstate,US-29S,29.0,THOMAS NELSON HWAY,108.7,Other Principal Arterial,Not at Intersection,,No,0,0,No,0,0,0,0,0,0,0,0,0,0,0,c9146076,0,0,1,Minor
2,2024-05-06,09:22:00,Monday,Sideswipe - Same Direction,On Roadway,"Blacktop, Asphalt, Bituminous",No Defects,Daylight,Daylight,"Two-Way, Not Divided",Not Provided,No Adverse Condition (Clear/Cloud),Straight - Level,Not Provided,No,Four Approaches,Not Provided,Traffic Lanes Marked,Dry,Intersection,Intersection Related - Outside 150 Feet,Yes - Working,No,2024,Spring,May,Daytime,9:00am - 11:59am,9,Property Damage Crash,No,No,No,No,No,No,No,No,No,No,No,No,No,Multiple Vehicle Crashes,Richmond City,,Urban,37.55596,-77.4784,Non-Interstate,BELMONT AVE N (NP - CITY OF RICHMOND),,BELMONT AVE,0.13,Local,Not at Intersection,,No,0,0,No,0,0,0,0,0,0,0,0,0,0,0,c6917999,0,0,1,Minor
2,2024-05-17,15:57:00,Friday,Rear End,On Roadway,"Blacktop, Asphalt, Bituminous",No Defects,Daylight,Daylight,"Two-Way, Divided, Positive Median Barrier",Not Provided,No Adverse Condition (Clear/Cloud),Straight - Level,Not Provided,No,Not at Intersection,Not Provided,Traffic Lanes Marked,Dry,Interchange Area,Main-Line Roadway,Yes - Working,No,2024,Spring,May,Daytime,3:00pm - 5:59pm,15,Property Damage Crash,No,Yes,No,No,No,No,No,No,No,No,No,No,No,Multiple Vehicle Crashes,Va. Beach City,,Urban,36.8396,-76.16116,Interstate,I-264E,264.0,I-264,14.9,Interstate,Not at Intersection,,No,0,0,No,0,0,0,0,0,0,0,0,0,0,0,c3615295,0,0,1,Minor
2,2023-11-08,17:40:00,Wednesday,Angle,On Roadway,"Blacktop, Asphalt, Bituminous",No Defects,Dusk,Dusk,"Two-Way, Not Divided",Not Provided,No Adverse Condition (Clear/Cloud),Straight - Level,Not Provided,No,Not at Intersection,Not Provided,Traffic Lanes Marked,Dry,Interchange Area,Main-Line Roadway,Yes - Working,No,2023,Autumn,November,Daytime,3:00pm - 5:59pm,17,Injury Crash,No,No,No,No,No,No,No,No,No,No,No,No,No,Multiple Vehicle Crashes,Fairfax County,,Urban,38.70346,-77.20785,Non-Interstate,US-1S,1.0,RICHMOND HWY,179.87,Other Principal Arterial,At Intersection,GUNSTON PLZ,No,0,0,No,0,0,0,0,0,0,0,0,0,0,2,c9570327,0,1,0,Severe
2,2022-02-22,17:54:00,Tuesday,Angle,On Roadway,"Blacktop, Asphalt, Bituminous",No Defects,Dusk,Dusk,"Two-Way, Divided, Unprotected Median",Not Provided,Rain,Straight - Level,Not Provided,No,Three Approaches,Not Provided,Traffic Signal,Wet,Interchange Area,Main-Line Roadway,Yes - Working,No,2022,Winter,February,Daytime,3:00pm - 5:59pm,17,Property Damage Crash,No,No,No,No,No,No,No,No,No,No,No,No,No,Multiple Vehicle Crashes,Washington County,Abingdon,Urban,36.71267,-81.99799,Non-Interstate,ALT US-58W,58.0,RUSSELL RD,85.7,Minor Arterial,At Intersection,PORTERFIELD HWY,Yes,0,0,No,0,0,0,0,0,0,0,0,0,0,0,c0067194,0,0,1,Minor
1,2024-03-28,16:23:00,Thursday,Pedestrian,On Roadway,Concrete,No Defects,Daylight,Daylight,"Two-Way, Divided, Positive Median Barrier",Not Provided,No Adverse Condition (Clear/Cloud),Straight - Level,Not Provided,No,Four Approaches,Not Provided,Traffic Signal,Dry,Intersection Area,Intersection Related - Within 150 Feet,Yes - Working,No,2024,Spring,March,Daytime,3:00pm - 5:59pm,16,Injury Crash,No,No,No,Yes,No,No,No,No,No,No,No,No,No,Single Vehicle Crashes,Alexandria City,,Urban,38.83712,-77.05198,Non-Interstate,US-1S,1.0,RICHMOND HWY,194.77,Other Principal Arterial,At Intersection,REED AVE,No,0,0,No,0,1,0,0,0,0,0,0,0,0,1,c2902255,0,0,1,Minor
1,2022-09-28,16:29:00,Wednesday,Other Animal,On Roadway,"Blacktop, Asphalt, Bituminous",No Defects,Daylight,Daylight,"Two-Way, Not Divided",Not Provided,No Adverse Condition (Clear/Cloud),Straight - Level,Not Provided,No,Not at Intersection,Not Provided,Traffic Lanes Marked,Dry,Interchange Area,Main-Line Roadway,No Traffic Control Device Present,No,2022,Autumn,September,Daytime,3:00pm - 5:59pm,16,Property Damage Crash,No,No,No,No,No,No,No,No,No,Yes,No,No,No,Single Vehicle Crashes,Prince Edward County,,Rural,37.2048,-78.44072,Non-Interstate,US-15N,15.0,FARMVILLE RD,53.98,Minor Arterial,Not at Intersection,,No,0,0,No,0,0,0,0,0,0,0,0,0,0,0,c1021095,0,0,1,Minor
2,2024-02-18,12:18:00,Sunday,Rear End,On Roadway,"Blacktop, Asphalt, Bituminous",No Defects,Daylight,Daylight,"Two-Way, Not Divided",Not Provided,No Adverse Condition (Clear/Cloud),Curve - Level,Not Provided,No,Three Approaches,Not Provided,Traffic Lanes Marked,Dry,Intersection Area,Within Intersection,Yes - Working,No,2024,Winter,February,Daytime,Noon - 2:59pm,12,Property Damage Crash,No,Yes,No,No,No,No,No,No,No,Yes,Yes,No,Yes,Multiple Vehicle Crashes,Augusta County,,Rural,38.04259,-78.94334,Non-Interstate,SC-664N (AUGUSTA COUNTY),664.0,LYNDHURST RD,11.24,Major Collector,At Intersection,SHALOM RD,Yes,0,0,No,0,0,0,0,0,0,0,0,0,0,0,c8801380,0,0,1,Minor
1,2022-12-13,09:53:00,Tuesday,Fixed Object - Off Road,On Roadway,Concrete,No Defects,Daylight,Daylight,"Two-Way, Divided, Positive Median Barrier",Not Provided,No Adverse Condition (Clear/Cloud),Straight - Level,Not Provided,Yes,Four Approaches,Not Provided,Traffic Signal,Dry,Interchange Area,Main-Line Roadway,Yes - Working,No,2022,Winter,December,Daytime,9:00am - 11:59am,9,Property Damage Crash,No,No,No,No,No,No,No,No,Yes,No,Yes,No,No,Single Vehicle Crashes,Fairfax County,,Urban,38.84305,-77.45437,Non-Interstate,SC-662E (FAIRFAX COUNTY),662.0,STONE RD,0.67,Minor Arterial,At Intersection,O'DAY DR,No,0,0,No,0,0,0,0,0,0,0,0,0,0,0,c0330886,0,0,1,Minor
1,2024-12-22,19:29:00,Sunday,Fixed Object - Off Road,Roadside,"Blacktop, Asphalt, Bituminous",No Defects,Darkness,Darkness - Road Not Lighted,"Two-Way, Divided, Unprotected Median",Not Provided,No Adverse Condition (Clear/Cloud),Straight - Level,Not Provided,No,Not at Intersection,Not Provided,Traffic Lanes Marked,Dry,Intersection Area,Non-Intersection,Yes - Working,No,2024,Winter,December,Nighttime,6:00pm - 8:59pm,19,Injury Crash,No,No,Yes,No,No,No,No,No,No,No,Yes,No,No,Single Vehicle Crashes,Rockingham County,,Urban,38.39165,-78.80928,Non-Interstate,US-33W,33.0,SPOTSWOOD TRL,27.76,Other Principal Arterial,Not at Intersection,,No,0,0,Yes,0,0,0,0,0,0,0,1,0,0,1,c1221073,0,0,1,Minor
2,2023-03-16,08:20:00,Thursday,Rear End,On Roadway,"Blacktop, Asphalt, Bituminous",No Defects,Daylight,Daylight,"Two-Way, Divided, Unprotected Median",Not Provided,No Adverse Condition (Clear/Cloud),Straight - Level,Not Provided,No,Four Approaches,Not Provided,Traffic Lanes Marked,Dry,Intersection Area,Intersection Related - Within 150 Feet,Yes - Working,No,2023,Spring,March,Daytime,6:00am - 8:59am,8,Property Damage Crash,No,Yes,No,No,No,No,No,No,No,No,Yes,No,No,Multiple Vehicle Crashes,Spotsylvania County,,Urban,38.25087,-77.50624,Non-Interstate,VA-208N,208.0,COURTHOUSE RD,46.31,Minor Arterial,At Intersection,HOOD DR,No,0,0,No,0,0,0,0,0,0,0,0,0,0,0,c7530403,0,0,1,Minor