NumberOfVehicles,CrashDate,CrashTime,DayOfWeek,TypeOfCollision,LocationOfFirstHarmfulEvent,RoadwaySurfaceType,RoadwayDefect,LightCondition_Category,LightCondition_Value,RoadwayDescription,WorkZoneLocation,WeatherCondition,RoadwayAlignment,WorkZoneWorkersPresent,SchoolZone,IntersectionType,WorkZoneType,TrafficControlType,RoadwaySurfaceCondition,RelationToRoadway_Category,RelationToRoadway_Value,TrafficControlMechanicalDevice,WorkZoneRelated,Year,Meteorological Season,MonthName,DaytimeNighttime_NHTSA,ThreeHourLabel,Hour,CrashType,AlcoholInvolved,SpeedRelated,CommercialMotorVehiclesInvolved,PedestrianInvolved,BicycleInvolved,MotorcycleInvolved,MopedInvolved,TrainRelated,SchoolZoneInvolved,TeenDriverInvolved,DistractedDriverInvolved,DriverTextingInvolved,DriverUsingCellPhone,Single_Multi_Vehicle,Jurisdiction,TownName,LocationTypeName,Latitude,Longitude,Interstate_NonInterstate,RoadName,RouteNumber,RouteName,MileMarker,FunctionalClassCode,AtIntersection,SecondaryLocation,MatureDriverInvolved,MatureDriverFatalities,MatureDriverInjuries,LargeTruckInvolved,PedestrianFatalities,PedestrianInjuries,MotorcycleFatalities,MotorcycleInjuries,BicycleFatalities,BicycleInjuries,DistractedDriverFatalities,DistractedDriverInjuries,UnrestrainedInjuries,Number_Of_Fatalities,Number_Of_Injuries,Crash_UID,Is_Fatal,Is_Severe,Is_Minor,SeverityLabel
2,2023-10-22,15:30:00,Sunday,Sideswipe - Same Direction,On Roadway,"Blacktop, Asphalt, Bituminous",No Defects,Daylight,Daylight,"Two-Way, Not Divided",Not Provided,No Adverse Condition (Clear/Cloud),Straight - Level,Not Provided,No,Three Approaches,Not Provided,No Traffic Control,Dry,Intersection Area,Intersection Related - Within 150 Feet,No Traffic Control Device Present,No,2023,Autumn,October,Daytime,3:00pm - 5:59pm,15,Property Damage Crash,No,No,No,No,No,No,No,No,No,No,Yes,No,No,Multiple Vehicle Crashes,Culpeper County,Culpeper,Urban,38.46657,-77.99685,Non-Interstate,EAST ST (NP - TOWN OF CULPEPER),,EAST ST,0.14,Local,At Intersection,ASH ST,No,0,0,No,0,0,0,0,0,0,0,0,0,0,0,c6520779,0,0,1,Minor
2,2022-09-27,13:42:00,Tuesday,Angle,On Roadway,"Blacktop, Asphalt, Bituminous",No Defects,Daylight,Daylight,"Two-Way, Not Divided",Not Provided,No Adverse Condition (Clear/Cloud),Straight - Level,Not Provided,No,Four Approaches,Not Provided,Stop Sign,Dry,Intersection Area,Intersection Related - Within 150 Feet,Yes - Working,No,2022,Autumn,September,Daytime,Noon - 2:59pm,13,Injury Crash,No,Yes,No,No,No,No,No,No,No,No,No,No,No,Multiple Vehicle Crashes,Danville City,,Urban,36.56891,-79.41761,Non-Interstate,UR-3708W (CITY OF DANVILLE),,LANIER AVE,1.34,Major Collector,At Intersection,GARLAND ST,No,0,0,No,0,0,0,0,0,0,0,0,0,0,1,c7474601,0,0,1,Minor
2,2022-12-14,19:15:00,Wednesday,Head On,On Roadway,"Blacktop, Asphalt, Bituminous",No Defects,Darkness,Darkness - Road Not Lighted,"Two-Way, Divided, Unprotected Median",Not Provided,No Adverse Condition (Clear/Cloud),Straight - Level,Not Provided,No,Two Approaches,Not Provided,No Traffic Control,Dry,Interchange Area,Main-Line Roadway,No Traffic Control Device Present,No,2022,Winter,December,Nighttime,6:00pm - 8:59pm,19,Injury Crash,No,No,No,No,No,No,No,No,No,No,Yes,No,No,Multiple Vehicle Crashes,Lancaster County,,Rural,37.66028,-76.38713,Non-Interstate,VA-3W,3.0,MARY BALL RD,124.32,Minor Arterial,At Intersection,OCRAN RD,Yes,0,1,No,0,0,0,0,0,0,0,1,0,0,2,c0301839,0,1,0,Severe
2,2024-04-11,08:50:00,Thursday,Angle,On Roadway,"Blacktop, Asphalt, Bituminous",No Defects,Daylight,Daylight,"Two-Way, Divided, Unprotected Median",Not Provided,No Adverse Condition (Clear/Cloud),Straight - Level,Not Provided,No,Three Approaches,Not Provided,Traffic Lanes Marked,Dry,Intersection Area,Within Intersection,Yes - Working,No,2024,Spring,April,Daytime,6:00am - 8:59am,8,Property Damage Crash,No,Yes,No,No,No,No,No,No,No,No,No,No,No,Multiple Vehicle Crashes,Henrico County,,Urban,37.61719,-77.50706,Non-Interstate,CR-7712W (HENRICO COUNTY),7712.0,BREMNER BLVD,0.63,Major Collector,At Intersection,FOXHALL LN,No,0,0,No,0,0,0,0,0,0,0,0,0,0,0,c9307484,0,0,1,Minor
2,2024-03-01,12:00:00,Friday,Angle,On Roadway,"Blacktop, Asphalt, Bituminous",No Defects,Daylight,Daylight,"Two-Way, Not Divided",Not Provided,No Adverse Condition (Clear/Cloud),Straight - Level,Not Provided,No,Four Approaches,Not Provided,Traffic Signal,Dry,Intersection Area,Intersection Related - Within 150 Feet,Yes - Working,No,2024,Spring,March,Daytime,Noon - 2:59pm,12,Property Damage Crash,No,No,No,No,No,No,No,No,No,No,No,No,No,Multiple Vehicle Crashes,Chesterfield County,,Urban,37.50601,-77.60271,Non-Interstate,US-60E,60.0,MIDLOTHIAN TPKE,179.78,Other Principal Arterial,At Intersection,RESEARCH RD,Yes,0,0,No,0,0,0,0,0,0,0,0,0,0,0,c3032024,0,0,1,Minor
1,2023-05-06,16:39:00,Saturday,Fixed Object - Off Road,Shoulder,"Blacktop, Asphalt, Bituminous",No Defects,Daylight,Daylight,"One-Way, Not Divided",Not Provided,No Adverse Condition (Clear/Cloud),Grade - Straight,Not Provided,No,Two Approaches,Not Provided,Traffic Lanes Marked,Dry,Interchange Area,Gore Area (Between Ramp and Highway Edgelines),No Traffic Control Device Present,No,2023,Spring,May,Daytime,3:00pm - 5:59pm,16,Property Damage Crash,No,No,No,No,No,No,No,No,No,No,No,No,No,Single Vehicle Crashes,Fairfax County,,Urban,38.88491,-77.21997,Interstate,I-495N RAMP 49A,495.0,I-495 RAMP,0.16,Interstate,Not at Intersection,,No,0,0,No,0,0,0,0,0,0,0,0,0,0,0,c1316275,0,0,1,Minor
2,2023-07-29,10:00:00,Saturday,Rear End,On Roadway,"Blacktop, Asphalt, Bituminous",No Defects,Daylight,Daylight,"Two-Way, Divided, Unprotected Median",Not Provided,No Adverse Condition (Clear/Cloud),Straight - Level,Not Provided,No,Three Approaches,Not Provided,Officer or Flagger,Dry,Intersection Area,Intersection Related - Within 150 Feet,Yes - Working,No,2023,Summer,July,Daytime,9:00am - 11:59am,10,Property Damage Crash,No,No,No,No,No,No,No,No,No,No,No,No,No,Multiple Vehicle Crashes,Newport News City,,Urban,37.06627,-76.47001,Non-Interstate,US-17N,17.0,JEFFERSON AVE,54.84,Other Principal Arterial,At Intersection,WINSTON AVE,Yes,0,0,No,0,0,0,0,0,0,0,0,0,0,0,c7010653,0,0,1,Minor
2,2022-05-01,01:38:00,Sunday,Rear End,On Roadway,"Blacktop, Asphalt, Bituminous",No Defects,Darkness,Darkness - Road Lighted,"Two-Way, Not Divided",Not Provided,No Adverse Condition (Clear/Cloud),Straight - Level,Not Provided,No,Three Approaches,Not Provided,No Traffic Control,Dry,Intersection Area,Intersection Related - Within 150 Feet,No Traffic Control Device Present,No,2022,Spring,May,Nighttime,Midnight - 2:59am,1,Property Damage Crash,No,No,No,No,No,No,No,No,No,Yes,Yes,No,Yes,Multiple Vehicle Crashes,Va. Beach City,,Urban,36.78422,-76.14925,Non-Interstate,BATTLEFORD DR (PR - CITY OF VIRGINIA BEACH),,BATTLEFORD DR,0.0,Local,At Intersection,PLEASANT VALLEY RD,No,0,0,No,0,0,0,0,0,0,0,0,0,0,0,c8375163,0,0,1,Minor
2,2022-10-14,18:10:00,Friday,Angle,On Roadway,"Blacktop, Asphalt, Bituminous",Under Repair,Daylight,Daylight,"Two-Way, Divided, Positive Median Barrier",Activity Area,No Adverse Condition (Clear/Cloud),Straight - Level,With No Law Enforcement,No,Three Approaches,Lane Shift/Crossover,Traffic Signal,Dry,Intersection Area,Within Intersection,Yes - Working,Yes,2022,Autumn,October,Nighttime,6:00pm - 8:59pm,18,Injury Crash,No,No,No,No,No,No,No,No,No,No,No,No,No,Multiple Vehicle Crashes,Arlington County,,Urban,38.85813,-77.10355,Non-Interstate,CR-23E (ARLINGTON COUNTY),23.0,COLUMBIA PIKE,1.01,Other Principal Arterial,At Intersection,TAYLOR ST,No,0,0,No,0,0,0,0,0,0,0,0,0,0,1,c1624716,0,0,1,Minor
2,2024-04-22,10:19:00,Monday,Angle,On Roadway,"Blacktop, Asphalt, Bituminous",No Defects,Daylight,Daylight,"Two-Way, Not Divided",Not Provided,No Adverse Condition (Clear/Cloud),Straight - Level,Not Provided,No,Four Approaches,Not Provided,Traffic Lanes Marked,Dry,Intersection Area,Within Intersection,Yes - Working,No,2024,Spring,April,Daytime,9:00am - 11:59am,10,Property Damage Crash,No,No,No,No,No,No,No,No,No,No,No,No,No,Multiple Vehicle Crashes,Chesterfield County,,Urban,37.37574,-77.50846,Non-Interstate,VA-10E,10.0,IRON BRIDGE RD,10.36,Other Principal Arterial,At Intersection,BEACH RD,No,0,0,No,0,0,0,0,0,0,0,0,0,0,0,c6290918,0,0,1,Minor
2,2024-10-22,16:44:00,Tuesday,Rear End,On Roadway,"Blacktop, Asphalt, Bituminous",No Defects,Daylight,Daylight,"Two-Way, Not Divided",Not Provided,No Adverse Condition (Clear/Cloud),Straight - Level,Not Provided,No,Not at Intersection,Not Provided,Traffic Lanes Marked,Dry,Intersection Area,Non-Intersection,Yes - Working,No,2024,Autumn,October,Daytime,3:00pm - 5:59pm,16,Property Damage Crash,No,No,No,No,No,No,No,No,No,Yes,No,No,No,Multiple Vehicle Crashes,Gloucester County,,Urban,37.2758,-76.4905,Non-Interstate,VA-216E,216.0,GUINEA RD,0.55,Major Collector,Not at Intersection,,No,0,0,No,0,0,0,0,0,0,0,0,0,0,0,c5919595,0,0,1,Minor
2,2022-05-23,21:50:00,Monday,Angle,On Roadway,"Blacktop, Asphalt, Bituminous",No Defects,Darkness,Darkness - Road Lighted,"Two-Way, Divided, Unprotected Median",Not Provided,No Adverse Condition (Clear/Cloud),Straight - Level,Not Provided,No,Four Approaches,Not Provided,Stop Sign,Dry,Intersection Area,Intersection Related - Within 150 Feet,Yes - Working,No,2022,Spring,May,Nighttime,9:00pm - 11:59pm,21,Injury Crash,No,No,No,No,No,No,No,No,No,No,No,No,No,Multiple Vehicle Crashes,Hampton City,,Urban,37.01691,-76.32483,Non-Interstate,UR-7057E (CITY OF HAMPTON),7057.0,MALLORY ST,0.17,Minor Arterial,At Intersection,DOWNES ST,No,0,0,No,0,0,0,0,0,0,0,0,0,0,1,c7908192,0,0,1,Minor
2,2022-01-05,15:00:00,Wednesday,Angle,On Roadway,"Blacktop, Asphalt, Bituminous",No Defects,Daylight,Daylight,"Two-Way, Divided, Unprotected Median",Not Provided,Rain,Straight - Level,Not Provided,No,Three Approaches,Not Provided,Traffic Lanes Marked,Wet,Intersection Area,Within Intersection,Yes - Working,No,2022,Winter,January,Daytime,3:00pm - 5:59pm,15,Injury Crash,No,No,No,No,No,No,No,No,No,No,No,No,No,Multiple Vehicle Crashes,Newport News City,,Urban,37.17533,-76.58048,Non-Interstate,ENTERPRISE DR (PR - CITY OF NEWPORT NEWS),,ENTERPRISE DR,0.72,Local,At Intersection,PICKETT' LINE,No,0,0,No,0,0,0,0,0,0,0,0,1,0,1,c6259344,0,0,1,Minor
2,2023-11-20,08:20:00,Monday,Rear End,On Roadway,"Blacktop, Asphalt, Bituminous",No Defects,Daylight,Daylight,"Two-Way, Divided, Unprotected Median",Not Provided,No Adverse Condition (Clear/Cloud),Grade - Curve,Not Provided,No,Three Approaches,Not Provided,Yield Sign,Dry,Interchange Area,Intersection at end of Ramp,Yes - Working,No,2023,Autumn,November,Daytime,6:00am - 8:59am,8,Injury Crash,No,No,No,No,No,No,No,No,No,No,No,No,No,Multiple Vehicle Crashes,Fredericksburg City,,Urban,38.29626,-77.48392,Non-Interstate,VA-3W RAMP 33A,1.0,JEFFERSON DAVIS HWY RAMP,0.06,Other Principal Arterial,Not at Intersection,,No,0,0,No,0,0,0,0,0,0,0,0,0,0,2,c0472234,0,1,0,Severe
1,2022-03-05,08:21:00,Saturday,Fixed Object - Off Road,Roadside,"Blacktop, Asphalt, Bituminous",No Defects,Daylight,Daylight,"Two-Way, Not Divided",Not Provided,No Adverse Condition (Clear/Cloud),Curve - Level,Not Provided,No,Not at Intersection,Not Provided,Traffic Lanes Marked,Dry,Intersection Area,Non-Intersection,Yes - Working,No,2022,Spring,March,Daytime,6:00am - 8:59am,8,Property Damage Crash,No,No,No,No,No,No,No,No,No,No,No,No,No,Single Vehicle Crashes,Franklin County,,Rural,36.95041,-79.8605,Non-Interstate,SC-619W (FRANKLIN COUNTY),619.0,SONTAG RD,7.12,Major Collector,Not at Intersection,,No,0,0,No,0,0,0,0,0,0,0,0,0,0,0,c4746201,0,0,1,Minor
1,2023-11-11,13:51:00,Saturday,Deer,On Roadway,"Blacktop, Asphalt, Bituminous",No Defects,Daylight,Daylight,"Two-Way, Not Divided",Not Provided,No Adverse Condition (Clear/Cloud),Straight - Level,Not Provided,No,Two Approaches,Not Provided,Traffic Lanes Marked,Dry,Intersection Area,Intersection Related - Within 150 Feet,Yes - Working,No,2023,Autumn,November,Daytime,Noon - 2:59pm,13,Property Damage Crash,No,No,No,No,No,No,No,No,No,No,No,No,No,Single Vehicle Crashes,Loudoun County,,Rural,39.04048,-77.58122,Non-Interstate,SC-621N (LOUDOUN COUNTY),621.0,EVERGREEN MILLS RD,11.89,Major Collector,Not at Intersection,,No,0,0,No,0,0,0,0,0,0,0,0,0,0,0,c6990476,0,0,1,Minor
1,2023-01-02,08:00:00,Monday,Fixed Object - Off Road,Shoulder,"Blacktop, Asphalt, Bituminous",Slick Pavement,Daylight,Daylight,"Two-Way, Not Divided",Not Provided,No Adverse Condition (Clear/Cloud),Grade - Curve,Not Provided,No,Not at Intersection,Not Provided,No Passing Lines,Icy,Intersection Area,Non-Intersection,Yes - Working,No,2023,Winter,January,Daytime,6:00am - 8:59am,8,Property Damage Crash,No,No,No,No,No,No,No,No,No,No,No,No,No,Single Vehicle Crashes,Amherst County,,Rural,37.74537,-79.26454,Non-Interstate,US-60W,60.0,LEXINGTON TPKE,72.32,Minor Arterial,At Intersection,PEDLAR RIVER RD,No,0,0,No,0,0,0,0,0,0,0,0,0,0,0,c6049993,0,0,1,Minor
2,2023-10-02,07:37:00,Monday,Rear End,On Roadway,"Blacktop, Asphalt, Bituminous",No Defects,Daylight,Daylight,"Two-Way, Divided, Positive Median Barrier",Not Provided,No Adverse Condition (Clear/Cloud),Straight - Level,Not Provided,No,Not at Intersection,Not Provided,Traffic Lanes Marked,Dry,Intersection Area,Non-Intersection,Yes - Working,No,2023,Autumn,October,Daytime,6:00am - 8:59am,7,Property Damage Crash,No,Yes,No,No,No,No,No,No,No,No,No,No,No,Multiple Vehicle Crashes,Chesterfield County,,Urban,37.37691,-77.41225,Non-Interstate,VA-288N,288.0,VA-288,0.53,Other Freeways and Expressways,Not at Intersection,,No,0,0,No,0,0,0,0,0,0,0,0,0,0,0,c5509390,0,0,1,Minor
1,2023-01-27,23:50:00,Friday,Fixed Object - Off Road,Roadside,"Blacktop, Asphalt, Bituminous",No Defects,Darkness,Darkness - Road Not Lighted,"Two-Way, Not Divided",Not Provided,No Adverse Condition (Clear/Cloud),Grade - Straight,Not Provided,No,Not at Intersection,Not Provided,No Passing Lines,Dry,Intersection Area,Non-Intersection,Yes - Working,No,2023,Winter,January,Nighttime,9:00pm - 11:59pm,23,Property Damage Crash,Yes,Yes,No,No,No,No,No,No,No,No,Yes,No,No,Single Vehicle Crashes,Henry County,,Rural,36.62444,-79.77363,Non-Interstate,SC-650E (HENRY COUNTY),650.0,IRISBURG RD,5.55,Major Collector,Not at Intersection,,No,0,0,No,0,0,0,0,0,0,0,0,0,0,0,c3067167,0,0,1,Minor
1,2022-09-15,01:16:00,Thursday,Fixed Object - Off Road,Roadside,"Blacktop, Asphalt, Bituminous",No Defects,Darkness,Darkness - Road Lighted,"Two-Way, Divided, Unprotected Median",Not Provided,No Adverse Condition (Clear/Cloud),Hillcrest - Curve,Not Provided,No,Not at Intersection,Not Provided,Traffic Lanes Marked,Dry,Intersection Area,Non-Intersection,Yes - Working,No,2022,Autumn,September,Nighttime,Midnight - 2:59am,1,Injury Crash,Yes,No,No,No,No,No,No,No,No,No,No,No,No,Single Vehicle Crashes,Lynchburg City,,Urban,37.4254,-79.15294,Non-Interstate,UR-6012N (CITY OF LYNCHBURG),,RIVERMONT AVE,1.38,Minor Arterial,At Intersection,J ST,No,0,0,No,0,0,0,0,0,0,0,0,0,0,2,c8007580,0,1,0,Severe
2,2022-04-04,11:50:00,Monday,Angle,On Roadway,"Blacktop, Asphalt, Bituminous",No Defects,Daylight,Daylight,"Two-Way, Divided, Positive Median Barrier",Not Provided,No Adverse Condition (Clear/Cloud),Straight - Level,Not Provided,No,Four Approaches,Not Provided,Traffic Signal,Dry,Intersection Area,Within Intersection,Yes - Working,No,2022,Spring,April,Daytime,9:00am - 11:59am,11,Property Damage Crash,No,No,No,No,No,No,No,No,No,No,No,No,No,Multiple Vehicle Crashes,Fairfax County,,Urban,38.89118,-77.46359,Non-Interstate,SC-8460N (FAIRFAX COUNTY),8460.0,STONECROFT BLVD,1.93,Minor Arterial,At Intersection,WILLARD RD,No,0,0,No,0,0,0,0,0,0,0,0,0,0,0,c9752709,0,0,1,Minor
1,2024-08-22,16:50:00,Thursday,Fixed Object - Off Road,Shoulder,"Blacktop, Asphalt, Bituminous",No Defects,Daylight,Daylight,"Two-Way, Not Divided",Not Provided,No Adverse Condition (Clear/Cloud),Curve - Level,Not Provided,No,Not at Intersection,Not Provided,No Passing Lines,Dry,Intersection Area,Non-Intersection,Yes - Working,No,2024,Summer,August,Daytime,3:00pm - 5:59pm,16,Property Damage Crash,No,No,No,No,No,No,No,No,No,No,No,No,No,Single Vehicle Crashes,Page County,,Rural,38.58717,-78.59144,Non-Interstate,US-340N,340.0,US-340,60.24,Minor Arterial,Not at Intersection,,No,0,0,No,0,0,0,0,0,0,0,0,0,0,0,c4900548,0,0,1,Minor
1,2023-10-30,05:48:00,Monday,Deer,On Roadway,"Blacktop, Asphalt, Bituminous",No Defects,Darkness,Darkness - Road Not Lighted,"Two-Way, Divided, Unprotected Median",Not Provided,No Adverse Condition (Clear/Cloud),Straight - Level,Not Provided,No,Not at Intersection,Not Provided,Traffic Lanes Marked,Dry,Intersection Area,Non-Intersection,Yes - Working,No,2023,Autumn,October,Nighttime,3:00am - 5:59am,5,Property Damage Crash,No,No,No,No,No,No,No,No,No,No,No,No,No,Single Vehicle Crashes,Hanover County,,Rural,37.759,-77.36468,Non-Interstate,US-301N,301.0,HANOVER COURTHOUSE RD,92.55,Minor Arterial,Not at Intersection,,No,0,0,No,0,0,0,0,0,0,0,0,0,0,0,c6547362,0,0,1,Minor
2,2022-08-20,13:13:00,Saturday,Rear End,On Roadway,"Blacktop, Asphalt, Bituminous",No Defects,Daylight,Daylight,"Two-Way, Not Divided",Not Provided,No Adverse Condition (Clear/Cloud),Grade - Straight,Not Provided,No,Not at Intersection,Not Provided,Traffic Lanes Marked,Dry,Intersection Area,Non-Intersection,Yes - Working,No,2022,Summer,August,Daytime,Noon - 2:59pm,13,Property Damage Crash,No,No,No,No,No,No,No,No,No,Yes,No,No,No,Multiple Vehicle Crashes,Chesterfield County,,Urban,37.38159,-77.42274,Non-Interstate,US-1N,1.0,JEFFERSON DAVIS HWY,81.79,Other Principal Arterial,At Intersection,MELBA ST,No,0,0,No,0,0,0,0,0,0,0,0,0,0,0,c4769036,0,0,1,Minor
1,2024-12-08,07:13:00,Sunday,Fixed Object - Off Road,On Roadway,"Blacktop, Asphalt, Bituminous",No Defects,Dawn,Dawn,"Two-Way, Not Divided",Not Provided,No Adverse Condition (Clear/Cloud),Curve - Level,Not Provided,No,Not at Intersection,Not Provided,Traffic Lanes Marked,Dry,Intersection Area,Non-Intersection,Yes - Working,No,2024,Winter,December,Daytime,6:00am - 8:59am,7,Injury Crash,No,No,No,No,No,No,No,No,No,No,No,No,No,Single Vehicle Crashes,Isle of Wight County,,Rural,36.88184,-76.73229,Non-Interstate,US-258W,258.0,COURTHOUSE HWAY,35.9,Minor Arterial,Not at Intersection,,Yes,0,1,No,0,0,0,0,0,0,0,0,0,0,1,c3924507,0,0,1,Minor
2,2023-11-01,05:49:00,Wednesday,Rear End,On Roadway,"Blacktop, Asphalt, Bituminous",No Defects,Dawn,Dawn,"Two-Way, Divided, Positive Median Barrier",Not Provided,No Adverse Condition (Clear/Cloud),Straight - Level,Not Provided,No,Four Approaches,Not Provided,Traffic Signal,Dry,Intersection Area,Intersection Related - Within 150 Feet,Yes - Working,No,2023,Autumn,November,Nighttime,3:00am - 5:59am,5,Injury Crash,No,No,No,No,No,No,No,No,No,No,No,No,No,Multiple Vehicle Crashes,Prince William County,,Urban,38.65859,-77.44036,Non-Interstate,SC-642W (PRINCE WILLIAM COUNTY),642.0,HOADLY RD,0.02,Minor Arterial,At Intersection,DUMFRIES RD,Yes,0,1,No,0,0,0,0,0,0,0,0,0,0,2,c9679991,0,1,0,Severe
1,2022-08-05,14:30:00,Friday,Fixed Object - Off Road,Roadside,"Blacktop, Asphalt, Bituminous",No Defects,Daylight,Daylight,"Two-Way, Not Divided",Not Provided,No Adverse Condition (Clear/Cloud),Straight - Level,Not Provided,No,Not at Intersection,Not Provided,No Traffic Control,Dry,Intersection Area,Non-Intersection,No Traffic Control Device Present,No,2022,Summer,August,Daytime,Noon - 2:59pm,14,Property Damage Crash,No,Yes,No,No,No,No,No,No,No,No,No,No,No,Single Vehicle Crashes,Prince William County,,Urban,38.60748,-77.29738,Non-Interstate,SC-823E (PRINCE WILLIAM COUNTY),823.0,DONALD CURTIS DR,0.4,Local,Not at Intersection,,No,0,0,No,0,0,0,0,0,0,0,0,0,0,0,c1138637,0,0,1,Minor
1,2022-10-13,20:07:00,Thursday,Fixed Object - Off Road,Roadside,"Blacktop, Asphalt, Bituminous",No Defects,Darkness,Darkness - Road Not Lighted,"Two-Way, Divided, Unprotected Median",Not Provided,Rain,Straight - Level,Not Provided,No,Not at Intersection,Not Provided,No Traffic Control,Wet,Intersection Area,Non-Intersection,No Traffic Control Device Present,No,2022,Autumn,October,Nighttime,6:00pm - 8:59pm,20,Property Damage Crash,Yes,Yes,No,No,No,No,No,No,No,No,No,No,No,Single Vehicle Crashes,Fauquier County,,Urban,38.75318,-77.74612,Non-Interstate,US-29S,29.0,LEE HWY,210.36,Other Principal Arterial,Not at Intersection,,No,0,0,No,0,0,0,0,0,0,0,0,0,0,0,c6206951,0,0,1,Minor
2,2022-09-26,13:36:00,Monday,Angle,On Roadway,"Blacktop, Asphalt, Bituminous",No Defects,Daylight,Daylight,"Two-Way, Divided, Unprotected Median",Not Provided,No Adverse Condition (Clear/Cloud),Straight - Level,Not Provided,No,Three Approaches,Not Provided,Yield Sign,Dry,Intersection Area,Within Intersection,Yes - Working,No,2022,Autumn,September,Daytime,Noon - 2:59pm,13,Property Damage Crash,No,No,No,No,No,No,No,No,No,No,Yes,No,No,Multiple Vehicle Crashes,Rockingham County,,Rural,38.56256,-78.74629,Non-Interstate,US-11S,11.0,VALLEY PIKE,273.5,Minor Arterial,At Intersection,MAYLAND RD,Yes,0,0,No,0,0,0,0,0,0,0,0,0,0,0,c5626189,0,0,1,Minor
1,2023-07-14,22:50:00,Friday,Deer,On Roadway,"Blacktop, Asphalt, Bituminous",No Defects,Darkness,Darkness - Road Not Lighted,"Two-Way, Not Divided",Not Provided,No Adverse Condition (Clear/Cloud),Straight - Level,Not Provided,No,Not at Intersection,Not Provided,Traffic Lanes Marked,Dry,Interchange Area,Main-Line Roadway,Yes - Working,No,2023,Summer,July,Nighttime,9:00pm - 11:59pm,22,Property Damage Crash,No,No,No,No,No,No,No,No,No,No,No,No,No,Single Vehicle Crashes,Tazewell County,,Rural,37.05488,-81.57817,Non-Interstate,SC-604W (TAZEWELL COUNTY),604.0,THOMPSON VALLEY RD,5.86,Minor Collector,Not at Intersection,,No,0,0,No,0,0,0,0,0,0,0,0,0,0,0,c1594967,0,0,1,Minor
2,2022-05-12,18:20:00,Thursday,Angle,On Roadway,"Blacktop, Asphalt, Bituminous",No Defects,Daylight,Daylight,"Two-Way, Not Divided",Activity Area,Rain,Straight - Level,No Workers Present,No,Four Approaches,Other,Stop Sign,Wet,Intersection Area,Within Intersection,Yes - Working,Yes,2022,Spring,May,Nighttime,6:00pm - 8:59pm,18,Property Damage Crash,No,No,No,No,No,No,No,No,No,No,No,No,No,Multiple Vehicle Crashes,Roanoke City,,Urban,37.27162,-79.92226,,DALE AVE SE (PR - CITY OF ROANOKE),,DALE AVE,0.76,,At Intersection,13TH ST,No,0,0,No,0,0,0,0,0,0,0,0,0,0,0,c6470816,0,0,1,Minor
2,2023-08-18,07:00:00,Friday,Rear End,On Roadway,"Blacktop, Asphalt, Bituminous",No Defects,Daylight,Daylight,"Two-Way, Not Divided",Not Provided,No Adverse Condition (Clear/Cloud),Straight - Level,Not Provided,No,Four Approaches,Not Provided,Traffic Signal,Dry,Intersection Area,Intersection Related - Within 150 Feet,Yes - Working,No,2023,Summer,August,Daytime,6:00am - 8:59am,7,Property Damage Crash,No,No,No,No,No,No,No,No,No,No,Yes,No,No,Multiple Vehicle Crashes,Prince George County,,Rural,37.1559,-77.27506,Non-Interstate,US-460W,460.0,COUNTY DR,328.02,Other Principal Arterial,At Intersection,PRINCE GEORGE DR,Yes,0,0,No,0,0,0,0,0,0,0,0,0,0,0,c6188088,0,0,1,Minor
2,2023-07-26,10:10:00,Wednesday,Sideswipe - Same Direction,On Roadway,"Blacktop, Asphalt, Bituminous",No Defects,Daylight,Daylight,"Two-Way, Divided, Unprotected Median",Not Provided,No Adverse Condition (Clear/Cloud),Straight - Level,Not Provided,No,Not at Intersection,Not Provided,Traffic Lanes Marked,Dry,Intersection Area,Non-Intersection,No Traffic Control Device Present,No,2023,Summer,July,Daytime,9:00am - 11:59am,10,Property Damage Crash,No,No,No,No,No,No,No,No,No,No,No,No,No,Multiple Vehicle Crashes,Fairfax City,,Urban,38.86482,-77.27046,Non-Interstate,US-50E,50.0,FAIRFAX BLVD,73.69,Other Principal Arterial,At Intersection,PICKETT RD,No,0,0,No,0,0,0,0,0,0,0,0,0,0,0,c1447732,0,0,1,Minor
2,2024-11-08,06:54:00,Friday,Angle,On Roadway,"Blacktop, Asphalt, Bituminous",No Defects,Daylight,Daylight,"Two-Way, Divided, Positive Median Barrier",Not Provided,No Adverse Condition (Clear/Cloud),Straight - Level,Not Provided,No,Two Approaches,Not Provided,Yield Sign,Wet,Interchange Area,On Entrance/Exit Ramp,Yes - Working,No,2024,Autumn,November,Daytime,6:00am - 8:59am,6,Injury Crash,No,No,No,No,No,No,No,No,No,No,No,No,No,Multiple Vehicle Crashes,Danville City,,Urban,36.60329,-79.41306,Non-Interstate,BUS US-29N (1 CITY OF DANVILLE),29.0,CENTRAL BLVD,6.48,Other Principal Arterial,At Intersection,PINEY FOREST RD,No,0,0,No,0,0,0,0,0,0,0,0,0,0,1,c7157158,0,0,1,Minor
2,2022-02-07,08:38:00,Monday,Backed Into,On Roadway,"Blacktop, Asphalt, Bituminous",No Defects,Daylight,Daylight,"Two-Way, Not Divided",Not Provided,No Adverse Condition (Clear/Cloud),Straight - Level,Not Provided,No,Four Approaches,Not Provided,Traffic Signal,Dry,Intersection Area,Within Intersection,Yes - Working,No,2022,Winter,February,Daytime,6:00am - 8:59am,8,Property Damage Crash,No,No,No,No,No,No,No,No,No,No,Yes,No,No,Multiple Vehicle Crashes,Salem City,,Urban,37.27485,-80.05388,Non-Interstate,US-11N,11.0,APPERSON DR,144.53,Other Principal Arterial,At Intersection,RIVERLAND DR,No,0,0,No,0,0,0,0,0,0,0,0,0,0,0,c1866227,0,0,1,Minor