NumberOfVehicles,CrashDate,CrashTime,DayOfWeek,TypeOfCollision,LocationOfFirstHarmfulEvent,RoadwaySurfaceType,RoadwayDefect,LightCondition_Category,LightCondition_Value,RoadwayDescription,WorkZoneLocation,WeatherCondition,RoadwayAlignment,WorkZoneWorkersPresent,SchoolZone,IntersectionType,WorkZoneType,TrafficControlType,RoadwaySurfaceCondition,RelationToRoadway_Category,RelationToRoadway_Value,TrafficControlMechanicalDevice,WorkZoneRelated,Year,Meteorological Season,MonthName,DaytimeNighttime_NHTSA,ThreeHourLabel,Hour,CrashType,AlcoholInvolved,SpeedRelated,CommercialMotorVehiclesInvolved,PedestrianInvolved,BicycleInvolved,MotorcycleInvolved,MopedInvolved,TrainRelated,SchoolZoneInvolved,TeenDriverInvolved,DistractedDriverInvolved,DriverTextingInvolved,DriverUsingCellPhone,Single_Multi_Vehicle,Jurisdiction,TownName,LocationTypeName,Latitude,Longitude,Interstate_NonInterstate,RoadName,RouteNumber,RouteName,MileMarker,FunctionalClassCode,AtIntersection,SecondaryLocation,MatureDriverInvolved,MatureDriverFatalities,MatureDriverInjuries,LargeTruckInvolved,PedestrianFatalities,PedestrianInjuries,MotorcycleFatalities,MotorcycleInjuries,BicycleFatalities,BicycleInjuries,DistractedDriverFatalities,DistractedDriverInjuries,UnrestrainedInjuries,Number_Of_Fatalities,Number_Of_Injuries,Crash_UID,Is_Fatal,Is_Severe,Is_Minor,SeverityLabel
2,2022-02-09,13:00:00,Wednesday,Sideswipe - Opposite Direction,On Roadway,"Blacktop, Asphalt, Bituminous",No Defects,Daylight,Daylight,"Two-Way, Not Divided",Not Provided,No Adverse Condition (Clear/Cloud),Straight - Level,Not Provided,No,Three Approaches,Not Provided,No Traffic Control,Dry,Intersection Area,Intersection Related - Within 150 Feet,No Traffic Control Device Present,No,2022,Winter,February,Daytime,Noon - 2:59pm,13,Property Damage Crash,No,No,Yes,No,No,No,No,No,No,No,No,No,No,Multiple Vehicle Crashes,Newport News City,,Urban,37.00597,-76.4295,Non-Interstate,TEMPLE LN (PR - CITY OF NEWPORT NEWS),,TEMPLE LN,0.32,Local,At Intersection,MARSHALL AVE,No,0,0,No,0,0,0,0,0,0,0,0,0,0,0,c0572211,0,0,1,Minor
1,2023-10-27,22:34:00,Friday,Fixed Object - Off Road,Roadside,"Blacktop, Asphalt, Bituminous",No Defects,Darkness,Darkness - Road Not Lighted,"Two-Way, Divided, Positive Median Barrier",Not Provided,No Adverse Condition (Clear/Cloud),Straight - Level,Not Provided,No,Not at Intersection,Not Provided,Traffic Lanes Marked,Dry,Intersection Area,Non-Intersection,Yes - Working,No,2023,Autumn,October,Nighttime,9:00pm - 11:59pm,22,Injury Crash,Yes,Yes,No,No,No,No,No,No,No,No,Yes,No,No,Single Vehicle Crashes,Augusta County,,Rural,38.16602,-79.00906,Interstate,VA-262N RAMP 13B,262.0,I-81 RAMP,0.0,Interstate,At Intersection,VA-262,No,0,0,No,0,0,0,0,0,0,0,1,1,0,1,c4950993,0,0,1,Minor
2,2024-02-05,15:03:00,Monday,Angle,On Roadway,"Blacktop, Asphalt, Bituminous",No Defects,Daylight,Daylight,"Two-Way, Divided, Unprotected Median",Not Provided,No Adverse Condition (Clear/Cloud),Grade - Straight,Not Provided,No,Four Approaches,Not Provided,Traffic Lanes Marked,Dry,Intersection Area,Within Intersection,No Traffic Control Device Present,No,2024,Winter,February,Daytime,3:00pm - 5:59pm,15,Injury Crash,No,Yes,No,No,No,Yes,No,No,No,No,No,No,No,Multiple Vehicle Crashes,Loudoun County,Leesburg,Urban,39.10635,-77.54782,Non-Interstate,BUS VA-7E (2 TOWN OF LEESBURG),7.0,MARKET ST,2.23,Minor Arterial,At Intersection,PROSPERITY AVE,No,0,0,No,0,0,0,2,0,0,0,0,0,0,2,c4815132,0,1,0,Severe
4,2022-06-22,10:45:00,Wednesday,Rear End,On Roadway,"Blacktop, Asphalt, Bituminous",No Defects,Daylight,Daylight,"Two-Way, Divided, Positive Median Barrier",Not Provided,No Adverse Condition (Clear/Cloud),Straight - Level,Not Provided,No,Four Approaches,Not Provided,Traffic Signal,Dry,Intersection Area,Intersection Related - Within 150 Feet,Yes - Working,No,2022,Summer,June,Daytime,9:00am - 11:59am,10,Property Damage Crash,No,No,No,No,No,No,No,No,No,No,No,No,No,Multiple Vehicle Crashes,Fredericksburg City,,Urban,38.2961,-77.51217,Non-Interstate,VA-3W,3.0,PLANK RD,31.64,Other Principal Arterial,At Intersection,CARL D SILVER PKWY,Yes,0,0,No,0,0,0,0,0,0,0,0,0,0,0,c4979436,0,0,1,Minor
1,2024-01-03,18:45:00,Wednesday,Deer,On Roadway,"Blacktop, Asphalt, Bituminous",No Defects,Darkness,Darkness - Road Not Lighted,"Two-Way, Divided, Unprotected Median",Not Provided,No Adverse Condition (Clear/Cloud),Straight - Level,Not Provided,No,Not at Intersection,Not Provided,Traffic Lanes Marked,Dry,Intersection Area,Non-Intersection,Yes - Working,No,2024,Winter,January,Nighttime,6:00pm - 8:59pm,18,Property Damage Crash,No,No,No,No,No,No,No,No,No,No,No,No,No,Single Vehicle Crashes,Essex County,,Rural,37.85321,-76.92012,Non-Interstate,US-360W,360.0,RICHMOND HWY,179.35,Other Principal Arterial,Not at Intersection,,No,0,0,No,0,0,0,0,0,0,0,0,0,0,0,c9296556,0,0,1,Minor
2,2024-12-12,18:56:00,Thursday,Rear End,On Roadway,"Blacktop, Asphalt, Bituminous",No Defects,Darkness,Darkness - Road Lighted,"Two-Way, Divided, Positive Median Barrier",Not Provided,No Adverse Condition (Clear/Cloud),Straight - Level,Not Provided,No,Not at Intersection,Not Provided,Traffic Lanes Marked,Dry,Intersection Area,Non-Intersection,Yes - Working,No,2024,Winter,December,Nighttime,6:00pm - 8:59pm,18,Injury Crash,No,Yes,No,No,No,No,No,No,No,No,No,No,No,Multiple Vehicle Crashes,Fairfax County,,Urban,38.89684,-77.19993,Interstate,I-66E,66.0,I-66,66.23,Interstate,Not at Intersection,,Yes,0,1,No,0,0,0,0,0,0,0,0,0,0,2,c9368781,0,1,0,Severe
2,2024-10-01,16:22:00,Tuesday,Sideswipe - Same Direction,On Roadway,"Blacktop, Asphalt, Bituminous",No Defects,Daylight,Daylight,"Two-Way, Not Divided",Not Provided,No Adverse Condition (Clear/Cloud),Straight - Level,Not Provided,No,Not at Intersection,Not Provided,Traffic Lanes Marked,Dry,Other Location,"Driveway, Alley-Access - Related",Yes - Working,No,2024,Autumn,October,Daytime,3:00pm - 5:59pm,16,Property Damage Crash,No,No,No,No,No,No,No,No,No,No,No,No,No,Multiple Vehicle Crashes,Danville City,,Urban,36.57236,-79.41963,Non-Interstate,VA-293N,293.0,MAIN ST,1.22,Minor Arterial,Not at Intersection,,Yes,0,0,No,0,0,0,0,0,0,0,0,0,0,0,c3448359,0,0,1,Minor
2,2024-12-01,13:04:00,Sunday,Rear End,On Roadway,"Blacktop, Asphalt, Bituminous",No Defects,Daylight,Daylight,"Two-Way, Divided, Positive Median Barrier",Not Provided,No Adverse Condition (Clear/Cloud),Straight - Level,Not Provided,No,Not at Intersection,Not Provided,Traffic Lanes Marked,Dry,Intersection Area,Non-Intersection,Yes - Working,No,2024,Winter,December,Daytime,Noon - 2:59pm,13,Property Damage Crash,No,No,No,No,No,No,No,No,No,No,No,No,No,Multiple Vehicle Crashes,Chesapeake City,,Urban,36.75759,-76.29164,Interstate,I-64W,64.0,I-64,293.8,Interstate,Not at Intersection,,Yes,0,0,No,0,0,0,0,0,0,0,0,0,0,0,c5608660,0,0,1,Minor
2,2023-12-05,06:27:00,Tuesday,Rear End,On Roadway,"Blacktop, Asphalt, Bituminous",No Defects,Daylight,Daylight,"Two-Way, Divided, Positive Median Barrier",Not Provided,No Adverse Condition (Clear/Cloud),Straight - Level,Not Provided,No,Not at Intersection,Not Provided,Traffic Lanes Marked,Dry,Intersection Area,Non-Intersection,Yes - Working,No,2023,Winter,December,Daytime,6:00am - 8:59am,6,Property Damage Crash,No,Yes,No,No,No,No,No,No,No,No,No,No,No,Multiple Vehicle Crashes,Fairfax County,,Urban,38.72622,-77.20217,Interstate,I-95N,95.0,I-95,166.04,Interstate,Not at Intersection,,Yes,0,0,No,0,0,0,0,0,0,0,0,0,0,0,c2840145,0,0,1,Minor
2,2024-04-13,11:14:00,Saturday,Angle,On Roadway,"Blacktop, Asphalt, Bituminous",No Defects,Daylight,Daylight,"Two-Way, Not Divided",Not Provided,No Adverse Condition (Clear/Cloud),Straight - Level,Not Provided,No,Three Approaches,Not Provided,Stop Sign,Dry,Intersection,Intersection Related - Outside 150 Feet,Yes - Working,No,2024,Spring,April,Daytime,9:00am - 11:59am,11,Injury Crash,No,No,No,No,No,No,No,No,No,No,No,No,No,Multiple Vehicle Crashes,Hanover County,,Urban,37.61138,-77.33921,Non-Interstate,SC-643S (HANOVER COUNTY),643.0,LEE-DAVIS RD,0.85,Major Collector,Not at Intersection,,Yes,0,1,No,0,0,0,0,0,0,0,0,0,0,2,c6083337,0,1,0,Severe
3,2023-12-16,12:08:00,Saturday,Rear End,On Roadway,"Blacktop, Asphalt, Bituminous",No Defects,Daylight,Daylight,"Two-Way, Divided, Positive Median Barrier",Not Provided,No Adverse Condition (Clear/Cloud),Straight - Level,Not Provided,No,Not at Intersection,Not Provided,Traffic Lanes Marked,Dry,Intersection Area,Non-Intersection,Yes - Working,No,2023,Winter,December,Daytime,Noon - 2:59pm,12,Property Damage Crash,No,No,No,No,No,No,No,No,No,No,No,No,No,Multiple Vehicle Crashes,Norfolk City,,Urban,36.92069,-76.27068,Interstate,I-64E,64.0,I-64,276.94,Interstate,Not at Intersection,,Yes,0,0,No,0,0,0,0,0,0,0,0,0,0,0,c5629091,0,0,1,Minor
1,2024-02-13,15:38:00,Tuesday,Pedestrian,On Roadway,"Blacktop, Asphalt, Bituminous",No Defects,Daylight,Daylight,"Two-Way, Not Divided",Not Provided,No Adverse Condition (Clear/Cloud),Grade - Curve,Not Provided,No,Not at Intersection,Not Provided,Pedestrian Crosswalk,Dry,Interchange Area,Main-Line Roadway,Yes - Working,No,2024,Winter,February,Daytime,3:00pm - 5:59pm,15,Injury Crash,No,No,No,Yes,No,No,No,No,No,No,Yes,No,No,Single Vehicle Crashes,Charlottesville City,,Urban,38.0325,-78.50895,Non-Interstate,BUS US-29N (8 CITY OF CHARLOTTESVILLE),29.0,EMMET ST,1.45,Other Principal Arterial,Not at Intersection,,No,0,0,No,0,1,0,0,0,0,0,0,0,0,1,c8014443,0,0,1,Minor
3,2024-11-20,16:30:00,Wednesday,Rear End,On Roadway,"Blacktop, Asphalt, Bituminous",No Defects,Daylight,Daylight,"Two-Way, Divided, Unprotected Median",Not Provided,No Adverse Condition (Clear/Cloud),Straight - Level,Not Provided,No,Not at Intersection,Not Provided,Traffic Lanes Marked,Dry,Intersection Area,Non-Intersection,Yes - Working,No,2024,Autumn,November,Daytime,3:00pm - 5:59pm,16,Property Damage Crash,No,No,No,No,No,No,No,No,No,No,Yes,No,No,Multiple Vehicle Crashes,Norfolk City,,Urban,36.85117,-76.1787,Non-Interstate,VA-403N,403.0,NEWTOWN RD,0.8,Minor Arterial,At Intersection,ELAM AVE,Yes,0,0,No,0,0,0,0,0,0,0,0,0,0,0,c6605106,0,0,1,Minor
1,2022-03-22,22:01:00,Tuesday,Other Animal,On Roadway,"Blacktop, Asphalt, Bituminous",No Defects,Darkness,Darkness - Road Not Lighted,"Two-Way, Not Divided",Not Provided,No Adverse Condition (Clear/Cloud),Straight - Level,Not Provided,No,Not at Intersection,Not Provided,Traffic Lanes Marked,Dry,Interchange Area,Main-Line Roadway,Yes - Working,No,2022,Spring,March,Nighttime,9:00pm - 11:59pm,22,Property Damage Crash,No,No,No,No,No,No,No,No,No,Yes,No,No,No,Single Vehicle Crashes,Montgomery County,,Rural,37.17116,-80.52615,Non-Interstate,VA-114W,114.0,PEPPERS FERRY RD,3.84,Minor Arterial,At Intersection,MCCORMICK RD,No,0,0,No,0,0,0,0,0,0,0,0,0,0,0,c3586366,0,0,1,Minor
3,2022-12-27,13:30:00,Tuesday,Angle,On Roadway,"Blacktop, Asphalt, Bituminous",No Defects,Daylight,Daylight,"Two-Way, Not Divided",Not Provided,No Adverse Condition (Clear/Cloud),Straight - Level,Not Provided,No,Not at Intersection,Not Provided,Traffic Lanes Marked,Dry,Other Location,"Driveway, Alley-Access - Related",Yes - Working,No,2022,Winter,December,Daytime,Noon - 2:59pm,13,Property Damage Crash,No,No,Yes,No,No,No,No,No,No,No,No,No,No,Multiple Vehicle Crashes,Amherst County,,Urban,37.4433,-79.1198,Non-Interstate,BUS US-29N (5 CITY OF LYNCHBURG),29.0,AMHERST HWY,9.04,Other Principal Arterial,Not at Intersection,,Yes,0,0,Yes,0,0,0,0,0,0,0,0,0,0,0,c1422995,0,0,1,Minor
1,2022-01-11,02:03:00,Tuesday,Fixed Object in Road,Shoulder,Concrete,No Defects,Darkness,Darkness - Road Lighted,"Two-Way, Not Divided",Not Provided,No Adverse Condition (Clear/Cloud),Straight - Level,Not Provided,No,Four Approaches,Not Provided,Traffic Signal,Dry,Interchange Area,Main-Line Roadway,Yes - Working,No,2022,Winter,January,Nighttime,Midnight - 2:59am,2,Property Damage Crash,No,Yes,No,No,No,No,No,No,No,No,No,No,No,Single Vehicle Crashes,Fairfax County,,Urban,38.73812,-77.18957,Non-Interstate,VA-286S,286.0,FAIRFAX COUNTY PKWY,2.81,Other Principal Arterial,At Intersection,LOISDALE RD,No,0,0,No,0,0,0,0,0,0,0,0,0,0,0,c9244579,0,0,1,Minor
2,2023-03-01,12:13:00,Wednesday,Angle,On Roadway,"Blacktop, Asphalt, Bituminous",No Defects,Daylight,Daylight,"Two-Way, Not Divided",Not Provided,No Adverse Condition (Clear/Cloud),Straight - Level,Not Provided,No,Three Approaches,Not Provided,No Passing Lines,Dry,Intersection Area,Within Intersection,Yes - Working,No,2023,Spring,March,Daytime,Noon - 2:59pm,12,Property Damage Crash,No,Yes,No,No,No,No,No,No,No,No,No,No,No,Multiple Vehicle Crashes,Rockingham County,,Rural,38.36273,-78.71484,Non-Interstate,SC-649N (ROCKINGHAM COUNTY),649.0,ISLAND FORD RD,2.11,Major Collector,At Intersection,JACOB BURNER DR,Yes,0,0,No,0,0,0,0,0,0,0,0,0,0,0,c2352397,0,0,1,Minor
2,2022-01-05,14:34:00,Wednesday,Sideswipe - Same Direction,On Roadway,"Blacktop, Asphalt, Bituminous",No Defects,Daylight,Daylight,"Two-Way, Not Divided",Not Provided,No Adverse Condition (Clear/Cloud),Straight - Level,Not Provided,No,Not at Intersection,Not Provided,Traffic Lanes Marked,Wet,Interchange Area,Main-Line Roadway,Yes - Working,No,2022,Winter,January,Daytime,Noon - 2:59pm,14,Injury Crash,No,No,No,No,No,No,No,No,No,Yes,No,No,No,Multiple Vehicle Crashes,Rockingham County,,Rural,38.36991,-78.77065,Non-Interstate,US-33W,33.0,SPOTSWOOD TRL,30.54,Other Principal Arterial,Not at Intersection,,No,0,0,No,0,0,0,0,0,0,0,0,0,0,2,c8591838,0,1,0,Severe
3,2022-04-15,02:01:00,Friday,Rear End,On Roadway,"Blacktop, Asphalt, Bituminous",No Defects,Darkness,Darkness - Road Lighted,"Two-Way, Divided, Positive Median Barrier",Not Provided,No Adverse Condition (Clear/Cloud),Straight - Level,Not Provided,No,Four Approaches,Not Provided,Traffic Signal,Dry,Intersection Area,Intersection Related - Within 150 Feet,Yes - Working,No,2022,Spring,April,Nighttime,Midnight - 2:59am,2,Property Damage Crash,Yes,No,No,No,No,No,No,No,No,No,Yes,No,Yes,Multiple Vehicle Crashes,Chesapeake City,,Urban,36.77289,-76.32416,Non-Interstate,US-13S,13.0,MILITARY HWY,38.16,Other Principal Arterial,At Intersection,CANAL DR,No,0,0,No,0,0,0,0,0,0,0,0,0,0,0,c1810674,0,0,1,Minor
3,2024-08-05,11:19:00,Monday,Rear End,On Roadway,"Blacktop, Asphalt, Bituminous",No Defects,Daylight,Daylight,"Two-Way, Divided, Unprotected Median",Not Provided,No Adverse Condition (Clear/Cloud),Straight - Level,Not Provided,No,Four Approaches,Not Provided,Traffic Signal,Dry,Intersection Area,Intersection Related - Within 150 Feet,Yes - Working,No,2024,Summer,August,Daytime,9:00am - 11:59am,11,Injury Crash,No,No,No,No,No,No,No,No,No,No,No,No,No,Multiple Vehicle Crashes,Newport News City,,Urban,37.12803,-76.51143,Non-Interstate,UR-7104W (CITY OF NEWPORT NEWS),0.0,BLAND BLVD,1.05,Minor Arterial,At Intersection,JEFFERSON AVE,Yes,0,2,No,0,0,0,0,0,0,0,0,0,0,3,c7455636,0,1,0,Severe
2,2024-12-13,09:10:00,Friday,Angle,On Roadway,"Blacktop, Asphalt, Bituminous",No Defects,Daylight,Daylight,"Two-Way, Divided, Unprotected Median",Not Provided,No Adverse Condition (Clear/Cloud),Straight - Level,Not Provided,No,Four Approaches,Not Provided,Stop Sign,Dry,Intersection Area,Within Intersection,Yes - Working,No,2024,Winter,December,Daytime,9:00am - 11:59am,9,Fatal Crash,No,Yes,No,No,No,No,No,No,No,No,No,No,No,Multiple Vehicle Crashes,Henry County,,Urban,36.57142,-79.87188,Non-Interstate,US-220S,220.0,GREENSBORO RD,3.03,Other Principal Arterial,At Intersection,LEE FORD CAMP RD,Yes,1,0,No,0,0,0,0,0,0,0,0,0,1,1,c7187355,1,1,0,Fatal
2,2022-09-24,01:18:00,Saturday,Angle,On Roadway,"Blacktop, Asphalt, Bituminous",No Defects,Dusk,Dusk,"Two-Way, Divided, Unprotected Median",Not Provided,No Adverse Condition (Clear/Cloud),Straight - Level,Not Provided,No,Four Approaches,Not Provided,Traffic Lanes Marked,Dry,Intersection Area,Within Intersection,Yes - Working,No,2022,Autumn,September,Nighttime,Midnight - 2:59am,1,Property Damage Crash,No,Yes,No,No,No,No,No,No,No,No,No,No,No,Multiple Vehicle Crashes,Chesterfield County,,Urban,37.44798,-77.56746,Non-Interstate,US-360W,360.0,HULL ST RD,130.88,Other Principal Arterial,At Intersection,GREGORY POND RD,No,0,0,No,0,0,0,0,0,0,0,0,0,0,0,c8362511,0,0,1,Minor
2,2022-12-15,07:00:00,Thursday,Sideswipe - Same Direction,On Roadway,"Blacktop, Asphalt, Bituminous",No Defects,Darkness,Darkness - Road Not Lighted,"Two-Way, Divided, Positive Median Barrier",Not Provided,Sleet/Hail,Straight - Level,Not Provided,No,Not at Intersection,Not Provided,Traffic Lanes Marked,Icy,Intersection Area,Non-Intersection,Yes - Working,No,2022,Winter,December,Daytime,6:00am - 8:59am,7,Injury Crash,No,Yes,No,No,No,No,No,No,No,No,No,No,No,Multiple Vehicle Crashes,Augusta County,,Rural,38.2784,-78.93644,Interstate,I-81S,81.0,I-81,235.41,Interstate,Not at Intersection,,No,0,0,No,0,0,0,0,0,0,0,0,0,0,1,c2745558,0,0,1,Minor
2,2024-02-23,15:56:00,Friday,Rear End,On Roadway,"Blacktop, Asphalt, Bituminous",No Defects,Daylight,Daylight,"Two-Way, Divided, Positive Median Barrier",Not Provided,No Adverse Condition (Clear/Cloud),Straight - Level,Not Provided,No,Not at Intersection,Not Provided,Traffic Lanes Marked,Dry,Intersection Area,Non-Intersection,Yes - Working,No,2024,Winter,February,Daytime,3:00pm - 5:59pm,15,Property Damage Crash,No,No,No,No,No,No,No,No,No,No,No,No,No,Multiple Vehicle Crashes,Stafford County,,Urban,38.33877,-77.48898,,WARRENTON RD (NP - STAFFORD COUNTY),,WARRENTON RD,1.76,,Not at Intersection,,No,0,0,No,0,0,0,0,0,0,0,0,0,0,0,c9898994,0,0,1,Minor
2,2024-02-16,06:05:00,Friday,Rear End,On Roadway,"Blacktop, Asphalt, Bituminous",No Defects,Darkness,Darkness - Road Not Lighted,"Two-Way, Divided, Positive Median Barrier",Not Provided,No Adverse Condition (Clear/Cloud),Grade - Straight,Not Provided,No,Four Approaches,Not Provided,Traffic Signal,Dry,Interchange Area,Main-Line Roadway,Yes - Working,No,2024,Winter,February,Daytime,6:00am - 8:59am,6,Injury Crash,Yes,No,Yes,No,No,No,No,No,No,No,No,No,No,Multiple Vehicle Crashes,Warren County,,Rural,38.97677,-78.18489,Non-Interstate,US-522N,522.0,WINCHESTER RD,121.46,Minor Arterial,At Intersection,ROCKLAND RD,No,0,0,Yes,0,0,0,0,0,0,0,0,0,0,1,c7182757,0,0,1,Minor
2,2022-11-11,16:45:00,Friday,Sideswipe - Opposite Direction,On Roadway,"Blacktop, Asphalt, Bituminous",No Defects,Daylight,Daylight,"Two-Way, Not Divided",Not Provided,Rain,Straight - Level,Not Provided,No,Not at Intersection,Not Provided,Traffic Lanes Marked,Wet,Intersection Area,Non-Intersection,Yes - Working,No,2022,Autumn,November,Daytime,3:00pm - 5:59pm,16,Property Damage Crash,No,No,No,No,No,No,No,No,No,No,No,No,No,Multiple Vehicle Crashes,Chesterfield County,,Urban,37.36943,-77.52282,Non-Interstate,SC-636N (CHESTERFIELD COUNTY),636.0,NASH RD,9.39,Major Collector,At Intersection,BEACH RD,No,0,0,No,0,0,0,0,0,0,0,0,0,0,0,c1432371,0,0,1,Minor
1,2024-02-14,07:00:00,Wednesday,Fixed Object - Off Road,On Roadway,"Blacktop, Asphalt, Bituminous",No Defects,Daylight,Daylight,"Two-Way, Not Divided",Not Provided,No Adverse Condition (Clear/Cloud),Curve - Level,Not Provided,No,Not at Intersection,Not Provided,No Traffic Control,Dry,Intersection Area,Non-Intersection,No Traffic Control Device Present,No,2024,Winter,February,Daytime,6:00am - 8:59am,7,Injury Crash,No,No,No,No,No,No,No,No,No,No,No,No,No,Single Vehicle Crashes,Caroline County,,Rural,38.07724,-77.49127,Non-Interstate,SC-633N (CAROLINE COUNTY),633.0,BULL CHURCH RD,6.02,Local,Not at Intersection,,No,0,0,No,0,0,0,0,0,0,0,0,0,0,1,c9440246,0,0,1,Minor
1,2022-10-25,09:12:00,Tuesday,Other,On Roadway,"Blacktop, Asphalt, Bituminous",No Defects,Daylight,Daylight,"Two-Way, Not Divided",Not Provided,No Adverse Condition (Clear/Cloud),Straight - Level,Not Provided,No,Not at Intersection,Not Provided,Traffic Signal,Dry,Intersection Area,Non-Intersection,Yes - Working,No,2022,Autumn,October,Daytime,9:00am - 11:59am,9,Property Damage Crash,No,No,No,No,No,No,No,No,No,No,No,No,No,Single Vehicle Crashes,Fairfax County,,Urban,38.85795,-77.14347,,SC-1077E (FAIRFAX COUNTY),,LEESBURG PIKE SERVICE RD,0.03,,At Intersection,NEVIUS ST,No,0,0,No,0,0,0,0,0,0,0,0,0,0,0,c0757086,0,0,1,Minor
2,2024-03-01,08:00:00,Friday,Rear End,On Roadway,"Blacktop, Asphalt, Bituminous",No Defects,Daylight,Daylight,"Two-Way, Divided, Positive Median Barrier",Not Provided,No Adverse Condition (Clear/Cloud),Straight - Level,Not Provided,No,Not at Intersection,Not Provided,Stop Sign,Dry,Interchange Area,Main-Line Roadway,No Traffic Control Device Present,No,2024,Spring,March,Daytime,6:00am - 8:59am,8,Property Damage Crash,No,No,No,No,No,No,No,No,No,No,No,No,No,Multiple Vehicle Crashes,Charlottesville City,,Urban,38.0553,-78.48358,Non-Interstate,US-250W,250.0,US-250 BYP,96.03,Other Freeways and Expressways,At Intersection,MEADOWBROOK HEIGHTS RD,Yes,0,0,No,0,0,0,0,0,0,0,0,0,0,0,c1803894,0,0,1,Minor
2,2022-04-07,13:57:00,Thursday,Angle,On Roadway,"Blacktop, Asphalt, Bituminous",No Defects,Daylight,Daylight,"Two-Way, Divided, Unprotected Median",Not Provided,No Adverse Condition (Clear/Cloud),Grade - Curve,Not Provided,No,Four Approaches,Not Provided,Traffic Signal,Dry,Intersection Area,Within Intersection,Yes - Working,No,2022,Spring,April,Daytime,Noon - 2:59pm,13,Injury Crash,No,No,No,No,No,No,No,No,No,No,No,No,No,Multiple Vehicle Crashes,James City County,,Urban,37.27636,-76.74771,Non-Interstate,VA-321W,321.0,MONTICELLO AVE,0.38,Minor Arterial,At Intersection,SETTLERS MARKET BLVD,Yes,0,1,No,0,0,0,0,0,0,0,0,0,0,2,c4288288,0,1,0,Severe
2,2022-03-19,12:58:00,Saturday,Rear End,On Roadway,"Blacktop, Asphalt, Bituminous",No Defects,Daylight,Daylight,"Two-Way, Divided, Unprotected Median",Not Provided,No Adverse Condition (Clear/Cloud),Straight - Level,Not Provided,No,Not at Intersection,Not Provided,Traffic Signal,Dry,Interchange Area,Main-Line Roadway,Yes - Working,No,2022,Spring,March,Daytime,Noon - 2:59pm,12,Property Damage Crash,No,No,No,No,No,No,No,No,No,No,No,No,No,Multiple Vehicle Crashes,Fairfax County,,Urban,38.90994,-77.46979,Non-Interstate,US-50W,50.0,LEE JACKSON MEMORIAL HWY,61.87,Minor Arterial,At Intersection,DULLES SOUTH CT,No,0,0,No,0,0,0,0,0,0,0,0,0,0,0,c2538473,0,0,1,Minor
2,2022-10-11,14:15:00,Tuesday,Angle,On Roadway,"Blacktop, Asphalt, Bituminous","Holes, Ruts, Bumps",Daylight,Daylight,"Two-Way, Not Divided",Not Provided,No Adverse Condition (Clear/Cloud),Straight - Level,Not Provided,No,Four Approaches,Not Provided,Traffic Signal,Dry,Interchange Area,Main-Line Roadway,Yes - Working,No,2022,Autumn,October,Daytime,Noon - 2:59pm,14,Injury Crash,No,Yes,No,No,No,No,No,No,No,No,No,No,No,Multiple Vehicle Crashes,Emporia City,,Urban,36.69524,-77.5383,Non-Interstate,US-301S,301.0,MAIN ST,10.83,Minor Arterial,At Intersection,ATLANTIC ST,Yes,0,1,No,0,0,0,0,0,0,0,0,0,0,2,c2806792,0,1,0,Severe
1,2022-06-15,11:51:00,Wednesday,Fixed Object - Off Road,On Roadway,"Blacktop, Asphalt, Bituminous",No Defects,Daylight,Daylight,"Two-Way, Not Divided",Not Provided,No Adverse Condition (Clear/Cloud),Straight - Level,Not Provided,No,Not at Intersection,Not Provided,Other,Dry,Intersection Area,Non-Intersection,Yes - Working,No,2022,Summer,June,Daytime,9:00am - 11:59am,11,Property Damage Crash,No,No,No,No,No,No,No,No,No,No,No,No,No,Single Vehicle Crashes,Norfolk City,,Urban,36.91733,-76.26202,Non-Interstate,GALVESTON BLVD (NP - CITY OF NORFOLK),,GALVESTON BLVD,0.79,Local,Not at Intersection,,No,0,0,No,0,0,0,0,0,0,0,0,0,0,0,c6774459,0,0,1,Minor
2,2023-09-21,16:50:00,Thursday,Rear End,On Roadway,"Blacktop, Asphalt, Bituminous",No Defects,Daylight,Daylight,"Two-Way, Divided, Positive Median Barrier",Not Provided,No Adverse Condition (Clear/Cloud),Straight - Level,Not Provided,No,Not at Intersection,Not Provided,Traffic Signal,Dry,Interchange Area,Main-Line Roadway,Yes - Working,No,2023,Autumn,September,Daytime,3:00pm - 5:59pm,16,Property Damage Crash,No,No,No,No,No,No,No,No,No,No,No,No,No,Multiple Vehicle Crashes,Fairfax County,,Urban,38.88212,-77.39998,Non-Interstate,US-50W,50.0,LEE JACKSON MEMORIAL HWY,66.09,Minor Arterial,At Intersection,PLAZA LN,Yes,0,0,No,0,0,0,0,0,0,0,0,0,0,0,c0622970,0,0,1,Minor
4,2022-07-13,17:00:00,Wednesday,Rear End,On Roadway,"Blacktop, Asphalt, Bituminous",No Defects,Daylight,Daylight,"Two-Way, Not Divided",Not Provided,No Adverse Condition (Clear/Cloud),Straight - Level,Not Provided,No,Four Approaches,Not Provided,Traffic Signal,Dry,Intersection Area,Intersection Related - Within 150 Feet,Yes - Working,No,2022,Summer,July,Daytime,3:00pm - 5:59pm,17,Property Damage Crash,No,No,No,No,No,No,No,No,No,No,No,No,No,Multiple Vehicle Crashes,Fairfax County,,Urban,38.939,-77.23085,Non-Interstate,SC-694W (FAIRFAX COUNTY),694.0,LEWINSVILLE RD,1.44,Minor Arterial,At Intersection,SPRING HILL RD,No,0,0,No,0,0,0,0,0,0,0,0,0,0,0,c2080267,0,0,1,Minor