NumberOfVehicles,CrashDate,CrashTime,DayOfWeek,TypeOfCollision,LocationOfFirstHarmfulEvent,RoadwaySurfaceType,RoadwayDefect,LightCondition_Category,LightCondition_Value,RoadwayDescription,WorkZoneLocation,WeatherCondition,RoadwayAlignment,WorkZoneWorkersPresent,SchoolZone,IntersectionType,WorkZoneType,TrafficControlType,RoadwaySurfaceCondition,RelationToRoadway_Category,RelationToRoadway_Value,TrafficControlMechanicalDevice,WorkZoneRelated,Year,Meteorological Season,MonthName,DaytimeNighttime_NHTSA,ThreeHourLabel,Hour,CrashType,AlcoholInvolved,SpeedRelated,CommercialMotorVehiclesInvolved,PedestrianInvolved,BicycleInvolved,MotorcycleInvolved,MopedInvolved,TrainRelated,SchoolZoneInvolved,TeenDriverInvolved,DistractedDriverInvolved,DriverTextingInvolved,DriverUsingCellPhone,Single_Multi_Vehicle,Jurisdiction,TownName,LocationTypeName,Latitude,Longitude,Interstate_NonInterstate,RoadName,RouteNumber,RouteName,MileMarker,FunctionalClassCode,AtIntersection,SecondaryLocation,MatureDriverInvolved,MatureDriverFatalities,MatureDriverInjuries,LargeTruckInvolved,PedestrianFatalities,PedestrianInjuries,MotorcycleFatalities,MotorcycleInjuries,BicycleFatalities,BicycleInjuries,DistractedDriverFatalities,DistractedDriverInjuries,UnrestrainedInjuries,Number_Of_Fatalities,Number_Of_Injuries,Crash_UID,Is_Fatal,Is_Severe,Is_Minor,SeverityLabel
2,2022-06-22,14:40:00,Wednesday,Rear End,On Roadway,"Blacktop, Asphalt, Bituminous",No Defects,Daylight,Daylight,"Two-Way, Divided, Unprotected Median",Activity Area,No Adverse Condition (Clear/Cloud),Grade - Straight,With No Law Enforcement,No,Not at Intersection,Lane Closure,Traffic Lanes Marked,Dry,Intersection Area,Non-Intersection,Yes - Working,Yes,2022,Summer,June,Daytime,Noon - 2:59pm,14,Injury Crash,No,Yes,No,No,No,No,No,No,No,No,No,No,No,Multiple Vehicle Crashes,Henry County,,Rural,36.64025,-79.93072,Non-Interstate,US-58E,58.0,A L PHILPOTT HWY,260.32,Other Principal Arterial,Not at Intersection,,No,0,0,No,0,0,0,0,0,0,0,0,1,0,1,c3834564,0,0,1,Minor
2,2024-08-04,17:34:00,Sunday,Rear End,On Roadway,"Blacktop, Asphalt, Bituminous",No Defects,Daylight,Daylight,"Two-Way, Divided, Unprotected Median",Not Provided,Rain,Straight - Level,Not Provided,No,Not at Intersection,Not Provided,Traffic Lanes Marked,Wet,Intersection Area,Non-Intersection,Yes - Working,No,2024,Summer,August,Daytime,3:00pm - 5:59pm,17,Property Damage Crash,No,No,No,No,No,No,No,No,No,No,No,No,No,Multiple Vehicle Crashes,Suffolk City,,Urban,36.73976,-76.56984,Non-Interstate,BUS US-58W (5 CITY OF SUFFOLK),58.0,CONSTANCE RD,3.7,Other Principal Arterial,Not at Intersection,,No,0,0,No,0,0,0,0,0,0,0,0,0,0,0,c0897354,0,0,1,Minor
1,2022-04-17,02:00:00,Sunday,Deer,On Roadway,"Blacktop, Asphalt, Bituminous",No Defects,Darkness,Darkness - Road Not Lighted,"Two-Way, Divided, Unprotected Median",Not Provided,No Adverse Condition (Clear/Cloud),Straight - Level,Not Provided,No,Not at Intersection,Not Provided,No Passing Lines,Dry,Intersection Area,Non-Intersection,Yes - Working,No,2022,Spring,April,Nighttime,Midnight - 2:59am,2,Property Damage Crash,No,No,No,No,No,No,No,No,No,No,No,No,No,Single Vehicle Crashes,Washington County,,Urban,36.64045,-82.10485,Non-Interstate,US-11N,11.0,LEE HWY,7.03,Minor Arterial,Not at Intersection,,No,0,0,No,0,0,0,0,0,0,0,0,0,0,0,c2180354,0,0,1,Minor
1,2024-06-14,18:30:00,Friday,Fixed Object - Off Road,On Roadway,"Blacktop, Asphalt, Bituminous",No Defects,Daylight,Daylight,"Two-Way, Divided, Positive Median Barrier",Not Provided,No Adverse Condition (Clear/Cloud),Straight - Level,Not Provided,No,Not at Intersection,Not Provided,Traffic Lanes Marked,Dry,Interchange Area,Collector/Distributor Road,Yes - Working,No,2024,Summer,June,Nighttime,6:00pm - 8:59pm,18,Property Damage Crash,No,No,No,No,No,No,No,No,No,No,No,No,No,Single Vehicle Crashes,Stafford County,,Urban,38.45929,-77.40859,Interstate,I-95N,95.0,I-95 HOV RAMP,143.14,Interstate,Not at Intersection,,No,0,0,No,0,0,0,0,0,0,0,0,0,0,0,c3133232,0,0,1,Minor
2,2023-11-29,08:49:00,Wednesday,Rear End,On Roadway,"Blacktop, Asphalt, Bituminous",No Defects,Daylight,Daylight,"Two-Way, Divided, Positive Median Barrier",Not Provided,No Adverse Condition (Clear/Cloud),Straight - Level,Not Provided,No,Not at Intersection,Not Provided,Traffic Lanes Marked,Dry,Intersection Area,Non-Intersection,Yes - Working,No,2023,Autumn,November,Daytime,6:00am - 8:59am,8,Property Damage Crash,No,No,No,No,No,No,No,No,No,No,No,No,No,Multiple Vehicle Crashes,Richmond City,,Urban,37.53381,-77.50765,Non-Interstate,VA-76N,76.0,POWHITE PKWY,10.85,Other Freeways and Expressways,Not at Intersection,,No,0,0,No,0,0,0,0,0,0,0,0,0,0,0,c6618860,0,0,1,Minor
2,2022-10-15,15:19:00,Saturday,Angle,On Roadway,"Blacktop, Asphalt, Bituminous",No Defects,Daylight,Daylight,"Two-Way, Divided, Unprotected Median",Not Provided,No Adverse Condition (Clear/Cloud),Straight - Level,Not Provided,No,Four Approaches,Not Provided,Stop Sign,Dry,Intersection Area,Within Intersection,Yes - Working,No,2022,Autumn,October,Daytime,3:00pm - 5:59pm,15,Property Damage Crash,No,No,No,No,No,No,No,No,No,No,No,No,No,Multiple Vehicle Crashes,Henrico County,,Urban,37.58492,-77.43539,Non-Interstate,CR-7555N (HENRICO COUNTY),7555.0,LABURNUM AVE,12.34,Other Principal Arterial,At Intersection,ALMA AVE,Yes,0,0,No,0,0,0,0,0,0,0,0,0,0,0,c6056453,0,0,1,Minor
1,2024-08-18,14:30:00,Sunday,Fixed Object - Off Road,Roadside,"Blacktop, Asphalt, Bituminous",No Defects,Daylight,Daylight,"Two-Way, Not Divided",Not Provided,No Adverse Condition (Clear/Cloud),Grade - Curve,Not Provided,No,Not at Intersection,Not Provided,No Passing Lines,Dry,Intersection Area,Non-Intersection,Yes - Working,No,2024,Summer,August,Daytime,Noon - 2:59pm,14,Property Damage Crash,No,Yes,No,No,No,No,No,No,No,No,No,No,No,Single Vehicle Crashes,Patrick County,,Rural,36.59762,-80.50258,Non-Interstate,SC-773E (PATRICK COUNTY),773.0,ARARAT HWAY,5.56,Major Collector,Not at Intersection,,No,0,0,No,0,0,0,0,0,0,0,0,0,0,0,c5986203,0,0,1,Minor
2,2022-06-16,07:45:00,Thursday,Angle,On Roadway,"Blacktop, Asphalt, Bituminous",No Defects,Daylight,Daylight,"One-Way, Not Divided",Not Provided,Mist,Straight - Level,Not Provided,No,Four Approaches,Not Provided,No Traffic Control,Dry,Intersection Area,Intersection Related - Within 150 Feet,No Traffic Control Device Present,No,2022,Summer,June,Daytime,6:00am - 8:59am,7,Property Damage Crash,No,No,No,No,No,No,No,No,No,No,No,No,No,Multiple Vehicle Crashes,Isle of Wight County,Windsor,Rural,36.81226,-76.75075,Non-Interstate,US-258W,258.0,PRINCE BLVD,30.29,Minor Arterial,At Intersection,WINDSOR BLVD,No,0,0,No,0,0,0,0,0,0,0,0,0,0,0,c9401185,0,0,1,Minor
1,2024-06-23,12:20:00,Sunday,Fixed Object - Off Road,Roadside,"Blacktop, Asphalt, Bituminous",No Defects,Daylight,Daylight,"Two-Way, Divided, Unprotected Median",Not Provided,No Adverse Condition (Clear/Cloud),Grade - Straight,Not Provided,No,Four Approaches,Not Provided,Traffic Signal,Dry,Intersection Area,Within Intersection,Yes - Working,No,2024,Summer,June,Daytime,Noon - 2:59pm,12,Property Damage Crash,No,Yes,No,No,No,No,No,No,No,No,No,No,No,Single Vehicle Crashes,Wise County,,Urban,36.99633,-82.59284,Non-Interstate,SC-823S (WISE COUNTY),823.0,INDIAN CREEK RD,0.01,Minor Collector,At Intersection,ORBY CANTRELL HWAY,No,0,0,No,0,0,0,0,0,0,0,0,0,0,0,c8690306,0,0,1,Minor
1,2022-06-19,13:12:00,Sunday,Fixed Object in Road,On Roadway,"Blacktop, Asphalt, Bituminous",No Defects,Daylight,Daylight,"Two-Way, Not Divided",Not Provided,No Adverse Condition (Clear/Cloud),Hillcrest - Curve,Not Provided,No,Not at Intersection,Not Provided,Traffic Lanes Marked,Dry,Intersection Area,Non-Intersection,Yes - Working,No,2022,Summer,June,Daytime,Noon - 2:59pm,13,Injury Crash,No,No,No,No,No,No,No,No,No,No,No,No,No,Single Vehicle Crashes,Prince William County,,Urban,38.64825,-77.34674,Non-Interstate,SC-2025S (PRINCE WILLIAM COUNTY),2025.0,DELANEY RD,0.62,Minor Collector,Not at Intersection,,No,0,0,No,0,0,0,0,0,0,0,0,0,0,1,c2920317,0,0,1,Minor
1,2023-10-11,20:30:00,Wednesday,Pedestrian,On Roadway,"Blacktop, Asphalt, Bituminous",No Defects,Darkness,Darkness - Road Lighted,"Two-Way, Divided, Positive Median Barrier",Not Provided,No Adverse Condition (Clear/Cloud),Straight - Level,Not Provided,No,Not at Intersection,Not Provided,No Traffic Control,Dry,Intersection Area,Non-Intersection,No Traffic Control Device Present,No,2023,Autumn,October,Nighttime,6:00pm - 8:59pm,20,Injury Crash,No,No,No,Yes,No,No,No,No,No,No,No,No,No,Single Vehicle Crashes,Arlington County,,Urban,38.85482,-77.11495,Non-Interstate,CR-23E (ARLINGTON COUNTY),23.0,COLUMBIA PIKE,0.34,Other Principal Arterial,At Intersection,FREDERICK ST,No,0,0,No,0,1,0,0,0,0,0,0,0,0,1,c0670974,0,0,1,Minor
1,2024-09-14,11:46:00,Saturday,Fixed Object - Off Road,On Roadway,"Blacktop, Asphalt, Bituminous",No Defects,Daylight,Daylight,"Two-Way, Divided, Positive Median Barrier",Not Provided,No Adverse Condition (Clear/Cloud),Straight - Level,Not Provided,No,Three Approaches,Not Provided,No Traffic Control,Dry,Intersection Area,Within Intersection,No Traffic Control Device Present,No,2024,Autumn,September,Daytime,9:00am - 11:59am,11,Injury Crash,No,No,No,No,No,No,No,No,No,No,No,No,No,Single Vehicle Crashes,Petersburg City,,Urban,37.20924,-77.38475,,US-301N,301.0,CRATER RD,50.86,,At Intersection,CLAREMONT ST,No,0,0,No,0,0,0,0,0,0,0,0,0,0,1,c5282434,0,0,1,Minor
3,2022-10-09,13:15:00,Sunday,Rear End,On Roadway,"Blacktop, Asphalt, Bituminous",No Defects,Daylight,Daylight,"Two-Way, Divided, Positive Median Barrier",Not Provided,No Adverse Condition (Clear/Cloud),Straight - Level,Not Provided,No,Not at Intersection,Not Provided,Traffic Lanes Marked,Dry,Intersection Area,Non-Intersection,Yes - Working,No,2022,Autumn,October,Daytime,Noon - 2:59pm,13,Property Damage Crash,No,Yes,No,No,No,No,No,No,No,Yes,No,No,No,Multiple Vehicle Crashes,Chesterfield County,,Urban,37.3677,-77.40358,Interstate,I-95N,95.0,I-95,62.3,Interstate,Not at Intersection,,No,0,0,No,0,0,0,0,0,0,0,0,0,0,0,c1220178,0,0,1,Minor
1,2023-11-29,04:14:00,Wednesday,Fixed Object - Off Road,Outside Right-of-Way,"Blacktop, Asphalt, Bituminous",No Defects,Darkness,Darkness - Road Not Lighted,"Two-Way, Not Divided",Not Provided,No Adverse Condition (Clear/Cloud),Straight - Level,Not Provided,No,Not at Intersection,Not Provided,No Traffic Control,Dry,Intersection Area,Non-Intersection,No Traffic Control Device Present,No,2023,Autumn,November,Nighttime,3:00am - 5:59am,4,Property Damage Crash,No,Yes,No,No,No,No,No,No,No,No,No,No,No,Single Vehicle Crashes,Hanover County,,Rural,37.95844,-77.63383,Non-Interstate,SC-678N (HANOVER COUNTY),678.0,UNION CHURCH RD,1.63,Local,At Intersection,ANDERSON MILL WAY,No,0,0,No,0,0,0,0,0,0,0,0,0,0,0,c0894323,0,0,1,Minor
1,2024-01-16,06:23:00,Tuesday,Fixed Object - Off Road,Shoulder,"Blacktop, Asphalt, Bituminous",No Defects,Daylight,Daylight,"Two-Way, Divided, Positive Median Barrier",Advance Warning Area,No Adverse Condition (Clear/Cloud),Straight - Level,With Law Enforcement,No,Not at Intersection,Work on Shoulder or Median,Traffic Lanes Marked,Dry,Intersection Area,Non-Intersection,Yes - Working,Yes,2024,Winter,January,Daytime,6:00am - 8:59am,6,Property Damage Crash,No,No,No,No,No,No,No,No,No,No,No,No,No,Single Vehicle Crashes,Chesapeake City,,Urban,36.77027,-76.25906,Interstate,I-64E,64.0,I-64,291.7,Interstate,Not at Intersection,,No,0,0,No,0,0,0,0,0,0,0,0,0,0,0,c3071950,0,0,1,Minor
2,2024-10-12,10:03:00,Saturday,Angle,On Roadway,"Blacktop, Asphalt, Bituminous",No Defects,Daylight,Daylight,"Two-Way, Not Divided",Not Provided,No Adverse Condition (Clear/Cloud),Straight - Level,Not Provided,No,Four Approaches,Not Provided,Traffic Signal,Dry,Intersection Area,Within Intersection,Yes - Working,No,2024,Autumn,October,Daytime,9:00am - 11:59am,10,Injury Crash,No,No,No,No,No,No,No,No,No,No,No,No,No,Multiple Vehicle Crashes,Henrico County,,Urban,37.51784,-77.34066,Non-Interstate,US-60E,60.0,WILLIAMSBURG RD,196.61,Minor Arterial,At Intersection,LEWIS RD,No,0,0,No,0,0,0,0,0,0,0,0,0,0,2,c1962115,0,1,0,Severe
1,2024-03-20,12:58:00,Wednesday,Non-Collision,On Roadway,"Blacktop, Asphalt, Bituminous",No Defects,Daylight,Daylight,"One-Way, Not Divided",Not Provided,No Adverse Condition (Clear/Cloud),Hillcrest - Curve,Not Provided,No,Not at Intersection,Not Provided,No Traffic Control,Dry,Interchange Area,On Entrance/Exit Ramp,No Traffic Control Device Present,No,2024,Spring,March,Daytime,Noon - 2:59pm,12,Injury Crash,No,Yes,No,No,No,No,No,No,No,No,No,No,No,Single Vehicle Crashes,Danville City,,Rural,36.54549,-79.40106,Non-Interstate,US-29N RAMP 4A,29.0,US-29 BYP RAMP,0.15,Other Freeways and Expressways,Not at Intersection,,No,0,0,Yes,0,0,0,0,0,0,0,0,0,0,1,c8953206,0,0,1,Minor
1,2023-11-12,17:30:00,Sunday,Deer,On Roadway,"Blacktop, Asphalt, Bituminous",Restricted Width,Darkness,Darkness - Road Not Lighted,"Two-Way, Not Divided",Termination Area,No Adverse Condition (Clear/Cloud),Straight - Level,No Workers Present,Yes,Not at Intersection,Lane Shift/Crossover,Reduced Speed - Work Zone,Dry,Intersection Area,Non-Intersection,Yes - Working,Yes,2023,Autumn,November,Daytime,3:00pm - 5:59pm,17,Property Damage Crash,No,No,No,No,No,No,No,No,Yes,No,No,No,No,Single Vehicle Crashes,Suffolk City,,Rural,36.78465,-76.63596,Non-Interstate,US-460E,460.0,PRUDEN BLVD,372.41,Other Principal Arterial,Not at Intersection,,Yes,0,0,No,0,0,0,0,0,0,0,0,0,0,0,c8275677,0,0,1,Minor
2,2023-10-03,17:33:00,Tuesday,Rear End,On Roadway,"Blacktop, Asphalt, Bituminous",No Defects,Daylight,Daylight,"Two-Way, Divided, Unprotected Median",Not Provided,No Adverse Condition (Clear/Cloud),Straight - Level,Not Provided,No,Not at Intersection,Not Provided,Traffic Lanes Marked,Dry,Intersection Area,Non-Intersection,Yes - Working,No,2023,Autumn,October,Daytime,3:00pm - 5:59pm,17,Property Damage Crash,No,No,No,No,No,No,No,No,No,No,No,No,No,Multiple Vehicle Crashes,Chesterfield County,,Urban,37.42844,-77.62346,Non-Interstate,US-360E,360.0,HULL ST RD,127.5,Other Principal Arterial,At Intersection,LONAS PKWY,Yes,0,0,No,0,0,0,0,0,0,0,0,0,0,0,c1661997,0,0,1,Minor
1,2022-05-02,04:39:00,Monday,Fixed Object - Off Road,Shoulder,Concrete,No Defects,Darkness,Darkness - Road Lighted,"One-Way, Not Divided",Not Provided,No Adverse Condition (Clear/Cloud),Other,Not Provided,No,Roundabout,Not Provided,No Traffic Control,Dry,Interchange Area,"Other interchange area (median, shoulder & roadside)",No Traffic Control Device Present,No,2022,Spring,May,Nighttime,3:00am - 5:59am,4,Injury Crash,No,No,No,No,No,No,No,No,No,No,No,No,No,Single Vehicle Crashes,Portsmouth City,,Urban,36.83185,-76.29752,Non-Interstate,UR-8554E (CITY OF PORTSMOUTH),8554.0,CRAWFORD ST,2.54,Minor Arterial,At Intersection,BART ST,No,0,0,No,0,0,0,0,0,0,0,0,0,0,1,c2544839,0,0,1,Minor
2,2023-08-11,02:43:00,Friday,Angle,On Roadway,"Blacktop, Asphalt, Bituminous",No Defects,Darkness,Darkness - Road Lighted,"Two-Way, Divided, Positive Median Barrier",Not Provided,No Adverse Condition (Clear/Cloud),Straight - Level,Not Provided,No,Four Approaches,Not Provided,No Traffic Control,Dry,Intersection Area,Intersection Related - Within 150 Feet,No Traffic Control Device Present,No,2023,Summer,August,Nighttime,Midnight - 2:59am,2,Injury Crash,No,No,No,No,No,No,No,No,No,No,No,No,No,Multiple Vehicle Crashes,Hampton City,,Urban,37.04363,-76.35952,Non-Interstate,US-258E,258.0,MERCURY BLVD,64.64,Other Principal Arterial,Not at Intersection,,No,0,0,No,0,0,0,0,0,0,0,0,0,0,2,c1095484,0,1,0,Severe
2,2023-10-20,20:40:00,Friday,Sideswipe - Opposite Direction,On Roadway,"Blacktop, Asphalt, Bituminous",No Defects,Darkness,Darkness - Road Not Lighted,"Two-Way, Not Divided",Not Provided,No Adverse Condition (Clear/Cloud),Straight - Level,Not Provided,No,Four Approaches,Not Provided,Traffic Lanes Marked,Dry,Intersection Area,Within Intersection,Yes - Working,No,2023,Autumn,October,Nighttime,6:00pm - 8:59pm,20,Property Damage Crash,Yes,No,No,No,No,No,No,No,No,No,No,No,No,Multiple Vehicle Crashes,Chesterfield County,,Urban,37.45909,-77.50229,Non-Interstate,SC-651E (CHESTERFIELD COUNTY),651.0,BELMONT RD,10.2,Minor Arterial,At Intersection,STELLA RD,No,0,0,No,0,0,0,0,0,0,0,0,0,0,0,c6329505,0,0,1,Minor
2,2024-06-15,17:00:00,Saturday,Angle,On Roadway,"Blacktop, Asphalt, Bituminous",No Defects,Daylight,Daylight,"Two-Way, Divided, Positive Median Barrier",Not Provided,No Adverse Condition (Clear/Cloud),Straight - Level,Not Provided,No,Four Approaches,Not Provided,Traffic Signal,Dry,Intersection Area,Within Intersection,Yes - Working,No,2024,Summer,June,Daytime,3:00pm - 5:59pm,17,Property Damage Crash,No,Yes,No,No,No,No,No,No,No,Yes,No,No,No,Multiple Vehicle Crashes,Prince William County,,Urban,38.7887,-77.50918,Non-Interstate,SC-1566E (PRINCE WILLIAM COUNTY),1566.0,SUDLEY MANOR DR,5.9,Major Collector,At Intersection,GARNER DR,No,0,0,No,0,0,0,0,0,0,0,0,0,0,0,c6702631,0,0,1,Minor
2,2022-06-06,11:45:00,Monday,Angle,On Roadway,"Blacktop, Asphalt, Bituminous",No Defects,Daylight,Daylight,"Two-Way, Divided, Positive Median Barrier",Not Provided,No Adverse Condition (Clear/Cloud),Straight - Level,Not Provided,No,Four Approaches,Not Provided,Traffic Signal,Dry,Intersection Area,Within Intersection,Yes - Working,No,2022,Summer,June,Daytime,9:00am - 11:59am,11,Property Damage Crash,No,No,No,No,No,No,No,No,No,No,No,No,No,Multiple Vehicle Crashes,Fairfax County,,Urban,38.89522,-77.4334,Non-Interstate,US-50W,50.0,LEE JACKSON MEMORIAL HWY,64.1,Minor Arterial,At Intersection,CENTERVIEW DR,No,0,0,No,0,0,0,0,0,0,0,0,0,0,0,c4831552,0,0,1,Minor
2,2024-03-27,13:16:00,Wednesday,Angle,On Roadway,"Blacktop, Asphalt, Bituminous",No Defects,Daylight,Daylight,"Two-Way, Not Divided",Not Provided,Rain,Straight - Level,Not Provided,No,Four Approaches,Not Provided,Stop Sign,Wet,Intersection Area,Within Intersection,Yes - Working,No,2024,Spring,March,Daytime,Noon - 2:59pm,13,Property Damage Crash,No,No,No,No,No,No,No,No,No,No,No,No,No,Multiple Vehicle Crashes,Loudoun County,,Urban,39.04137,-77.37623,Non-Interstate,SC-1701E (LOUDOUN COUNTY),1701.0,SUGARLAND RUN DR,2.18,Minor Collector,At Intersection,AVONDALE DR,Yes,0,0,No,0,0,0,0,0,0,0,0,0,0,0,c8641960,0,0,1,Minor
2,2022-05-16,15:05:00,Monday,Sideswipe - Same Direction,On Roadway,"Blacktop, Asphalt, Bituminous",No Defects,Daylight,Daylight,"Two-Way, Divided, Positive Median Barrier",Not Provided,No Adverse Condition (Clear/Cloud),Straight - Level,Not Provided,No,Not at Intersection,Not Provided,Traffic Lanes Marked,Dry,Intersection Area,Non-Intersection,Yes - Working,No,2022,Spring,May,Daytime,3:00pm - 5:59pm,15,Property Damage Crash,No,No,No,No,No,No,No,No,No,No,No,No,No,Multiple Vehicle Crashes,Arlington County,,Urban,38.88909,-77.16348,Interstate,I-66E,66.0,I-66,68.5,Interstate,Not at Intersection,,No,0,0,No,0,0,0,0,0,0,0,0,0,0,0,c1681750,0,0,1,Minor
2,2024-12-07,09:59:00,Saturday,Rear End,Roadside,"Blacktop, Asphalt, Bituminous",No Defects,Daylight,Daylight,"Two-Way, Not Divided",Not Provided,No Adverse Condition (Clear/Cloud),Straight - Level,Not Provided,No,Not at Intersection,Not Provided,Traffic Lanes Marked,Dry,Intersection Area,Non-Intersection,Yes - Working,No,2024,Winter,December,Daytime,9:00am - 11:59am,9,Property Damage Crash,No,No,No,No,No,No,No,No,No,No,Yes,No,No,Multiple Vehicle Crashes,Petersburg City,,Urban,37.23301,-77.39342,Non-Interstate,UR-9046W (CITY OF PETERSBURG),0.0,BANK ST,1.32,Minor Arterial,At Intersection,CRATER RD,No,0,0,No,0,0,0,0,0,0,0,0,0,0,0,c9816834,0,0,1,Minor
2,2024-09-10,17:13:00,Tuesday,Angle,On Roadway,"Blacktop, Asphalt, Bituminous",No Defects,Daylight,Daylight,"Two-Way, Divided, Unprotected Median",Not Provided,No Adverse Condition (Clear/Cloud),Straight - Level,Not Provided,No,Not at Intersection,Not Provided,Traffic Lanes Marked,Dry,Intersection Area,Non-Intersection,Yes - Working,No,2024,Autumn,September,Daytime,3:00pm - 5:59pm,17,Injury Crash,No,No,Yes,No,No,No,No,No,No,No,No,No,No,Multiple Vehicle Crashes,Suffolk City,,Urban,36.68837,-76.60894,Non-Interstate,US-13N,13.0,CAROLINA RD,13.85,Other Principal Arterial,Not at Intersection,,No,0,0,Yes,0,0,0,0,0,0,0,0,0,0,2,c9951936,0,1,0,Severe
2,2023-04-19,12:53:00,Wednesday,Sideswipe - Same Direction,On Roadway,"Blacktop, Asphalt, Bituminous",No Defects,Daylight,Daylight,"Two-Way, Not Divided",Not Provided,No Adverse Condition (Clear/Cloud),Straight - Level,Not Provided,No,Not at Intersection,Not Provided,No Traffic Control,Dry,Interchange Area,Main-Line Roadway,No Traffic Control Device Present,No,2023,Spring,April,Daytime,Noon - 2:59pm,12,Property Damage Crash,No,No,No,No,No,No,No,No,No,No,No,No,No,Multiple Vehicle Crashes,Frederick County,,Urban,39.08391,-78.18845,Non-Interstate,SC-1054S (FREDERICK COUNTY),1054.0,WESTMORELAND DR,0.05,Local,Not at Intersection,,Yes,0,0,No,0,0,0,0,0,0,0,0,0,0,0,c8692312,0,0,1,Minor
2,2023-10-22,12:02:00,Sunday,Angle,On Roadway,"Blacktop, Asphalt, Bituminous",No Defects,Daylight,Daylight,"Two-Way, Divided, Unprotected Median",Not Provided,No Adverse Condition (Clear/Cloud),Straight - Level,Not Provided,No,Four Approaches,Not Provided,Traffic Signal,Dry,Intersection Area,Within Intersection,Yes - Working,No,2023,Autumn,October,Daytime,Noon - 2:59pm,12,Property Damage Crash,No,No,No,No,No,No,No,No,No,No,No,No,No,Multiple Vehicle Crashes,Norfolk City,,Urban,36.8605,-76.30001,Non-Interstate,UR-8568W (CITY OF NORFOLK),,OLNEY RD,0.0,Minor Arterial,At Intersection,COLLEY AVE,No,0,0,No,0,0,0,0,0,0,0,0,0,0,0,c7703380,0,0,1,Minor
2,2024-06-04,17:24:00,Tuesday,Angle,On Roadway,"Blacktop, Asphalt, Bituminous",No Defects,Daylight,Daylight,"Two-Way, Not Divided",Not Provided,No Adverse Condition (Clear/Cloud),Straight - Level,Not Provided,No,Two Approaches,Not Provided,Traffic Signal,Dry,Interchange Area,Main-Line Roadway,Yes - Working,No,2024,Summer,June,Daytime,3:00pm - 5:59pm,17,Property Damage Crash,No,No,No,No,No,No,No,No,No,No,No,No,No,Multiple Vehicle Crashes,Louisa County,,Rural,38.04763,-77.81685,Non-Interstate,SC-652S (LOUISA COUNTY),652.0,KENTUCKY SPRINGS RD,7.81,Major Collector,At Intersection,HALEY DR,No,0,0,No,0,0,0,0,0,0,0,0,0,0,0,c3145773,0,0,1,Minor
2,2024-11-07,16:30:00,Thursday,Sideswipe - Opposite Direction,On Roadway,"Blacktop, Asphalt, Bituminous",No Defects,Daylight,Daylight,"Two-Way, Not Divided",Not Provided,No Adverse Condition (Clear/Cloud),Curve - Level,Not Provided,No,Not at Intersection,Not Provided,No Traffic Control,Dry,Intersection Area,Non-Intersection,No Traffic Control Device Present,No,2024,Autumn,November,Daytime,3:00pm - 5:59pm,16,Property Damage Crash,No,No,No,No,No,No,No,No,No,No,No,No,No,Multiple Vehicle Crashes,Prince Edward County,,Rural,37.11807,-78.37513,Non-Interstate,SC-630S (PRINCE EDWARD COUNTY),630.0,MEHERRIN RD,3.37,Minor Collector,Not at Intersection,,Yes,0,0,No,0,0,0,0,0,0,0,0,0,0,0,c6429389,0,0,1,Minor
2,2024-12-21,15:05:00,Saturday,Sideswipe - Same Direction,On Roadway,"Blacktop, Asphalt, Bituminous",No Defects,Daylight,Daylight,"Two-Way, Divided, Positive Median Barrier",Not Provided,No Adverse Condition (Clear/Cloud),Straight - Level,Not Provided,No,Not at Intersection,Not Provided,Traffic Lanes Marked,Dry,Intersection Area,Non-Intersection,Yes - Working,No,2024,Winter,December,Daytime,3:00pm - 5:59pm,15,Property Damage Crash,No,No,No,No,No,No,No,No,No,No,No,No,No,Multiple Vehicle Crashes,Wythe County,,Rural,36.85978,-80.86752,Interstate,I-77S,77.0,I-77,25.25,Interstate,Not at Intersection,,No,0,0,No,0,0,0,0,0,0,0,0,0,0,0,c1834156,0,0,1,Minor
2,2023-11-02,17:15:00,Thursday,Sideswipe - Same Direction,On Roadway,"Blacktop, Asphalt, Bituminous",No Defects,Daylight,Daylight,"Two-Way, Divided, Unprotected Median",Not Provided,No Adverse Condition (Clear/Cloud),Grade - Straight,Not Provided,No,Not at Intersection,Not Provided,Traffic Lanes Marked,Dry,Intersection Area,Non-Intersection,Yes - Working,No,2023,Autumn,November,Daytime,3:00pm - 5:59pm,17,Property Damage Crash,No,Yes,No,No,No,No,No,No,No,No,No,No,No,Multiple Vehicle Crashes,Newport News City,,Urban,37.11272,-76.47307,Non-Interstate,VA-171W,171.0,VICTORY BLVD,1.43,Other Principal Arterial,Not at Intersection,,No,0,0,No,0,0,0,0,0,0,0,0,0,0,0,c6911221,0,0,1,Minor