NumberOfVehicles,CrashDate,CrashTime,DayOfWeek,TypeOfCollision,LocationOfFirstHarmfulEvent,RoadwaySurfaceType,RoadwayDefect,LightCondition_Category,LightCondition_Value,RoadwayDescription,WorkZoneLocation,WeatherCondition,RoadwayAlignment,WorkZoneWorkersPresent,SchoolZone,IntersectionType,WorkZoneType,TrafficControlType,RoadwaySurfaceCondition,RelationToRoadway_Category,RelationToRoadway_Value,TrafficControlMechanicalDevice,WorkZoneRelated,Year,Meteorological Season,MonthName,DaytimeNighttime_NHTSA,ThreeHourLabel,Hour,CrashType,AlcoholInvolved,SpeedRelated,CommercialMotorVehiclesInvolved,PedestrianInvolved,BicycleInvolved,MotorcycleInvolved,MopedInvolved,TrainRelated,SchoolZoneInvolved,TeenDriverInvolved,DistractedDriverInvolved,DriverTextingInvolved,DriverUsingCellPhone,Single_Multi_Vehicle,Jurisdiction,TownName,LocationTypeName,Latitude,Longitude,Interstate_NonInterstate,RoadName,RouteNumber,RouteName,MileMarker,FunctionalClassCode,AtIntersection,SecondaryLocation,MatureDriverInvolved,MatureDriverFatalities,MatureDriverInjuries,LargeTruckInvolved,PedestrianFatalities,PedestrianInjuries,MotorcycleFatalities,MotorcycleInjuries,BicycleFatalities,BicycleInjuries,DistractedDriverFatalities,DistractedDriverInjuries,UnrestrainedInjuries,Number_Of_Fatalities,Number_Of_Injuries,Crash_UID,Is_Fatal,Is_Severe,Is_Minor,SeverityLabel
2,2023-09-07,12:15:00,Thursday,Rear End,On Roadway,"Blacktop, Asphalt, Bituminous",No Defects,Daylight,Daylight,"Two-Way, Not Divided",Not Provided,No Adverse Condition (Clear/Cloud),Straight - Level,Not Provided,No,Not at Intersection,Not Provided,No Traffic Control,Dry,Intersection Area,Non-Intersection,No Traffic Control Device Present,No,2023,Autumn,September,Daytime,Noon - 2:59pm,12,Property Damage Crash,No,No,No,No,No,No,No,No,No,No,No,No,No,Multiple Vehicle Crashes,Va. Beach City,,Urban,36.81459,-76.11811,Non-Interstate,TANOAK CT (NP - CITY OF VIRGINIA BEACH),,TANOAK CT,0.01,Local,Not at Intersection,,Yes,0,0,No,0,0,0,0,0,0,0,0,0,0,0,c8068320,0,0,1,Minor
2,2024-10-12,06:03:00,Saturday,Angle,On Roadway,"Blacktop, Asphalt, Bituminous",No Defects,Dusk,Dusk,"Two-Way, Divided, Positive Median Barrier",Not Provided,No Adverse Condition (Clear/Cloud),Straight - Level,Not Provided,No,Four Approaches,Not Provided,Traffic Signal,Dry,Intersection Area,Within Intersection,Yes - Working,No,2024,Autumn,October,Daytime,6:00am - 8:59am,6,Injury Crash,No,No,No,No,No,No,No,No,No,Yes,No,No,No,Multiple Vehicle Crashes,Fairfax County,,Urban,38.94493,-77.39887,Non-Interstate,SC-665W (FAIRFAX COUNTY),665.0,FRYING PAN RD,1.33,Minor Arterial,At Intersection,FOX MILL RD,No,0,0,No,0,0,0,0,0,0,0,0,0,0,1,c3932379,0,0,1,Minor
2,2024-05-18,11:20:00,Saturday,Rear End,On Roadway,"Blacktop, Asphalt, Bituminous",No Defects,Daylight,Daylight,"Two-Way, Divided, Positive Median Barrier",Not Provided,Rain,Dip - Straight,Not Provided,No,Not at Intersection,Not Provided,Traffic Lanes Marked,Wet,Interchange Area,Main-Line Roadway,Yes - Working,No,2024,Spring,May,Daytime,9:00am - 11:59am,11,Injury Crash,No,Yes,No,No,No,No,No,No,No,No,No,No,No,Multiple Vehicle Crashes,Stafford County,,Urban,38.40993,-77.43013,Interstate,I-95S,95.0,I-95,139.94,Interstate,Not at Intersection,,No,0,0,No,0,0,0,0,0,0,0,0,0,0,1,c8278826,0,0,1,Minor
1,2023-06-08,01:30:00,Thursday,Deer,On Roadway,"Blacktop, Asphalt, Bituminous",No Defects,Darkness,Darkness - Road Not Lighted,"Two-Way, Divided, Unprotected Median",Not Provided,No Adverse Condition (Clear/Cloud),Straight - Level,Not Provided,No,Not at Intersection,Not Provided,Traffic Lanes Marked,Dry,Intersection Area,Non-Intersection,Yes - Working,No,2023,Summer,June,Nighttime,Midnight - 2:59am,1,Property Damage Crash,No,Yes,No,No,No,No,No,No,No,No,No,No,No,Single Vehicle Crashes,New Kent County,,Rural,37.45076,-76.86667,Interstate,I-64W,64.0,I-64,224.32,Interstate,Not at Intersection,,No,0,0,No,0,0,0,0,0,0,0,0,0,0,0,c3755274,0,0,1,Minor
1,2022-07-18,00:25:00,Monday,Deer,On Roadway,"Blacktop, Asphalt, Bituminous",No Defects,Darkness,Darkness - Road Not Lighted,"Two-Way, Not Divided",Not Provided,No Adverse Condition (Clear/Cloud),Grade - Straight,Not Provided,No,Not at Intersection,Not Provided,Traffic Lanes Marked,Dry,Intersection Area,Non-Intersection,Yes - Working,No,2022,Summer,July,Nighttime,Midnight - 2:59am,0,Property Damage Crash,No,No,No,No,No,No,No,No,No,No,No,No,No,Single Vehicle Crashes,Montgomery County,,Urban,37.13076,-80.48666,Non-Interstate,US-11S,11.0,RADFORD RD,113.44,Other Principal Arterial,Not at Intersection,,No,0,0,No,0,0,0,0,0,0,0,0,0,0,0,c9989234,0,0,1,Minor
2,2023-11-11,17:59:00,Saturday,Angle,On Roadway,"Blacktop, Asphalt, Bituminous",No Defects,Darkness,Darkness - Road Lighted,"Two-Way, Divided, Positive Median Barrier",Not Provided,No Adverse Condition (Clear/Cloud),Straight - Level,Not Provided,No,Four Approaches,Not Provided,Traffic Signal,Dry,Intersection Area,Within Intersection,Yes - Working,No,2023,Autumn,November,Daytime,3:00pm - 5:59pm,17,Property Damage Crash,No,No,No,No,No,No,No,No,No,No,No,No,No,Multiple Vehicle Crashes,Charlottesville City,,Urban,38.06223,-78.49159,Non-Interstate,US-29S,29.0,SEMINOLE TRL,139.72,Other Principal Arterial,At Intersection,HYDRAULIC RD,No,0,0,No,0,0,0,0,0,0,0,0,0,0,0,c0585781,0,0,1,Minor
1,2024-07-05,00:50:00,Friday,Fixed Object - Off Road,Roadside,"Blacktop, Asphalt, Bituminous",No Defects,Darkness,Darkness - Road Not Lighted,"Two-Way, Not Divided",Not Provided,No Adverse Condition (Clear/Cloud),Curve - Level,Not Provided,No,Not at Intersection,Not Provided,No Passing Lines,Dry,Intersection Area,Non-Intersection,Yes - Working,No,2024,Summer,July,Nighttime,Midnight - 2:59am,0,Property Damage Crash,No,Yes,No,No,No,No,No,No,No,No,No,No,No,Single Vehicle Crashes,Rockingham County,,Rural,38.49347,-78.92878,Non-Interstate,SC-763E (ROCKINGHAM COUNTY),763.0,SINGERS GLEN RD,4.78,Major Collector,Not at Intersection,,No,0,0,No,0,0,0,0,0,0,0,0,0,0,0,c5393098,0,0,1,Minor
2,2023-05-26,16:58:00,Friday,Rear End,On Roadway,"Blacktop, Asphalt, Bituminous",No Defects,Daylight,Daylight,"Two-Way, Not Divided",Not Provided,No Adverse Condition (Clear/Cloud),Hillcrest - Straight,Not Provided,No,Not at Intersection,Not Provided,Traffic Lanes Marked,Dry,Interchange Area,Main-Line Roadway,Yes - Working,No,2023,Spring,May,Daytime,3:00pm - 5:59pm,16,Property Damage Crash,No,No,No,No,No,No,No,No,No,No,No,No,No,Multiple Vehicle Crashes,Henrico County,,Urban,37.53879,-77.3863,,EVERGREEN RD (PR - HENRICO COUNTY),,EVERGREEN RD,0.05,,Not at Intersection,,No,0,0,No,0,0,0,0,0,0,0,0,0,0,0,c3667085,0,0,1,Minor
3,2024-05-21,21:24:00,Tuesday,Rear End,On Roadway,"Blacktop, Asphalt, Bituminous",No Defects,Darkness,Darkness - Road Lighted,"Two-Way, Divided, Positive Median Barrier",Not Provided,No Adverse Condition (Clear/Cloud),Straight - Level,Not Provided,No,Not at Intersection,Not Provided,Traffic Lanes Marked,Dry,Intersection Area,Non-Intersection,Yes - Working,No,2024,Spring,May,Nighttime,9:00pm - 11:59pm,21,Injury Crash,Yes,No,No,No,No,No,No,No,No,No,No,No,No,Multiple Vehicle Crashes,Va. Beach City,,Urban,36.80021,-76.20164,Interstate,I-64E,64.0,I-64,287.88,Interstate,Not at Intersection,,No,0,0,No,0,0,0,0,0,0,0,0,0,0,1,c6141952,0,0,1,Minor
3,2023-02-24,21:00:00,Friday,Head On,On Roadway,"Blacktop, Asphalt, Bituminous",No Defects,Darkness,Darkness - Road Lighted,"Two-Way, Divided, Positive Median Barrier",Not Provided,No Adverse Condition (Clear/Cloud),Straight - Level,Not Provided,No,Four Approaches,Not Provided,Traffic Signal,Dry,Intersection Area,Within Intersection,Yes - Working,No,2023,Winter,February,Nighttime,9:00pm - 11:59pm,21,Injury Crash,No,No,No,No,No,No,No,No,No,Yes,Yes,No,No,Multiple Vehicle Crashes,Fredericksburg City,,Urban,38.30942,-77.51383,,UR-3965S (CITY OF FREDERICKSBURG),,FALL HILL AVE,3.75,,At Intersection,CARL D SILVER PKWY,No,0,0,No,0,0,0,0,0,0,0,1,0,0,3,c9971400,0,1,0,Severe
2,2024-06-17,16:04:00,Monday,Angle,On Roadway,"Blacktop, Asphalt, Bituminous",No Defects,Daylight,Daylight,"Two-Way, Divided, Unprotected Median",Not Provided,No Adverse Condition (Clear/Cloud),Straight - Level,Not Provided,No,Four Approaches,Not Provided,Traffic Signal,Dry,Intersection Area,Within Intersection,Yes - Working,No,2024,Summer,June,Daytime,3:00pm - 5:59pm,16,Property Damage Crash,No,No,No,No,No,No,No,No,No,Yes,No,No,No,Multiple Vehicle Crashes,Prince William County,,Urban,38.7932,-77.62274,Non-Interstate,US-29N,29.0,LEE HWAY,217.67,Other Principal Arterial,At Intersection,WEBB DR,No,0,0,No,0,0,0,0,0,0,0,0,0,0,0,c3870993,0,0,1,Minor
2,2022-09-12,07:10:00,Monday,Sideswipe - Same Direction,On Roadway,"Blacktop, Asphalt, Bituminous",No Defects,Daylight,Daylight,"Two-Way, Not Divided",Not Provided,No Adverse Condition (Clear/Cloud),Straight - Level,Not Provided,No,Not at Intersection,Not Provided,No Traffic Control,Dry,Interchange Area,Main-Line Roadway,No Traffic Control Device Present,No,2022,Autumn,September,Daytime,6:00am - 8:59am,7,Injury Crash,No,Yes,No,No,No,No,No,No,No,No,Yes,No,No,Multiple Vehicle Crashes,Fredericksburg City,,Urban,38.28913,-77.47001,Non-Interstate,SUMMIT ST (NP - CITY OF FREDERICKSBURG),,SUMMIT ST,0.33,Local,Not at Intersection,,No,0,0,No,0,0,0,0,0,0,0,1,0,0,2,c2712376,0,1,0,Severe
2,2022-02-28,13:46:00,Monday,Sideswipe - Same Direction,On Roadway,"Blacktop, Asphalt, Bituminous",No Defects,Daylight,Daylight,"Two-Way, Divided, Positive Median Barrier",Not Provided,No Adverse Condition (Clear/Cloud),Straight - Level,Not Provided,No,Not at Intersection,Not Provided,No Traffic Control,Dry,Interchange Area,Main-Line Roadway,No Traffic Control Device Present,No,2022,Winter,February,Daytime,Noon - 2:59pm,13,Injury Crash,No,No,No,No,No,No,No,No,No,No,No,No,No,Multiple Vehicle Crashes,Hampton City,,Urban,37.02544,-76.43651,Non-Interstate,UR-7011S (CITY OF HAMPTON),7011.0,ORCUTT AVE,0.3,Major Collector,Not at Intersection,,No,0,0,No,0,0,0,0,0,0,0,0,0,0,1,c4840915,0,0,1,Minor
2,2024-02-28,23:30:00,Wednesday,Head On,On Roadway,"Blacktop, Asphalt, Bituminous",No Defects,Darkness,Darkness - Road Not Lighted,"Two-Way, Not Divided",Not Provided,No Adverse Condition (Clear/Cloud),Straight - Level,Not Provided,No,Not at Intersection,Not Provided,No Traffic Control,Dry,Intersection Area,Non-Intersection,No Traffic Control Device Present,No,2024,Winter,February,Nighttime,9:00pm - 11:59pm,23,Property Damage Crash,Yes,Yes,No,No,No,No,No,No,No,No,Yes,No,No,Multiple Vehicle Crashes,Chesterfield County,,Urban,37.38864,-77.64526,Non-Interstate,SC-4922S (CHESTERFIELD COUNTY),4922.0,SECRETARIAT DR,0.29,Local,Not at Intersection,,No,0,0,No,0,0,0,0,0,0,0,0,0,0,0,c2944224,0,0,1,Minor
2,2022-08-21,17:34:00,Sunday,Angle,On Roadway,"Blacktop, Asphalt, Bituminous",No Defects,Daylight,Daylight,"Two-Way, Divided, Unprotected Median",Not Provided,No Adverse Condition (Clear/Cloud),Straight - Level,Not Provided,No,Four Approaches,Not Provided,Traffic Signal,Dry,Intersection Area,Within Intersection,Yes - Working,No,2022,Summer,August,Daytime,3:00pm - 5:59pm,17,Property Damage Crash,No,No,No,No,No,No,No,No,No,No,No,No,No,Multiple Vehicle Crashes,Norfolk City,,Urban,36.93384,-76.24433,Non-Interstate,VA-194N,194.0,CHESAPEAKE BLVD,4.66,Minor Arterial,At Intersection,BAYVIEW BLVD,Yes,0,0,No,0,0,0,0,0,0,0,0,0,0,0,c0984007,0,0,1,Minor
1,2024-01-04,06:18:00,Thursday,Pedestrian,On Roadway,"Blacktop, Asphalt, Bituminous",No Defects,Darkness,Darkness - Road Lighted,"Two-Way, Not Divided",Not Provided,No Adverse Condition (Clear/Cloud),Straight - Level,Not Provided,No,Four Approaches,Not Provided,Traffic Signal,Dry,Intersection Area,Within Intersection,Yes - Working,No,2024,Winter,January,Daytime,6:00am - 8:59am,6,Injury Crash,No,No,No,Yes,No,No,No,No,No,No,No,No,No,Single Vehicle Crashes,Prince William County,,Urban,38.65248,-77.25617,Non-Interstate,US-1S,1.0,JEFFERSON DAVIS HWY,175.42,Other Principal Arterial,At Intersection,MARYS WAY,No,0,0,No,0,1,0,0,0,0,0,0,0,0,2,c2383143,0,1,0,Severe
2,2022-04-01,14:15:00,Friday,Rear End,On Roadway,"Blacktop, Asphalt, Bituminous",No Defects,Daylight,Daylight,"Two-Way, Divided, Positive Median Barrier",Not Provided,No Adverse Condition (Clear/Cloud),Straight - Level,Not Provided,No,Not at Intersection,Not Provided,Traffic Lanes Marked,Dry,Intersection Area,Non-Intersection,Yes - Working,No,2022,Spring,April,Daytime,Noon - 2:59pm,14,Injury Crash,No,Yes,No,No,No,No,No,No,No,No,No,No,No,Multiple Vehicle Crashes,Suffolk City,,Rural,36.76389,-76.48477,Non-Interstate,US-58E,58.0,PORTSMOUTH BLVD,477.72,Other Freeways and Expressways,Not at Intersection,,No,0,0,No,0,0,0,0,0,0,0,0,0,0,1,c3481698,0,0,1,Minor
2,2024-04-05,18:05:00,Friday,Angle,On Roadway,"Blacktop, Asphalt, Bituminous",No Defects,Dusk,Dusk,"Two-Way, Divided, Unprotected Median",Not Provided,No Adverse Condition (Clear/Cloud),Straight - Level,Not Provided,No,Not at Intersection,Not Provided,Traffic Lanes Marked,Dry,Intersection Area,Non-Intersection,Yes - Working,No,2024,Spring,April,Nighttime,6:00pm - 8:59pm,18,Property Damage Crash,No,No,No,No,No,No,No,No,No,No,No,No,No,Multiple Vehicle Crashes,Richmond City,,Urban,37.5563,-77.48878,Non-Interstate,VA-147P,147.0,THOMPSON ST,0.01,Minor Arterial,At Intersection,CARY ST,No,0,0,No,0,0,0,0,0,0,0,0,0,0,0,c3952105,0,0,1,Minor
1,2024-05-15,08:30:00,Wednesday,Fixed Object - Off Road,Roadside,"Blacktop, Asphalt, Bituminous",Slick Pavement,Daylight,Daylight,"Two-Way, Divided, Unprotected Median",Not Provided,Rain,Curve - Level,Not Provided,No,Not at Intersection,Not Provided,No Traffic Control,Wet,Intersection Area,Non-Intersection,Yes - Working,No,2024,Spring,May,Daytime,6:00am - 8:59am,8,Injury Crash,No,No,No,No,No,No,No,No,No,No,No,No,No,Single Vehicle Crashes,Prince George County,,Rural,37.13147,-77.21403,Non-Interstate,SC-625N (PRINCE GEORGE COUNTY),625.0,HINES RD,4.62,Minor Collector,Not at Intersection,,No,0,0,No,0,0,0,0,0,0,0,0,0,0,2,c0623419,0,1,0,Severe
2,2024-05-31,01:47:00,Friday,Rear End,Median,"Blacktop, Asphalt, Bituminous",No Defects,Darkness,Darkness - Road Not Lighted,"Two-Way, Not Divided",Not Provided,No Adverse Condition (Clear/Cloud),Straight - Level,Not Provided,No,Not at Intersection,Not Provided,No Traffic Control,Dry,Intersection Area,Non-Intersection,No Traffic Control Device Present,No,2024,Spring,May,Nighttime,Midnight - 2:59am,1,Injury Crash,No,Yes,No,No,No,No,No,No,No,Yes,Yes,No,No,Multiple Vehicle Crashes,Henrico County,,Urban,37.49037,-77.38451,,OAKLAND CHASE PL (PR - HENRICO COUNTY),,OAKLAND CHASE PL,0.21,,Not at Intersection,,No,0,0,No,0,0,0,0,0,0,0,1,0,0,1,c8773362,0,0,1,Minor
1,2022-12-06,10:29:00,Tuesday,Fixed Object - Off Road,Roadside,"Blacktop, Asphalt, Bituminous",No Defects,Daylight,Daylight,"One-Way, Not Divided",Not Provided,"Blowing Sand, Soil, Dirt, or Snow",Curve - Level,Not Provided,No,Two Approaches,Not Provided,One Way Road or Street,Dry,Interchange Area,On Entrance/Exit Ramp,Yes - Working,No,2022,Winter,December,Daytime,9:00am - 11:59am,10,Property Damage Crash,No,No,No,No,No,No,No,No,No,No,No,No,No,Single Vehicle Crashes,Augusta County,,Rural,38.13067,-79.03203,Interstate,US-250U RAMP 60B,81.0,I-81 RAMP,0.29,Interstate,Not at Intersection,,Yes,0,0,No,0,0,0,0,0,0,0,0,0,0,0,c9671832,0,0,1,Minor
2,2024-12-15,19:00:00,Sunday,Angle,On Roadway,"Blacktop, Asphalt, Bituminous",No Defects,Darkness,Darkness - Road Not Lighted,"Two-Way, Divided, Unprotected Median",Not Provided,Rain,Straight - Level,Not Provided,No,Three Approaches,Not Provided,Traffic Signal,Wet,Intersection Area,Within Intersection,Yes - Working,No,2024,Winter,December,Nighttime,6:00pm - 8:59pm,19,Property Damage Crash,No,No,Yes,No,No,No,No,No,No,No,Yes,No,No,Multiple Vehicle Crashes,Henry County,,Urban,36.62408,-79.85975,Non-Interstate,BUS US-220N (4 CITY OF MARTINSVILLE),220.0,GREENSBORO RD,0.15,Other Principal Arterial,At Intersection,WILLIAM F STONE HWAY,No,0,0,Yes,0,0,0,0,0,0,0,0,0,0,0,c1775924,0,0,1,Minor
1,2023-01-30,00:30:00,Monday,Fixed Object - Off Road,Roadside,"Blacktop, Asphalt, Bituminous",No Defects,Darkness,Darkness - Road Not Lighted,"Two-Way, Not Divided",Not Provided,No Adverse Condition (Clear/Cloud),Straight - Level,Not Provided,No,Not at Intersection,Not Provided,No Passing Lines,Dry,Intersection Area,Non-Intersection,Yes - Working,No,2023,Winter,January,Nighttime,Midnight - 2:59am,0,Property Damage Crash,No,Yes,No,No,No,No,No,No,No,No,Yes,No,No,Single Vehicle Crashes,Alleghany County,,Rural,37.74688,-80.23995,Non-Interstate,VA-311S,311.0,KANAWHA TRL,51.94,Major Collector,Not at Intersection,,No,0,0,No,0,0,0,0,0,0,0,0,0,0,0,c0580146,0,0,1,Minor
4,2024-01-13,11:34:00,Saturday,Rear End,On Roadway,"Blacktop, Asphalt, Bituminous",No Defects,Daylight,Daylight,"Two-Way, Divided, Positive Median Barrier",Not Provided,No Adverse Condition (Clear/Cloud),Straight - Level,Not Provided,No,Not at Intersection,Not Provided,Traffic Lanes Marked,Dry,Intersection Area,Non-Intersection,Yes - Working,No,2024,Winter,January,Daytime,9:00am - 11:59am,11,Injury Crash,No,Yes,No,No,No,No,No,No,No,No,Yes,No,No,Multiple Vehicle Crashes,Stafford County,,Urban,38.43681,-77.41273,Interstate,I-95N,95.0,I-95,141.75,Interstate,Not at Intersection,,Yes,0,1,No,0,0,0,0,0,0,0,1,0,0,6,c8756010,0,1,0,Severe
3,2022-06-15,22:10:00,Wednesday,Sideswipe - Same Direction,On Roadway,"Blacktop, Asphalt, Bituminous",No Defects,Darkness,Darkness - Road Lighted,"Two-Way, Divided, Positive Median Barrier",Not Provided,No Adverse Condition (Clear/Cloud),Straight - Level,Not Provided,No,Not at Intersection,Not Provided,Traffic Lanes Marked,Dry,Intersection Area,Non-Intersection,Yes - Working,No,2022,Summer,June,Nighttime,9:00pm - 11:59pm,22,Injury Crash,No,Yes,No,No,No,No,No,No,No,No,No,No,No,Multiple Vehicle Crashes,Fairfax County,,Urban,38.80114,-77.08148,Interstate,I-95S,95.0,I-95,176.29,Interstate,Not at Intersection,,No,0,0,No,0,0,0,0,0,0,0,0,0,0,1,c3455980,0,0,1,Minor
2,2024-05-06,22:16:00,Monday,Angle,On Roadway,Concrete,No Defects,Darkness,Darkness - Road Lighted,"Two-Way, Not Divided",Not Provided,No Adverse Condition (Clear/Cloud),Straight - Level,Not Provided,No,"Five-Point, or More",Not Provided,Traffic Signal,Dry,Intersection Area,Within Intersection,Yes - Working,No,2024,Spring,May,Nighttime,9:00pm - 11:59pm,22,Property Damage Crash,No,No,No,No,No,No,No,No,No,Yes,No,No,No,Multiple Vehicle Crashes,Lynchburg City,,Urban,37.40312,-79.17823,Non-Interstate,OAKLEY AVE (PR - CITY OF LYNCHBURG),221.0,OAKLEY AVE,0.0,Minor Arterial,At Intersection,LAKESIDE DR,No,0,0,No,0,0,0,0,0,0,0,0,0,0,0,c7674005,0,0,1,Minor
3,2024-11-26,14:28:00,Tuesday,Rear End,On Roadway,"Blacktop, Asphalt, Bituminous",No Defects,Daylight,Daylight,"Two-Way, Divided, Positive Median Barrier",Not Provided,No Adverse Condition (Clear/Cloud),Straight - Level,Not Provided,No,Not at Intersection,Not Provided,Traffic Signal,Dry,Interchange Area,Main-Line Roadway,Yes - Working,No,2024,Autumn,November,Daytime,Noon - 2:59pm,14,Injury Crash,No,Yes,No,No,No,No,No,No,No,Yes,No,No,No,Multiple Vehicle Crashes,Hampton City,,Urban,37.06204,-76.40074,Non-Interstate,VA-134E,134.0,NEIL ARMSTRONG PKWAY,6.81,Other Principal Arterial,Not at Intersection,,Yes,0,1,No,0,0,0,0,0,0,0,0,0,0,3,c0108824,0,1,0,Severe
3,2024-04-14,20:34:00,Sunday,Sideswipe - Same Direction,On Roadway,"Blacktop, Asphalt, Bituminous",No Defects,Darkness,Darkness - Road Not Lighted,"Two-Way, Not Divided",Not Provided,No Adverse Condition (Clear/Cloud),Straight - Level,Not Provided,No,Not at Intersection,Not Provided,Traffic Lanes Marked,Dry,Intersection Area,Non-Intersection,Yes - Working,No,2024,Spring,April,Nighttime,6:00pm - 8:59pm,20,Property Damage Crash,No,Yes,No,No,No,No,No,No,No,No,No,No,No,Multiple Vehicle Crashes,Fairfax County,Herndon,Urban,38.96935,-77.40067,Non-Interstate,ALABAMA DR (PR - TOWN OF HERNDON),,ALABAMA DR,1.43,Local,Not at Intersection,,No,0,0,No,0,0,0,0,0,0,0,0,0,0,0,c6862881,0,0,1,Minor
2,2024-05-18,20:33:00,Saturday,Angle,On Roadway,"Blacktop, Asphalt, Bituminous",No Defects,Darkness,Darkness - Road Not Lighted,"Two-Way, Divided, Positive Median Barrier",Not Provided,No Adverse Condition (Clear/Cloud),Straight - Level,Not Provided,No,Three Approaches,Not Provided,Stop Sign,Dry,Intersection Area,Within Intersection,Yes - Working,No,2024,Spring,May,Nighttime,6:00pm - 8:59pm,20,Injury Crash,No,Yes,No,No,No,No,No,No,No,No,No,No,No,Multiple Vehicle Crashes,Stafford County,,Urban,38.47491,-77.42863,Non-Interstate,SC-610W (STAFFORD COUNTY),610.0,GARRISONVILLE RD,9.22,Major Collector,At Intersection,TRAVIS LN,No,0,0,No,0,0,0,0,0,0,0,0,0,0,3,c5082729,0,1,0,Severe
1,2022-12-16,00:27:00,Friday,Fixed Object - Off Road,Median,"Blacktop, Asphalt, Bituminous",No Defects,Darkness,Darkness - Road Lighted,"Two-Way, Divided, Unprotected Median",Not Provided,No Adverse Condition (Clear/Cloud),Straight - Level,Not Provided,No,Not at Intersection,Not Provided,Traffic Lanes Marked,Dry,Intersection Area,Non-Intersection,Yes - Working,No,2022,Winter,December,Nighttime,Midnight - 2:59am,0,Property Damage Crash,Yes,Yes,No,No,No,No,No,No,No,No,Yes,No,No,Single Vehicle Crashes,Chesterfield County,,Urban,37.50045,-77.57205,Non-Interstate,US-60E,60.0,MIDLOTHIAN TPKE,181.65,Other Principal Arterial,Not at Intersection,,No,0,0,No,0,0,0,0,0,0,0,0,0,0,0,c2723836,0,0,1,Minor
3,2022-06-07,09:05:00,Tuesday,Rear End,On Roadway,"Blacktop, Asphalt, Bituminous",No Defects,Daylight,Daylight,"Two-Way, Divided, Unprotected Median",Not Provided,No Adverse Condition (Clear/Cloud),Straight - Level,Not Provided,No,Four Approaches,Not Provided,Traffic Lanes Marked,Dry,Intersection,Intersection Related - Outside 150 Feet,Yes - Working,No,2022,Summer,June,Daytime,9:00am - 11:59am,9,Property Damage Crash,No,No,No,No,No,No,No,No,No,Yes,No,No,No,Multiple Vehicle Crashes,Loudoun County,Leesburg,Rural,39.08698,-77.57127,,BATTLEFIELD PKWY (PR - TOWN OF LEESBURG),,BATTLEFIELD PKWY,5.83,,At Intersection,EVERGREEN MILL RD,No,0,0,No,0,0,0,0,0,0,0,0,0,0,0,c9708589,0,0,1,Minor
2,2022-03-14,16:30:00,Monday,Sideswipe - Opposite Direction,In Parking Lane or Zone,"Blacktop, Asphalt, Bituminous",No Defects,Unknown,Unknown,"Two-Way, Divided, Unprotected Median",Not Provided,No Adverse Condition (Clear/Cloud),Straight - Level,Not Provided,No,Not at Intersection,Not Provided,No Traffic Control,Dry,Intersection Area,Non-Intersection,No Traffic Control Device Present,No,2022,Spring,March,Daytime,3:00pm - 5:59pm,16,Property Damage Crash,No,No,No,No,No,No,No,No,No,No,No,No,No,Multiple Vehicle Crashes,Loudoun County,,Urban,39.02772,-77.41609,,WINDMILL PARC DR (PR - LOUDOUN COUNTY),,WINDMILL PARC DR,0.14,,Not at Intersection,,No,0,0,No,0,0,0,0,0,0,0,0,0,0,0,c8708619,0,0,1,Minor
2,2024-10-18,19:39:00,Friday,Rear End,On Roadway,"Blacktop, Asphalt, Bituminous",No Defects,Darkness,Darkness - Road Lighted,"Two-Way, Divided, Positive Median Barrier",Not Provided,No Adverse Condition (Clear/Cloud),Grade - Straight,Not Provided,No,Not at Intersection,Not Provided,Traffic Lanes Marked,Dry,Intersection Area,Non-Intersection,Yes - Working,No,2024,Autumn,October,Nighttime,6:00pm - 8:59pm,19,Injury Crash,No,Yes,No,No,No,No,No,No,No,No,No,No,No,Multiple Vehicle Crashes,Fairfax County,,Urban,38.79587,-77.06334,Interstate,I-95N,95.0,I-95,176.91,Interstate,Not at Intersection,,No,0,0,No,0,0,0,0,0,0,0,0,0,0,1,c1786596,0,0,1,Minor
2,2023-01-05,10:15:00,Thursday,Sideswipe - Same Direction,On Roadway,"Blacktop, Asphalt, Bituminous",No Defects,Daylight,Daylight,"Two-Way, Divided, Unprotected Median",Not Provided,No Adverse Condition (Clear/Cloud),Grade - Curve,Not Provided,No,Not at Intersection,Not Provided,Traffic Lanes Marked,Dry,Intersection Area,Non-Intersection,Yes - Working,No,2023,Winter,January,Daytime,9:00am - 11:59am,10,Property Damage Crash,No,No,Yes,No,No,No,No,No,No,No,No,No,No,Multiple Vehicle Crashes,Appomattox County,,Rural,37.35078,-78.94993,Non-Interstate,US-460W,460.0,RICHMOND HWY,218.34,Other Principal Arterial,Not at Intersection,,No,0,0,Yes,0,0,0,0,0,0,0,0,0,0,0,c4710595,0,0,1,Minor
1,2024-02-20,16:10:00,Tuesday,Fixed Object - Off Road,On Roadway,"Blacktop, Asphalt, Bituminous",Loose Material,Daylight,Daylight,"Two-Way, Not Divided",Not Provided,No Adverse Condition (Clear/Cloud),Straight - Level,Not Provided,No,Three Approaches,Not Provided,No Passing Lines,Dry,Intersection Area,Within Intersection,Yes - Working,No,2024,Winter,February,Daytime,3:00pm - 5:59pm,16,Property Damage Crash,No,Yes,No,No,No,No,No,No,No,Yes,No,No,No,Single Vehicle Crashes,Rockbridge County,,Rural,37.68333,-79.55381,Non-Interstate,SC-610N (ROCKBRIDGE COUNTY),610.0,PLANK RD,5.96,Local,At Intersection,PADGETTS HILL RD,No,0,0,No,0,0,0,0,0,0,0,0,0,0,0,c6624218,0,0,1,Minor