NumberOfVehicles,CrashDate,CrashTime,DayOfWeek,TypeOfCollision,LocationOfFirstHarmfulEvent,RoadwaySurfaceType,RoadwayDefect,LightCondition_Category,LightCondition_Value,RoadwayDescription,WorkZoneLocation,WeatherCondition,RoadwayAlignment,WorkZoneWorkersPresent,SchoolZone,IntersectionType,WorkZoneType,TrafficControlType,RoadwaySurfaceCondition,RelationToRoadway_Category,RelationToRoadway_Value,TrafficControlMechanicalDevice,WorkZoneRelated,Year,Meteorological Season,MonthName,DaytimeNighttime_NHTSA,ThreeHourLabel,Hour,CrashType,AlcoholInvolved,SpeedRelated,CommercialMotorVehiclesInvolved,PedestrianInvolved,BicycleInvolved,MotorcycleInvolved,MopedInvolved,TrainRelated,SchoolZoneInvolved,TeenDriverInvolved,DistractedDriverInvolved,DriverTextingInvolved,DriverUsingCellPhone,Single_Multi_Vehicle,Jurisdiction,TownName,LocationTypeName,Latitude,Longitude,Interstate_NonInterstate,RoadName,RouteNumber,RouteName,MileMarker,FunctionalClassCode,AtIntersection,SecondaryLocation,MatureDriverInvolved,MatureDriverFatalities,MatureDriverInjuries,LargeTruckInvolved,PedestrianFatalities,PedestrianInjuries,MotorcycleFatalities,MotorcycleInjuries,BicycleFatalities,BicycleInjuries,DistractedDriverFatalities,DistractedDriverInjuries,UnrestrainedInjuries,Number_Of_Fatalities,Number_Of_Injuries,Crash_UID,Is_Fatal,Is_Severe,Is_Minor,SeverityLabel
2,2022-12-22,17:15:00,Thursday,Rear End,On Roadway,"Blacktop, Asphalt, Bituminous",No Defects,Dusk,Dusk,"Two-Way, Divided, Positive Median Barrier",Not Provided,Rain,Straight - Level,Not Provided,No,Not at Intersection,Not Provided,Traffic Lanes Marked,Wet,Intersection Area,Non-Intersection,Yes - Working,No,2022,Winter,December,Daytime,3:00pm - 5:59pm,17,Property Damage Crash,No,No,No,No,No,No,No,No,No,No,No,No,No,Multiple Vehicle Crashes,Fairfax County,,Urban,38.84841,-77.42303,Interstate,I-66W,66.0,I-66,53.87,Interstate,Not at Intersection,,No,0,0,No,0,0,0,0,0,0,0,0,0,0,0,c9895418,0,0,1,Minor
2,2024-03-31,07:11:00,Sunday,Angle,On Roadway,"Blacktop, Asphalt, Bituminous",No Defects,Daylight,Daylight,"Two-Way, Divided, Unprotected Median",Not Provided,No Adverse Condition (Clear/Cloud),Straight - Level,Not Provided,No,Three Approaches,Not Provided,Traffic Signal,Dry,Intersection Area,Within Intersection,Yes - Working,No,2024,Spring,March,Daytime,6:00am - 8:59am,7,Injury Crash,No,Yes,No,No,No,No,No,No,No,No,No,No,No,Multiple Vehicle Crashes,Prince William County,,Urban,38.77785,-77.50688,Non-Interstate,BUS VA-234N (1 CITY OF MANASSAS),234.0,SUDLEY RD,5.41,Minor Arterial,At Intersection,PORTSMOUTH RD,No,0,0,No,0,0,0,0,0,0,0,0,0,0,3,c5242498,0,1,0,Severe
2,2022-03-21,08:25:00,Monday,Angle,On Roadway,"Blacktop, Asphalt, Bituminous",No Defects,Daylight,Daylight,"Two-Way, Divided, Positive Median Barrier",Activity Area,No Adverse Condition (Clear/Cloud),Straight - Level,With No Law Enforcement,No,Not at Intersection,Work on Shoulder or Median,Traffic Lanes Marked,Dry,Intersection Area,Non-Intersection,Yes - Working,Yes,2022,Spring,March,Daytime,6:00am - 8:59am,8,Property Damage Crash,No,Yes,No,No,No,No,No,No,No,No,No,No,No,Multiple Vehicle Crashes,Fairfax County,,Urban,38.87879,-77.26358,Interstate,I-66W,66.0,I-66,62.75,Interstate,Not at Intersection,,No,0,0,No,0,0,0,0,0,0,0,0,0,0,0,c2465763,0,0,1,Minor
3,2023-05-02,11:20:00,Tuesday,Rear End,Shoulder,"Blacktop, Asphalt, Bituminous",No Defects,Daylight,Daylight,"Two-Way, Divided, Positive Median Barrier",Not Provided,No Adverse Condition (Clear/Cloud),Straight - Level,Not Provided,No,Not at Intersection,Not Provided,Traffic Lanes Marked,Dry,Intersection Area,Non-Intersection,Yes - Working,No,2023,Spring,May,Daytime,9:00am - 11:59am,11,Injury Crash,No,Yes,Yes,No,No,No,No,No,No,Yes,No,No,No,Multiple Vehicle Crashes,Spotsylvania County,,Urban,38.31111,-77.50264,Interstate,I-95N,95.0,I-95,131.43,Interstate,Not at Intersection,,No,0,0,Yes,0,0,0,0,0,0,0,0,0,0,3,c2316267,0,1,0,Severe
2,2024-03-11,17:39:00,Monday,Rear End,On Roadway,"Blacktop, Asphalt, Bituminous",No Defects,Daylight,Daylight,"Two-Way, Divided, Positive Median Barrier",Not Provided,No Adverse Condition (Clear/Cloud),Straight - Level,Not Provided,No,Not at Intersection,Not Provided,Traffic Lanes Marked,Dry,Intersection Area,Non-Intersection,Yes - Working,No,2024,Spring,March,Daytime,3:00pm - 5:59pm,17,Property Damage Crash,No,Yes,No,No,No,No,No,No,No,No,Yes,No,No,Multiple Vehicle Crashes,Spotsylvania County,,Urban,38.25912,-77.51396,Interstate,I-95S,95.0,I-95,127.95,Interstate,Not at Intersection,,No,0,0,No,0,0,0,0,0,0,0,0,0,0,0,c6634922,0,0,1,Minor
2,2023-04-07,15:01:00,Friday,Angle,On Roadway,"Blacktop, Asphalt, Bituminous",No Defects,Daylight,Daylight,"Two-Way, Divided, Unprotected Median",Not Provided,Rain,Grade - Straight,Not Provided,No,Four Approaches,Not Provided,Stop Sign,Wet,Intersection Area,Within Intersection,Yes - Working,No,2023,Spring,April,Daytime,3:00pm - 5:59pm,15,Property Damage Crash,No,No,No,No,No,No,No,No,No,No,No,No,No,Multiple Vehicle Crashes,Roanoke City,,Urban,37.26677,-79.94495,Non-Interstate,ELM AVE SW (PR - CITY OF ROANOKE),221.0,ELM AVE,0.2,Minor Arterial,At Intersection,3RD ST,No,0,0,No,0,0,0,0,0,0,0,0,0,0,0,c0003698,0,0,1,Minor
2,2024-10-28,08:08:00,Monday,Rear End,On Roadway,"Blacktop, Asphalt, Bituminous",No Defects,Daylight,Daylight,"Two-Way, Not Divided",Not Provided,No Adverse Condition (Clear/Cloud),Straight - Level,Not Provided,No,Not at Intersection,Not Provided,No Passing Lines,Dry,Intersection Area,Non-Intersection,Yes - Working,No,2024,Autumn,October,Daytime,6:00am - 8:59am,8,Property Damage Crash,No,No,No,No,No,No,No,No,No,Yes,No,No,No,Multiple Vehicle Crashes,Rockbridge County,,Urban,37.77546,-79.43729,Non-Interstate,US-11N,11.0,LEE HWAY,202.77,Minor Arterial,Not at Intersection,,No,0,0,No,0,0,0,0,0,0,0,0,0,0,0,c1453952,0,0,1,Minor
3,2023-04-19,15:47:00,Wednesday,Sideswipe - Opposite Direction,On Roadway,"Blacktop, Asphalt, Bituminous",No Defects,Daylight,Daylight,"Two-Way, Not Divided",Not Provided,No Adverse Condition (Clear/Cloud),Straight - Level,Not Provided,No,Not at Intersection,Not Provided,Traffic Lanes Marked,Dry,Intersection Area,Non-Intersection,Yes - Working,No,2023,Spring,April,Daytime,3:00pm - 5:59pm,15,Property Damage Crash,No,No,No,No,No,No,No,No,No,No,Yes,No,No,Multiple Vehicle Crashes,Loudoun County,,Rural,39.18788,-77.67664,Non-Interstate,VA-9W,9.0,CHARLES TOWN PIKE,7.95,Minor Arterial,Not at Intersection,,No,0,0,No,0,0,0,0,0,0,0,0,0,0,0,c6388921,0,0,1,Minor
2,2022-06-24,11:25:00,Friday,Angle,On Roadway,"Blacktop, Asphalt, Bituminous",No Defects,Daylight,Daylight,"Two-Way, Divided, Unprotected Median",Not Provided,No Adverse Condition (Clear/Cloud),Straight - Level,Not Provided,No,Not at Intersection,Not Provided,Traffic Lanes Marked,Dry,Intersection Area,Non-Intersection,Yes - Working,No,2022,Summer,June,Daytime,9:00am - 11:59am,11,Property Damage Crash,No,No,No,No,No,No,No,No,No,No,No,No,No,Multiple Vehicle Crashes,Spotsylvania County,,Urban,38.23168,-77.50399,Non-Interstate,US-1N,1.0,JEFFERSON DAVIS HWY,142.21,Other Principal Arterial,Not at Intersection,,Yes,0,0,No,0,0,0,0,0,0,0,0,0,0,0,c2850854,0,0,1,Minor
2,2022-04-14,13:30:00,Thursday,Head On,On Roadway,Concrete,No Defects,Daylight,Daylight,"Two-Way, Not Divided",Not Provided,No Adverse Condition (Clear/Cloud),Straight - Level,Not Provided,No,Not at Intersection,Not Provided,No Traffic Control,Dry,Interchange Area,Main-Line Roadway,No Traffic Control Device Present,No,2022,Spring,April,Daytime,Noon - 2:59pm,13,Injury Crash,No,No,No,No,No,No,No,No,No,No,Yes,No,No,Multiple Vehicle Crashes,Fairfax County,,Rural,38.74411,-77.38386,Non-Interstate,SC-612S (FAIRFAX COUNTY),612.0,OLD YATES FORD RD,0.22,Minor Arterial,At Intersection,KINCHELOE RD,No,0,0,No,0,0,0,0,0,0,0,1,0,0,2,c5584059,0,1,0,Severe
1,2024-04-20,03:05:00,Saturday,Fixed Object - Off Road,"Off Roadway, Location Unknown","Blacktop, Asphalt, Bituminous",No Defects,Darkness,Darkness - Road Lighted,"Two-Way, Not Divided",Not Provided,No Adverse Condition (Clear/Cloud),Grade - Curve,Not Provided,No,Roundabout,Not Provided,Traffic Lanes Marked,Dry,Interchange Area,Main-Line Roadway,Yes - Working,No,2024,Spring,April,Nighttime,3:00am - 5:59am,3,Property Damage Crash,No,No,No,No,No,No,No,No,No,No,No,No,No,Single Vehicle Crashes,Gloucester County,,Urban,37.41485,-76.52905,Non-Interstate,BUS US-17N (5 GLOUCESTER COUNTY),17.0,MAIN ST,1.72,Major Collector,At Intersection,JOHN C LEMON LN,No,0,0,No,0,0,0,0,0,0,0,0,0,0,0,c6682424,0,0,1,Minor
2,2022-03-28,07:30:00,Monday,Angle,On Roadway,"Blacktop, Asphalt, Bituminous",No Defects,Daylight,Daylight,"Two-Way, Divided, Unprotected Median",Not Provided,No Adverse Condition (Clear/Cloud),Straight - Level,Not Provided,No,Not at Intersection,Not Provided,No Traffic Control,Dry,Intersection Area,Non-Intersection,No Traffic Control Device Present,No,2022,Spring,March,Daytime,6:00am - 8:59am,7,Property Damage Crash,No,No,No,No,No,No,No,No,No,No,No,No,No,Multiple Vehicle Crashes,Chesapeake City,,Urban,36.77472,-76.36108,,CAVALIER BLVD (NP - CITY OF CHESAPEAKE),,CAVALIER BLVD,0.24,,Not at Intersection,,Yes,0,0,No,0,0,0,0,0,0,0,0,0,0,0,c6587411,0,0,1,Minor
1,2022-08-14,04:00:00,Sunday,Pedestrian,On Roadway,"Blacktop, Asphalt, Bituminous",No Defects,Darkness,Darkness - Road Not Lighted,"Two-Way, Divided, Positive Median Barrier",Not Provided,No Adverse Condition (Clear/Cloud),Grade - Straight,Not Provided,No,Not at Intersection,Not Provided,Traffic Lanes Marked,Dry,Interchange Area,Main-Line Roadway,Yes - Working,No,2022,Summer,August,Nighttime,3:00am - 5:59am,4,Fatal Crash,No,No,No,Yes,No,No,No,No,No,No,No,No,No,Single Vehicle Crashes,Bristol City,,Urban,36.60238,-82.22901,Interstate,I-81S,81.0,I-81,1.32,Interstate,Not at Intersection,,No,0,0,No,1,0,0,0,0,0,0,0,0,1,0,c4393071,1,1,0,Fatal
2,2023-11-12,14:00:00,Sunday,Rear End,On Roadway,"Blacktop, Asphalt, Bituminous",No Defects,Daylight,Daylight,"Two-Way, Divided, Unprotected Median",Not Provided,No Adverse Condition (Clear/Cloud),Straight - Level,Not Provided,No,Not at Intersection,Not Provided,Traffic Lanes Marked,Dry,Intersection Area,Non-Intersection,Yes - Working,No,2023,Autumn,November,Daytime,Noon - 2:59pm,14,Injury Crash,No,No,No,No,No,No,No,No,No,No,No,No,No,Multiple Vehicle Crashes,Lynchburg City,,Urban,37.34417,-79.18887,Non-Interstate,BUS US-29S (5 CITY OF LYNCHBURG),29.0,WARDS RD,0.46,Other Principal Arterial,Not at Intersection,,No,0,0,No,0,0,0,0,0,0,0,0,0,0,2,c8551072,0,1,0,Severe
1,2024-11-26,16:24:00,Tuesday,Deer,On Roadway,"Blacktop, Asphalt, Bituminous",No Defects,Daylight,Daylight,"Two-Way, Not Divided",Not Provided,No Adverse Condition (Clear/Cloud),Straight - Level,Not Provided,No,Not at Intersection,Not Provided,Traffic Lanes Marked,Dry,Intersection Area,Non-Intersection,Yes - Working,No,2024,Autumn,November,Daytime,3:00pm - 5:59pm,16,Property Damage Crash,No,No,No,No,No,No,No,No,No,No,No,No,No,Single Vehicle Crashes,Wythe County,Wytheville,Urban,36.95139,-81.12952,Non-Interstate,W RIDGE RD (PR - TOWN OF WYTHEVILLE),0.0,RIDGE RD,2.37,Local,Not at Intersection,,No,0,0,No,0,0,0,0,0,0,0,0,0,0,0,c9870234,0,0,1,Minor
2,2024-07-30,18:32:00,Tuesday,Angle,On Roadway,"Blacktop, Asphalt, Bituminous",No Defects,Daylight,Daylight,"Two-Way, Divided, Unprotected Median",Not Provided,No Adverse Condition (Clear/Cloud),Straight - Level,Not Provided,No,Four Approaches,Not Provided,Traffic Signal,Dry,Intersection Area,Within Intersection,Yes - Working,No,2024,Summer,July,Nighttime,6:00pm - 8:59pm,18,Property Damage Crash,No,No,No,No,No,No,No,No,No,No,No,No,No,Multiple Vehicle Crashes,Roanoke County,,Urban,37.3111,-79.88521,Non-Interstate,US-460E,460.0,CHALLENGER AVE,158.21,Other Principal Arterial,At Intersection,WEST RURITAN RD,No,0,0,No,0,0,0,0,0,0,0,0,0,0,0,c1762500,0,0,1,Minor
1,2024-01-06,16:45:00,Saturday,Fixed Object - Off Road,Shoulder,"Blacktop, Asphalt, Bituminous",No Defects,Dusk,Dusk,"Two-Way, Divided, Positive Median Barrier",Not Provided,Rain,Straight - Level,Not Provided,No,Not at Intersection,Not Provided,Traffic Lanes Marked,Wet,Interchange Area,Main-Line Roadway,Yes - Working,No,2024,Winter,January,Daytime,3:00pm - 5:59pm,16,Property Damage Crash,No,Yes,No,No,No,No,No,No,No,No,No,No,No,Single Vehicle Crashes,Fairfax County,,Urban,38.93994,-77.27068,Non-Interstate,VA-267W,267.0,VA-267,22.9,Other Freeways and Expressways,Not at Intersection,,No,0,0,No,0,0,0,0,0,0,0,0,0,0,0,c0441667,0,0,1,Minor
2,2024-09-21,10:44:00,Saturday,Sideswipe - Same Direction,On Roadway,"Blacktop, Asphalt, Bituminous",No Defects,Daylight,Daylight,"Two-Way, Divided, Unprotected Median",Not Provided,No Adverse Condition (Clear/Cloud),Straight - Level,Not Provided,No,Not at Intersection,Not Provided,Traffic Lanes Marked,Dry,Interchange Area,Main-Line Roadway,Yes - Working,No,2024,Autumn,September,Daytime,9:00am - 11:59am,10,Injury Crash,No,No,No,No,No,No,No,No,No,No,No,No,No,Multiple Vehicle Crashes,Pulaski County,,Urban,37.08303,-80.69052,Non-Interstate,VA-100S,100.0,CLEBURNE BLVD,27.29,Minor Arterial,Not at Intersection,,Yes,0,0,No,0,0,0,0,0,0,0,0,0,0,1,c5086287,0,0,1,Minor
4,2023-01-15,20:00:00,Sunday,Rear End,On Roadway,"Blacktop, Asphalt, Bituminous",No Defects,Darkness,Darkness - Road Lighted,"Two-Way, Divided, Unprotected Median",Not Provided,No Adverse Condition (Clear/Cloud),Straight - Level,Not Provided,No,Four Approaches,Not Provided,Traffic Signal,Dry,Intersection Area,Intersection Related - Within 150 Feet,Yes - Working,No,2023,Winter,January,Nighttime,6:00pm - 8:59pm,20,Injury Crash,Yes,No,No,No,No,No,No,No,No,No,Yes,No,No,Multiple Vehicle Crashes,Richmond City,,Urban,37.54303,-77.53886,Non-Interstate,VA-150S,150.0,CHIPPENHAM PKWY,10.65,Other Freeways and Expressways,At Intersection,CUSTIS RD,No,0,0,No,0,0,0,0,0,0,0,1,0,0,4,c1530695,0,1,0,Severe
2,2023-11-24,04:43:00,Friday,Head On,On Roadway,"Blacktop, Asphalt, Bituminous",No Defects,Darkness,Darkness - Road Not Lighted,"Two-Way, Not Divided",Not Provided,No Adverse Condition (Clear/Cloud),Curve - Level,Not Provided,No,Not at Intersection,Not Provided,No Passing Lines,Dry,Intersection Area,Non-Intersection,Yes - Working,No,2023,Autumn,November,Nighttime,3:00am - 5:59am,4,Injury Crash,No,Yes,No,No,No,No,No,No,No,No,No,No,No,Multiple Vehicle Crashes,Tazewell County,,Rural,37.16886,-81.54579,Non-Interstate,VA-16S,16.0,ADRIA RD,72.39,Minor Arterial,At Intersection,DRY FORK RD,No,0,0,No,0,0,0,0,0,0,0,0,1,0,2,c0859263,0,1,0,Severe
1,2022-10-17,10:16:00,Monday,Fixed Object - Off Road,Roadside,"Blacktop, Asphalt, Bituminous",No Defects,Daylight,Daylight,"Two-Way, Not Divided",Not Provided,No Adverse Condition (Clear/Cloud),Grade - Straight,Not Provided,No,Not at Intersection,Not Provided,Traffic Lanes Marked,Wet,Intersection Area,Non-Intersection,Yes - Working,No,2022,Autumn,October,Daytime,9:00am - 11:59am,10,Injury Crash,No,No,No,No,No,No,No,No,No,No,No,No,No,Single Vehicle Crashes,Albemarle County,,Rural,38.05979,-78.285,Non-Interstate,VA-22E,22.0,LOUISA RD,7.3,Major Collector,Not at Intersection,,Yes,0,1,No,0,0,0,0,0,0,0,0,0,0,1,c9287308,0,0,1,Minor
1,2023-05-27,13:45:00,Saturday,Fixed Object - Off Road,On Roadway,"Blacktop, Asphalt, Bituminous",No Defects,Daylight,Daylight,"Two-Way, Divided, Positive Median Barrier",Not Provided,No Adverse Condition (Clear/Cloud),Straight - Level,Not Provided,No,Not at Intersection,Not Provided,Traffic Lanes Marked,Dry,Intersection Area,Non-Intersection,Yes - Working,No,2023,Spring,May,Daytime,Noon - 2:59pm,13,Property Damage Crash,No,Yes,No,No,No,No,No,No,No,No,No,No,No,Single Vehicle Crashes,Chesterfield County,,Urban,37.4948,-77.52224,Non-Interstate,VA-150S,150.0,CHIPPENHAM PKWY,6.97,Other Freeways and Expressways,Not at Intersection,,No,0,0,No,0,0,0,0,0,0,0,0,0,0,0,c2966468,0,0,1,Minor
2,2022-12-25,12:30:00,Sunday,Rear End,On Roadway,"Blacktop, Asphalt, Bituminous",No Defects,Daylight,Daylight,"Two-Way, Not Divided",Not Provided,No Adverse Condition (Clear/Cloud),Straight - Level,Not Provided,No,Three Approaches,Not Provided,Traffic Signal,Dry,Intersection Area,Intersection Related - Within 150 Feet,Yes - Working,No,2022,Winter,December,Daytime,Noon - 2:59pm,12,Property Damage Crash,No,No,No,No,No,No,No,No,No,No,No,No,No,Multiple Vehicle Crashes,Shenandoah County,Woodstock,Urban,38.87152,-78.52609,Non-Interstate,VA-42N,42.0,RESERVOIR RD,271.09,Major Collector,At Intersection,I-81 RAMP,Yes,0,0,No,0,0,0,0,0,0,0,0,0,0,0,c1349818,0,0,1,Minor
2,2022-11-03,08:14:00,Thursday,Angle,On Roadway,Concrete,No Defects,Daylight,Daylight,"Two-Way, Divided, Unprotected Median",Not Provided,No Adverse Condition (Clear/Cloud),Straight - Level,Not Provided,No,Two Approaches,Not Provided,Stop Sign,Dry,Intersection Area,Within Intersection,Yes - Working,No,2022,Autumn,November,Daytime,6:00am - 8:59am,8,Injury Crash,No,No,Yes,No,No,No,No,No,No,No,No,No,No,Multiple Vehicle Crashes,Henrico County,,Urban,37.57115,-77.38859,Non-Interstate,CR-7622W (HENRICO COUNTY),7622.0,HARVIE RD,0.67,Major Collector,At Intersection,REYNOLDS RD,Yes,0,1,No,0,0,0,0,0,0,0,0,0,0,3,c0262725,0,1,0,Severe
2,2023-05-08,16:30:00,Monday,Rear End,On Roadway,"Blacktop, Asphalt, Bituminous",No Defects,Daylight,Daylight,"Two-Way, Not Divided",Not Provided,No Adverse Condition (Clear/Cloud),Straight - Level,Not Provided,No,Not at Intersection,Not Provided,No Passing Lines,Dry,Intersection Area,Non-Intersection,Yes - Working,No,2023,Spring,May,Daytime,3:00pm - 5:59pm,16,Injury Crash,No,Yes,No,No,No,No,No,No,No,No,Yes,No,No,Multiple Vehicle Crashes,Augusta County,,Rural,38.03129,-79.06126,Non-Interstate,US-340N,340.0,STUARTS DRAFT HWY,5.18,Minor Arterial,Not at Intersection,,No,0,0,No,0,0,0,0,0,0,0,0,0,0,2,c0275869,0,1,0,Severe
2,2022-10-12,19:00:00,Wednesday,Rear End,On Roadway,"Blacktop, Asphalt, Bituminous",No Defects,Darkness,Darkness - Road Not Lighted,"Two-Way, Divided, Unprotected Median",Not Provided,No Adverse Condition (Clear/Cloud),Grade - Straight,Not Provided,No,Three Approaches,Not Provided,Traffic Signal,Dry,Intersection Area,Intersection Related - Within 150 Feet,Yes - Working,No,2022,Autumn,October,Nighttime,6:00pm - 8:59pm,19,Property Damage Crash,No,Yes,No,No,No,No,No,No,No,No,No,No,No,Multiple Vehicle Crashes,Frederick County,,Urban,39.18467,-78.13486,Non-Interstate,VA-7E,7.0,BERRYVILLE PIKE,1.97,Other Principal Arterial,At Intersection,VALLEY MILL RD,No,0,0,No,0,0,0,0,0,0,0,0,0,0,0,c4967755,0,0,1,Minor
2,2022-06-21,08:30:00,Tuesday,Sideswipe - Same Direction,On Roadway,"Blacktop, Asphalt, Bituminous",No Defects,Daylight,Daylight,"Two-Way, Divided, Unprotected Median",Not Provided,No Adverse Condition (Clear/Cloud),Straight - Level,Not Provided,No,Four Approaches,Not Provided,Traffic Signal,Dry,Intersection Area,Within Intersection,Yes - Working,No,2022,Summer,June,Daytime,6:00am - 8:59am,8,Injury Crash,No,No,No,No,No,No,No,No,No,No,No,No,No,Multiple Vehicle Crashes,Va. Beach City,,Urban,36.82996,-76.09526,Non-Interstate,ROSEMONT RD (PR - CITY OF VIRGINIA BEACH),,ROSEMONT RD,4.15,Minor Arterial,At Intersection,PLAZA TRL,No,0,0,No,0,0,0,0,0,0,0,0,0,0,1,c5267117,0,0,1,Minor
2,2024-03-30,21:10:00,Saturday,Angle,On Roadway,"Blacktop, Asphalt, Bituminous",No Defects,Darkness,Darkness - Road Lighted,"Two-Way, Not Divided",Not Provided,No Adverse Condition (Clear/Cloud),Hillcrest - Straight,Not Provided,No,Two Approaches,Not Provided,No Traffic Control,Dry,Intersection Area,Within Intersection,No Traffic Control Device Present,No,2024,Spring,March,Nighttime,9:00pm - 11:59pm,21,Injury Crash,Yes,No,No,No,Yes,No,No,No,No,No,No,No,No,Multiple Vehicle Crashes,Richmond City,,Urban,37.5428,-77.41686,Non-Interstate,R ST (NP - CITY OF RICHMOND),,R ST,0.05,Local,At Intersection,19TH ST,No,0,0,No,0,0,0,0,0,1,0,0,0,0,1,c8400966,0,0,1,Minor
2,2022-07-15,11:26:00,Friday,Angle,On Roadway,"Blacktop, Asphalt, Bituminous",No Defects,Daylight,Daylight,"Two-Way, Not Divided",Not Provided,No Adverse Condition (Clear/Cloud),Straight - Level,Not Provided,No,Four Approaches,Not Provided,Traffic Signal,Dry,Intersection Area,Within Intersection,Yes - Working,No,2022,Summer,July,Daytime,9:00am - 11:59am,11,Property Damage Crash,No,No,No,No,No,No,No,No,No,No,No,No,No,Multiple Vehicle Crashes,Suffolk City,,Urban,36.73372,-76.58179,Non-Interstate,VA-32S,32.0,MAIN ST,13.55,Other Principal Arterial,At Intersection,PRENTIS ST,No,0,0,No,0,0,0,0,0,0,0,0,0,0,0,c1358929,0,0,1,Minor
2,2024-09-27,10:04:00,Friday,Angle,On Roadway,"Blacktop, Asphalt, Bituminous",No Defects,Daylight,Daylight,"Two-Way, Divided, Unprotected Median",Not Provided,Rain,Straight - Level,Not Provided,No,Three Approaches,Not Provided,Stop Sign,Wet,Intersection Area,Within Intersection,Yes - Working,No,2024,Autumn,September,Daytime,9:00am - 11:59am,10,Injury Crash,No,No,No,No,No,No,No,No,No,No,No,No,No,Multiple Vehicle Crashes,Fauquier County,,Rural,38.8448,-77.82773,Non-Interstate,US-17N,17.0,WINCHESTER RD,226.55,Other Principal Arterial,At Intersection,BELVOIR RD,No,0,0,No,0,0,0,0,0,0,0,0,0,0,2,c8577500,0,1,0,Severe
1,2024-08-08,20:12:00,Thursday,Fixed Object - Off Road,On Roadway,"Blacktop, Asphalt, Bituminous",No Defects,Dusk,Dusk,"Two-Way, Divided, Positive Median Barrier",Not Provided,Rain,Straight - Level,Not Provided,No,Not at Intersection,Not Provided,Traffic Lanes Marked,Wet,Intersection Area,Non-Intersection,Yes - Working,No,2024,Summer,August,Nighttime,6:00pm - 8:59pm,20,Property Damage Crash,No,Yes,No,No,No,No,No,No,No,No,No,No,No,Single Vehicle Crashes,Arlington County,,Urban,38.88874,-77.11229,Interstate,I-66W,66.0,I-66,72.11,Interstate,Not at Intersection,,No,0,0,No,0,0,0,0,0,0,0,0,0,0,0,c1606125,0,0,1,Minor
1,2023-02-09,00:20:00,Thursday,Deer,On Roadway,"Blacktop, Asphalt, Bituminous",No Defects,Darkness,Darkness - Road Not Lighted,"Two-Way, Divided, Positive Median Barrier",Not Provided,No Adverse Condition (Clear/Cloud),Hillcrest - Straight,Not Provided,No,Not at Intersection,Not Provided,Traffic Lanes Marked,Dry,Intersection Area,Non-Intersection,No Traffic Control Device Present,No,2023,Winter,February,Nighttime,Midnight - 2:59am,0,Property Damage Crash,No,No,No,No,No,No,No,No,No,No,No,No,No,Single Vehicle Crashes,Charlottesville City,,Urban,38.05639,-78.48662,Non-Interstate,US-250E,250.0,US-250 BYP,95.86,Other Freeways and Expressways,Not at Intersection,,No,0,0,No,0,0,0,0,0,0,0,0,0,0,0,c6179091,0,0,1,Minor
2,2024-03-27,09:30:00,Wednesday,Rear End,On Roadway,"Blacktop, Asphalt, Bituminous",No Defects,Daylight,Daylight,"Two-Way, Not Divided",Not Provided,Rain,Straight - Level,Not Provided,No,Three Approaches,Not Provided,Stop Sign,Wet,Intersection Area,Intersection Related - Within 150 Feet,Yes - Working,No,2024,Spring,March,Daytime,9:00am - 11:59am,9,Property Damage Crash,No,No,No,No,No,No,No,No,No,No,No,No,No,Multiple Vehicle Crashes,Nelson County,,Rural,37.91754,-78.84,Non-Interstate,VA-6W,6.0,RIVER RD,9.95,Minor Arterial,At Intersection,ROCKFISH VALLEY HWY,No,0,0,No,0,0,0,0,0,0,0,0,0,0,0,c1073846,0,0,1,Minor
2,2023-11-08,16:57:00,Wednesday,Sideswipe - Same Direction,On Roadway,"Blacktop, Asphalt, Bituminous",No Defects,Dusk,Dusk,"Two-Way, Not Divided",Not Provided,No Adverse Condition (Clear/Cloud),Hillcrest - Straight,Not Provided,No,Not at Intersection,Not Provided,Traffic Lanes Marked,Dry,Intersection Area,Non-Intersection,Yes - Working,No,2023,Autumn,November,Daytime,3:00pm - 5:59pm,16,Property Damage Crash,No,Yes,No,No,No,No,No,No,No,No,No,No,No,Multiple Vehicle Crashes,King George County,,Rural,38.29746,-77.07082,Non-Interstate,VA-218E,218.0,WINDSOR DR,26.71,Major Collector,Not at Intersection,,No,0,0,No,0,0,0,0,0,0,0,0,0,0,0,c8840850,0,0,1,Minor
2,2022-06-29,15:00:00,Wednesday,Sideswipe - Same Direction,On Roadway,"Blacktop, Asphalt, Bituminous",No Defects,Daylight,Daylight,"Two-Way, Not Divided",Not Provided,No Adverse Condition (Clear/Cloud),Straight - Level,Not Provided,No,Not at Intersection,Not Provided,Traffic Lanes Marked,Dry,Interchange Area,Main-Line Roadway,Yes - Working,No,2022,Summer,June,Daytime,3:00pm - 5:59pm,15,Property Damage Crash,No,No,No,No,No,No,No,No,No,No,No,No,No,Multiple Vehicle Crashes,York County,,Urban,37.15343,-76.46096,Non-Interstate,US-17N,17.0,GEORGE WASHINGTON MEMORIAL HWY,61.5,Other Principal Arterial,At Intersection,YORK CROSSING RD,Yes,0,0,No,0,0,0,0,0,0,0,0,0,0,0,c4954686,0,0,1,Minor