NumberOfVehicles,CrashDate,CrashTime,DayOfWeek,TypeOfCollision,LocationOfFirstHarmfulEvent,RoadwaySurfaceType,RoadwayDefect,LightCondition_Category,LightCondition_Value,RoadwayDescription,WorkZoneLocation,WeatherCondition,RoadwayAlignment,WorkZoneWorkersPresent,SchoolZone,IntersectionType,WorkZoneType,TrafficControlType,RoadwaySurfaceCondition,RelationToRoadway_Category,RelationToRoadway_Value,TrafficControlMechanicalDevice,WorkZoneRelated,Year,Meteorological Season,MonthName,DaytimeNighttime_NHTSA,ThreeHourLabel,Hour,CrashType,AlcoholInvolved,SpeedRelated,CommercialMotorVehiclesInvolved,PedestrianInvolved,BicycleInvolved,MotorcycleInvolved,MopedInvolved,TrainRelated,SchoolZoneInvolved,TeenDriverInvolved,DistractedDriverInvolved,DriverTextingInvolved,DriverUsingCellPhone,Single_Multi_Vehicle,Jurisdiction,TownName,LocationTypeName,Latitude,Longitude,Interstate_NonInterstate,RoadName,RouteNumber,RouteName,MileMarker,FunctionalClassCode,AtIntersection,SecondaryLocation,MatureDriverInvolved,MatureDriverFatalities,MatureDriverInjuries,LargeTruckInvolved,PedestrianFatalities,PedestrianInjuries,MotorcycleFatalities,MotorcycleInjuries,BicycleFatalities,BicycleInjuries,DistractedDriverFatalities,DistractedDriverInjuries,UnrestrainedInjuries,Number_Of_Fatalities,Number_Of_Injuries,Crash_UID,Is_Fatal,Is_Severe,Is_Minor,SeverityLabel
2,2024-06-07,19:03:00,Friday,Rear End,On Roadway,"Blacktop, Asphalt, Bituminous",No Defects,Daylight,Daylight,"Two-Way, Divided, Unprotected Median",Not Provided,No Adverse Condition (Clear/Cloud),Straight - Level,Not Provided,No,Not at Intersection,Not Provided,Traffic Lanes Marked,Dry,Intersection Area,Non-Intersection,Yes - Working,No,2024,Summer,June,Nighttime,6:00pm - 8:59pm,19,Injury Crash,No,No,No,No,No,No,No,No,No,No,Yes,No,No,Multiple Vehicle Crashes,Chesterfield County,,Urban,37.49638,-77.54967,Non-Interstate,US-60E,60.0,MIDLOTHIAN TPIKE,182.98,Other Principal Arterial,Not at Intersection,,No,0,0,No,0,0,0,0,0,0,0,1,1,0,3,c6927864,0,1,0,Severe
1,2022-03-25,07:19:00,Friday,Fixed Object - Off Road,Median,"Blacktop, Asphalt, Bituminous",No Defects,Dawn,Dawn,"Two-Way, Divided, Positive Median Barrier",Not Provided,No Adverse Condition (Clear/Cloud),Straight - Level,Not Provided,No,Not at Intersection,Not Provided,Traffic Lanes Marked,Dry,Intersection Area,Non-Intersection,Yes - Working,No,2022,Spring,March,Daytime,6:00am - 8:59am,7,Property Damage Crash,No,No,No,No,No,No,No,No,No,No,No,No,No,Single Vehicle Crashes,Waynesboro City,,Urban,38.05625,-78.92626,Interstate,I-64E,64.0,I-64,95.46,Interstate,Not at Intersection,,Yes,0,0,No,0,0,0,0,0,0,0,0,0,0,0,c2045791,0,0,1,Minor
2,2023-02-15,18:18:00,Wednesday,Rear End,On Roadway,"Blacktop, Asphalt, Bituminous",No Defects,Darkness,Darkness - Road Lighted,"Two-Way, Divided, Positive Median Barrier",Not Provided,No Adverse Condition (Clear/Cloud),Straight - Level,Not Provided,No,Not at Intersection,Not Provided,Traffic Lanes Marked,Dry,Intersection Area,Non-Intersection,Yes - Working,No,2023,Winter,February,Nighttime,6:00pm - 8:59pm,18,Property Damage Crash,No,No,No,No,No,No,No,No,No,No,No,No,No,Multiple Vehicle Crashes,Arlington County,,Urban,38.89587,-77.06804,Interstate,I-66E,66.0,I-66,74.37,Interstate,Not at Intersection,,No,0,0,No,0,0,0,0,0,0,0,0,0,0,0,c5719824,0,0,1,Minor
2,2023-02-09,07:55:00,Thursday,Rear End,On Roadway,"Blacktop, Asphalt, Bituminous",No Defects,Daylight,Daylight,"Two-Way, Not Divided",Not Provided,No Adverse Condition (Clear/Cloud),Straight - Level,Not Provided,No,Four Approaches,Not Provided,No Traffic Control,Dry,Intersection Area,Within Intersection,No Traffic Control Device Present,No,2023,Winter,February,Daytime,6:00am - 8:59am,7,Property Damage Crash,No,No,No,No,No,No,No,No,No,No,Yes,No,No,Multiple Vehicle Crashes,Fairfax County,,Urban,38.83648,-77.26721,Non-Interstate,SC-787N (FAIRFAX COUNTY),787.0,OLLEY LN,1.52,Major Collector,At Intersection,NESTER RD,No,0,0,No,0,0,0,0,0,0,0,0,0,0,0,c1764140,0,0,1,Minor
2,2024-09-24,08:15:00,Tuesday,Rear End,On Roadway,"Blacktop, Asphalt, Bituminous",No Defects,Daylight,Daylight,"Two-Way, Divided, Positive Median Barrier",Not Provided,No Adverse Condition (Clear/Cloud),Straight - Level,Not Provided,No,Not at Intersection,Not Provided,Traffic Lanes Marked,Dry,Interchange Area,Main-Line Roadway,Yes - Working,No,2024,Autumn,September,Daytime,6:00am - 8:59am,8,Property Damage Crash,No,No,No,No,No,No,No,No,No,No,No,No,No,Multiple Vehicle Crashes,Fairfax County,,Urban,38.87418,-77.22057,Interstate,I-495S,495.0,I-495,8.2,Interstate,Not at Intersection,,No,0,0,No,0,0,0,0,0,0,0,0,0,0,0,c8645938,0,0,1,Minor
3,2024-04-04,14:10:00,Thursday,Sideswipe - Same Direction,On Roadway,"Blacktop, Asphalt, Bituminous",No Defects,Daylight,Daylight,"Two-Way, Divided, Positive Median Barrier",Not Provided,No Adverse Condition (Clear/Cloud),Grade - Straight,Not Provided,No,Not at Intersection,Not Provided,Traffic Lanes Marked,Dry,Intersection Area,Non-Intersection,Yes - Working,No,2024,Spring,April,Daytime,Noon - 2:59pm,14,Property Damage Crash,No,No,Yes,No,No,No,No,No,No,No,No,No,No,Multiple Vehicle Crashes,Carroll County,,Rural,36.80293,-80.84852,Interstate,I-77N,77.0,I-77,21.03,Interstate,Not at Intersection,,No,0,0,No,0,0,0,0,0,0,0,0,0,0,0,c1673506,0,0,1,Minor
2,2024-11-16,14:30:00,Saturday,Angle,On Roadway,"Blacktop, Asphalt, Bituminous",No Defects,Daylight,Daylight,"Two-Way, Divided, Unprotected Median",Not Provided,No Adverse Condition (Clear/Cloud),Grade - Straight,Not Provided,No,Three Approaches,Not Provided,Stop Sign,Dry,Intersection Area,Within Intersection,Yes - Working,No,2024,Autumn,November,Daytime,Noon - 2:59pm,14,Injury Crash,No,No,No,No,Yes,No,No,No,No,No,Yes,No,No,Multiple Vehicle Crashes,Fairfax County,,Urban,38.94424,-77.26576,Non-Interstate,SC-5020N (FAIRFAX COUNTY),5020.0,TOWLSTON RD,0.0,Minor Arterial,At Intersection,TRAP RD,No,0,0,No,0,0,0,0,0,1,0,0,0,0,1,c6315933,0,0,1,Minor
2,2022-11-24,15:30:00,Thursday,Sideswipe - Same Direction,Gore,"Blacktop, Asphalt, Bituminous",No Defects,Daylight,Daylight,"Two-Way, Divided, Positive Median Barrier",Not Provided,No Adverse Condition (Clear/Cloud),Straight - Level,Not Provided,No,Not at Intersection,Not Provided,No Passing Lines,Dry,Interchange Area,Gore Area (Between Ramp and Highway Edgelines),Yes - Working,No,2022,Autumn,November,Daytime,3:00pm - 5:59pm,15,Property Damage Crash,No,No,No,No,No,No,No,No,No,No,No,No,No,Multiple Vehicle Crashes,Richmond City,,Urban,37.58613,-77.47549,Interstate,I-64E RAMP 186A,64.0,I-64 RAMP,0.19,Interstate,Not at Intersection,,Yes,0,0,No,0,0,0,0,0,0,0,0,0,0,0,c9701196,0,0,1,Minor
3,2023-03-10,09:35:00,Friday,Sideswipe - Same Direction,On Roadway,"Blacktop, Asphalt, Bituminous",No Defects,Daylight,Daylight,"Two-Way, Divided, Positive Median Barrier",Not Provided,No Adverse Condition (Clear/Cloud),Straight - Level,Not Provided,No,Four Approaches,Not Provided,Traffic Signal,Dry,Intersection Area,Within Intersection,Yes - Working,No,2023,Spring,March,Daytime,9:00am - 11:59am,9,Injury Crash,No,No,No,No,No,No,No,No,No,No,No,No,No,Multiple Vehicle Crashes,Hopewell City,,Urban,37.25947,-77.32833,Non-Interstate,VA-36W,36.0,OAKLAWN BLVD,12.17,Other Principal Arterial,At Intersection,CROSSINGS BLVD,No,0,0,No,0,0,0,0,0,0,0,0,0,0,4,c2262440,0,1,0,Severe
4,2022-09-22,13:48:00,Thursday,Rear End,On Roadway,"Blacktop, Asphalt, Bituminous",No Defects,Daylight,Daylight,"Two-Way, Divided, Unprotected Median",Not Provided,No Adverse Condition (Clear/Cloud),Straight - Level,Not Provided,No,Four Approaches,Not Provided,Traffic Lanes Marked,Dry,Intersection Area,Within Intersection,Yes - Working,No,2022,Autumn,September,Daytime,Noon - 2:59pm,13,Injury Crash,No,No,No,No,No,No,No,No,No,Yes,No,No,No,Multiple Vehicle Crashes,Montgomery County,Blacksburg,Urban,37.23438,-80.41967,Non-Interstate,BUS US-460E (8 TOWN OF BLACKSBURG),460.0,MAIN ST,2.79,Minor Arterial,At Intersection,GILES RD,Yes,0,1,No,0,0,0,0,0,0,0,0,0,0,4,c3726364,0,1,0,Severe
2,2023-11-05,12:08:00,Sunday,Angle,On Roadway,"Blacktop, Asphalt, Bituminous",No Defects,Daylight,Daylight,"Two-Way, Not Divided",Not Provided,No Adverse Condition (Clear/Cloud),Straight - Level,Not Provided,No,Not at Intersection,Not Provided,Traffic Lanes Marked,Dry,Intersection Area,Non-Intersection,Yes - Working,No,2023,Autumn,November,Daytime,Noon - 2:59pm,12,Property Damage Crash,No,No,No,No,No,No,No,No,No,No,No,No,No,Multiple Vehicle Crashes,Fauquier County,Warrenton,Urban,38.71917,-77.807,Non-Interstate,BUS US-17N (6 TOWN OF WARRENTON),17.0,BROADVIEW AVE,2.79,Other Principal Arterial,Not at Intersection,,Yes,0,0,No,0,0,0,0,0,0,0,0,0,0,0,c9196720,0,0,1,Minor
1,2024-06-05,08:20:00,Wednesday,Pedestrian,On Roadway,"Blacktop, Asphalt, Bituminous",No Defects,Daylight,Daylight,"Two-Way, Not Divided",Not Provided,No Adverse Condition (Clear/Cloud),Straight - Level,Not Provided,Yes,Not at Intersection,Not Provided,Pedestrian Crosswalk,Dry,Interchange Area,Main-Line Roadway,No Traffic Control Device Present,No,2024,Summer,June,Daytime,6:00am - 8:59am,8,Injury Crash,No,No,No,Yes,No,No,No,No,Yes,No,No,No,No,Single Vehicle Crashes,Fairfax County,,Urban,38.84778,-77.20578,Non-Interstate,SC-971E (FAIRFAX COUNTY),971.0,TRAMMELL RD,0.67,Local,At Intersection,GALLOWS RD,No,0,0,No,0,1,0,0,0,0,0,0,0,0,1,c5543290,0,0,1,Minor
2,2023-09-08,12:54:00,Friday,Backed Into,On Roadway,"Blacktop, Asphalt, Bituminous",No Defects,Daylight,Daylight,"Two-Way, Not Divided",Not Provided,No Adverse Condition (Clear/Cloud),Straight - Level,Not Provided,No,Not at Intersection,Not Provided,No Traffic Control,Dry,Intersection Area,Non-Intersection,No Traffic Control Device Present,No,2023,Autumn,September,Daytime,Noon - 2:59pm,12,Property Damage Crash,No,No,No,No,No,No,No,No,No,No,No,No,No,Multiple Vehicle Crashes,Chesterfield County,,Urban,37.33742,-77.4178,Non-Interstate,SC-5780S (CHESTERFIELD COUNTY),5780.0,LAKETREE DR,0.28,Local,At Intersection,LAUGHTER LN,No,0,0,No,0,0,0,0,0,0,0,0,0,0,0,c3566307,0,0,1,Minor
2,2023-10-22,20:38:00,Sunday,Angle,On Roadway,"Blacktop, Asphalt, Bituminous",No Defects,Darkness,Darkness - Road Not Lighted,"Two-Way, Not Divided",Not Provided,No Adverse Condition (Clear/Cloud),Straight - Level,Not Provided,No,Not at Intersection,Not Provided,No Traffic Control,Dry,Intersection Area,Non-Intersection,No Traffic Control Device Present,No,2023,Autumn,October,Nighttime,6:00pm - 8:59pm,20,Property Damage Crash,No,No,No,No,No,No,No,No,No,No,No,No,No,Multiple Vehicle Crashes,Wise County,,Urban,36.93612,-82.48243,Non-Interstate,SC-658W (WISE COUNTY),658.0,RIVERVIEW RD,0.84,Major Collector,At Intersection,ALBEMARLE RD,No,0,0,No,0,0,0,0,0,0,0,0,0,0,0,c1947332,0,0,1,Minor
1,2023-01-04,05:00:00,Wednesday,Deer,On Roadway,"Blacktop, Asphalt, Bituminous",No Defects,Darkness,Darkness - Road Not Lighted,"Two-Way, Not Divided",Not Provided,No Adverse Condition (Clear/Cloud),Grade - Straight,Not Provided,No,Not at Intersection,Not Provided,Traffic Lanes Marked,Dry,Interchange Area,Main-Line Roadway,Yes - Working,No,2023,Winter,January,Nighttime,3:00am - 5:59am,5,Property Damage Crash,No,No,No,No,No,No,No,No,No,No,No,No,No,Single Vehicle Crashes,Spotsylvania County,,Urban,38.22417,-77.5362,Non-Interstate,SC-639S (SPOTSYLVANIA COUNTY),639.0,LEAVELLS RD,2.5,Major Collector,Not at Intersection,,No,0,0,No,0,0,0,0,0,0,0,0,0,0,0,c2444511,0,0,1,Minor
2,2023-01-18,09:14:00,Wednesday,Angle,On Roadway,"Blacktop, Asphalt, Bituminous",No Defects,Daylight,Daylight,"Two-Way, Divided, Positive Median Barrier",Not Provided,Rain,Straight - Level,Not Provided,No,Four Approaches,Not Provided,Traffic Signal,Wet,Intersection Area,Within Intersection,Yes - Working,No,2023,Winter,January,Daytime,9:00am - 11:59am,9,Property Damage Crash,No,No,No,No,No,No,No,No,No,No,No,No,No,Multiple Vehicle Crashes,York County,,Urban,37.18996,-76.48749,Non-Interstate,US-17N,17.0,GEORGE WASHINGTON MEMORIAL HWY,64.42,Other Principal Arterial,At Intersection,FORT EUSTIS BLVD,Yes,0,0,No,0,0,0,0,0,0,0,0,0,0,0,c6312375,0,0,1,Minor
2,2024-07-11,13:00:00,Thursday,Angle,On Roadway,"Blacktop, Asphalt, Bituminous",No Defects,Daylight,Daylight,"Two-Way, Not Divided",Not Provided,No Adverse Condition (Clear/Cloud),Hillcrest - Straight,Not Provided,No,Not at Intersection,Not Provided,No Traffic Control,Dry,Intersection Area,Non-Intersection,No Traffic Control Device Present,No,2024,Summer,July,Daytime,Noon - 2:59pm,13,Property Damage Crash,No,No,No,No,No,No,No,No,No,No,No,No,No,Multiple Vehicle Crashes,Warren County,Front Royal,Urban,38.90979,-78.19022,Non-Interstate,HILL ST (PR - TOWN OF FRONT ROYAL),0.0,HILL ST,0.13,Local,Not at Intersection,,Yes,0,0,No,0,0,0,0,0,0,0,0,0,0,0,c6150797,0,0,1,Minor
2,2022-10-02,18:46:00,Sunday,Fixed Object - Off Road,Roadside,"Blacktop, Asphalt, Bituminous",No Defects,Darkness,Darkness - Road Not Lighted,"Two-Way, Not Divided",Not Provided,No Adverse Condition (Clear/Cloud),Curve - Level,Not Provided,No,Not at Intersection,Not Provided,No Traffic Control,Dry,Intersection Area,Non-Intersection,No Traffic Control Device Present,No,2022,Autumn,October,Nighttime,6:00pm - 8:59pm,18,Property Damage Crash,No,No,No,No,No,No,No,No,No,Yes,No,No,No,Multiple Vehicle Crashes,Campbell County,,Rural,37.1957,-79.31191,Non-Interstate,SC-682S (CAMPBELL COUNTY),682.0,LEESVILLE RD,8.26,Local,Not at Intersection,,No,0,0,No,0,0,0,0,0,0,0,0,0,0,0,c0133670,0,0,1,Minor
2,2022-04-06,08:52:00,Wednesday,Angle,On Roadway,"Blacktop, Asphalt, Bituminous",No Defects,Daylight,Daylight,"Two-Way, Not Divided",Not Provided,No Adverse Condition (Clear/Cloud),Straight - Level,Not Provided,No,Not at Intersection,Not Provided,No Traffic Control,Dry,Intersection Area,Non-Intersection,No Traffic Control Device Present,No,2022,Spring,April,Daytime,6:00am - 8:59am,8,Property Damage Crash,No,No,No,No,No,No,No,No,No,No,No,No,No,Multiple Vehicle Crashes,Prince William County,,Urban,38.66174,-77.37677,Non-Interstate,SC-3547N (PRINCE WILLIAM COUNTY),3547.0,NORTHTON CT,0.37,Local,Not at Intersection,,No,0,0,No,0,0,0,0,0,0,0,0,0,0,0,c5908797,0,0,1,Minor
2,2022-04-12,13:58:00,Tuesday,Angle,In Parking Lane or Zone,"Blacktop, Asphalt, Bituminous",No Defects,Daylight,Daylight,"Two-Way, Not Divided",Not Provided,No Adverse Condition (Clear/Cloud),Straight - Level,Not Provided,Yes - With School Activity,Not at Intersection,Not Provided,No Traffic Control,Dry,Interchange Area,Main-Line Roadway,No Traffic Control Device Present,No,2022,Spring,April,Daytime,Noon - 2:59pm,13,Injury Crash,No,Yes,No,No,No,No,No,No,Yes,Yes,No,No,No,Multiple Vehicle Crashes,Hampton City,,Urban,37.05263,-76.42967,,,,BIG BETHEL RD,,,Not at Intersection,,No,0,0,No,0,0,0,0,0,0,0,0,0,0,2,c8906414,0,1,0,Severe
1,2023-09-03,21:51:00,Sunday,Fixed Object - Off Road,On Roadway,"Blacktop, Asphalt, Bituminous",No Defects,Darkness,Darkness - Road Not Lighted,"Two-Way, Not Divided",Not Provided,No Adverse Condition (Clear/Cloud),Straight - Level,Not Provided,No,Not at Intersection,Not Provided,Traffic Lanes Marked,Dry,Intersection Area,Non-Intersection,Yes - Working,No,2023,Autumn,September,Nighttime,9:00pm - 11:59pm,21,Property Damage Crash,Yes,No,No,No,No,No,No,No,No,No,No,No,No,Single Vehicle Crashes,Chesterfield County,,Urban,37.33395,-77.38443,Non-Interstate,SC-620S (CHESTERFIELD COUNTY),620.0,WOODS EDGE RD,2.64,Minor Arterial,Not at Intersection,,No,0,0,No,0,0,0,0,0,0,0,0,0,0,0,c4251853,0,0,1,Minor
3,2022-06-06,17:58:00,Monday,Rear End,On Roadway,"Blacktop, Asphalt, Bituminous",No Defects,Daylight,Daylight,"Two-Way, Divided, Positive Median Barrier",Activity Area,No Adverse Condition (Clear/Cloud),Straight - Level,With No Law Enforcement,No,Not at Intersection,Work on Shoulder or Median,Traffic Lanes Marked,Dry,Intersection Area,Non-Intersection,Yes - Working,Yes,2022,Summer,June,Daytime,3:00pm - 5:59pm,17,Property Damage Crash,No,Yes,No,No,No,No,No,No,No,No,No,No,No,Multiple Vehicle Crashes,Fairfax County,,Urban,38.88382,-77.22775,Interstate,I-66W,66.0,I-66,64.75,Interstate,Not at Intersection,,No,0,0,No,0,0,0,0,0,0,0,0,0,0,0,c4958742,0,0,1,Minor
3,2024-05-02,09:23:00,Thursday,Sideswipe - Same Direction,On Roadway,"Blacktop, Asphalt, Bituminous",No Defects,Daylight,Daylight,"Two-Way, Divided, Unprotected Median",Advance Warning Area,No Adverse Condition (Clear/Cloud),Straight - Level,With No Law Enforcement,No,Not at Intersection,Work on Shoulder or Median,Traffic Lanes Marked,Dry,Intersection Area,Non-Intersection,Yes - Working,Yes,2024,Spring,May,Daytime,9:00am - 11:59am,9,Property Damage Crash,No,No,No,No,No,No,No,No,No,No,Yes,No,No,Multiple Vehicle Crashes,Fairfax County,,Urban,38.93426,-77.21034,Interstate,I-495S,495.0,I-495,12.45,Interstate,Not at Intersection,,Yes,0,0,No,0,0,0,0,0,0,0,0,0,0,0,c7509023,0,0,1,Minor
3,2024-05-28,07:15:00,Tuesday,Rear End,On Roadway,"Blacktop, Asphalt, Bituminous",No Defects,Daylight,Daylight,"Two-Way, Divided, Positive Median Barrier",Activity Area,No Adverse Condition (Clear/Cloud),Straight - Level,No Workers Present,No,Not at Intersection,Work on Shoulder or Median,Traffic Lanes Marked,Dry,Intersection Area,Non-Intersection,Yes - Working,Yes,2024,Spring,May,Daytime,6:00am - 8:59am,7,Property Damage Crash,No,Yes,No,No,No,No,No,No,No,No,No,No,No,Multiple Vehicle Crashes,Norfolk City,,Urban,36.913,-76.26352,Interstate,I-64R,64.0,I-64 HOV,0.42,Interstate,Not at Intersection,,No,0,0,No,0,0,0,0,0,0,0,0,0,0,0,c8087367,0,0,1,Minor
2,2024-07-12,09:34:00,Friday,Rear End,On Roadway,"Blacktop, Asphalt, Bituminous",No Defects,Daylight,Daylight,"Two-Way, Divided, Positive Median Barrier",Not Provided,Rain,Grade - Curve,Not Provided,No,Not at Intersection,Not Provided,Traffic Signal,Wet,Interchange Area,On Entrance/Exit Ramp,Yes - Working,No,2024,Summer,July,Daytime,9:00am - 11:59am,9,Property Damage Crash,No,No,No,No,No,No,No,No,No,No,No,No,No,Multiple Vehicle Crashes,Arlington County,,Urban,38.88173,-77.12295,Interstate,SC-8W RAMP 0A (ARLINGTON COUNTY),66.0,I-66 RAMP,0.25,Interstate,Not at Intersection,,No,0,0,No,0,0,0,0,0,0,0,0,0,0,0,c8815535,0,0,1,Minor
2,2023-12-22,11:05:00,Friday,Rear End,On Roadway,"Blacktop, Asphalt, Bituminous",No Defects,Daylight,Daylight,"Two-Way, Divided, Positive Median Barrier",Not Provided,No Adverse Condition (Clear/Cloud),Grade - Straight,Not Provided,No,Not at Intersection,Not Provided,Traffic Lanes Marked,Dry,Intersection Area,Non-Intersection,Yes - Working,No,2023,Winter,December,Daytime,9:00am - 11:59am,11,Property Damage Crash,No,No,No,No,No,No,No,No,No,No,No,No,No,Multiple Vehicle Crashes,Carroll County,,Rural,36.75514,-80.78165,Interstate,I-77N,77.0,I-77,15.88,Interstate,Not at Intersection,,No,0,0,No,0,0,0,0,0,0,0,0,0,0,0,c2330001,0,0,1,Minor
2,2022-10-20,08:32:00,Thursday,Angle,On Roadway,"Blacktop, Asphalt, Bituminous",No Defects,Dawn,Dawn,"Two-Way, Not Divided",Not Provided,No Adverse Condition (Clear/Cloud),Straight - Level,Not Provided,No,Not at Intersection,Not Provided,No Traffic Control,Dry,Intersection Area,Non-Intersection,No Traffic Control Device Present,No,2022,Autumn,October,Daytime,6:00am - 8:59am,8,Injury Crash,No,No,No,No,No,No,No,No,No,No,No,No,No,Multiple Vehicle Crashes,Williamsburg City,,Urban,37.27469,-76.68604,Non-Interstate,PARKWAY DR (PR - CITY OF WILLIAMSBURG),,PARKWAY DR,0.1,Local,Not at Intersection,,No,0,0,No,0,0,0,0,0,0,0,0,0,0,2,c5690312,0,1,0,Severe
2,2023-11-03,14:30:00,Friday,Angle,On Roadway,"Blacktop, Asphalt, Bituminous",No Defects,Daylight,Daylight,"Two-Way, Not Divided",Not Provided,No Adverse Condition (Clear/Cloud),Straight - Level,Not Provided,No,Not at Intersection,Not Provided,No Passing Lines,Dry,Intersection Area,Non-Intersection,Yes - Working,No,2023,Autumn,November,Daytime,Noon - 2:59pm,14,Injury Crash,No,Yes,No,No,No,No,No,No,No,No,No,No,No,Multiple Vehicle Crashes,Henry County,,Urban,36.72639,-79.95427,Non-Interstate,ALT VA-57W (1 HENRY COUNTY),57.0,RIVER RD,3.55,Minor Arterial,Not at Intersection,,No,0,0,No,0,0,0,0,0,0,0,0,1,0,2,c5759525,0,1,0,Severe
1,2023-08-31,17:20:00,Thursday,Fixed Object - Off Road,Median,"Blacktop, Asphalt, Bituminous",No Defects,Daylight,Daylight,"Two-Way, Divided, Unprotected Median",Not Provided,No Adverse Condition (Clear/Cloud),Curve - Level,Not Provided,No,Three Approaches,Not Provided,Traffic Signal,Dry,Intersection Area,Intersection Related - Within 150 Feet,Yes - Working,No,2023,Summer,August,Daytime,3:00pm - 5:59pm,17,Injury Crash,No,No,No,No,No,Yes,No,No,No,No,No,No,No,Single Vehicle Crashes,Fairfax County,,Urban,38.76742,-77.12075,Non-Interstate,SC-633E (FAIRFAX COUNTY),633.0,SOUTH KINGS HWY,0.02,Minor Arterial,At Intersection,TELEGRAPH RD,Yes,0,1,No,0,0,0,1,0,0,0,0,0,0,1,c6143873,0,0,1,Minor
2,2022-11-12,09:52:00,Saturday,Rear End,On Roadway,"Blacktop, Asphalt, Bituminous",No Defects,Daylight,Daylight,"One-Way, Not Divided",Not Provided,No Adverse Condition (Clear/Cloud),Straight - Level,Not Provided,No,Three Approaches,Not Provided,Traffic Signal,Dry,Intersection Area,Intersection Related - Within 150 Feet,Yes - Working,No,2022,Autumn,November,Daytime,9:00am - 11:59am,9,Injury Crash,No,No,No,No,No,No,No,No,No,No,No,No,No,Multiple Vehicle Crashes,Hopewell City,,Urban,37.27307,-77.31617,Non-Interstate,UR-9047N (CITY OF HOPEWELL),,ASHLAND ST,0.14,Minor Arterial,At Intersection,WOODLAWN ST,Yes,0,1,No,0,0,0,0,0,0,0,0,0,0,2,c3653488,0,1,0,Severe
3,2024-02-29,22:07:00,Thursday,Sideswipe - Same Direction,On Roadway,Concrete,No Defects,Darkness,Darkness - Road Lighted,"Two-Way, Not Divided",Not Provided,No Adverse Condition (Clear/Cloud),Straight - Level,Not Provided,No,Three Approaches,Not Provided,No Traffic Control,Dry,Intersection Area,Intersection Related - Within 150 Feet,No Traffic Control Device Present,No,2024,Winter,February,Nighttime,9:00pm - 11:59pm,22,Property Damage Crash,No,No,No,No,No,No,No,No,No,No,Yes,No,No,Multiple Vehicle Crashes,Loudoun County,,Urban,38.91315,-77.54948,Non-Interstate,SC-2843E (LOUDOUN COUNTY),2843.0,FOLEY HEADWATERS ST,0.07,Local,Not at Intersection,,No,0,0,No,0,0,0,0,0,0,0,0,0,0,0,c1465337,0,0,1,Minor
2,2023-04-18,08:09:00,Tuesday,Rear End,On Roadway,"Blacktop, Asphalt, Bituminous",No Defects,Daylight,Daylight,"Two-Way, Divided, Unprotected Median",Not Provided,No Adverse Condition (Clear/Cloud),Straight - Level,Not Provided,No,Three Approaches,Not Provided,Traffic Lanes Marked,Dry,Intersection Area,Within Intersection,Yes - Working,No,2023,Spring,April,Daytime,6:00am - 8:59am,8,Property Damage Crash,No,Yes,No,No,No,No,No,No,No,No,Yes,No,No,Multiple Vehicle Crashes,Va. Beach City,,Urban,36.793,-76.16372,Non-Interstate,UR-8693N (CITY OF VIRGINIA BEACH),,INDIAN LAKES BLVD,0.23,Minor Arterial,Not at Intersection,,No,0,0,No,0,0,0,0,0,0,0,0,0,0,0,c9071047,0,0,1,Minor
2,2022-03-08,21:15:00,Tuesday,Angle,On Roadway,"Blacktop, Asphalt, Bituminous",No Defects,Darkness,Darkness - Road Not Lighted,"Two-Way, Not Divided",Not Provided,No Adverse Condition (Clear/Cloud),Straight - Level,Not Provided,No,Four Approaches,Not Provided,Traffic Signal,Dry,Intersection Area,Within Intersection,Yes - Working,No,2022,Spring,March,Nighttime,9:00pm - 11:59pm,21,Property Damage Crash,No,No,No,No,No,No,No,No,No,No,No,No,No,Multiple Vehicle Crashes,Henrico County,,Urban,37.6533,-77.62121,Non-Interstate,CR-7703S (HENRICO COUNTY),7703.0,LAUDERDALE DR,4.91,Minor Arterial,At Intersection,BROAD ST,No,0,0,No,0,0,0,0,0,0,0,0,0,0,0,c8493360,0,0,1,Minor
2,2023-04-07,14:28:00,Friday,Angle,On Roadway,"Blacktop, Asphalt, Bituminous",No Defects,Daylight,Daylight,"Two-Way, Not Divided",Not Provided,Rain,Straight - Level,Not Provided,No,Four Approaches,Not Provided,Traffic Signal,Wet,Intersection Area,Within Intersection,Yes - Working,No,2023,Spring,April,Daytime,Noon - 2:59pm,14,Injury Crash,No,No,No,No,No,No,No,No,No,No,No,No,No,Multiple Vehicle Crashes,Emporia City,,Urban,36.69549,-77.53816,Non-Interstate,US-301S,301.0,MAIN ST,10.86,Minor Arterial,At Intersection,ATLANTIC ST,No,0,0,No,0,0,0,0,0,0,0,0,0,0,2,c5580433,0,1,0,Severe
2,2022-04-08,07:43:00,Friday,Rear End,On Roadway,"Blacktop, Asphalt, Bituminous",No Defects,Daylight,Daylight,"Two-Way, Divided, Unprotected Median",Not Provided,Other,Straight - Level,Not Provided,Yes,Not at Intersection,Not Provided,Traffic Lanes Marked,Dry,Intersection Area,Non-Intersection,Yes - Working,No,2022,Spring,April,Daytime,6:00am - 8:59am,7,Property Damage Crash,No,No,No,No,No,No,No,No,Yes,No,Yes,No,No,Multiple Vehicle Crashes,Prince William County,,Rural,38.85782,-77.64612,,WAVERLY FARM DR (PR - PRINCE WILLIAM COUNTY),,WAVERLY FARM DR,0.59,,Not at Intersection,,No,0,0,No,0,0,0,0,0,0,0,0,0,0,0,c2294649,0,0,1,Minor