NumberOfVehicles,CrashDate,CrashTime,DayOfWeek,TypeOfCollision,LocationOfFirstHarmfulEvent,RoadwaySurfaceType,RoadwayDefect,LightCondition_Category,LightCondition_Value,RoadwayDescription,WorkZoneLocation,WeatherCondition,RoadwayAlignment,WorkZoneWorkersPresent,SchoolZone,IntersectionType,WorkZoneType,TrafficControlType,RoadwaySurfaceCondition,RelationToRoadway_Category,RelationToRoadway_Value,TrafficControlMechanicalDevice,WorkZoneRelated,Year,Meteorological Season,MonthName,DaytimeNighttime_NHTSA,ThreeHourLabel,Hour,CrashType,AlcoholInvolved,SpeedRelated,CommercialMotorVehiclesInvolved,PedestrianInvolved,BicycleInvolved,MotorcycleInvolved,MopedInvolved,TrainRelated,SchoolZoneInvolved,TeenDriverInvolved,DistractedDriverInvolved,DriverTextingInvolved,DriverUsingCellPhone,Single_Multi_Vehicle,Jurisdiction,TownName,LocationTypeName,Latitude,Longitude,Interstate_NonInterstate,RoadName,RouteNumber,RouteName,MileMarker,FunctionalClassCode,AtIntersection,SecondaryLocation,MatureDriverInvolved,MatureDriverFatalities,MatureDriverInjuries,LargeTruckInvolved,PedestrianFatalities,PedestrianInjuries,MotorcycleFatalities,MotorcycleInjuries,BicycleFatalities,BicycleInjuries,DistractedDriverFatalities,DistractedDriverInjuries,UnrestrainedInjuries,Number_Of_Fatalities,Number_Of_Injuries,Crash_UID,Is_Fatal,Is_Severe,Is_Minor,SeverityLabel
1,2022-06-07,22:28:00,Tuesday,Fixed Object - Off Road,Shoulder,"Blacktop, Asphalt, Bituminous",No Defects,Darkness,Darkness - Road Lighted,"Two-Way, Not Divided",Not Provided,Rain,Curve - Level,Not Provided,No,Not at Intersection,Not Provided,Traffic Lanes Marked,Wet,Intersection Area,Non-Intersection,Yes - Working,No,2022,Summer,June,Nighttime,9:00pm - 11:59pm,22,Property Damage Crash,No,No,No,No,No,No,No,No,No,No,No,No,No,Single Vehicle Crashes,Prince William County,,Urban,38.67278,-77.26266,Non-Interstate,SC-641E (PRINCE WILLIAM COUNTY),641.0,OLD BRIDGE RD,4.57,Minor Arterial,Not at Intersection,,No,0,0,No,0,0,0,0,0,0,0,0,0,0,0,c8656633,0,0,1,Minor
3,2023-02-17,19:50:00,Friday,Head On,On Roadway,"Blacktop, Asphalt, Bituminous",No Defects,Darkness,Darkness - Road Lighted,"Two-Way, Not Divided",Not Provided,No Adverse Condition (Clear/Cloud),Straight - Level,Not Provided,No,Three Approaches,Not Provided,No Traffic Control,Dry,Interchange Area,Main-Line Roadway,No Traffic Control Device Present,No,2023,Winter,February,Nighttime,6:00pm - 8:59pm,19,Property Damage Crash,No,Yes,No,No,No,No,No,No,No,No,Yes,No,No,Multiple Vehicle Crashes,Fairfax County,,Urban,38.8222,-77.20276,Non-Interstate,SC-2864S (FAIRFAX COUNTY),2864.0,RAVENSWORTH RD,2.59,Minor Arterial,At Intersection,CARMINE ST,No,0,0,No,0,0,0,0,0,0,0,0,0,0,0,c8503327,0,0,1,Minor
2,2024-07-21,22:44:00,Sunday,Angle,On Roadway,"Blacktop, Asphalt, Bituminous",No Defects,Darkness,Darkness - Road Lighted,"Two-Way, Not Divided",Not Provided,No Adverse Condition (Clear/Cloud),Straight - Level,Not Provided,No,Not at Intersection,Not Provided,Traffic Lanes Marked,Dry,Intersection Area,Non-Intersection,Yes - Working,No,2024,Summer,July,Nighttime,9:00pm - 11:59pm,22,Property Damage Crash,Yes,No,No,No,No,No,No,No,No,No,No,No,No,Multiple Vehicle Crashes,Newport News City,,Urban,37.12764,-76.54034,Non-Interstate,VA-173W,173.0,DENBIGH BLVD,1.6,Major Collector,Not at Intersection,,No,0,0,No,0,0,0,0,0,0,0,0,0,0,0,c1913852,0,0,1,Minor
1,2023-11-26,11:00:00,Sunday,Fixed Object - Off Road,On Roadway,"Blacktop, Asphalt, Bituminous",No Defects,Daylight,Daylight,"Two-Way, Divided, Positive Median Barrier",Not Provided,Rain,Straight - Level,Not Provided,No,Not at Intersection,Not Provided,Traffic Lanes Marked,Wet,Intersection Area,Non-Intersection,Yes - Working,No,2023,Autumn,November,Daytime,9:00am - 11:59am,11,Injury Crash,No,No,No,No,No,No,No,No,No,No,No,No,No,Single Vehicle Crashes,Va. Beach City,,Urban,36.83852,-76.08663,Interstate,I-264E,264.0,I-264,19.25,Interstate,Not at Intersection,,No,0,0,No,0,0,0,0,0,0,0,0,0,0,1,c9391755,0,0,1,Minor
2,2024-04-08,10:44:00,Monday,Sideswipe - Same Direction,On Roadway,"Blacktop, Asphalt, Bituminous",No Defects,Daylight,Daylight,"Two-Way, Not Divided",Not Provided,No Adverse Condition (Clear/Cloud),Straight - Level,Not Provided,No,Not at Intersection,Not Provided,Traffic Lanes Marked,Dry,Intersection Area,Non-Intersection,Yes - Working,No,2024,Spring,April,Daytime,9:00am - 11:59am,10,Property Damage Crash,No,No,No,No,No,No,No,No,No,No,No,No,No,Multiple Vehicle Crashes,Winchester City,,Urban,39.15892,-78.17626,Non-Interstate,UR-5209N (CITY OF WINCHESTER),,PAPERMILL RD,1.32,Major Collector,Not at Intersection,,No,0,0,No,0,0,0,0,0,0,0,0,0,0,0,c7024499,0,0,1,Minor
1,2022-04-23,00:40:00,Saturday,Fixed Object - Off Road,On Roadway,"Blacktop, Asphalt, Bituminous",No Defects,Darkness,Darkness - Road Not Lighted,"Two-Way, Not Divided",Not Provided,No Adverse Condition (Clear/Cloud),Straight - Level,Not Provided,No,Not at Intersection,Not Provided,No Traffic Control,Dry,Interchange Area,Main-Line Roadway,No Traffic Control Device Present,No,2022,Spring,April,Nighttime,Midnight - 2:59am,0,Property Damage Crash,No,No,No,No,No,No,No,No,No,No,No,No,No,Single Vehicle Crashes,Albemarle County,,Urban,38.06493,-78.56801,Non-Interstate,SC-677N (ALBEMARLE COUNTY),677.0,OLD BALLARD RD,4.69,Minor Collector,Not at Intersection,,No,0,0,No,0,0,0,0,0,0,0,0,0,0,0,c3802328,0,0,1,Minor
1,2022-12-21,07:04:00,Wednesday,Deer,On Roadway,"Blacktop, Asphalt, Bituminous",No Defects,Dawn,Dawn,"Two-Way, Not Divided",Not Provided,No Adverse Condition (Clear/Cloud),Straight - Level,Not Provided,No,Not at Intersection,Not Provided,Traffic Lanes Marked,Dry,Intersection Area,Non-Intersection,Yes - Working,No,2022,Winter,December,Daytime,6:00am - 8:59am,7,Property Damage Crash,No,No,No,No,No,No,No,No,No,No,No,No,No,Single Vehicle Crashes,Fauquier County,,Rural,38.79705,-77.76723,Non-Interstate,SC-628S (FAUQUIER COUNTY),628.0,BLANTYRE RD,8.29,Minor Collector,Not at Intersection,,No,0,0,No,0,0,0,0,0,0,0,0,0,0,0,c3052280,0,0,1,Minor
2,2023-07-10,12:24:00,Monday,Rear End,On Roadway,"Blacktop, Asphalt, Bituminous",No Defects,Daylight,Daylight,"Two-Way, Not Divided",Not Provided,No Adverse Condition (Clear/Cloud),Straight - Level,Not Provided,No,Not at Intersection,Not Provided,Traffic Lanes Marked,Dry,Intersection Area,Non-Intersection,Yes - Working,No,2023,Summer,July,Daytime,Noon - 2:59pm,12,Property Damage Crash,No,No,No,No,No,No,No,No,No,No,No,No,No,Multiple Vehicle Crashes,Chesapeake City,,Urban,36.79494,-76.23449,Non-Interstate,UR-7N (CITY OF CHESAPEAKE),7.0,OLD GREENBRIER RD,0.28,Major Collector,Not at Intersection,,No,0,0,No,0,0,0,0,0,0,0,0,0,0,0,c4216156,0,0,1,Minor
2,2022-09-08,13:22:00,Thursday,Backed Into,In Parking Lane or Zone,"Blacktop, Asphalt, Bituminous",No Defects,Daylight,Daylight,"Two-Way, Not Divided",Not Provided,No Adverse Condition (Clear/Cloud),Straight - Level,Not Provided,Yes,Not at Intersection,Not Provided,No Traffic Control,Dry,Intersection Area,Non-Intersection,No Traffic Control Device Present,No,2022,Autumn,September,Daytime,Noon - 2:59pm,13,Property Damage Crash,No,No,No,No,No,No,No,No,Yes,Yes,Yes,No,No,Multiple Vehicle Crashes,Suffolk City,,Urban,36.80118,-76.51769,,,,NANSEMOND PKWY,,,Not at Intersection,,No,0,0,No,0,0,0,0,0,0,0,0,0,0,0,c0237947,0,0,1,Minor
1,2023-09-25,14:11:00,Monday,Non-Collision,On Roadway,"Blacktop, Asphalt, Bituminous",No Defects,Daylight,Daylight,"Two-Way, Not Divided",Not Provided,No Adverse Condition (Clear/Cloud),Straight - Level,Not Provided,No,Not at Intersection,Not Provided,Traffic Lanes Marked,Dry,Intersection Area,Non-Intersection,Yes - Working,No,2023,Autumn,September,Daytime,Noon - 2:59pm,14,Injury Crash,No,No,No,No,No,No,Yes,No,No,No,No,No,No,Single Vehicle Crashes,Hampton City,,Urban,37.03525,-76.39789,Non-Interstate,QUEEN ST W (PR - CITY OF HAMPTON),,QUEEN ST,2.65,Local,At Intersection,WEAVER RD,No,0,0,No,0,0,0,0,0,0,0,0,0,0,1,c4013879,0,0,1,Minor
2,2024-09-30,17:20:00,Monday,Angle,Median,"Blacktop, Asphalt, Bituminous",No Defects,Daylight,Daylight,"Two-Way, Divided, Unprotected Median",Not Provided,Rain,Curve - Level,Not Provided,No,Four Approaches,Not Provided,Traffic Signal,Wet,Intersection Area,Intersection Related - Within 150 Feet,Yes - Working,No,2024,Autumn,September,Daytime,3:00pm - 5:59pm,17,Property Damage Crash,No,Yes,No,No,No,No,No,No,No,No,No,No,No,Multiple Vehicle Crashes,Prince William County,,Urban,38.73988,-77.45106,Non-Interstate,VA-294W,294.0,PRINCE WILLIAM PKWAY,2.03,Other Freeways and Expressways,At Intersection,LIBERIA AVE,No,0,0,No,0,0,0,0,0,0,0,0,0,0,0,c5841816,0,0,1,Minor
2,2022-06-30,15:35:00,Thursday,Sideswipe - Same Direction,On Roadway,"Blacktop, Asphalt, Bituminous",No Defects,Daylight,Daylight,"Two-Way, Divided, Unprotected Median",Not Provided,No Adverse Condition (Clear/Cloud),Straight - Level,Not Provided,No,Four Approaches,Not Provided,Traffic Lanes Marked,Dry,Intersection,Intersection Related - Outside 150 Feet,Yes - Working,No,2022,Summer,June,Daytime,3:00pm - 5:59pm,15,Property Damage Crash,No,No,No,No,No,No,No,No,No,No,No,No,No,Multiple Vehicle Crashes,Fairfax County,,Urban,38.83495,-77.45621,Non-Interstate,US-29S,29.0,LEE HWY,227.13,Minor Arterial,At Intersection,STONE RD,No,0,0,No,0,0,0,0,0,0,0,0,0,0,0,c8085892,0,0,1,Minor
2,2023-02-08,02:00:00,Wednesday,Sideswipe - Same Direction,On Roadway,"Blacktop, Asphalt, Bituminous",No Defects,Darkness,Darkness - Road Lighted,"One-Way, Not Divided",Not Provided,No Adverse Condition (Clear/Cloud),Grade - Straight,Not Provided,No,Not at Intersection,Not Provided,Traffic Signal,Dry,Interchange Area,Acceleration/Deceleration Lanes,Yes - Working,No,2023,Winter,February,Nighttime,Midnight - 2:59am,2,Property Damage Crash,No,No,No,No,No,No,No,No,No,No,Yes,No,No,Multiple Vehicle Crashes,Petersburg City,,Urban,37.22722,-77.39823,Non-Interstate,BUS US-460E (13 CITY OF PETERSBURG),460.0,WYTHE ST,6.67,Other Principal Arterial,Not at Intersection,,No,0,0,No,0,0,0,0,0,0,0,0,0,0,0,c4766028,0,0,1,Minor
2,2023-07-28,09:04:00,Friday,Rear End,On Roadway,"Blacktop, Asphalt, Bituminous",No Defects,Daylight,Daylight,"Two-Way, Divided, Unprotected Median",Not Provided,No Adverse Condition (Clear/Cloud),Straight - Level,Not Provided,No,Four Approaches,Not Provided,Traffic Signal,Dry,Interchange Area,Main-Line Roadway,Yes - Working,No,2023,Summer,July,Daytime,9:00am - 11:59am,9,Property Damage Crash,No,No,No,No,No,No,No,No,No,No,No,No,No,Multiple Vehicle Crashes,Rockingham County,Dayton,Urban,38.41376,-78.93847,Non-Interstate,VA-42S,42.0,JOHN WAYLAND HWY,223.4,Other Principal Arterial,At Intersection,HUFFMAN DR,Yes,0,0,No,0,0,0,0,0,0,0,0,0,0,0,c9379554,0,0,1,Minor
1,2024-06-12,12:13:00,Wednesday,Deer,On Roadway,Concrete,No Defects,Daylight,Daylight,"Two-Way, Divided, Positive Median Barrier",Not Provided,No Adverse Condition (Clear/Cloud),Straight - Level,Not Provided,No,Not at Intersection,Not Provided,Traffic Lanes Marked,Dry,Intersection Area,Non-Intersection,Yes - Working,No,2024,Summer,June,Daytime,Noon - 2:59pm,12,Property Damage Crash,No,No,No,No,No,No,No,No,No,No,No,No,No,Single Vehicle Crashes,Montgomery County,,Rural,37.09434,-80.48416,Interstate,I-81N,81.0,I-81,110.69,Interstate,Not at Intersection,,No,0,0,No,0,0,0,0,0,0,0,0,0,0,0,c0760261,0,0,1,Minor
2,2022-08-13,13:16:00,Saturday,Backed Into,On Roadway,"Blacktop, Asphalt, Bituminous",No Defects,Daylight,Daylight,"Two-Way, Divided, Positive Median Barrier",Not Provided,No Adverse Condition (Clear/Cloud),Straight - Level,Not Provided,No,Not at Intersection,Not Provided,Traffic Lanes Marked,Dry,Interchange Area,Main-Line Roadway,Yes - Working,No,2022,Summer,August,Daytime,Noon - 2:59pm,13,Injury Crash,No,No,Yes,No,No,No,No,No,No,No,No,No,No,Multiple Vehicle Crashes,Suffolk City,,Urban,36.74982,-76.5322,,,,VAN ZANDT PKWY,,,Not at Intersection,,Yes,0,1,No,0,0,0,0,0,0,0,0,1,0,1,c5720904,0,0,1,Minor
2,2023-05-21,16:55:00,Sunday,Sideswipe - Same Direction,On Roadway,"Blacktop, Asphalt, Bituminous",No Defects,Daylight,Daylight,"Two-Way, Divided, Unprotected Median",Not Provided,No Adverse Condition (Clear/Cloud),Straight - Level,Not Provided,No,Not at Intersection,Not Provided,Traffic Lanes Marked,Dry,Intersection Area,Non-Intersection,Yes - Working,No,2023,Spring,May,Daytime,3:00pm - 5:59pm,16,Property Damage Crash,No,No,No,No,No,No,No,No,No,No,No,No,No,Multiple Vehicle Crashes,Loudoun County,,Urban,39.02581,-77.39334,Non-Interstate,VA-7E,7.0,HARRY BYRD HWY,48.21,Other Principal Arterial,Not at Intersection,,No,0,0,No,0,0,0,0,0,0,0,0,0,0,0,c2260141,0,0,1,Minor
2,2024-02-16,18:17:00,Friday,Angle,On Roadway,"Blacktop, Asphalt, Bituminous",No Defects,Darkness,Darkness - Road Lighted,"Two-Way, Not Divided",Not Provided,No Adverse Condition (Clear/Cloud),Straight - Level,Not Provided,No,Not at Intersection,Not Provided,Traffic Lanes Marked,Dry,Interchange Area,Main-Line Roadway,No Traffic Control Device Present,No,2024,Winter,February,Nighttime,6:00pm - 8:59pm,18,Injury Crash,No,No,No,No,No,No,No,No,No,No,No,No,No,Multiple Vehicle Crashes,Colonial Heights City,,Urban,37.24311,-77.39115,Non-Interstate,UR-2N (CITY OF COLONIAL HEIGHTS),2.0,SOUTHPARK BLVD,0.14,Major Collector,Not at Intersection,,No,0,0,No,0,0,0,0,0,0,0,0,0,0,1,c1155442,0,0,1,Minor
2,2022-09-22,21:06:00,Thursday,Angle,On Roadway,"Blacktop, Asphalt, Bituminous",No Defects,Darkness,Darkness - Road Lighted,"Two-Way, Divided, Unprotected Median",Not Provided,No Adverse Condition (Clear/Cloud),Straight - Level,Not Provided,No,Four Approaches,Not Provided,Traffic Signal,Dry,Intersection Area,Within Intersection,Yes - Working,No,2022,Autumn,September,Nighttime,9:00pm - 11:59pm,21,Injury Crash,No,No,No,No,No,No,No,No,No,Yes,Yes,No,No,Multiple Vehicle Crashes,York County,,Urban,37.33878,-76.75315,Non-Interstate,US-60W,60.0,RICHMOND RD,234.32,Other Principal Arterial,At Intersection,CENTERVILLE RD,No,0,0,No,0,0,0,0,0,0,0,0,0,0,1,c9087682,0,0,1,Minor
2,2024-11-15,19:43:00,Friday,Angle,On Roadway,"Blacktop, Asphalt, Bituminous",No Defects,Darkness,Darkness - Road Lighted,"Two-Way, Divided, Unprotected Median",Not Provided,No Adverse Condition (Clear/Cloud),Straight - Level,Not Provided,No,Four Approaches,Not Provided,Traffic Signal,Dry,Intersection Area,Within Intersection,Yes - Working,No,2024,Autumn,November,Nighttime,6:00pm - 8:59pm,19,Injury Crash,No,No,No,No,No,No,No,No,No,No,No,No,No,Multiple Vehicle Crashes,Fauquier County,,Urban,38.73472,-77.77035,Non-Interstate,US-29N,29.0,LEE HWAY,208.54,Other Principal Arterial,At Intersection,CEDAR RUN DR,No,0,0,No,0,0,0,0,0,0,0,0,0,0,1,c0483396,0,0,1,Minor
3,2022-08-26,10:52:00,Friday,Rear End,On Roadway,"Blacktop, Asphalt, Bituminous",No Defects,Daylight,Daylight,"One-Way, Not Divided",Not Provided,No Adverse Condition (Clear/Cloud),Straight - Level,Not Provided,No,Not at Intersection,Not Provided,Traffic Lanes Marked,Dry,Interchange Area,Main-Line Roadway,Yes - Working,No,2022,Summer,August,Daytime,9:00am - 11:59am,10,Property Damage Crash,No,No,No,No,No,No,No,No,No,No,No,No,No,Multiple Vehicle Crashes,Suffolk City,,Urban,36.86743,-76.43305,Non-Interstate,VA-164W,164.0,WESTERN FWY,0.71,Other Freeways and Expressways,Not at Intersection,,No,0,0,No,0,0,0,0,0,0,0,0,0,0,0,c0643177,0,0,1,Minor
2,2023-07-01,11:30:00,Saturday,Rear End,On Roadway,"Blacktop, Asphalt, Bituminous",No Defects,Darkness,Darkness - Road Not Lighted,"Two-Way, Divided, Positive Median Barrier",Not Provided,Rain,Straight - Level,Not Provided,No,Not at Intersection,Not Provided,Traffic Lanes Marked,Wet,Intersection Area,Non-Intersection,Yes - Working,No,2023,Summer,July,Daytime,9:00am - 11:59am,11,Property Damage Crash,No,No,No,No,No,No,No,No,No,No,No,No,No,Multiple Vehicle Crashes,Fairfax County,,Urban,38.80382,-77.34304,Non-Interstate,VA-286S,286.0,FAIRFAX COUNTY PKWY,14.64,Other Freeways and Expressways,Not at Intersection,,No,0,0,No,0,0,0,0,0,0,0,0,0,0,0,c6812159,0,0,1,Minor
1,2024-04-27,01:20:00,Saturday,Deer,On Roadway,"Blacktop, Asphalt, Bituminous",No Defects,Darkness,Darkness - Road Not Lighted,"Two-Way, Divided, Positive Median Barrier",Not Provided,No Adverse Condition (Clear/Cloud),Straight - Level,Not Provided,No,Not at Intersection,Not Provided,Traffic Lanes Marked,Dry,Intersection Area,Non-Intersection,Yes - Working,No,2024,Spring,April,Nighttime,Midnight - 2:59am,1,Property Damage Crash,No,No,No,No,No,No,No,No,No,No,No,No,No,Single Vehicle Crashes,Augusta County,,Urban,38.12319,-79.04553,Interstate,I-81S,81.0,I-81,222.68,Interstate,Not at Intersection,,No,0,0,No,0,0,0,0,0,0,0,0,0,0,0,c6019259,0,0,1,Minor
2,2024-06-09,09:38:00,Sunday,Rear End,On Roadway,"Blacktop, Asphalt, Bituminous",No Defects,Daylight,Daylight,"Two-Way, Divided, Positive Median Barrier",Not Provided,No Adverse Condition (Clear/Cloud),Straight - Level,Not Provided,No,Four Approaches,Not Provided,Traffic Signal,Dry,Intersection Area,Intersection Related - Within 150 Feet,Yes - Working,No,2024,Summer,June,Daytime,9:00am - 11:59am,9,Property Damage Crash,No,No,No,No,No,No,No,No,No,No,Yes,No,Yes,Multiple Vehicle Crashes,Danville City,,Rural,36.60214,-79.4143,Non-Interstate,BUS US-29S (1 CITY OF DANVILLE),29.0,CENTRAL BLVD,6.4,Other Principal Arterial,At Intersection,HOLT GARRISON PKWAY,No,0,0,No,0,0,0,0,0,0,0,0,0,0,0,c0601051,0,0,1,Minor
1,2024-05-18,11:34:00,Saturday,Fixed Object - Off Road,Shoulder,"Blacktop, Asphalt, Bituminous",No Defects,Daylight,Daylight,"One-Way, Not Divided",Not Provided,Rain,Grade - Curve,Not Provided,No,Not at Intersection,Not Provided,Traffic Lanes Marked,Wet,Interchange Area,On Entrance/Exit Ramp,Yes - Working,No,2024,Spring,May,Daytime,9:00am - 11:59am,11,Property Damage Crash,No,Yes,No,No,No,No,No,No,No,Yes,No,No,No,Single Vehicle Crashes,Fauquier County,,Rural,38.61305,-77.80109,Non-Interstate,US-29S RAMP 199A,29.0,OPAL INTERCHANGE,0.61,Other Principal Arterial,Not at Intersection,,No,0,0,No,0,0,0,0,0,0,0,0,0,0,0,c9322399,0,0,1,Minor
2,2023-10-05,06:19:00,Thursday,Angle,On Roadway,"Blacktop, Asphalt, Bituminous",Roadway Obstructed,Daylight,Daylight,"Two-Way, Divided, Unprotected Median",Activity Area,No Adverse Condition (Clear/Cloud),Straight - Level,No Workers Present,No,Two Approaches,Lane Closure,Stop Sign,Dry,Intersection Area,Within Intersection,Yes - Working,Yes,2023,Autumn,October,Daytime,6:00am - 8:59am,6,Property Damage Crash,No,No,No,No,No,No,No,No,No,No,No,No,No,Multiple Vehicle Crashes,Norfolk City,,Urban,36.8557,-76.29077,Non-Interstate,UR-8567N (CITY OF NORFOLK),,BOUSH ST,0.09,Minor Arterial,At Intersection,GRACE ST,No,0,0,No,0,0,0,0,0,0,0,0,0,0,0,c2724199,0,0,1,Minor
3,2024-04-18,08:00:00,Thursday,Rear End,On Roadway,"Blacktop, Asphalt, Bituminous",No Defects,Daylight,Daylight,"Two-Way, Divided, Unprotected Median",Not Provided,No Adverse Condition (Clear/Cloud),Straight - Level,Not Provided,No,Not at Intersection,Not Provided,Traffic Lanes Marked,Dry,Intersection Area,Non-Intersection,Yes - Working,No,2024,Spring,April,Daytime,6:00am - 8:59am,8,Property Damage Crash,No,Yes,No,No,No,No,No,No,No,No,No,No,No,Multiple Vehicle Crashes,Chesterfield County,,Urban,37.52768,-77.69513,Non-Interstate,VA-288N,288.0,VA-288,22.27,Other Freeways and Expressways,Not at Intersection,,No,0,0,No,0,0,0,0,0,0,0,0,0,0,0,c5436149,0,0,1,Minor
2,2022-08-20,18:18:00,Saturday,Rear End,On Roadway,"Blacktop, Asphalt, Bituminous",No Defects,Dusk,Dusk,"Two-Way, Divided, Positive Median Barrier",Not Provided,No Adverse Condition (Clear/Cloud),Straight - Level,Not Provided,No,Not at Intersection,Not Provided,Traffic Lanes Marked,Dry,Intersection Area,Non-Intersection,Yes - Working,No,2022,Summer,August,Nighttime,6:00pm - 8:59pm,18,Property Damage Crash,No,No,No,No,No,No,No,No,No,No,No,No,No,Multiple Vehicle Crashes,Va. Beach City,,Urban,36.84617,-76.17791,Interstate,I-264W DIST/COLL AT MP13,264.0,I-264 RAMP,0.27,Interstate,Not at Intersection,,No,0,0,No,0,0,0,0,0,0,0,0,0,0,0,c7584865,0,0,1,Minor
2,2022-06-26,10:30:00,Sunday,Angle,On Roadway,"Blacktop, Asphalt, Bituminous",No Defects,Daylight,Daylight,"Two-Way, Divided, Unprotected Median",Not Provided,No Adverse Condition (Clear/Cloud),Straight - Level,Not Provided,No,Four Approaches,Not Provided,Stop Sign,Dry,Intersection Area,Within Intersection,Yes - Working,No,2022,Summer,June,Daytime,9:00am - 11:59am,10,Injury Crash,No,No,No,No,No,No,No,No,No,No,No,No,No,Multiple Vehicle Crashes,Caroline County,,Rural,37.99833,-77.41653,Non-Interstate,VA-207S,207.0,ROGERS CLARK BLVD,6.11,Other Principal Arterial,At Intersection,GOLANSVILLE RD,No,0,0,No,0,0,0,0,0,0,0,0,1,0,3,c3551332,0,1,0,Severe
2,2023-07-04,15:10:00,Tuesday,Angle,On Roadway,"Blacktop, Asphalt, Bituminous",No Defects,Daylight,Daylight,"Two-Way, Not Divided",Not Provided,No Adverse Condition (Clear/Cloud),Straight - Level,Not Provided,No,Not at Intersection,Not Provided,No Traffic Control,Dry,Intersection Area,Non-Intersection,No Traffic Control Device Present,No,2023,Summer,July,Daytime,3:00pm - 5:59pm,15,Property Damage Crash,No,No,No,No,No,No,No,No,No,No,Yes,No,Yes,Multiple Vehicle Crashes,Chesterfield County,,Urban,37.52101,-77.59659,Non-Interstate,SC-1985S (CHESTERFIELD COUNTY),1985.0,WOODMONT DR,0.26,Local,Not at Intersection,,No,0,0,No,0,0,0,0,0,0,0,0,0,0,0,c1528130,0,0,1,Minor
2,2023-05-16,00:28:00,Tuesday,Angle,On Roadway,"Blacktop, Asphalt, Bituminous",No Defects,Darkness,Darkness - Road Not Lighted,"Two-Way, Divided, Unprotected Median",Not Provided,No Adverse Condition (Clear/Cloud),Straight - Level,Not Provided,No,Four Approaches,Not Provided,Traffic Signal,Dry,Intersection Area,Within Intersection,Yes - Working,No,2023,Spring,May,Nighttime,Midnight - 2:59am,0,Property Damage Crash,No,Yes,No,No,No,No,No,No,No,No,Yes,No,No,Multiple Vehicle Crashes,King George County,,Urban,38.23902,-77.15012,Non-Interstate,US-301N,301.0,JAMES MADISON PKWY,130.8,Other Principal Arterial,At Intersection,KINGS HWY,No,0,0,No,0,0,0,0,0,0,0,0,0,0,0,c2851537,0,0,1,Minor
1,2022-09-17,16:30:00,Saturday,Fixed Object - Off Road,On Roadway,"Blacktop, Asphalt, Bituminous",No Defects,Daylight,Daylight,"Two-Way, Not Divided",Not Provided,No Adverse Condition (Clear/Cloud),Straight - Level,Not Provided,Yes,Three Approaches,Not Provided,Stop Sign,Dry,Interchange Area,Main-Line Roadway,Yes - Working,No,2022,Autumn,September,Daytime,3:00pm - 5:59pm,16,Injury Crash,No,No,No,No,No,No,No,No,Yes,No,No,No,No,Single Vehicle Crashes,Portsmouth City,,Urban,36.82054,-76.33912,Non-Interstate,MANTEO ST (NP - CITY OF PORTSMOUTH),,MANTEO ST,0.08,Local,At Intersection,GRAND ST,Yes,0,1,No,0,0,0,0,0,0,0,0,0,0,1,c2576019,0,0,1,Minor
2,2024-04-11,18:24:00,Thursday,Angle,On Roadway,"Blacktop, Asphalt, Bituminous",Slick Pavement,Dusk,Dusk,"Two-Way, Not Divided",Not Provided,Rain,Straight - Level,Not Provided,No,Not at Intersection,Not Provided,Traffic Lanes Marked,Wet,Interchange Area,Main-Line Roadway,Yes - Working,No,2024,Spring,April,Nighttime,6:00pm - 8:59pm,18,Injury Crash,No,No,No,No,No,No,No,No,No,Yes,Yes,No,No,Multiple Vehicle Crashes,Stafford County,,Urban,38.44828,-77.48814,Non-Interstate,SC-627N (STAFFORD COUNTY),627.0,MOUNTAIN VIEW RD,7.49,Major Collector,Not at Intersection,,No,0,0,No,0,0,0,0,0,0,0,2,0,0,2,c4874791,0,1,0,Severe
2,2024-04-08,06:48:00,Monday,Angle,On Roadway,"Blacktop, Asphalt, Bituminous",No Defects,Daylight,Daylight,"Two-Way, Divided, Unprotected Median",Not Provided,No Adverse Condition (Clear/Cloud),Straight - Level,Not Provided,No,Not at Intersection,Not Provided,Traffic Lanes Marked,Dry,Intersection Area,Non-Intersection,Yes - Working,No,2024,Spring,April,Daytime,6:00am - 8:59am,6,Property Damage Crash,No,No,No,No,No,No,No,No,No,No,No,No,No,Multiple Vehicle Crashes,Fairfax County,,Urban,38.82886,-77.43531,Non-Interstate,VA-28N,28.0,CENTREVILLE RD,29.4,Other Principal Arterial,Not at Intersection,,No,0,0,No,0,0,0,0,0,0,0,0,0,0,0,c8397230,0,0,1,Minor
1,2024-01-25,10:40:00,Thursday,Pedestrian,On Roadway,"Blacktop, Asphalt, Bituminous",No Defects,Daylight,Daylight,"Two-Way, Not Divided",Not Provided,No Adverse Condition (Clear/Cloud),Straight - Level,Not Provided,No,Not at Intersection,Not Provided,No Traffic Control,Dry,Other Location,"Driveway, Alley-Access - Related",No Traffic Control Device Present,No,2024,Winter,January,Daytime,9:00am - 11:59am,10,Injury Crash,No,No,No,Yes,No,No,No,No,No,No,No,No,No,Single Vehicle Crashes,Lynchburg City,,Urban,37.43816,-79.18884,Non-Interstate,OAK LN (NP - CITY OF LYNCHBURG),,OAK LN,0.07,Local,Not at Intersection,,No,0,0,No,0,1,0,0,0,0,0,0,0,0,1,c4575797,0,0,1,Minor