NumberOfVehicles,CrashDate,CrashTime,DayOfWeek,TypeOfCollision,LocationOfFirstHarmfulEvent,RoadwaySurfaceType,RoadwayDefect,LightCondition_Category,LightCondition_Value,RoadwayDescription,WorkZoneLocation,WeatherCondition,RoadwayAlignment,WorkZoneWorkersPresent,SchoolZone,IntersectionType,WorkZoneType,TrafficControlType,RoadwaySurfaceCondition,RelationToRoadway_Category,RelationToRoadway_Value,TrafficControlMechanicalDevice,WorkZoneRelated,Year,Meteorological Season,MonthName,DaytimeNighttime_NHTSA,ThreeHourLabel,Hour,CrashType,AlcoholInvolved,SpeedRelated,CommercialMotorVehiclesInvolved,PedestrianInvolved,BicycleInvolved,MotorcycleInvolved,MopedInvolved,TrainRelated,SchoolZoneInvolved,TeenDriverInvolved,DistractedDriverInvolved,DriverTextingInvolved,DriverUsingCellPhone,Single_Multi_Vehicle,Jurisdiction,TownName,LocationTypeName,Latitude,Longitude,Interstate_NonInterstate,RoadName,RouteNumber,RouteName,MileMarker,FunctionalClassCode,AtIntersection,SecondaryLocation,MatureDriverInvolved,MatureDriverFatalities,MatureDriverInjuries,LargeTruckInvolved,PedestrianFatalities,PedestrianInjuries,MotorcycleFatalities,MotorcycleInjuries,BicycleFatalities,BicycleInjuries,DistractedDriverFatalities,DistractedDriverInjuries,UnrestrainedInjuries,Number_Of_Fatalities,Number_Of_Injuries,Crash_UID,Is_Fatal,Is_Severe,Is_Minor,SeverityLabel
2,2024-06-26,16:58:00,Wednesday,Angle,On Roadway,"Blacktop, Asphalt, Bituminous",No Defects,Daylight,Daylight,"Two-Way, Divided, Unprotected Median",Not Provided,No Adverse Condition (Clear/Cloud),Straight - Level,Not Provided,No,Three Approaches,Not Provided,Traffic Lanes Marked,Dry,Intersection Area,Intersection Related - Within 150 Feet,Yes - Working,No,2024,Summer,June,Daytime,3:00pm - 5:59pm,16,Property Damage Crash,No,No,No,No,No,No,No,No,No,No,No,No,No,Multiple Vehicle Crashes,Newport News City,,Urban,37.06908,-76.49439,Non-Interstate,HIDEN BLVD (PR - CITY OF NEWPORT NEWS),0.0,HIDEN BLVD,0.08,Major Collector,Not at Intersection,,Yes,0,0,No,0,0,0,0,0,0,0,0,0,0,0,c4333695,0,0,1,Minor
2,2024-04-23,21:10:00,Tuesday,Angle,On Roadway,"Blacktop, Asphalt, Bituminous",No Defects,Darkness,Darkness - Road Not Lighted,"Two-Way, Divided, Unprotected Median",Not Provided,No Adverse Condition (Clear/Cloud),Straight - Level,Not Provided,No,Three Approaches,Not Provided,Stop Sign,Dry,Intersection Area,Within Intersection,Yes - Working,No,2024,Spring,April,Nighttime,9:00pm - 11:59pm,21,Injury Crash,No,No,No,No,No,No,No,No,No,Yes,No,No,No,Multiple Vehicle Crashes,Culpeper County,,Rural,38.67263,-77.97138,Non-Interstate,US-211W,211.0,LEE HWY,48.04,Other Principal Arterial,At Intersection,WATERLOO RD,Yes,0,1,No,0,0,0,0,0,0,0,0,1,0,3,c5892109,0,1,0,Severe
2,2024-02-26,18:23:00,Monday,Rear End,On Roadway,"Blacktop, Asphalt, Bituminous",No Defects,Darkness,Darkness - Road Lighted,"Two-Way, Divided, Unprotected Median",Not Provided,No Adverse Condition (Clear/Cloud),Grade - Straight,Not Provided,No,Four Approaches,Not Provided,Traffic Lanes Marked,Dry,Intersection Area,Within Intersection,Yes - Working,No,2024,Winter,February,Nighttime,6:00pm - 8:59pm,18,Injury Crash,No,No,No,No,No,No,No,No,No,No,No,No,No,Multiple Vehicle Crashes,Chesterfield County,,Urban,37.44164,-77.4395,Non-Interstate,US-1N,1.0,JEFFERSON DAVIS HWY,86.06,Other Principal Arterial,At Intersection,STATION RD,No,0,0,No,0,0,0,0,0,0,0,0,0,0,2,c4120983,0,1,0,Severe
1,2023-01-15,09:32:00,Sunday,Fixed Object - Off Road,Shoulder,"Blacktop, Asphalt, Bituminous",No Defects,Daylight,Daylight,"Two-Way, Not Divided",Not Provided,No Adverse Condition (Clear/Cloud),Straight - Level,Not Provided,No,Not at Intersection,Not Provided,Traffic Lanes Marked,Dry,Interchange Area,Main-Line Roadway,Yes - Working,No,2023,Winter,January,Daytime,9:00am - 11:59am,9,Property Damage Crash,Yes,Yes,No,No,No,No,No,No,No,No,Yes,No,No,Single Vehicle Crashes,Va. Beach City,,Urban,36.7213,-76.03265,Non-Interstate,UR-8590E (CITY OF VIRGINIA BEACH),,INDIAN RIVER RD,10.29,Minor Arterial,Not at Intersection,,No,0,0,No,0,0,0,0,0,0,0,0,0,0,0,c5409352,0,0,1,Minor
2,2024-05-05,08:59:00,Sunday,Rear End,On Roadway,"Blacktop, Asphalt, Bituminous",No Defects,Daylight,Daylight,"Two-Way, Divided, Positive Median Barrier",Not Provided,No Adverse Condition (Clear/Cloud),Straight - Level,Not Provided,No,Four Approaches,Not Provided,Traffic Signal,Dry,Intersection Area,Within Intersection,Yes - Working,No,2024,Spring,May,Daytime,6:00am - 8:59am,8,Property Damage Crash,No,No,No,No,No,No,No,No,No,No,No,No,No,Multiple Vehicle Crashes,Hampton City,,Urban,37.02477,-76.34295,Non-Interstate,US-60E,60.0,SETTLERS LANDING RD,273.75,Minor Arterial,At Intersection,WINE ST,No,0,0,No,0,0,0,0,0,0,0,0,0,0,0,c0972906,0,0,1,Minor
2,2024-09-18,09:30:00,Wednesday,Angle,On Roadway,"Blacktop, Asphalt, Bituminous",No Defects,Daylight,Daylight,"Two-Way, Not Divided",Not Provided,Rain,Grade - Curve,Not Provided,No,Not at Intersection,Not Provided,Traffic Lanes Marked,Wet,Intersection Area,Non-Intersection,Yes - Working,No,2024,Autumn,September,Daytime,9:00am - 11:59am,9,Property Damage Crash,No,Yes,No,No,No,No,No,No,No,No,No,No,No,Multiple Vehicle Crashes,Prince William County,,Urban,38.75685,-77.63331,,CHACONAS CT (NP - PRINCE WILLIAM COUNTY),0.0,CHACONAS CT,0.1,,At Intersection,GLENKIRK RD,No,0,0,No,0,0,0,0,0,0,0,0,0,0,0,c5982141,0,0,1,Minor
1,2024-10-22,16:54:00,Tuesday,Deer,On Roadway,"Blacktop, Asphalt, Bituminous",No Defects,Daylight,Daylight,"Two-Way, Divided, Positive Median Barrier",Not Provided,No Adverse Condition (Clear/Cloud),Straight - Level,Not Provided,No,Not at Intersection,Not Provided,Traffic Lanes Marked,Dry,Intersection Area,Non-Intersection,Yes - Working,No,2024,Autumn,October,Daytime,3:00pm - 5:59pm,16,Property Damage Crash,No,No,No,No,No,No,No,No,No,No,No,No,No,Single Vehicle Crashes,Roanoke County,,Rural,37.16645,-79.94314,Non-Interstate,US-220N,220.0,FRANKLIN RD,54.44,Other Principal Arterial,Not at Intersection,,No,0,0,No,0,0,0,0,0,0,0,0,0,0,0,c4323639,0,0,1,Minor
2,2023-07-31,18:00:00,Monday,Rear End,On Roadway,Concrete,No Defects,Daylight,Daylight,"Two-Way, Divided, Positive Median Barrier",Not Provided,Rain,Straight - Level,Not Provided,No,Not at Intersection,Not Provided,Traffic Lanes Marked,Wet,Intersection Area,Non-Intersection,Yes - Working,No,2023,Summer,July,Nighttime,6:00pm - 8:59pm,18,Injury Crash,No,No,No,No,No,No,No,No,No,Yes,No,No,No,Multiple Vehicle Crashes,Henrico County,,Rural,37.49923,-77.28513,Interstate,I-295S,295.0,I-295,27.0,Interstate,Not at Intersection,,No,0,0,No,0,0,0,0,0,0,0,0,0,0,1,c8773955,0,0,1,Minor
1,2023-01-18,15:38:00,Wednesday,Fixed Object - Off Road,On Roadway,"Blacktop, Asphalt, Bituminous",No Defects,Daylight,Daylight,"Two-Way, Divided, Positive Median Barrier",Not Provided,No Adverse Condition (Clear/Cloud),Grade - Straight,Not Provided,No,Not at Intersection,Not Provided,Traffic Lanes Marked,Dry,Intersection Area,Non-Intersection,Yes - Working,No,2023,Winter,January,Daytime,3:00pm - 5:59pm,15,Injury Crash,No,No,No,No,No,No,No,No,No,No,No,No,No,Single Vehicle Crashes,Albemarle County,,Rural,38.04293,-78.8052,Interstate,I-64E,64.0,I-64,103.05,Interstate,Not at Intersection,,No,0,0,No,0,0,0,0,0,0,0,0,0,0,1,c0939651,0,0,1,Minor
2,2023-12-15,10:00:00,Friday,Angle,On Roadway,"Blacktop, Asphalt, Bituminous",No Defects,Daylight,Daylight,"Two-Way, Divided, Unprotected Median",Not Provided,No Adverse Condition (Clear/Cloud),Straight - Level,Not Provided,No,Four Approaches,Not Provided,Traffic Signal,Dry,Intersection Area,Within Intersection,Yes - Working,No,2023,Winter,December,Daytime,9:00am - 11:59am,10,Injury Crash,No,No,No,No,No,No,Yes,No,No,No,No,No,No,Multiple Vehicle Crashes,Richmond City,,Urban,37.54419,-77.4169,Non-Interstate,LITTLEPAGE ST (PR - CITY OF RICHMOND),,LITTLEPAGE ST,0.0,Local,At Intersection,MOSBY ST,No,0,0,No,0,0,0,0,0,0,0,0,0,0,2,c7857354,0,1,0,Severe
2,2022-04-05,11:54:00,Tuesday,Backed Into,On Roadway,"Blacktop, Asphalt, Bituminous",No Defects,Daylight,Daylight,"Two-Way, Not Divided",Not Provided,No Adverse Condition (Clear/Cloud),Hillcrest - Straight,Not Provided,No,Not at Intersection,Not Provided,No Traffic Control,Dry,Other Location,"Driveway, Alley-Access - Related",No Traffic Control Device Present,No,2022,Spring,April,Daytime,9:00am - 11:59am,11,Property Damage Crash,No,No,No,No,No,No,No,No,No,No,No,No,No,Multiple Vehicle Crashes,Lynchburg City,,Urban,37.41081,-79.16662,Non-Interstate,MORGAN ST (PR - CITY OF LYNCHBURG),,MORGAN ST,0.19,Local,Not at Intersection,,Yes,0,0,No,0,0,0,0,0,0,0,0,0,0,0,c8839853,0,0,1,Minor
4,2023-06-12,08:49:00,Monday,Rear End,On Roadway,Concrete,No Defects,Daylight,Daylight,"Two-Way, Divided, Positive Median Barrier",Not Provided,No Adverse Condition (Clear/Cloud),Straight - Level,Not Provided,No,Not at Intersection,Not Provided,Traffic Lanes Marked,Dry,Intersection Area,Non-Intersection,Yes - Working,No,2023,Summer,June,Daytime,6:00am - 8:59am,8,Property Damage Crash,No,No,Yes,No,No,No,No,No,No,No,No,No,No,Multiple Vehicle Crashes,Richmond City,,Urban,37.55444,-77.42569,Interstate,I-64W,64.0,I-64,191.43,Interstate,Not at Intersection,,No,0,0,No,0,0,0,0,0,0,0,0,0,0,0,c3208109,0,0,1,Minor
1,2024-10-24,13:24:00,Thursday,Fixed Object - Off Road,Roadside,"Blacktop, Asphalt, Bituminous",No Defects,Daylight,Daylight,"Two-Way, Not Divided",Advance Warning Area,No Adverse Condition (Clear/Cloud),Straight - Level,With No Law Enforcement,No,Not at Intersection,Lane Shift/Crossover,Traffic Lanes Marked,Dry,Intersection Area,Non-Intersection,Yes - Working,Yes,2024,Autumn,October,Daytime,Noon - 2:59pm,13,Injury Crash,No,No,No,No,No,No,No,No,No,No,Yes,No,Yes,Single Vehicle Crashes,Louisa County,,Rural,38.0363,-78.18967,Non-Interstate,US-15N,15.0,JAMES MADISON HWAY,125.46,Minor Arterial,Not at Intersection,,No,0,0,No,0,0,0,0,0,0,0,1,0,0,1,c2813645,0,0,1,Minor
3,2023-10-06,17:41:00,Friday,Rear End,On Roadway,"Blacktop, Asphalt, Bituminous",No Defects,Daylight,Daylight,"Two-Way, Divided, Unprotected Median",Not Provided,No Adverse Condition (Clear/Cloud),Straight - Level,Not Provided,No,Four Approaches,Not Provided,Traffic Signal,Dry,Intersection Area,Within Intersection,Yes - Working,No,2023,Autumn,October,Daytime,3:00pm - 5:59pm,17,Injury Crash,No,No,No,No,No,No,No,No,No,Yes,Yes,No,No,Multiple Vehicle Crashes,Fairfax County,,Urban,38.88222,-77.4002,Non-Interstate,US-50W,50.0,LEE JACKSON MEMORIAL HWY,66.08,Minor Arterial,At Intersection,PLAZA LN,Yes,0,1,No,0,0,0,0,0,0,0,0,0,0,2,c6815786,0,1,0,Severe
1,2022-11-24,06:30:00,Thursday,Fixed Object - Off Road,"Off Roadway, Location Unknown","Blacktop, Asphalt, Bituminous",No Defects,Dawn,Dawn,"Two-Way, Not Divided",Not Provided,No Adverse Condition (Clear/Cloud),Straight - Level,Not Provided,No,Not at Intersection,Not Provided,No Traffic Control,Dry,Interchange Area,Main-Line Roadway,No Traffic Control Device Present,No,2022,Autumn,November,Daytime,6:00am - 8:59am,6,Property Damage Crash,No,No,No,No,No,No,No,No,No,No,No,No,No,Single Vehicle Crashes,Warren County,,Rural,38.90397,-78.2688,Non-Interstate,SC-619N (WARREN COUNTY),619.0,RIVERMONT DR,3.69,Major Collector,Not at Intersection,,No,0,0,No,0,0,0,0,0,0,0,0,0,0,0,c9611736,0,0,1,Minor
1,2022-05-05,11:25:00,Thursday,Other,Median,"Blacktop, Asphalt, Bituminous",No Defects,Daylight,Daylight,"Two-Way, Divided, Unprotected Median",Not Provided,No Adverse Condition (Clear/Cloud),Straight - Level,Not Provided,No,Not at Intersection,Not Provided,Highway Safety Corridor,Dry,Intersection Area,Non-Intersection,Yes - Working,No,2022,Spring,May,Daytime,9:00am - 11:59am,11,Property Damage Crash,No,No,Yes,No,No,No,No,No,No,No,No,No,No,Single Vehicle Crashes,Roanoke County,,Urban,37.29886,-80.0815,Interstate,I-81N,81.0,I-81,138.47,Interstate,Not at Intersection,,No,0,0,Yes,0,0,0,0,0,0,0,0,0,0,0,c8623810,0,0,1,Minor
2,2024-11-05,11:01:00,Tuesday,Sideswipe - Same Direction,On Roadway,"Blacktop, Asphalt, Bituminous",No Defects,Daylight,Daylight,"Two-Way, Not Divided",Not Provided,No Adverse Condition (Clear/Cloud),Straight - Level,Not Provided,No,Four Approaches,Not Provided,Traffic Signal,Dry,Intersection Area,Intersection Related - Within 150 Feet,Yes - Working,No,2024,Autumn,November,Daytime,9:00am - 11:59am,11,Property Damage Crash,No,No,No,No,No,No,No,No,No,No,No,No,No,Multiple Vehicle Crashes,Newport News City,,Urban,37.05218,-76.46135,Non-Interstate,US-17N,17.0,JEFFERSON AVE,53.75,Other Principal Arterial,At Intersection,GREEN OAKS RD,No,0,0,No,0,0,0,0,0,0,0,0,0,0,0,c5112231,0,0,1,Minor
2,2023-04-06,06:32:00,Thursday,Angle,On Roadway,"Blacktop, Asphalt, Bituminous",No Defects,Dawn,Dawn,"Two-Way, Divided, Unprotected Median",Not Provided,No Adverse Condition (Clear/Cloud),Grade - Straight,Not Provided,No,Three Approaches,Not Provided,Stop Sign,Dry,Intersection Area,Within Intersection,Yes - Working,No,2023,Spring,April,Daytime,6:00am - 8:59am,6,Property Damage Crash,No,No,No,No,No,No,No,No,No,No,No,No,No,Multiple Vehicle Crashes,Botetourt County,,Urban,37.40192,-79.91222,Non-Interstate,US-220S,220.0,ROANOKE RD,78.07,Other Principal Arterial,At Intersection,WENDOVER RD,Yes,0,0,No,0,0,0,0,0,0,0,0,0,0,0,c6589040,0,0,1,Minor
3,2022-06-10,17:47:00,Friday,Rear End,On Roadway,"Blacktop, Asphalt, Bituminous",No Defects,Dusk,Dusk,"Two-Way, Divided, Positive Median Barrier",Not Provided,No Adverse Condition (Clear/Cloud),Straight - Level,Not Provided,No,Not at Intersection,Not Provided,Traffic Lanes Marked,Dry,Interchange Area,Main-Line Roadway,Yes - Working,No,2022,Summer,June,Daytime,3:00pm - 5:59pm,17,Property Damage Crash,No,No,No,No,No,No,No,No,No,No,No,No,No,Multiple Vehicle Crashes,Hanover County,Ashland,Rural,37.7553,-77.45843,Interstate,I-95S,95.0,I-95,91.82,Interstate,Not at Intersection,,No,0,0,No,0,0,0,0,0,0,0,0,0,0,0,c9318780,0,0,1,Minor
1,2023-02-17,15:36:00,Friday,Other,On Roadway,"Blacktop, Asphalt, Bituminous",No Defects,Daylight,Daylight,"Two-Way, Divided, Positive Median Barrier",Not Provided,Rain,Straight - Level,Not Provided,No,Not at Intersection,Not Provided,Traffic Lanes Marked,Wet,Interchange Area,Main-Line Roadway,Yes - Working,No,2023,Winter,February,Daytime,3:00pm - 5:59pm,15,Injury Crash,No,No,No,No,No,No,No,No,No,No,No,No,No,Single Vehicle Crashes,Suffolk City,,Urban,36.76577,-76.58145,Non-Interstate,US-58E,58.0,US-58,471.76,Other Freeways and Expressways,Not at Intersection,,Yes,0,1,No,0,0,0,0,0,0,0,0,0,0,1,c3917272,0,0,1,Minor
1,2024-04-16,10:25:00,Tuesday,Deer,On Roadway,"Blacktop, Asphalt, Bituminous",No Defects,Daylight,Daylight,"Two-Way, Not Divided",Not Provided,No Adverse Condition (Clear/Cloud),Straight - Level,Not Provided,No,Three Approaches,Not Provided,Traffic Lanes Marked,Dry,Intersection Area,Intersection Related - Within 150 Feet,Yes - Working,No,2024,Spring,April,Daytime,9:00am - 11:59am,10,Property Damage Crash,No,No,No,No,No,No,No,No,No,No,No,No,No,Single Vehicle Crashes,Bedford County,Bedford,Urban,37.34275,-79.50109,Non-Interstate,VA-122S,122.0,INDEPENDENCE BLVD,37.07,Minor Arterial,At Intersection,SHADY KNOLL AVE,Yes,0,0,No,0,0,0,0,0,0,0,0,0,0,0,c0641149,0,0,1,Minor
1,2022-04-14,07:49:00,Thursday,Fixed Object - Off Road,On Roadway,"Blacktop, Asphalt, Bituminous",No Defects,Daylight,Daylight,"Two-Way, Divided, Unprotected Median",Not Provided,No Adverse Condition (Clear/Cloud),Straight - Level,Not Provided,No,Four Approaches,Not Provided,Traffic Signal,Dry,Intersection,Intersection Related - Outside 150 Feet,Yes - Working,No,2022,Spring,April,Daytime,6:00am - 8:59am,7,Injury Crash,No,No,No,No,No,No,No,No,No,No,Yes,No,No,Single Vehicle Crashes,Hampton City,,Urban,37.05688,-76.40298,,HARDY CASH DR (NP - CITY OF HAMPTON),,HARDY CASH DR,0.55,,At Intersection,MAGRUDER BLVD,No,0,0,No,0,0,0,0,0,0,0,1,0,0,1,c6084279,0,0,1,Minor
2,2022-11-01,18:30:00,Tuesday,Rear End,On Roadway,"Blacktop, Asphalt, Bituminous",No Defects,Darkness,Darkness - Road Not Lighted,"Two-Way, Not Divided",Not Provided,No Adverse Condition (Clear/Cloud),Straight - Level,Not Provided,No,Three Approaches,Not Provided,Traffic Lanes Marked,Dry,Intersection Area,Intersection Related - Within 150 Feet,Yes - Working,No,2022,Autumn,November,Nighttime,6:00pm - 8:59pm,18,Property Damage Crash,No,No,No,No,No,No,No,No,No,No,No,No,No,Multiple Vehicle Crashes,Loudoun County,,Urban,39.00852,-77.40106,Non-Interstate,SC-625W (LOUDOUN COUNTY),625.0,CHURCH RD,11.19,Major Collector,Not at Intersection,,No,0,0,No,0,0,0,0,0,0,0,0,0,0,0,c5333181,0,0,1,Minor
4,2024-06-23,13:00:00,Sunday,Angle,On Roadway,"Blacktop, Asphalt, Bituminous",No Defects,Daylight,Daylight,"Two-Way, Divided, Positive Median Barrier",Not Provided,No Adverse Condition (Clear/Cloud),Straight - Level,Not Provided,No,Not at Intersection,Not Provided,No Traffic Control,Dry,Interchange Area,Main-Line Roadway,No Traffic Control Device Present,No,2024,Summer,June,Daytime,Noon - 2:59pm,13,Injury Crash,No,No,No,No,No,No,No,No,No,Yes,No,No,No,Multiple Vehicle Crashes,Portsmouth City,,Urban,36.86968,-76.40512,Non-Interstate,VA-164W,164.0,VA-164,2.26,Other Freeways and Expressways,Not at Intersection,,No,0,0,No,0,0,0,0,0,0,0,0,0,0,3,c7252564,0,1,0,Severe
2,2022-11-10,16:15:00,Thursday,Rear End,On Roadway,"Blacktop, Asphalt, Bituminous",No Defects,Daylight,Daylight,"Two-Way, Not Divided",Not Provided,No Adverse Condition (Clear/Cloud),Grade - Straight,Not Provided,No,Not at Intersection,Not Provided,Traffic Lanes Marked,Dry,Interchange Area,Main-Line Roadway,No Traffic Control Device Present,No,2022,Autumn,November,Daytime,3:00pm - 5:59pm,16,Property Damage Crash,No,No,No,No,No,No,No,No,No,No,Yes,No,No,Multiple Vehicle Crashes,Frederick County,,Rural,39.23578,-78.40178,Non-Interstate,VA-259S,259.0,CARPERS PIKE,22.77,Major Collector,Not at Intersection,,No,0,0,No,0,0,0,0,0,0,0,0,0,0,0,c1147033,0,0,1,Minor
2,2024-03-20,17:45:00,Wednesday,Angle,On Roadway,"Blacktop, Asphalt, Bituminous",No Defects,Daylight,Daylight,"Two-Way, Not Divided",Not Provided,No Adverse Condition (Clear/Cloud),Straight - Level,Not Provided,No,Not at Intersection,Not Provided,No Traffic Control,Dry,Intersection Area,Non-Intersection,No Traffic Control Device Present,No,2024,Spring,March,Daytime,3:00pm - 5:59pm,17,Injury Crash,No,No,No,No,Yes,No,No,No,No,No,No,No,No,Multiple Vehicle Crashes,Norfolk City,,Urban,36.88717,-76.29728,Non-Interstate,W 48TH ST (NP - CITY OF NORFOLK),,48TH ST,0.22,Local,Not at Intersection,,No,0,0,No,0,0,0,0,0,1,0,0,0,0,1,c1539196,0,0,1,Minor
1,2024-08-18,16:51:00,Sunday,Fixed Object - Off Road,Roadside,"Blacktop, Asphalt, Bituminous",Slick Pavement,Daylight,Daylight,"Two-Way, Divided, Positive Median Barrier",Not Provided,Rain,Curve - Level,Not Provided,No,Not at Intersection,Not Provided,No Passing Lines,Wet,Intersection Area,Non-Intersection,Yes - Working,No,2024,Summer,August,Daytime,3:00pm - 5:59pm,16,Property Damage Crash,No,No,No,No,No,No,No,No,No,No,No,No,No,Single Vehicle Crashes,Petersburg City,,Urban,37.20645,-77.41075,Interstate,I-85N,85.0,I-85,67.23,Interstate,Not at Intersection,,No,0,0,No,0,0,0,0,0,0,0,0,0,0,0,c2460350,0,0,1,Minor
3,2022-11-14,07:41:00,Monday,Rear End,On Roadway,"Blacktop, Asphalt, Bituminous",No Defects,Daylight,Daylight,"Two-Way, Not Divided",Not Provided,No Adverse Condition (Clear/Cloud),Curve - Level,Not Provided,No,Two Approaches,Not Provided,Traffic Lanes Marked,Dry,Intersection Area,Within Intersection,No Traffic Control Device Present,No,2022,Autumn,November,Daytime,6:00am - 8:59am,7,Property Damage Crash,No,No,No,No,No,No,No,No,No,No,Yes,No,No,Multiple Vehicle Crashes,Loudoun County,,Rural,39.1276,-77.65444,Non-Interstate,SC-704S (LOUDOUN COUNTY),704.0,HARMONY CHURCH RD,5.07,Major Collector,At Intersection,DIGGES VALLEY RD,No,0,0,No,0,0,0,0,0,0,0,0,0,0,0,c5010343,0,0,1,Minor
2,2023-09-17,20:46:00,Sunday,Angle,On Roadway,"Blacktop, Asphalt, Bituminous",No Defects,Darkness,Darkness - Road Not Lighted,"Two-Way, Divided, Positive Median Barrier",Not Provided,Rain,Straight - Level,Not Provided,No,Not at Intersection,Not Provided,Traffic Lanes Marked,Wet,Intersection Area,Non-Intersection,Yes - Working,No,2023,Autumn,September,Nighttime,6:00pm - 8:59pm,20,Property Damage Crash,No,No,No,No,No,No,No,No,No,No,No,No,No,Multiple Vehicle Crashes,Rockingham County,,Rural,38.46764,-78.81935,Interstate,I-81S,81.0,I-81,251.05,Interstate,Not at Intersection,,No,0,0,No,0,0,0,0,0,0,0,0,0,0,0,c3269398,0,0,1,Minor
2,2024-09-16,14:39:00,Monday,Fixed Object - Off Road,Shoulder,"Blacktop, Asphalt, Bituminous",No Defects,Daylight,Daylight,"Two-Way, Divided, Unprotected Median",Not Provided,Mist,Straight - Level,Not Provided,No,Not at Intersection,Not Provided,Officer or Flagger,Other,Interchange Area,Main-Line Roadway,Yes - Working,No,2024,Autumn,September,Daytime,Noon - 2:59pm,14,Property Damage Crash,No,No,No,No,No,No,No,No,No,No,No,No,No,Multiple Vehicle Crashes,Surry County,,Rural,37.10426,-77.07447,Non-Interstate,SC-607S (SURRY COUNTY),607.0,HUNTINGTON RD,0.22,Local,Not at Intersection,,No,0,0,No,0,0,0,0,0,0,0,0,0,0,0,c0812744,0,0,1,Minor
2,2023-11-21,15:20:00,Tuesday,Rear End,On Roadway,"Blacktop, Asphalt, Bituminous",No Defects,Daylight,Daylight,"Two-Way, Divided, Positive Median Barrier",Not Provided,Rain,Straight - Level,Not Provided,No,Not at Intersection,Not Provided,Highway Safety Corridor,Wet,Intersection Area,Non-Intersection,Yes - Working,No,2023,Autumn,November,Daytime,3:00pm - 5:59pm,15,Property Damage Crash,No,No,No,No,No,No,No,No,No,No,Yes,No,No,Multiple Vehicle Crashes,Prince William County,,Rural,38.56738,-77.33639,Interstate,I-95S,95.0,I-95,152.12,Interstate,Not at Intersection,,Yes,0,0,Yes,0,0,0,0,0,0,0,0,0,0,0,c1504207,0,0,1,Minor
1,2022-05-03,08:30:00,Tuesday,Fixed Object - Off Road,Roadside,"Blacktop, Asphalt, Bituminous",No Defects,Daylight,Daylight,"Two-Way, Not Divided",Not Provided,No Adverse Condition (Clear/Cloud),Grade - Curve,Not Provided,No,Not at Intersection,Not Provided,No Traffic Control,Dry,Intersection Area,Non-Intersection,No Traffic Control Device Present,No,2022,Spring,May,Daytime,6:00am - 8:59am,8,Injury Crash,No,Yes,No,No,No,No,No,No,No,No,No,No,No,Single Vehicle Crashes,Campbell County,,Rural,37.18146,-79.27118,Non-Interstate,SC-711S (CAMPBELL COUNTY),711.0,TARDY MOUNTAIN RD,3.36,Local,Not at Intersection,,No,0,0,No,0,0,0,0,0,0,0,0,0,0,1,c7272899,0,0,1,Minor
3,2024-02-06,18:48:00,Tuesday,Rear End,On Roadway,"Blacktop, Asphalt, Bituminous",No Defects,Darkness,Darkness - Road Lighted,"Two-Way, Not Divided",Not Provided,No Adverse Condition (Clear/Cloud),Straight - Level,Not Provided,No,Not at Intersection,Not Provided,Traffic Lanes Marked,Dry,Intersection Area,Non-Intersection,Yes - Working,No,2024,Winter,February,Nighttime,6:00pm - 8:59pm,18,Injury Crash,No,No,No,No,No,No,No,No,No,No,Yes,No,No,Multiple Vehicle Crashes,Richmond City,,Urban,37.55921,-77.46457,Non-Interstate,US-33W,33.0,BROAD ST,134.61,Other Principal Arterial,Not at Intersection,,No,0,0,No,0,0,0,0,0,0,0,1,0,0,1,c8192282,0,0,1,Minor
1,2022-06-25,05:35:00,Saturday,Fixed Object - Off Road,Shoulder,"Blacktop, Asphalt, Bituminous",No Defects,Daylight,Daylight,"Two-Way, Divided, Positive Median Barrier",Not Provided,No Adverse Condition (Clear/Cloud),Grade - Straight,Not Provided,No,Not at Intersection,Not Provided,Traffic Lanes Marked,Dry,Intersection Area,Non-Intersection,Yes - Working,No,2022,Summer,June,Nighttime,3:00am - 5:59am,5,Property Damage Crash,No,Yes,No,No,No,No,No,No,No,No,No,No,No,Single Vehicle Crashes,Arlington County,,Urban,38.88648,-77.15757,Interstate,I-66W,66.0,I-66,69.14,Interstate,Not at Intersection,,No,0,0,No,0,0,0,0,0,0,0,0,0,0,0,c1665674,0,0,1,Minor
2,2023-03-15,13:00:00,Wednesday,Head On,On Roadway,"Blacktop, Asphalt, Bituminous",No Defects,Daylight,Daylight,"Two-Way, Not Divided",Advance Warning Area,No Adverse Condition (Clear/Cloud),Hillcrest - Straight,With No Law Enforcement,No,Not at Intersection,Lane Closure,Officer or Flagger,Dry,Intersection Area,Non-Intersection,Yes - Working and Obscured,Yes,2023,Spring,March,Daytime,Noon - 2:59pm,13,Property Damage Crash,No,No,No,No,No,No,No,No,No,No,Yes,No,No,Multiple Vehicle Crashes,Bedford County,,Rural,37.3745,-79.54524,Non-Interstate,VA-43N,43.0,PEAKS RD,32.48,Major Collector,Not at Intersection,,No,0,0,No,0,0,0,0,0,0,0,0,0,0,0,c3219525,0,0,1,Minor