NumberOfVehicles,CrashDate,CrashTime,DayOfWeek,TypeOfCollision,LocationOfFirstHarmfulEvent,RoadwaySurfaceType,RoadwayDefect,LightCondition_Category,LightCondition_Value,RoadwayDescription,WorkZoneLocation,WeatherCondition,RoadwayAlignment,WorkZoneWorkersPresent,SchoolZone,IntersectionType,WorkZoneType,TrafficControlType,RoadwaySurfaceCondition,RelationToRoadway_Category,RelationToRoadway_Value,TrafficControlMechanicalDevice,WorkZoneRelated,Year,Meteorological Season,MonthName,DaytimeNighttime_NHTSA,ThreeHourLabel,Hour,CrashType,AlcoholInvolved,SpeedRelated,CommercialMotorVehiclesInvolved,PedestrianInvolved,BicycleInvolved,MotorcycleInvolved,MopedInvolved,TrainRelated,SchoolZoneInvolved,TeenDriverInvolved,DistractedDriverInvolved,DriverTextingInvolved,DriverUsingCellPhone,Single_Multi_Vehicle,Jurisdiction,TownName,LocationTypeName,Latitude,Longitude,Interstate_NonInterstate,RoadName,RouteNumber,RouteName,MileMarker,FunctionalClassCode,AtIntersection,SecondaryLocation,MatureDriverInvolved,MatureDriverFatalities,MatureDriverInjuries,LargeTruckInvolved,PedestrianFatalities,PedestrianInjuries,MotorcycleFatalities,MotorcycleInjuries,BicycleFatalities,BicycleInjuries,DistractedDriverFatalities,DistractedDriverInjuries,UnrestrainedInjuries,Number_Of_Fatalities,Number_Of_Injuries,Crash_UID,Is_Fatal,Is_Severe,Is_Minor,SeverityLabel
2,2022-07-09,18:15:00,Saturday,Angle,On Roadway,"Blacktop, Asphalt, Bituminous",No Defects,Daylight,Daylight,"Two-Way, Not Divided",Not Provided,Rain,Straight - Level,Not Provided,No,Four Approaches,Not Provided,Stop Sign,Wet,Intersection Area,Within Intersection,Yes - Working,No,2022,Summer,July,Nighttime,6:00pm - 8:59pm,18,Injury Crash,No,No,No,No,No,No,No,No,No,No,No,No,No,Multiple Vehicle Crashes,Rockingham County,,Rural,38.52785,-78.75373,Non-Interstate,SC-717S (ROCKINGHAM COUNTY),717.0,INDIAN TRAIL RD,9.0,Local,At Intersection,MARTZ RD,No,0,0,No,0,0,0,0,0,0,0,0,0,0,1,c1213611,0,0,1,Minor
4,2024-12-22,13:59:00,Sunday,Rear End,On Roadway,"Blacktop, Asphalt, Bituminous",No Defects,Daylight,Daylight,"Two-Way, Divided, Positive Median Barrier",Not Provided,No Adverse Condition (Clear/Cloud),Grade - Straight,Not Provided,No,Four Approaches,Not Provided,Traffic Signal,Dry,Intersection Area,Intersection Related - Within 150 Feet,Yes - Working,No,2024,Winter,December,Daytime,Noon - 2:59pm,13,Property Damage Crash,No,No,No,No,No,No,No,No,No,Yes,Yes,No,No,Multiple Vehicle Crashes,Albemarle County,,Rural,38.15879,-78.41811,Non-Interstate,US-29S,29.0,SEMINOLE TRL,147.6,Other Principal Arterial,At Intersection,BRIARWOOD DR,Yes,0,0,No,0,0,0,0,0,0,0,0,0,0,0,c2838751,0,0,1,Minor
2,2024-02-15,11:40:00,Thursday,Fixed Object in Road,Gore,"Blacktop, Asphalt, Bituminous",No Defects,Daylight,Daylight,"Two-Way, Divided, Positive Median Barrier",Not Provided,No Adverse Condition (Clear/Cloud),Curve - Level,Not Provided,No,Not at Intersection,Not Provided,Traffic Lanes Marked,Dry,Intersection Area,Non-Intersection,Yes - Working,No,2024,Winter,February,Daytime,9:00am - 11:59am,11,Property Damage Crash,No,Yes,Yes,No,No,No,No,No,No,No,Yes,No,No,Multiple Vehicle Crashes,Alexandria City,,Urban,38.79422,-77.05967,Interstate,I-95N,95.0,I-95,177.28,Interstate,Not at Intersection,,No,0,0,No,0,0,0,0,0,0,0,0,0,0,0,c8465880,0,0,1,Minor
2,2023-06-19,15:40:00,Monday,Head On,On Roadway,"Blacktop, Asphalt, Bituminous",No Defects,Daylight,Daylight,"Two-Way, Not Divided",Not Provided,Rain,Curve - Level,Not Provided,No,Four Approaches,Not Provided,Stop Sign,Wet,Intersection Area,Within Intersection,Yes - Working,No,2023,Summer,June,Daytime,3:00pm - 5:59pm,15,Property Damage Crash,No,No,No,No,No,No,No,No,No,No,No,No,No,Multiple Vehicle Crashes,Franklin County,,Rural,37.02291,-79.80761,Non-Interstate,SC-655E (FRANKLIN COUNTY),655.0,WEBSTER RD,0.35,Major Collector,At Intersection,GOLDEN VIEW RD,No,0,0,No,0,0,0,0,0,0,0,0,0,0,0,c8951482,0,0,1,Minor
1,2024-11-02,18:30:00,Saturday,Non-Collision,"Off Roadway, Location Unknown","Blacktop, Asphalt, Bituminous",No Defects,Darkness,Darkness - Road Not Lighted,"Two-Way, Divided, Unprotected Median",Not Provided,No Adverse Condition (Clear/Cloud),Curve - Level,Not Provided,No,Not at Intersection,Not Provided,Traffic Lanes Marked,Dry,Intersection Area,Non-Intersection,Yes - Working,No,2024,Autumn,November,Nighttime,6:00pm - 8:59pm,18,Injury Crash,No,No,No,No,No,No,No,No,No,No,No,No,No,Single Vehicle Crashes,Accomack County,,Rural,37.76394,-75.61493,Non-Interstate,US-13N,13.0,LANKFORD HWAY,125.13,Other Principal Arterial,Not at Intersection,,No,0,0,No,0,0,0,0,0,0,0,0,0,0,1,c2919392,0,0,1,Minor
4,2023-05-03,08:06:00,Wednesday,Rear End,On Roadway,"Blacktop, Asphalt, Bituminous",No Defects,Daylight,Daylight,"One-Way, Not Divided",Not Provided,No Adverse Condition (Clear/Cloud),Straight - Level,Not Provided,No,Two Approaches,Not Provided,Traffic Lanes Marked,Dry,Intersection Area,Within Intersection,Yes - Working,No,2023,Spring,May,Daytime,6:00am - 8:59am,8,Injury Crash,No,Yes,No,No,No,No,No,No,No,No,No,No,No,Multiple Vehicle Crashes,Newport News City,,Urban,37.0059,-76.44297,Non-Interstate,US-60P(3),60.0,WARWICK BLVD,0.38,Other Principal Arterial,At Intersection,66TH ST,No,0,0,No,0,0,0,0,0,0,0,0,0,0,1,c9436792,0,0,1,Minor
1,2023-10-02,07:05:00,Monday,Fixed Object - Off Road,Shoulder,"Blacktop, Asphalt, Bituminous",No Defects,Daylight,Daylight,"Two-Way, Not Divided",Not Provided,No Adverse Condition (Clear/Cloud),Hillcrest - Straight,Not Provided,No,Not at Intersection,Not Provided,No Traffic Control,Dry,Interchange Area,Main-Line Roadway,No Traffic Control Device Present,No,2023,Autumn,October,Daytime,6:00am - 8:59am,7,Injury Crash,No,No,No,No,No,No,No,No,No,Yes,No,No,No,Single Vehicle Crashes,Clarke County,,Rural,39.19595,-77.96323,Non-Interstate,SC-611N (CLARKE COUNTY),611.0,SUMMIT POINT RD,1.47,Major Collector,Not at Intersection,,No,0,0,No,0,0,0,0,0,0,0,0,0,0,1,c8839533,0,0,1,Minor
2,2022-07-28,14:35:00,Thursday,Sideswipe - Same Direction,On Roadway,"Blacktop, Asphalt, Bituminous",No Defects,Daylight,Daylight,"Two-Way, Not Divided",Not Provided,No Adverse Condition (Clear/Cloud),Straight - Level,Not Provided,No,Four Approaches,Not Provided,No Traffic Control,Dry,Intersection Area,Within Intersection,No Traffic Control Device Present,No,2022,Summer,July,Daytime,Noon - 2:59pm,14,Property Damage Crash,No,No,No,No,No,No,No,No,No,No,Yes,No,No,Multiple Vehicle Crashes,Loudoun County,,Urban,39.01255,-77.39603,Non-Interstate,SC-1447W (LOUDOUN COUNTY),1447.0,LAUREL AVE,0.16,Local,At Intersection,UPTON ST,No,0,0,No,0,0,0,0,0,0,0,0,0,0,0,c8291595,0,0,1,Minor
2,2023-02-24,14:25:00,Friday,Sideswipe - Same Direction,On Roadway,"Blacktop, Asphalt, Bituminous",No Defects,Daylight,Daylight,"Two-Way, Not Divided",Not Provided,No Adverse Condition (Clear/Cloud),Curve - Level,Not Provided,No,Not at Intersection,Not Provided,Traffic Lanes Marked,Dry,Intersection Area,Non-Intersection,Yes - Working,No,2023,Winter,February,Daytime,Noon - 2:59pm,14,Property Damage Crash,No,No,No,No,No,No,No,No,No,No,No,No,No,Multiple Vehicle Crashes,Accomack County,Onancock,Rural,37.70753,-75.73201,Non-Interstate,VA-179E,179.0,MARKET ST,1.37,Major Collector,Not at Intersection,,Yes,0,0,No,0,0,0,0,0,0,0,0,0,0,0,c3328926,0,0,1,Minor
2,2022-09-11,12:51:00,Sunday,Angle,On Roadway,"Blacktop, Asphalt, Bituminous",No Defects,Daylight,Daylight,"Two-Way, Not Divided",Not Provided,Rain,Straight - Level,Not Provided,No,Four Approaches,Not Provided,Traffic Signal,Wet,Intersection Area,Intersection Related - Within 150 Feet,Yes - Working,No,2022,Autumn,September,Daytime,Noon - 2:59pm,12,Injury Crash,No,No,No,No,No,No,No,No,No,No,No,No,No,Multiple Vehicle Crashes,Portsmouth City,,Urban,36.83345,-76.34752,Non-Interstate,UR-8545N (CITY OF PORTSMOUTH),,RODMAN AVE,0.45,Major Collector,At Intersection,KING ST,No,0,0,No,0,0,0,0,0,0,0,0,0,0,1,c4899668,0,0,1,Minor
1,2022-08-10,00:08:00,Wednesday,Fixed Object - Off Road,Shoulder,"Blacktop, Asphalt, Bituminous",No Defects,Darkness,Darkness - Road Not Lighted,"Two-Way, Divided, Unprotected Median",Not Provided,No Adverse Condition (Clear/Cloud),Straight - Level,Not Provided,No,Four Approaches,Not Provided,Traffic Signal,Dry,Intersection Area,Within Intersection,Yes - Working,No,2022,Summer,August,Nighttime,Midnight - 2:59am,0,Property Damage Crash,Yes,No,No,No,No,No,No,No,No,No,No,No,No,Single Vehicle Crashes,Hanover County,,Rural,37.64662,-77.24567,Non-Interstate,US-360E,360.0,MECHANICSVILLE TPKE,154.81,Other Principal Arterial,At Intersection,OLD CHURCH RD,No,0,0,No,0,0,0,0,0,0,0,0,0,0,0,c0127078,0,0,1,Minor
2,2022-03-13,16:21:00,Sunday,Angle,On Roadway,"Blacktop, Asphalt, Bituminous",No Defects,Daylight,Daylight,"Two-Way, Divided, Unprotected Median",Not Provided,No Adverse Condition (Clear/Cloud),Grade - Straight,Not Provided,No,Not at Intersection,Not Provided,Traffic Lanes Marked,Dry,Intersection Area,Non-Intersection,Yes - Working,No,2022,Spring,March,Daytime,3:00pm - 5:59pm,16,Property Damage Crash,No,No,No,No,No,No,No,No,No,No,No,No,No,Multiple Vehicle Crashes,Prince William County,,Urban,38.65618,-77.2514,,US-1S,1.0,JEFFERSON DAVIS HWY,175.76,,Not at Intersection,,No,0,0,No,0,0,0,0,0,0,0,0,0,0,0,c4044001,0,0,1,Minor
1,2024-06-04,06:40:00,Tuesday,Fixed Object - Off Road,Roadside,"Blacktop, Asphalt, Bituminous",No Defects,Daylight,Daylight,"Two-Way, Not Divided",Not Provided,No Adverse Condition (Clear/Cloud),Curve - Level,Not Provided,No,Not at Intersection,Not Provided,No Passing Lines,Wet,Intersection Area,Non-Intersection,Yes - Working,No,2024,Summer,June,Daytime,6:00am - 8:59am,6,Property Damage Crash,No,Yes,No,No,No,No,No,No,No,Yes,No,No,No,Single Vehicle Crashes,Rockingham County,,Urban,38.46448,-78.91916,Non-Interstate,SC-726W (ROCKINGHAM COUNTY),726.0,WEAVERS RD,6.2,Minor Collector,Not at Intersection,,No,0,0,No,0,0,0,0,0,0,0,0,0,0,0,c0920587,0,0,1,Minor
2,2024-11-29,14:58:00,Friday,Rear End,On Roadway,"Blacktop, Asphalt, Bituminous",No Defects,Daylight,Daylight,"Two-Way, Not Divided",Not Provided,No Adverse Condition (Clear/Cloud),Straight - Level,Not Provided,No,Three Approaches,Not Provided,Traffic Lanes Marked,Dry,Intersection Area,Intersection Related - Within 150 Feet,Yes - Working,No,2024,Autumn,November,Daytime,Noon - 2:59pm,14,Property Damage Crash,No,No,No,No,No,No,No,No,No,No,No,No,No,Multiple Vehicle Crashes,Spotsylvania County,,Urban,38.27102,-77.54365,Non-Interstate,SC-620W (SPOTSYLVANIA COUNTY),620.0,HARRISON RD,10.77,Minor Arterial,At Intersection,BATTLEFIELD GREEN DR,No,0,0,No,0,0,0,0,0,0,0,0,0,0,0,c9722907,0,0,1,Minor
2,2022-02-26,15:49:00,Saturday,Rear End,On Roadway,"Blacktop, Asphalt, Bituminous",No Defects,Daylight,Daylight,"Two-Way, Not Divided",Not Provided,No Adverse Condition (Clear/Cloud),Grade - Straight,Not Provided,No,Not at Intersection,Not Provided,Traffic Lanes Marked,Dry,Interchange Area,Main-Line Roadway,Yes - Working,No,2022,Winter,February,Daytime,3:00pm - 5:59pm,15,Property Damage Crash,No,No,No,No,No,No,No,No,No,No,Yes,No,No,Multiple Vehicle Crashes,Fairfax County,,Urban,38.9998,-77.33064,Non-Interstate,VA-193E,193.0,GEORGETOWN PIKE,0.78,Minor Arterial,Not at Intersection,,No,0,0,No,0,0,0,0,0,0,0,0,0,0,0,c2767756,0,0,1,Minor
1,2023-02-28,11:40:00,Tuesday,Deer,On Roadway,"Blacktop, Asphalt, Bituminous",No Defects,Daylight,Daylight,"Two-Way, Divided, Unprotected Median",Not Provided,No Adverse Condition (Clear/Cloud),Straight - Level,Not Provided,No,Not at Intersection,Not Provided,Traffic Lanes Marked,Dry,Intersection Area,Non-Intersection,Yes - Working,No,2023,Winter,February,Daytime,9:00am - 11:59am,11,Property Damage Crash,No,No,No,No,No,No,No,No,No,No,No,No,No,Single Vehicle Crashes,Culpeper County,,Rural,38.6741,-77.93906,Non-Interstate,US-211W,211.0,LEE HWY,49.81,Other Principal Arterial,At Intersection,PARKER PL,No,0,0,No,0,0,0,0,0,0,0,0,0,0,0,c2422928,0,0,1,Minor
2,2023-03-01,13:42:00,Wednesday,Sideswipe - Same Direction,On Roadway,"Blacktop, Asphalt, Bituminous",No Defects,Daylight,Daylight,"Two-Way, Divided, Unprotected Median",Not Provided,No Adverse Condition (Clear/Cloud),Straight - Level,Not Provided,No,Three Approaches,Not Provided,Traffic Lanes Marked,Dry,Intersection Area,Within Intersection,No Traffic Control Device Present,No,2023,Spring,March,Daytime,Noon - 2:59pm,13,Property Damage Crash,No,No,No,No,No,No,No,No,No,No,No,No,No,Multiple Vehicle Crashes,Wise County,Big Stone Gap,Urban,36.87064,-82.77762,Non-Interstate,BUS US-23N (4 CITY OF NORTON),23.0,5TH ST,1.79,Minor Arterial,At Intersection,2ND AVE,Yes,0,0,No,0,0,0,0,0,0,0,0,0,0,0,c5579828,0,0,1,Minor
2,2023-11-27,09:38:00,Monday,Angle,On Roadway,"Blacktop, Asphalt, Bituminous",No Defects,Daylight,Daylight,"Two-Way, Divided, Positive Median Barrier",Not Provided,No Adverse Condition (Clear/Cloud),Straight - Level,Not Provided,No,Not at Intersection,Not Provided,Traffic Lanes Marked,Dry,Interchange Area,Main-Line Roadway,Yes - Working,No,2023,Autumn,November,Daytime,9:00am - 11:59am,9,Injury Crash,No,Yes,No,No,No,No,No,No,No,No,No,No,No,Multiple Vehicle Crashes,Bristol City,,Urban,36.60388,-82.22547,Interstate,I-81S,81.0,I-81,1.52,Interstate,Not at Intersection,,Yes,0,1,No,0,0,0,0,0,0,0,0,0,0,2,c8871848,0,1,0,Severe
2,2022-04-14,14:30:00,Thursday,Angle,On Roadway,"Blacktop, Asphalt, Bituminous",No Defects,Daylight,Daylight,"Two-Way, Divided, Unprotected Median",Not Provided,No Adverse Condition (Clear/Cloud),Straight - Level,Not Provided,No,Three Approaches,Not Provided,Stop Sign,Dry,Interchange Area,Intersection at end of Ramp,Yes - Working,No,2022,Spring,April,Daytime,Noon - 2:59pm,14,Property Damage Crash,No,No,Yes,No,No,No,No,No,No,No,No,No,No,Multiple Vehicle Crashes,Augusta County,,Rural,38.02343,-79.14069,Non-Interstate,US-11S,11.0,LEE JACKSON HWY,227.63,Major Collector,At Intersection,I-81 RAMP,Yes,0,0,No,0,0,0,0,0,0,0,0,0,0,0,c7315601,0,0,1,Minor
2,2024-03-14,18:30:00,Thursday,Sideswipe - Same Direction,On Roadway,"Blacktop, Asphalt, Bituminous",No Defects,Dusk,Dusk,"Two-Way, Not Divided",Not Provided,No Adverse Condition (Clear/Cloud),Grade - Straight,Not Provided,No,Three Approaches,Not Provided,No Traffic Control,Dry,Intersection Area,Within Intersection,No Traffic Control Device Present,No,2024,Spring,March,Nighttime,6:00pm - 8:59pm,18,Property Damage Crash,No,No,No,No,No,No,No,No,No,Yes,No,No,No,Multiple Vehicle Crashes,Henrico County,,Urban,37.61404,-77.58234,,HEATHER SPRING DR (NP - HENRICO COUNTY),,HEATHER SPRING DR,0.19,,At Intersection,PINE SHADOW DR,Yes,0,0,No,0,0,0,0,0,0,0,0,0,0,0,c5011098,0,0,1,Minor
2,2024-11-01,21:30:00,Friday,Rear End,On Roadway,"Blacktop, Asphalt, Bituminous",No Defects,Darkness,Darkness - Road Lighted,"Two-Way, Divided, Positive Median Barrier",Not Provided,No Adverse Condition (Clear/Cloud),Straight - Level,Not Provided,No,Not at Intersection,Not Provided,Traffic Lanes Marked,Dry,Intersection Area,Non-Intersection,Yes - Working,No,2024,Autumn,November,Nighttime,9:00pm - 11:59pm,21,Property Damage Crash,No,No,No,No,No,No,No,No,No,No,Yes,No,No,Multiple Vehicle Crashes,Fairfax County,,Urban,38.93355,-77.20909,Interstate,I-495N,495.0,I-495,12.37,Interstate,Not at Intersection,,No,0,0,No,0,0,0,0,0,0,0,0,0,0,0,c5897413,0,0,1,Minor
2,2023-11-21,06:47:00,Tuesday,Sideswipe - Same Direction,On Roadway,"Blacktop, Asphalt, Bituminous",No Defects,Dawn,Dawn,"Two-Way, Not Divided",Not Provided,No Adverse Condition (Clear/Cloud),Straight - Level,Not Provided,No,Not at Intersection,Not Provided,Traffic Lanes Marked,Dry,Intersection Area,Non-Intersection,Yes - Working,No,2023,Autumn,November,Daytime,6:00am - 8:59am,6,Property Damage Crash,No,No,No,No,No,No,No,No,No,No,No,No,No,Multiple Vehicle Crashes,Newport News City,,Urban,37.12928,-76.53661,Non-Interstate,VA-173E,173.0,DENBIGH BLVD,1.85,Minor Arterial,At Intersection,WARWICK BLVD,No,0,0,No,0,0,0,0,0,0,0,0,0,0,0,c9385100,0,0,1,Minor
2,2022-04-16,15:39:00,Saturday,Rear End,On Roadway,"Blacktop, Asphalt, Bituminous",No Defects,Daylight,Daylight,"Two-Way, Not Divided",Not Provided,No Adverse Condition (Clear/Cloud),Straight - Level,Not Provided,No,Two Approaches,Not Provided,No Traffic Control,Dry,Intersection Area,Within Intersection,No Traffic Control Device Present,No,2022,Spring,April,Daytime,3:00pm - 5:59pm,15,Property Damage Crash,No,No,No,No,No,No,No,No,No,No,Yes,No,No,Multiple Vehicle Crashes,Norfolk City,,Urban,36.87333,-76.25299,Non-Interstate,UR-8573N (CITY OF NORFOLK),8573.0,BALLENTINE BLVD,1.43,Minor Arterial,At Intersection,HANBURY ST,No,0,0,No,0,0,0,0,0,0,0,0,0,0,0,c1340353,0,0,1,Minor
2,2023-08-19,18:35:00,Saturday,Rear End,On Roadway,"Blacktop, Asphalt, Bituminous",No Defects,Daylight,Daylight,"Two-Way, Divided, Positive Median Barrier",Not Provided,No Adverse Condition (Clear/Cloud),Straight - Level,Not Provided,No,Not at Intersection,Not Provided,Traffic Lanes Marked,Dry,Intersection Area,Non-Intersection,Yes - Working,No,2023,Summer,August,Nighttime,6:00pm - 8:59pm,18,Property Damage Crash,No,No,No,No,No,No,No,No,No,No,No,No,No,Multiple Vehicle Crashes,Fairfax County,,Urban,38.7218,-77.20793,Interstate,I-95S,95.0,I-95,165.68,Interstate,Not at Intersection,,No,0,0,No,0,0,0,0,0,0,0,0,0,0,0,c1215094,0,0,1,Minor
2,2024-03-21,14:06:00,Thursday,Angle,On Roadway,"Blacktop, Asphalt, Bituminous",No Defects,Daylight,Daylight,"Two-Way, Divided, Unprotected Median",Not Provided,No Adverse Condition (Clear/Cloud),Straight - Level,Not Provided,No,Four Approaches,Not Provided,Traffic Signal,Dry,Intersection Area,Within Intersection,Yes - Working,No,2024,Spring,March,Daytime,Noon - 2:59pm,14,Property Damage Crash,No,No,No,No,No,No,No,No,No,No,No,No,No,Multiple Vehicle Crashes,Winchester City,,Urban,39.19152,-78.19182,Non-Interstate,US-50E,50.0,AMHERST ST,14.63,Other Principal Arterial,At Intersection,MEADOW BRANCH AVE,Yes,0,0,No,0,0,0,0,0,0,0,0,0,0,0,c8561362,0,0,1,Minor
1,2024-07-02,08:31:00,Tuesday,Other Animal,On Roadway,"Blacktop, Asphalt, Bituminous",No Defects,Daylight,Daylight,"Two-Way, Not Divided",Not Provided,No Adverse Condition (Clear/Cloud),Straight - Level,Not Provided,No,Not at Intersection,Not Provided,Traffic Lanes Marked,Dry,Interchange Area,Main-Line Roadway,Yes - Working,No,2024,Summer,July,Daytime,6:00am - 8:59am,8,Injury Crash,No,No,No,No,No,No,No,No,No,No,No,No,No,Single Vehicle Crashes,Hampton City,,Urban,37.04672,-76.34308,Non-Interstate,OLD FOX HILL RD (NP - CITY OF HAMPTON),0.0,OLD FOX HILL RD,0.29,Local,Not at Intersection,,No,0,0,No,0,0,0,0,0,0,0,0,0,0,1,c7353128,0,0,1,Minor
2,2024-10-09,09:04:00,Wednesday,Rear End,On Roadway,"Blacktop, Asphalt, Bituminous",No Defects,Daylight,Daylight,"Two-Way, Divided, Positive Median Barrier",Not Provided,No Adverse Condition (Clear/Cloud),Straight - Level,Not Provided,No,Not at Intersection,Not Provided,Traffic Lanes Marked,Dry,Intersection Area,Non-Intersection,Yes - Working,No,2024,Autumn,October,Daytime,9:00am - 11:59am,9,Property Damage Crash,No,No,No,No,No,No,No,No,No,No,No,No,No,Multiple Vehicle Crashes,Fairfax County,,Urban,38.88028,-77.23765,Interstate,I-66E,66.0,I-66,63.88,Interstate,Not at Intersection,,No,0,0,No,0,0,0,0,0,0,0,0,0,0,0,c1995270,0,0,1,Minor
1,2022-05-05,06:58:00,Thursday,Deer,On Roadway,"Blacktop, Asphalt, Bituminous",No Defects,Daylight,Daylight,"Two-Way, Divided, Positive Median Barrier",Not Provided,No Adverse Condition (Clear/Cloud),Straight - Level,Not Provided,No,Not at Intersection,Not Provided,Traffic Lanes Marked,Dry,Intersection Area,Non-Intersection,Yes - Working,No,2022,Spring,May,Daytime,6:00am - 8:59am,6,Property Damage Crash,No,No,No,No,No,No,No,No,No,No,No,No,No,Single Vehicle Crashes,Pulaski County,,Rural,37.08049,-80.65983,Interstate,I-81N,81.0,I-81,100.57,Interstate,Not at Intersection,,No,0,0,No,0,0,0,0,0,0,0,0,0,0,0,c0121003,0,0,1,Minor
2,2024-05-02,17:12:00,Thursday,Rear End,On Roadway,"Blacktop, Asphalt, Bituminous",No Defects,Daylight,Daylight,"Two-Way, Divided, Positive Median Barrier",Not Provided,No Adverse Condition (Clear/Cloud),Straight - Level,Not Provided,No,Not at Intersection,Not Provided,Traffic Lanes Marked,Dry,Interchange Area,Main-Line Roadway,Yes - Working,No,2024,Spring,May,Daytime,3:00pm - 5:59pm,17,Injury Crash,No,Yes,No,No,No,No,No,No,No,No,No,No,No,Multiple Vehicle Crashes,Montgomery County,,Urban,37.23294,-80.19535,Non-Interstate,US-11N,11.0,ROANOKE RD,133.9,Minor Arterial,Not at Intersection,,No,0,0,No,0,0,0,0,0,0,0,0,0,0,2,c4468711,0,1,0,Severe
2,2023-04-07,13:22:00,Friday,Rear End,On Roadway,"Blacktop, Asphalt, Bituminous",No Defects,Daylight,Daylight,"Two-Way, Not Divided",Not Provided,Rain,Grade - Straight,Not Provided,No,Three Approaches,Not Provided,Traffic Signal,Wet,Intersection Area,Intersection Related - Within 150 Feet,Yes - Working,No,2023,Spring,April,Daytime,Noon - 2:59pm,13,Injury Crash,No,No,No,No,No,No,No,No,No,No,No,No,No,Multiple Vehicle Crashes,Staunton City,,Urban,38.14273,-79.07146,Non-Interstate,UR-4900E (CITY OF STAUNTON),,HAMPTON ST,0.26,Minor Arterial,At Intersection,GREENVILLE AVE,Yes,0,1,No,0,0,0,0,0,0,0,0,0,0,1,c1614616,0,0,1,Minor
3,2022-04-15,16:00:00,Friday,Sideswipe - Same Direction,On Roadway,"Blacktop, Asphalt, Bituminous",No Defects,Daylight,Daylight,"Two-Way, Divided, Unprotected Median",Not Provided,No Adverse Condition (Clear/Cloud),Straight - Level,Not Provided,No,Four Approaches,Not Provided,Traffic Signal,Dry,Intersection Area,Intersection Related - Within 150 Feet,Yes - Working,No,2022,Spring,April,Daytime,3:00pm - 5:59pm,16,Property Damage Crash,No,No,No,No,No,No,No,No,No,No,Yes,No,No,Multiple Vehicle Crashes,Newport News City,,Urban,37.04993,-76.46044,Non-Interstate,US-17S,17.0,JEFFERSON AVE,53.57,Other Principal Arterial,Not at Intersection,,No,0,0,No,0,0,0,0,0,0,0,0,0,0,0,c9734295,0,0,1,Minor
2,2023-08-03,17:19:00,Thursday,Rear End,On Roadway,"Blacktop, Asphalt, Bituminous",No Defects,Daylight,Daylight,"Two-Way, Divided, Unprotected Median",Not Provided,Rain,Straight - Level,Not Provided,No,Three Approaches,Not Provided,Traffic Signal,Wet,Intersection Area,Within Intersection,Yes - Working,No,2023,Summer,August,Daytime,3:00pm - 5:59pm,17,Property Damage Crash,No,No,No,No,No,No,No,No,No,No,No,No,No,Multiple Vehicle Crashes,Orange County,,Urban,38.37217,-77.77062,Non-Interstate,VA-3W,3.0,GERMANNA HWY,15.25,Other Principal Arterial,At Intersection,SOMERSET RIDGE RD,No,0,0,No,0,0,0,0,0,0,0,0,0,0,0,c9098765,0,0,1,Minor
2,2024-05-24,20:29:00,Friday,Rear End,On Roadway,"Blacktop, Asphalt, Bituminous",No Defects,Darkness,Darkness - Road Lighted,"Two-Way, Divided, Positive Median Barrier",Not Provided,No Adverse Condition (Clear/Cloud),Straight - Level,Not Provided,No,Not at Intersection,Not Provided,Traffic Lanes Marked,Dry,Intersection Area,Non-Intersection,Yes - Working,No,2024,Spring,May,Nighttime,6:00pm - 8:59pm,20,Injury Crash,No,No,No,No,No,No,No,No,No,No,No,No,No,Multiple Vehicle Crashes,Va. Beach City,,Urban,36.7967,-76.08789,Non-Interstate,UR-8717E (CITY OF VIRGINIA BEACH),8717.0,LYNNHAVEN PKWY,6.8,Minor Arterial,At Intersection,CRIMSON HOLLY LN,No,0,0,No,0,0,0,0,0,0,0,0,0,0,2,c5985404,0,1,0,Severe
3,2022-12-13,16:32:00,Tuesday,Rear End,On Roadway,"Blacktop, Asphalt, Bituminous",No Defects,Dusk,Dusk,"Two-Way, Divided, Positive Median Barrier",Not Provided,No Adverse Condition (Clear/Cloud),Straight - Level,Not Provided,No,Not at Intersection,Not Provided,Traffic Lanes Marked,Dry,Intersection Area,Non-Intersection,Yes - Working,No,2022,Winter,December,Daytime,3:00pm - 5:59pm,16,Injury Crash,No,Yes,No,No,No,No,No,No,No,No,No,No,No,Multiple Vehicle Crashes,Fairfax County,,Urban,38.67854,-77.23374,Interstate,I-95S,95.0,I-95,162.16,Interstate,Not at Intersection,,Yes,0,0,No,0,0,0,0,0,0,0,0,0,0,1,c4179610,0,0,1,Minor
2,2023-05-02,17:10:00,Tuesday,Angle,On Roadway,"Blacktop, Asphalt, Bituminous",No Defects,Daylight,Daylight,"Two-Way, Not Divided",Not Provided,No Adverse Condition (Clear/Cloud),Straight - Level,Not Provided,No,Three Approaches,Not Provided,Stop Sign,Dry,Intersection Area,Within Intersection,Yes - Working,No,2023,Spring,May,Daytime,3:00pm - 5:59pm,17,Property Damage Crash,No,No,No,No,No,No,No,No,No,Yes,No,No,No,Multiple Vehicle Crashes,Shenandoah County,Strasburg,Urban,38.99155,-78.35748,Non-Interstate,US-11N,11.0,MASSANUTTEN ST,311.91,Minor Arterial,At Intersection,JOHN MARSHALL HWY,No,0,0,No,0,0,0,0,0,0,0,0,0,0,0,c5754373,0,0,1,Minor