NumberOfVehicles,CrashDate,CrashTime,DayOfWeek,TypeOfCollision,LocationOfFirstHarmfulEvent,RoadwaySurfaceType,RoadwayDefect,LightCondition_Category,LightCondition_Value,RoadwayDescription,WorkZoneLocation,WeatherCondition,RoadwayAlignment,WorkZoneWorkersPresent,SchoolZone,IntersectionType,WorkZoneType,TrafficControlType,RoadwaySurfaceCondition,RelationToRoadway_Category,RelationToRoadway_Value,TrafficControlMechanicalDevice,WorkZoneRelated,Year,Meteorological Season,MonthName,DaytimeNighttime_NHTSA,ThreeHourLabel,Hour,CrashType,AlcoholInvolved,SpeedRelated,CommercialMotorVehiclesInvolved,PedestrianInvolved,BicycleInvolved,MotorcycleInvolved,MopedInvolved,TrainRelated,SchoolZoneInvolved,TeenDriverInvolved,DistractedDriverInvolved,DriverTextingInvolved,DriverUsingCellPhone,Single_Multi_Vehicle,Jurisdiction,TownName,LocationTypeName,Latitude,Longitude,Interstate_NonInterstate,RoadName,RouteNumber,RouteName,MileMarker,FunctionalClassCode,AtIntersection,SecondaryLocation,MatureDriverInvolved,MatureDriverFatalities,MatureDriverInjuries,LargeTruckInvolved,PedestrianFatalities,PedestrianInjuries,MotorcycleFatalities,MotorcycleInjuries,BicycleFatalities,BicycleInjuries,DistractedDriverFatalities,DistractedDriverInjuries,UnrestrainedInjuries,Number_Of_Fatalities,Number_Of_Injuries,Crash_UID,Is_Fatal,Is_Severe,Is_Minor,SeverityLabel
2,2023-03-03,17:15:00,Friday,Rear End,On Roadway,"Blacktop, Asphalt, Bituminous",No Defects,Daylight,Daylight,"Two-Way, Divided, Positive Median Barrier",Not Provided,No Adverse Condition (Clear/Cloud),Straight - Level,Not Provided,No,Not at Intersection,Not Provided,Traffic Lanes Marked,Wet,Intersection Area,Non-Intersection,Yes - Working,No,2023,Spring,March,Daytime,3:00pm - 5:59pm,17,Property Damage Crash,No,Yes,No,No,No,No,No,No,No,No,No,No,No,Multiple Vehicle Crashes,Gloucester County,,Urban,37.25001,-76.50123,Non-Interstate,US-17N,17.0,GEORGE WASHINGTON MEMORIAL HWY,69.38,Other Principal Arterial,Not at Intersection,,No,0,0,No,0,0,0,0,0,0,0,0,0,0,0,c4714961,0,0,1,Minor
2,2022-08-06,13:32:00,Saturday,Angle,On Roadway,"Blacktop, Asphalt, Bituminous",No Defects,Daylight,Daylight,"Two-Way, Divided, Positive Median Barrier",Not Provided,No Adverse Condition (Clear/Cloud),Straight - Level,Not Provided,No,Four Approaches,Not Provided,Traffic Lanes Marked,Dry,Interchange Area,Intersection at end of Ramp,Yes - Working,No,2022,Summer,August,Daytime,Noon - 2:59pm,13,Property Damage Crash,No,Yes,No,No,No,No,No,No,No,No,No,No,No,Multiple Vehicle Crashes,Fairfax County,,Urban,38.81122,-77.23151,Non-Interstate,SC-620W (FAIRFAX COUNTY),620.0,BRADDOCK RD,16.77,Minor Arterial,At Intersection,GLEN PARK RD,No,0,0,No,0,0,0,0,0,0,0,0,0,0,0,c9603283,0,0,1,Minor
3,2023-07-20,07:28:00,Thursday,Rear End,On Roadway,"Blacktop, Asphalt, Bituminous",No Defects,Daylight,Daylight,"Two-Way, Divided, Positive Median Barrier",Not Provided,No Adverse Condition (Clear/Cloud),Straight - Level,Not Provided,No,Not at Intersection,Not Provided,Traffic Lanes Marked,Dry,Intersection Area,Non-Intersection,Yes - Working,No,2023,Summer,July,Daytime,6:00am - 8:59am,7,Injury Crash,No,Yes,No,No,No,No,No,No,No,No,No,No,No,Multiple Vehicle Crashes,Chesterfield County,,Urban,37.42503,-77.4289,Interstate,I-95N,95.0,I-95,66.65,Interstate,Not at Intersection,,No,0,0,No,0,0,0,0,0,0,0,0,0,0,2,c3985343,0,1,0,Severe
2,2024-03-23,16:04:00,Saturday,Rear End,On Roadway,Concrete,No Defects,Daylight,Daylight,"Two-Way, Divided, Positive Median Barrier",Not Provided,No Adverse Condition (Clear/Cloud),Straight - Level,Not Provided,No,Not at Intersection,Not Provided,Traffic Signal,Dry,Intersection Area,Non-Intersection,Yes - Working,No,2024,Spring,March,Daytime,3:00pm - 5:59pm,16,Property Damage Crash,No,No,No,No,No,No,No,No,No,Yes,Yes,No,No,Multiple Vehicle Crashes,Chesterfield County,,Urban,37.44941,-77.58462,Non-Interstate,SC-653S (CHESTERFIELD COUNTY),653.0,COURTHOUSE RD,12.02,Other Principal Arterial,Not at Intersection,,No,0,0,No,0,0,0,0,0,0,0,0,0,0,0,c7713656,0,0,1,Minor
2,2023-12-09,19:02:00,Saturday,Angle,On Roadway,"Blacktop, Asphalt, Bituminous",No Defects,Darkness,Darkness - Road Not Lighted,"Two-Way, Divided, Unprotected Median",Not Provided,No Adverse Condition (Clear/Cloud),Straight - Level,Not Provided,No,Three Approaches,Not Provided,Yield Sign,Dry,Other Location,Crossover Related,Yes - Working,No,2023,Winter,December,Nighttime,6:00pm - 8:59pm,19,Property Damage Crash,No,No,No,No,No,No,No,No,No,No,No,No,No,Multiple Vehicle Crashes,Greene County,,Rural,38.30081,-78.46371,Non-Interstate,US-33E,33.0,SPOTSWOOD TRL,52.59,Other Principal Arterial,At Intersection,DYKE RD,No,0,0,No,0,0,0,0,0,0,0,0,0,0,0,c6552356,0,0,1,Minor
3,2023-04-11,15:17:00,Tuesday,Angle,On Roadway,"Blacktop, Asphalt, Bituminous",No Defects,Daylight,Daylight,"Two-Way, Divided, Unprotected Median",Not Provided,No Adverse Condition (Clear/Cloud),Straight - Level,Not Provided,No,Three Approaches,Not Provided,Traffic Signal,Dry,Intersection Area,Within Intersection,Yes - Working,No,2023,Spring,April,Daytime,3:00pm - 5:59pm,15,Injury Crash,No,No,No,No,No,No,No,No,No,Yes,No,No,No,Multiple Vehicle Crashes,Chesterfield County,,Urban,37.49034,-77.59653,Non-Interstate,SC-653N (CHESTERFIELD COUNTY),653.0,COURTHOUSE RD,15.18,Other Principal Arterial,At Intersection,REAMS RD,No,0,0,No,0,0,0,0,0,0,0,0,0,0,1,c8520418,0,0,1,Minor
2,2023-06-08,14:16:00,Thursday,Angle,On Roadway,"Blacktop, Asphalt, Bituminous",No Defects,Daylight,Daylight,"Two-Way, Divided, Unprotected Median",Termination Area,No Adverse Condition (Clear/Cloud),Straight - Level,With No Law Enforcement,No,Four Approaches,Lane Closure,Traffic Signal,Dry,Intersection Area,Within Intersection,Yes - Working,Yes,2023,Summer,June,Daytime,Noon - 2:59pm,14,Injury Crash,No,No,No,No,No,No,No,No,No,No,No,No,No,Multiple Vehicle Crashes,Fairfax County,,Urban,38.95007,-77.33584,Non-Interstate,SC-675W (FAIRFAX COUNTY),675.0,SUNSET HILLS RD,2.06,Minor Arterial,At Intersection,WIEHLE AVE,No,0,0,No,0,0,0,0,0,0,0,0,0,0,2,c3512861,0,1,0,Severe
2,2024-11-08,12:06:00,Friday,Rear End,On Roadway,"Blacktop, Asphalt, Bituminous",No Defects,Daylight,Daylight,"Two-Way, Not Divided",Not Provided,No Adverse Condition (Clear/Cloud),Straight - Level,Not Provided,No,Not at Intersection,Not Provided,Traffic Lanes Marked,Dry,Intersection Area,Non-Intersection,Yes - Working,No,2024,Autumn,November,Daytime,Noon - 2:59pm,12,Injury Crash,No,No,No,No,No,No,No,No,No,No,No,No,No,Multiple Vehicle Crashes,Winchester City,,Urban,39.16251,-78.18406,Non-Interstate,US-11N,11.0,VALLEY AVE,328.21,Other Principal Arterial,At Intersection,WEEMS LN,Yes,0,1,No,0,0,0,0,0,0,0,0,0,0,2,c9528819,0,1,0,Severe
2,2024-03-27,12:53:00,Wednesday,Angle,On Roadway,"Blacktop, Asphalt, Bituminous",No Defects,Daylight,Daylight,"Two-Way, Not Divided",Not Provided,Rain,Grade - Straight,Not Provided,No,Three Approaches,Not Provided,Stop Sign,Wet,Intersection Area,Within Intersection,Yes - Working,No,2024,Spring,March,Daytime,Noon - 2:59pm,12,Property Damage Crash,No,No,No,No,No,No,No,No,No,No,No,No,No,Multiple Vehicle Crashes,Arlington County,,Urban,38.89251,-77.08185,Non-Interstate,CR-6608E (ARLINGTON COUNTY),6608.0,WILSON BLVD,3.85,Other Principal Arterial,At Intersection,TROY ST,No,0,0,No,0,0,0,0,0,0,0,0,0,0,0,c8567891,0,0,1,Minor
2,2023-01-07,21:00:00,Saturday,Angle,On Roadway,"Blacktop, Asphalt, Bituminous",No Defects,Darkness,Darkness - Road Lighted,"Two-Way, Divided, Unprotected Median",Not Provided,No Adverse Condition (Clear/Cloud),Straight - Level,Not Provided,No,Four Approaches,Not Provided,Stop Sign,Dry,Intersection Area,Within Intersection,Yes - Working,No,2023,Winter,January,Nighttime,9:00pm - 11:59pm,21,Property Damage Crash,No,No,No,No,No,No,No,No,No,No,No,No,No,Multiple Vehicle Crashes,Prince William County,,Urban,38.58466,-77.31102,Non-Interstate,SC-635E (PRINCE WILLIAM COUNTY),635.0,ALLEN DENT RD,0.0,Local,At Intersection,JOHN PARY WAY,Yes,0,0,No,0,0,0,0,0,0,0,0,0,0,0,c9566378,0,0,1,Minor
2,2023-07-17,14:02:00,Monday,Sideswipe - Same Direction,On Roadway,"Blacktop, Asphalt, Bituminous",No Defects,Daylight,Daylight,"Two-Way, Divided, Positive Median Barrier",Not Provided,No Adverse Condition (Clear/Cloud),Straight - Level,Not Provided,No,Not at Intersection,Not Provided,Traffic Lanes Marked,Dry,Interchange Area,Main-Line Roadway,Yes - Working,No,2023,Summer,July,Daytime,Noon - 2:59pm,14,Property Damage Crash,No,No,No,No,No,No,No,No,No,No,Yes,No,No,Multiple Vehicle Crashes,Danville City,,Urban,36.59177,-79.41697,Non-Interstate,BUS US-58W (14 CITY OF DANVILLE),58.0,RIVERSIDE DR,7.76,Other Principal Arterial,Not at Intersection,,Yes,0,0,No,0,0,0,0,0,0,0,0,0,0,0,c3058226,0,0,1,Minor
2,2024-09-19,05:56:00,Thursday,Sideswipe - Same Direction,On Roadway,"Blacktop, Asphalt, Bituminous",No Defects,Daylight,Daylight,"Two-Way, Divided, Positive Median Barrier",Not Provided,No Adverse Condition (Clear/Cloud),Straight - Level,Not Provided,No,Not at Intersection,Not Provided,Traffic Lanes Marked,Dry,Intersection Area,Non-Intersection,Yes - Working,No,2024,Autumn,September,Nighttime,3:00am - 5:59am,5,Property Damage Crash,No,No,No,No,No,No,No,No,No,No,No,No,No,Multiple Vehicle Crashes,Fairfax County,,Urban,38.86797,-77.3116,Interstate,I-66E,66.0,I-66,59.78,Interstate,Not at Intersection,,No,0,0,No,0,0,0,0,0,0,0,0,0,0,0,c9888369,0,0,1,Minor
1,2023-04-30,05:30:00,Sunday,Fixed Object - Off Road,Roadside,"Blacktop, Asphalt, Bituminous",No Defects,Darkness,Darkness - Road Not Lighted,"Two-Way, Not Divided",Not Provided,Rain,Curve - Level,Not Provided,No,Not at Intersection,Not Provided,No Passing Lines,Wet,Intersection Area,Non-Intersection,Yes - Working,No,2023,Spring,April,Nighttime,3:00am - 5:59am,5,Property Damage Crash,No,No,No,No,No,No,No,No,No,No,No,No,No,Single Vehicle Crashes,Washington County,,Rural,36.62119,-82.01078,Non-Interstate,VA-75N,75.0,GREEN SPRING RD,2.77,Major Collector,Not at Intersection,,No,0,0,No,0,0,0,0,0,0,0,0,0,0,0,c0943282,0,0,1,Minor
1,2022-03-16,01:00:00,Wednesday,Fixed Object in Road,On Roadway,"Blacktop, Asphalt, Bituminous",No Defects,Darkness,Darkness - Road Lighted,"Two-Way, Divided, Positive Median Barrier",Not Provided,No Adverse Condition (Clear/Cloud),Straight - Level,Not Provided,No,Three Approaches,Not Provided,Traffic Lanes Marked,Dry,Interchange Area,Main-Line Roadway,Yes - Working,No,2022,Spring,March,Nighttime,Midnight - 2:59am,1,Property Damage Crash,Yes,No,No,No,No,No,No,No,No,No,Yes,No,No,Single Vehicle Crashes,Arlington County,,Urban,38.89483,-77.09143,Non-Interstate,US-29N,29.0,LEE HWY,247.93,Other Principal Arterial,At Intersection,CLEVELAND ST,No,0,0,No,0,0,0,0,0,0,0,0,0,0,0,c1204038,0,0,1,Minor
2,2023-06-10,01:10:00,Saturday,Rear End,On Roadway,Concrete,No Defects,Darkness,Darkness - Road Lighted,"Two-Way, Divided, Positive Median Barrier",Not Provided,No Adverse Condition (Clear/Cloud),Straight - Level,Not Provided,No,Not at Intersection,Not Provided,Traffic Lanes Marked,Dry,Intersection Area,Non-Intersection,Yes - Working,No,2023,Summer,June,Nighttime,Midnight - 2:59am,1,Injury Crash,Yes,Yes,No,No,No,No,No,No,No,No,No,No,No,Multiple Vehicle Crashes,Hampton City,,Urban,37.04785,-76.40263,Interstate,I-64W,64.0,I-64,263.14,Interstate,Not at Intersection,,No,0,0,No,0,0,0,0,0,0,0,0,2,0,2,c6612549,0,1,0,Severe
2,2023-10-15,12:26:00,Sunday,Rear End,On Roadway,"Blacktop, Asphalt, Bituminous",No Defects,Daylight,Daylight,"Two-Way, Divided, Unprotected Median",Not Provided,No Adverse Condition (Clear/Cloud),Straight - Level,Not Provided,No,Not at Intersection,Not Provided,Traffic Lanes Marked,Wet,Interchange Area,Main-Line Roadway,No Traffic Control Device Present,No,2023,Autumn,October,Daytime,Noon - 2:59pm,12,Property Damage Crash,No,No,No,No,No,No,No,No,No,No,No,No,No,Multiple Vehicle Crashes,Tazewell County,Richlands,Urban,37.09495,-81.80137,Non-Interstate,ALLEGHENY ST (NP - TOWN OF RICHLANDS),,ALLEGHENY ST,0.05,Local,Not at Intersection,,No,0,0,No,0,0,0,0,0,0,0,0,0,0,0,c9576290,0,0,1,Minor
2,2024-04-11,04:40:00,Thursday,Angle,Roadside,"Blacktop, Asphalt, Bituminous",No Defects,Darkness,Darkness - Road Not Lighted,"Two-Way, Not Divided",Not Provided,No Adverse Condition (Clear/Cloud),Grade - Curve,Not Provided,No,Three Approaches,Not Provided,Traffic Lanes Marked,Dry,Intersection Area,Intersection Related - Within 150 Feet,Yes - Working,No,2024,Spring,April,Nighttime,3:00am - 5:59am,4,Property Damage Crash,No,No,No,No,No,No,No,No,No,No,Yes,No,No,Multiple Vehicle Crashes,Waynesboro City,,Urban,38.06832,-78.89479,Non-Interstate,11TH ST W (NP - CITY OF WAYNESBORO),,11TH ST,0.52,Local,At Intersection,PINE AVE,Yes,0,0,No,0,0,0,0,0,0,0,0,0,0,0,c7205206,0,0,1,Minor
4,2024-08-10,09:32:00,Saturday,Rear End,On Roadway,"Blacktop, Asphalt, Bituminous",No Defects,Daylight,Daylight,"Two-Way, Divided, Positive Median Barrier",Activity Area,No Adverse Condition (Clear/Cloud),Straight - Level,No Workers Present,No,Not at Intersection,Work on Shoulder or Median,Traffic Lanes Marked,Dry,Intersection Area,Non-Intersection,Yes - Working,Yes,2024,Summer,August,Daytime,9:00am - 11:59am,9,Property Damage Crash,No,Yes,No,No,No,No,No,No,No,Yes,No,No,No,Multiple Vehicle Crashes,New Kent County,,Rural,37.49768,-77.03786,Interstate,I-64W,64.0,I-64,214.07,Interstate,Not at Intersection,,No,0,0,No,0,0,0,0,0,0,0,0,0,0,0,c1155588,0,0,1,Minor
2,2022-10-05,14:27:00,Wednesday,Angle,On Roadway,"Blacktop, Asphalt, Bituminous",No Defects,Daylight,Daylight,"Two-Way, Divided, Positive Median Barrier",Not Provided,No Adverse Condition (Clear/Cloud),Curve - Level,Not Provided,No,Roundabout,Not Provided,Traffic Lanes Marked,Dry,Intersection Area,Within Intersection,Yes - Working,No,2022,Autumn,October,Daytime,Noon - 2:59pm,14,Property Damage Crash,No,No,No,No,No,No,No,No,No,Yes,No,No,No,Multiple Vehicle Crashes,Chesterfield County,,Rural,37.51421,-77.69679,Non-Interstate,SC-7225S (CHESTERFIELD COUNTY),7225.0,WATKINS CENTRE PKWY,0.16,Major Collector,At Intersection,CITY VIEW DR,Yes,0,0,No,0,0,0,0,0,0,0,0,0,0,0,c9123288,0,0,1,Minor
2,2023-02-05,17:00:00,Sunday,Angle,On Roadway,"Blacktop, Asphalt, Bituminous",No Defects,Daylight,Daylight,"Two-Way, Not Divided",Not Provided,No Adverse Condition (Clear/Cloud),Grade - Straight,Not Provided,No,Not at Intersection,Not Provided,No Traffic Control,Dry,Interchange Area,Main-Line Roadway,No Traffic Control Device Present,No,2023,Winter,February,Daytime,3:00pm - 5:59pm,17,Property Damage Crash,No,No,No,No,No,No,No,No,No,No,No,No,No,Multiple Vehicle Crashes,Colonial Heights City,,Urban,37.26602,-77.40042,Non-Interstate,UR-9032W (CITY OF COLONIAL HEIGHTS),,ELLERSLIE AVE,0.72,Minor Arterial,At Intersection,DUNLOP FARMS BLVD,No,0,0,No,0,0,0,0,0,0,0,0,0,0,0,c6133973,0,0,1,Minor
2,2022-02-01,07:37:00,Tuesday,Angle,On Roadway,"Blacktop, Asphalt, Bituminous",No Defects,Daylight,Daylight,"Two-Way, Divided, Unprotected Median",Not Provided,No Adverse Condition (Clear/Cloud),Straight - Level,Not Provided,No,Four Approaches,Not Provided,Stop Sign,Dry,Intersection Area,Within Intersection,Yes - Working,No,2022,Winter,February,Daytime,6:00am - 8:59am,7,Property Damage Crash,No,No,No,No,No,No,No,No,No,No,No,No,No,Multiple Vehicle Crashes,Henrico County,,Urban,37.60537,-77.45334,,WILMER AVE (PR - HENRICO COUNTY),,WILMER AVE,1.54,,At Intersection,SEMINARY AVE,No,0,0,No,0,0,0,0,0,0,0,0,0,0,0,c5236149,0,0,1,Minor
2,2024-04-08,14:26:00,Monday,Rear End,On Roadway,"Blacktop, Asphalt, Bituminous",No Defects,Daylight,Daylight,"Two-Way, Divided, Positive Median Barrier",Not Provided,No Adverse Condition (Clear/Cloud),Straight - Level,Not Provided,No,Not at Intersection,Not Provided,Traffic Lanes Marked,Dry,Interchange Area,Main-Line Roadway,Yes - Working,No,2024,Spring,April,Daytime,Noon - 2:59pm,14,Property Damage Crash,No,No,No,No,No,No,No,No,No,No,No,No,No,Multiple Vehicle Crashes,Loudoun County,,Urban,39.00531,-77.47412,Non-Interstate,SC-1950S (LOUDOUN COUNTY),1950.0,LOUDOUN COUNTY PKWY,0.25,Minor Arterial,Not at Intersection,,No,0,0,No,0,0,0,0,0,0,0,0,0,0,0,c5029711,0,0,1,Minor
2,2022-10-10,07:20:00,Monday,Rear End,In Parking Lane or Zone,"Blacktop, Asphalt, Bituminous",No Defects,Daylight,Daylight,"Two-Way, Not Divided",Not Provided,No Adverse Condition (Clear/Cloud),Straight - Level,Not Provided,No,Not at Intersection,Not Provided,No Traffic Control,Dry,Intersection Area,Non-Intersection,No Traffic Control Device Present,No,2022,Autumn,October,Daytime,6:00am - 8:59am,7,Injury Crash,No,No,No,No,No,No,No,No,No,No,No,No,No,Multiple Vehicle Crashes,Manassas Park City,,Urban,38.77981,-77.4621,Non-Interstate,VA-213W,213.0,MANASSAS DR,1.01,Major Collector,Not at Intersection,,No,0,0,No,0,0,0,0,0,0,0,0,0,0,1,c5395804,0,0,1,Minor
2,2023-02-15,16:31:00,Wednesday,Rear End,On Roadway,Concrete,No Defects,Daylight,Daylight,"Two-Way, Divided, Positive Median Barrier",Not Provided,No Adverse Condition (Clear/Cloud),Straight - Level,Not Provided,No,Not at Intersection,Not Provided,Traffic Lanes Marked,Dry,Intersection Area,Non-Intersection,Yes - Working,No,2023,Winter,February,Daytime,3:00pm - 5:59pm,16,Property Damage Crash,No,Yes,No,No,No,No,No,No,No,No,No,No,No,Multiple Vehicle Crashes,Prince William County,,Urban,38.67178,-77.24814,Interstate,I-95S,95.0,I-95,161.26,Interstate,Not at Intersection,,No,0,0,No,0,0,0,0,0,0,0,0,0,0,0,c7366055,0,0,1,Minor
1,2024-09-16,18:40:00,Monday,Deer,On Roadway,"Blacktop, Asphalt, Bituminous",No Defects,Daylight,Daylight,"Two-Way, Not Divided",Not Provided,No Adverse Condition (Clear/Cloud),Straight - Level,Not Provided,No,Not at Intersection,Not Provided,No Passing Lines,Dry,Intersection Area,Non-Intersection,Yes - Working,No,2024,Autumn,September,Nighttime,6:00pm - 8:59pm,18,Property Damage Crash,No,No,No,No,No,No,No,No,No,No,No,No,No,Single Vehicle Crashes,Buchanan County,,Rural,37.21176,-82.11479,Non-Interstate,VA-83W,83.0,LOVERS GAP RD,39.79,Minor Arterial,Not at Intersection,,No,0,0,No,0,0,0,0,0,0,0,0,0,0,0,c1505533,0,0,1,Minor
1,2024-07-16,09:23:00,Tuesday,Fixed Object - Off Road,Shoulder,Concrete,No Defects,Daylight,Daylight,"One-Way, Not Divided",Not Provided,No Adverse Condition (Clear/Cloud),Grade - Curve,Not Provided,No,Not at Intersection,Not Provided,Traffic Lanes Marked,Dry,Interchange Area,On Entrance/Exit Ramp,Yes - Working,No,2024,Summer,July,Daytime,9:00am - 11:59am,9,Property Damage Crash,No,Yes,No,No,No,No,No,No,No,No,No,No,No,Single Vehicle Crashes,York County,,Rural,37.21297,-76.58611,Interstate,VA-143U RAMP 27A,143.0,I-64 RAMP,0.04,Interstate,At Intersection,,No,0,0,No,0,0,0,0,0,0,0,0,0,0,0,c0574153,0,0,1,Minor
3,2024-07-02,19:30:00,Tuesday,Rear End,On Roadway,"Blacktop, Asphalt, Bituminous",No Defects,Daylight,Daylight,"Two-Way, Not Divided",Not Provided,No Adverse Condition (Clear/Cloud),Straight - Level,Not Provided,No,Three Approaches,Not Provided,Traffic Signal,Dry,Interchange Area,Main-Line Roadway,Yes - Working,No,2024,Summer,July,Nighttime,6:00pm - 8:59pm,19,Property Damage Crash,No,No,No,No,No,No,No,No,No,No,Yes,No,No,Multiple Vehicle Crashes,Fairfax County,,Urban,38.72721,-77.11211,Non-Interstate,SC-3191S (FAIRFAX COUNTY),3191.0,FRYE RD,0.01,Major Collector,At Intersection,RICHMOND HWAY,No,0,0,No,0,0,0,0,0,0,0,0,0,0,0,c0333399,0,0,1,Minor
2,2022-01-21,18:11:00,Friday,Rear End,On Roadway,"Blacktop, Asphalt, Bituminous",No Defects,Darkness,Darkness - Road Lighted,"Two-Way, Divided, Positive Median Barrier",Not Provided,No Adverse Condition (Clear/Cloud),Straight - Level,Not Provided,No,Not at Intersection,Not Provided,Traffic Lanes Marked,Dry,Intersection Area,Non-Intersection,No Traffic Control Device Present,No,2022,Winter,January,Nighttime,6:00pm - 8:59pm,18,Property Damage Crash,No,No,No,No,No,No,No,No,No,No,Yes,No,No,Multiple Vehicle Crashes,Loudoun County,,Urban,39.01846,-77.43216,Non-Interstate,VA-28S,28.0,SULLY RD,43.23,Other Freeways and Expressways,Not at Intersection,,No,0,0,No,0,0,0,0,0,0,0,0,0,0,0,c3653606,0,0,1,Minor
2,2024-11-09,09:34:00,Saturday,Angle,On Roadway,"Blacktop, Asphalt, Bituminous",No Defects,Daylight,Daylight,"Two-Way, Not Divided",Not Provided,No Adverse Condition (Clear/Cloud),Straight - Level,Not Provided,No,Four Approaches,Not Provided,Stop Sign,Dry,Intersection Area,Within Intersection,Yes - Working,No,2024,Autumn,November,Daytime,9:00am - 11:59am,9,Property Damage Crash,No,No,No,No,No,No,No,No,No,No,No,No,No,Multiple Vehicle Crashes,Va. Beach City,,Urban,36.84244,-76.01945,Non-Interstate,BUS US-58E (7 CITY OF VIRGINIA BEACH),58.0,VIRGINIA BEACH BLVD,1.49,Minor Arterial,At Intersection,LOUISA AVE,No,0,0,No,0,0,0,0,0,0,0,0,0,0,0,c1077354,0,0,1,Minor
2,2022-01-16,11:43:00,Sunday,Other,On Roadway,"Blacktop, Asphalt, Bituminous",No Defects,Daylight,Daylight,"Two-Way, Not Divided",Not Provided,No Adverse Condition (Clear/Cloud),Straight - Level,Not Provided,No,Four Approaches,Not Provided,Traffic Signal,Dry,Intersection Area,Intersection Related - Within 150 Feet,Yes - Working,No,2022,Winter,January,Daytime,9:00am - 11:59am,11,Property Damage Crash,No,No,No,No,No,No,No,No,No,No,Yes,No,No,Multiple Vehicle Crashes,Fairfax County,Vienna,Urban,38.91029,-77.25391,Non-Interstate,VA-123S,123.0,MAPLE AVE,20.87,Other Principal Arterial,At Intersection,FOLLIN LN,No,0,0,No,0,0,0,0,0,0,0,0,0,0,0,c6419426,0,0,1,Minor
2,2023-12-21,10:09:00,Thursday,Angle,On Roadway,"Blacktop, Asphalt, Bituminous",No Defects,Daylight,Daylight,"Two-Way, Not Divided",Not Provided,No Adverse Condition (Clear/Cloud),Straight - Level,Not Provided,No,Three Approaches,Not Provided,Traffic Lanes Marked,Dry,Intersection Area,Within Intersection,Yes - Working,No,2023,Winter,December,Daytime,9:00am - 11:59am,10,Property Damage Crash,No,No,No,No,No,No,No,No,No,Yes,No,No,No,Multiple Vehicle Crashes,Roanoke County,,Urban,37.2276,-79.99934,Non-Interstate,SC-720S (ROANOKE COUNTY),720.0,COLONIAL AVE,0.55,Minor Arterial,At Intersection,MANASSAS DR,No,0,0,No,0,0,0,0,0,0,0,0,0,0,0,c3077682,0,0,1,Minor
1,2024-12-26,07:20:00,Thursday,Deer,On Roadway,"Blacktop, Asphalt, Bituminous",No Defects,Daylight,Daylight,"Two-Way, Not Divided",Not Provided,No Adverse Condition (Clear/Cloud),Straight - Level,Not Provided,No,Not at Intersection,Not Provided,Traffic Lanes Marked,Dry,Intersection Area,Non-Intersection,Yes - Working,No,2024,Winter,December,Daytime,6:00am - 8:59am,7,Property Damage Crash,No,No,No,No,No,No,No,No,No,No,No,No,No,Single Vehicle Crashes,Wythe County,,Rural,36.85573,-80.8461,Non-Interstate,SC-607E (WYTHE COUNTY),607.0,CASTLETON RD,0.83,Major Collector,Not at Intersection,,No,0,0,No,0,0,0,0,0,0,0,0,0,0,0,c6386052,0,0,1,Minor
1,2023-01-16,11:52:00,Monday,Deer,On Roadway,"Blacktop, Asphalt, Bituminous",No Defects,Daylight,Daylight,"Two-Way, Divided, Unprotected Median",Not Provided,No Adverse Condition (Clear/Cloud),Straight - Level,Not Provided,No,Four Approaches,Not Provided,Stop Sign,Dry,Intersection Area,Within Intersection,Yes - Working,No,2023,Winter,January,Daytime,9:00am - 11:59am,11,Property Damage Crash,No,No,No,No,No,No,No,No,No,No,No,No,No,Single Vehicle Crashes,Loudoun County,,Urban,39.0072,-77.41188,Non-Interstate,SC-625W (LOUDOUN COUNTY),625.0,CHURCH RD,10.58,Major Collector,At Intersection,LARCH CT,No,0,0,No,0,0,0,0,0,0,0,0,0,0,0,c3879600,0,0,1,Minor
1,2022-12-15,09:51:00,Thursday,Fixed Object - Off Road,Roadside,"Blacktop, Asphalt, Bituminous",No Defects,Daylight,Daylight,"Two-Way, Not Divided",Not Provided,Rain,Curve - Level,Not Provided,No,Not at Intersection,Not Provided,Traffic Lanes Marked,Wet,Other Location,"Driveway, Alley-Access - Related",Yes - Working,No,2022,Winter,December,Daytime,9:00am - 11:59am,9,Property Damage Crash,No,Yes,No,No,No,No,No,No,No,No,No,No,No,Single Vehicle Crashes,James City County,,Urban,37.35581,-76.81524,Non-Interstate,SC-631E (JAMES CITY COUNTY),631.0,CHICKAHOMINY RD,4.0,Minor Collector,Not at Intersection,,No,0,0,No,0,0,0,0,0,0,0,0,0,0,0,c7356438,0,0,1,Minor
2,2023-05-14,13:49:00,Sunday,Angle,On Roadway,"Blacktop, Asphalt, Bituminous",No Defects,Daylight,Daylight,"Two-Way, Divided, Unprotected Median",Not Provided,No Adverse Condition (Clear/Cloud),Grade - Straight,Not Provided,No,Four Approaches,Not Provided,Yield Sign,Dry,Intersection Area,Within Intersection,Yes - Working,No,2023,Spring,May,Daytime,Noon - 2:59pm,13,Property Damage Crash,No,No,No,No,No,No,No,No,No,No,No,No,No,Multiple Vehicle Crashes,Chesterfield County,,Urban,37.4222,-77.63903,Non-Interstate,SC-754S (CHESTERFIELD COUNTY),754.0,OLD HUNDRED RD,1.16,Minor Arterial,At Intersection,MILLRIDGE PKWY,No,0,0,No,0,0,0,0,0,0,0,0,0,0,0,c2737381,0,0,1,Minor