NumberOfVehicles,CrashDate,CrashTime,DayOfWeek,TypeOfCollision,LocationOfFirstHarmfulEvent,RoadwaySurfaceType,RoadwayDefect,LightCondition_Category,LightCondition_Value,RoadwayDescription,WorkZoneLocation,WeatherCondition,RoadwayAlignment,WorkZoneWorkersPresent,SchoolZone,IntersectionType,WorkZoneType,TrafficControlType,RoadwaySurfaceCondition,RelationToRoadway_Category,RelationToRoadway_Value,TrafficControlMechanicalDevice,WorkZoneRelated,Year,Meteorological Season,MonthName,DaytimeNighttime_NHTSA,ThreeHourLabel,Hour,CrashType,AlcoholInvolved,SpeedRelated,CommercialMotorVehiclesInvolved,PedestrianInvolved,BicycleInvolved,MotorcycleInvolved,MopedInvolved,TrainRelated,SchoolZoneInvolved,TeenDriverInvolved,DistractedDriverInvolved,DriverTextingInvolved,DriverUsingCellPhone,Single_Multi_Vehicle,Jurisdiction,TownName,LocationTypeName,Latitude,Longitude,Interstate_NonInterstate,RoadName,RouteNumber,RouteName,MileMarker,FunctionalClassCode,AtIntersection,SecondaryLocation,MatureDriverInvolved,MatureDriverFatalities,MatureDriverInjuries,LargeTruckInvolved,PedestrianFatalities,PedestrianInjuries,MotorcycleFatalities,MotorcycleInjuries,BicycleFatalities,BicycleInjuries,DistractedDriverFatalities,DistractedDriverInjuries,UnrestrainedInjuries,Number_Of_Fatalities,Number_Of_Injuries,Crash_UID,Is_Fatal,Is_Severe,Is_Minor,SeverityLabel
2,2024-04-05,20:54:00,Friday,Sideswipe - Same Direction,On Roadway,"Blacktop, Asphalt, Bituminous",No Defects,Darkness,Darkness - Road Not Lighted,"Two-Way, Divided, Positive Median Barrier",Not Provided,No Adverse Condition (Clear/Cloud),Straight - Level,Not Provided,No,Not at Intersection,Not Provided,Traffic Lanes Marked,Dry,Intersection Area,Non-Intersection,Yes - Working,No,2024,Spring,April,Nighttime,6:00pm - 8:59pm,20,Property Damage Crash,No,No,No,No,No,No,No,No,No,No,No,No,No,Multiple Vehicle Crashes,Augusta County,,Rural,38.16894,-79.00816,Interstate,I-81S,81.0,I-81,226.61,Interstate,Not at Intersection,,No,0,0,Yes,0,0,0,0,0,0,0,0,0,0,0,c6592112,0,0,1,Minor
2,2022-01-03,11:07:00,Monday,Sideswipe - Same Direction,On Roadway,"Blacktop, Asphalt, Bituminous",No Defects,Daylight,Daylight,"Two-Way, Not Divided",Not Provided,Rain,Straight - Level,Not Provided,No,Four Approaches,Not Provided,Traffic Lanes Marked,Wet,Intersection Area,Within Intersection,Yes - Working,No,2022,Winter,January,Daytime,9:00am - 11:59am,11,Property Damage Crash,No,Yes,No,No,No,No,No,No,No,No,Yes,No,No,Multiple Vehicle Crashes,Newport News City,,Urban,37.01222,-76.42473,Non-Interstate,JAMES DR (NP - CITY OF NEWPORT NEWS),,JAMES DR,0.42,Local,At Intersection,ROANOKE AVE,No,0,0,No,0,0,0,0,0,0,0,0,0,0,0,c6966764,0,0,1,Minor
3,2023-10-31,17:11:00,Tuesday,Angle,On Roadway,"Blacktop, Asphalt, Bituminous",No Defects,Daylight,Daylight,"Two-Way, Not Divided",Not Provided,No Adverse Condition (Clear/Cloud),Straight - Level,Not Provided,No,Not at Intersection,Not Provided,No Passing Lines,Dry,Other Location,"Driveway, Alley-Access - Related",Yes - Working,No,2023,Autumn,October,Daytime,3:00pm - 5:59pm,17,Property Damage Crash,No,No,No,No,No,No,No,No,No,Yes,No,No,No,Multiple Vehicle Crashes,Campbell County,,Urban,37.32632,-79.22609,Non-Interstate,SC-682S (CAMPBELL COUNTY),682.0,LEESVILLE RD,19.57,Minor Arterial,Not at Intersection,,No,0,0,No,0,0,0,0,0,0,0,0,0,0,0,c8903797,0,0,1,Minor
2,2022-12-19,11:58:00,Monday,Angle,On Roadway,"Blacktop, Asphalt, Bituminous",No Defects,Daylight,Daylight,"One-Way, Not Divided",Not Provided,No Adverse Condition (Clear/Cloud),Straight - Level,Not Provided,No,Not at Intersection,Not Provided,Traffic Lanes Marked,Dry,Interchange Area,Main-Line Roadway,Yes - Working,No,2022,Winter,December,Daytime,9:00am - 11:59am,11,Property Damage Crash,No,No,No,No,No,No,No,No,No,Yes,No,No,No,Multiple Vehicle Crashes,Petersburg City,,Urban,37.22829,-77.40032,Non-Interstate,BUS US-460P (13 CITY OF PETERSBURG),460.0,WASHINGTON ST,1.57,Other Principal Arterial,Not at Intersection,,No,0,0,No,0,0,0,0,0,0,0,0,0,0,0,c5813426,0,0,1,Minor
1,2023-01-16,07:05:00,Monday,Fixed Object - Off Road,On Roadway,"Blacktop, Asphalt, Bituminous",No Defects,Darkness,Darkness - Road Not Lighted,"Two-Way, Not Divided",Not Provided,No Adverse Condition (Clear/Cloud),Straight - Level,Not Provided,No,Not at Intersection,Not Provided,Traffic Lanes Marked,Dry,Intersection Area,Non-Intersection,Yes - Working,No,2023,Winter,January,Daytime,6:00am - 8:59am,7,Property Damage Crash,No,No,No,No,No,No,No,No,No,No,No,No,No,Single Vehicle Crashes,Hanover County,,Rural,37.94031,-77.65216,Non-Interstate,SC-739W (HANOVER COUNTY),739.0,BEAVERDAM SCHOOL RD,0.16,Major Collector,Not at Intersection,,No,0,0,No,0,0,0,0,0,0,0,0,0,0,0,c5123088,0,0,1,Minor
2,2022-06-02,19:51:00,Thursday,Angle,On Roadway,"Blacktop, Asphalt, Bituminous",No Defects,Daylight,Daylight,"Two-Way, Divided, Positive Median Barrier",Not Provided,No Adverse Condition (Clear/Cloud),Straight - Level,Not Provided,No,Four Approaches,Not Provided,Traffic Signal,Dry,Intersection Area,Within Intersection,Yes - Not Working,No,2022,Summer,June,Nighttime,6:00pm - 8:59pm,19,Property Damage Crash,No,No,No,No,No,No,No,No,No,No,No,No,No,Multiple Vehicle Crashes,Spotsylvania County,,Urban,38.2338,-77.55927,Non-Interstate,VA-208S,208.0,COURTHOUSE RD,43.12,Minor Arterial,At Intersection,SMITH STATION RD,No,0,0,No,0,0,0,0,0,0,0,0,0,0,0,c1784785,0,0,1,Minor
2,2022-02-25,18:34:00,Friday,Fixed Object - Off Road,On Roadway,"Blacktop, Asphalt, Bituminous",No Defects,Darkness,Darkness - Road Not Lighted,"Two-Way, Divided, Positive Median Barrier",Not Provided,No Adverse Condition (Clear/Cloud),Curve - Level,Not Provided,No,Not at Intersection,Not Provided,Traffic Lanes Marked,Dry,Intersection Area,Non-Intersection,Yes - Working,No,2022,Winter,February,Nighttime,6:00pm - 8:59pm,18,Injury Crash,No,No,No,No,No,No,No,No,No,No,Yes,No,No,Multiple Vehicle Crashes,Tazewell County,Cedar Bluff,Urban,37.08259,-81.76085,Non-Interstate,US-460E,460.0,GOVERNOR G C PEERY HWY,46.56,Other Principal Arterial,Not at Intersection,,No,0,0,No,0,0,0,0,0,0,0,0,0,0,1,c5056217,0,0,1,Minor
2,2024-03-25,11:35:00,Monday,Sideswipe - Same Direction,On Roadway,"Blacktop, Asphalt, Bituminous",No Defects,Daylight,Daylight,"Two-Way, Divided, Positive Median Barrier",Not Provided,No Adverse Condition (Clear/Cloud),Straight - Level,Not Provided,No,Not at Intersection,Not Provided,Traffic Lanes Marked,Dry,Intersection Area,Non-Intersection,Yes - Working,No,2024,Spring,March,Daytime,9:00am - 11:59am,11,Property Damage Crash,No,Yes,No,No,No,No,No,No,No,No,No,No,No,Multiple Vehicle Crashes,Hampton City,,Urban,37.06331,-76.42346,Interstate,I-64W,64.0,I-64,261.57,Interstate,Not at Intersection,,Yes,0,0,No,0,0,0,0,0,0,0,0,0,0,0,c9229997,0,0,1,Minor
2,2023-09-02,20:09:00,Saturday,Rear End,On Roadway,"Blacktop, Asphalt, Bituminous",No Defects,Darkness,Darkness - Road Lighted,"Two-Way, Divided, Unprotected Median",Not Provided,No Adverse Condition (Clear/Cloud),Straight - Level,Not Provided,No,Four Approaches,Not Provided,Traffic Signal,Dry,Intersection Area,Intersection Related - Within 150 Feet,Yes - Working,No,2023,Autumn,September,Nighttime,6:00pm - 8:59pm,20,Property Damage Crash,No,No,No,No,No,No,No,No,No,No,No,No,No,Multiple Vehicle Crashes,Chesterfield County,,Urban,37.38722,-77.51534,Non-Interstate,SC-2099W (CHESTERFIELD COUNTY),2099.0,COURTHOUSE RD,0.19,Major Collector,At Intersection,IRON BRIDGE RD,No,0,0,No,0,0,0,0,0,0,0,0,0,0,0,c2592862,0,0,1,Minor
1,2024-01-12,23:49:00,Friday,Fixed Object - Off Road,Shoulder,"Blacktop, Asphalt, Bituminous",No Defects,Darkness,Darkness - Road Lighted,"Two-Way, Not Divided",Not Provided,Rain,Other,Not Provided,No,Not at Intersection,Not Provided,Traffic Lanes Marked,Wet,Intersection Area,Non-Intersection,Yes - Working,No,2024,Winter,January,Nighttime,9:00pm - 11:59pm,23,Property Damage Crash,No,No,No,No,No,No,No,No,No,No,No,No,No,Single Vehicle Crashes,Lynchburg City,,Urban,37.40211,-79.18064,Non-Interstate,LAKESIDE DR (PR - CITY OF LYNCHBURG),221.0,LAKESIDE DR,0.89,Minor Arterial,At Intersection,BLUE RIDGE ST,No,0,0,No,0,0,0,0,0,0,0,0,0,0,0,c3718744,0,0,1,Minor
1,2023-04-18,06:55:00,Tuesday,Fixed Object - Off Road,"Off Roadway, Location Unknown","Blacktop, Asphalt, Bituminous",No Defects,Daylight,Daylight,"Two-Way, Divided, Unprotected Median",Not Provided,No Adverse Condition (Clear/Cloud),Straight - Level,Not Provided,No,Not at Intersection,Not Provided,Traffic Lanes Marked,Dry,Intersection Area,Non-Intersection,Yes - Working,No,2023,Spring,April,Daytime,6:00am - 8:59am,6,Injury Crash,No,No,No,No,No,No,No,No,No,No,No,No,No,Single Vehicle Crashes,Fairfax County,,Urban,38.72877,-77.26413,Non-Interstate,SC-600E (FAIRFAX COUNTY),600.0,SILVERBROOK RD,1.01,Minor Arterial,Not at Intersection,,No,0,0,No,0,0,0,0,0,0,0,0,0,0,1,c0061107,0,0,1,Minor
2,2022-05-11,16:01:00,Wednesday,Angle,On Roadway,"Blacktop, Asphalt, Bituminous",No Defects,Daylight,Daylight,"Two-Way, Divided, Positive Median Barrier",Not Provided,No Adverse Condition (Clear/Cloud),Straight - Level,Not Provided,Yes,Three Approaches,Not Provided,Traffic Lanes Marked,Dry,Intersection Area,Within Intersection,Yes - Working,No,2022,Spring,May,Daytime,3:00pm - 5:59pm,16,Injury Crash,No,No,No,No,No,No,No,No,Yes,Yes,No,No,No,Multiple Vehicle Crashes,Fairfax County,,Urban,38.93109,-77.34058,Non-Interstate,SC-5329E (FAIRFAX COUNTY),5329.0,SOUTH LAKES DR,1.72,Major Collector,At Intersection,TANBARK DR,No,0,0,No,0,0,0,0,0,0,0,0,0,0,1,c9793672,0,0,1,Minor
2,2023-08-16,14:50:00,Wednesday,Angle,On Roadway,"Blacktop, Asphalt, Bituminous",No Defects,Daylight,Daylight,"Two-Way, Divided, Positive Median Barrier",Not Provided,No Adverse Condition (Clear/Cloud),Straight - Level,Not Provided,No,Roundabout,Not Provided,Traffic Signal,Dry,Intersection Area,Within Intersection,Yes - Working,No,2023,Summer,August,Daytime,Noon - 2:59pm,14,Property Damage Crash,No,No,No,No,No,No,No,No,No,Yes,No,No,No,Multiple Vehicle Crashes,Richmond City,,Urban,37.55229,-77.45773,Non-Interstate,UR-7538E (CITY OF RICHMOND),,FRANKLIN ST,2.82,Minor Arterial,At Intersection,LOMBARDY ST,No,0,0,No,0,0,0,0,0,0,0,0,0,0,0,c1938593,0,0,1,Minor
1,2024-11-21,17:15:00,Thursday,Deer,On Roadway,"Blacktop, Asphalt, Bituminous",No Defects,Dusk,Dusk,"Two-Way, Divided, Unprotected Median",Not Provided,No Adverse Condition (Clear/Cloud),Straight - Level,Not Provided,No,Not at Intersection,Not Provided,Traffic Lanes Marked,Dry,Intersection Area,Non-Intersection,Yes - Working,No,2024,Autumn,November,Daytime,3:00pm - 5:59pm,17,Property Damage Crash,No,No,No,No,No,No,No,No,No,No,No,No,No,Single Vehicle Crashes,Danville City,,Urban,36.59706,-79.4863,Non-Interstate,BUS US-58E (14 CITY OF DANVILLE),58.0,RIVERSIDE DR,3.29,Other Principal Arterial,Not at Intersection,,No,0,0,No,0,0,0,0,0,0,0,0,0,0,0,c8081136,0,0,1,Minor
1,2023-07-30,01:19:00,Sunday,Fixed Object - Off Road,Median,"Blacktop, Asphalt, Bituminous",No Defects,Darkness,Darkness - Road Lighted,"Two-Way, Divided, Positive Median Barrier",Not Provided,No Adverse Condition (Clear/Cloud),Straight - Level,Not Provided,No,Four Approaches,Not Provided,Traffic Signal,Dry,Intersection,Intersection Related - Outside 150 Feet,Yes - Working,No,2023,Summer,July,Nighttime,Midnight - 2:59am,1,Injury Crash,Yes,No,No,No,No,Yes,No,No,No,No,No,No,No,Single Vehicle Crashes,Hampton City,,Urban,37.02423,-76.43477,Non-Interstate,US-258W,258.0,MERCURY BLVD,60.13,Other Principal Arterial,Not at Intersection,,No,0,0,No,0,0,0,1,0,0,0,0,0,0,1,c4290652,0,0,1,Minor
2,2023-10-24,11:00:00,Tuesday,Rear End,On Roadway,Concrete,No Defects,Daylight,Daylight,"Two-Way, Divided, Unprotected Median",Not Provided,No Adverse Condition (Clear/Cloud),Straight - Level,Not Provided,Yes - With School Activity,Not at Intersection,Not Provided,Traffic Lanes Marked,Dry,Intersection Area,Non-Intersection,Yes - Working,No,2023,Autumn,October,Daytime,9:00am - 11:59am,11,Injury Crash,No,No,No,No,No,No,No,No,Yes,No,No,No,No,Multiple Vehicle Crashes,Va. Beach City,,Urban,36.74401,-76.0732,Non-Interstate,VA-165S,165.0,NORTH LANDING RD,18.77,Minor Arterial,Not at Intersection,,Yes,0,0,No,0,0,0,0,0,0,0,0,0,0,2,c1380519,0,1,0,Severe
4,2022-01-26,08:24:00,Wednesday,Rear End,On Roadway,"Blacktop, Asphalt, Bituminous",No Defects,Daylight,Daylight,"Two-Way, Not Divided",Not Provided,No Adverse Condition (Clear/Cloud),Straight - Level,Not Provided,No,Not at Intersection,Not Provided,No Traffic Control,Dry,Interchange Area,Main-Line Roadway,No Traffic Control Device Present,No,2022,Winter,January,Daytime,6:00am - 8:59am,8,Injury Crash,No,No,No,No,No,No,No,No,No,Yes,No,No,No,Multiple Vehicle Crashes,Albemarle County,,Rural,38.056,-78.70899,Non-Interstate,SC-1815S (ALBEMARLE COUNTY),1815.0,OLD TRAIL DR,0.37,Local,At Intersection,GLEN VALLEY DR,Yes,0,0,No,0,0,0,0,0,0,0,0,0,0,3,c7611973,0,1,0,Severe
2,2024-03-12,15:55:00,Tuesday,Angle,On Roadway,"Blacktop, Asphalt, Bituminous",No Defects,Daylight,Daylight,"Two-Way, Not Divided",Not Provided,No Adverse Condition (Clear/Cloud),Grade - Straight,Not Provided,No,Four Approaches,Not Provided,Stop Sign,Dry,Intersection Area,Within Intersection,Yes - Not Working,No,2024,Spring,March,Daytime,3:00pm - 5:59pm,15,Injury Crash,No,No,Yes,No,No,No,No,No,No,No,No,No,No,Multiple Vehicle Crashes,Rockingham County,Mount Crawford,Urban,38.3566,-78.94185,Non-Interstate,SC-867W (ROCKINGHAM COUNTY),867.0,NORTH RIVER RD,0.87,Major Collector,At Intersection,MAIN ST,Yes,0,0,No,0,0,0,0,0,0,0,0,0,0,2,c4838345,0,1,0,Severe
1,2024-02-19,08:01:00,Monday,Fixed Object - Off Road,Shoulder,"Blacktop, Asphalt, Bituminous",No Defects,Daylight,Daylight,"Two-Way, Not Divided",Not Provided,No Adverse Condition (Clear/Cloud),Straight - Level,Not Provided,No,Two Approaches,Not Provided,Traffic Lanes Marked,Dry,Interchange Area,Main-Line Roadway,Yes - Working,No,2024,Winter,February,Daytime,6:00am - 8:59am,8,Injury Crash,No,No,No,No,No,No,No,No,No,No,No,No,No,Single Vehicle Crashes,Albemarle County,,Urban,38.06982,-78.66651,Non-Interstate,VA-240W,240.0,THREE NOTCH'D RD,3.31,Minor Arterial,At Intersection,BEAVER HILL LAKE DR,No,0,0,No,0,0,0,0,0,0,0,0,0,0,1,c0621216,0,0,1,Minor
3,2024-08-13,20:09:00,Tuesday,Rear End,On Roadway,"Blacktop, Asphalt, Bituminous",No Defects,Darkness,Darkness - Road Lighted,"Two-Way, Divided, Unprotected Median",Not Provided,No Adverse Condition (Clear/Cloud),Straight - Level,Not Provided,No,Four Approaches,Not Provided,Traffic Signal,Dry,Intersection Area,Intersection Related - Within 150 Feet,Yes - Working,No,2024,Summer,August,Nighttime,6:00pm - 8:59pm,20,Property Damage Crash,No,Yes,No,No,No,No,No,No,No,No,No,No,No,Multiple Vehicle Crashes,Greene County,,Rural,38.20822,-78.38605,Non-Interstate,US-29S,29.0,SEMINOLE TRL,151.45,Other Principal Arterial,At Intersection,MATTHEW MILL RD,No,0,0,No,0,0,0,0,0,0,0,0,0,0,0,c6912135,0,0,1,Minor
2,2022-04-26,08:07:00,Tuesday,Angle,On Roadway,"Blacktop, Asphalt, Bituminous",No Defects,Daylight,Daylight,"Two-Way, Not Divided",Not Provided,No Adverse Condition (Clear/Cloud),Straight - Level,Not Provided,No,Four Approaches,Not Provided,Traffic Signal,Dry,Intersection Area,Intersection Related - Within 150 Feet,Yes - Working,No,2022,Spring,April,Daytime,6:00am - 8:59am,8,Injury Crash,No,No,No,No,No,No,No,No,No,Yes,No,No,No,Multiple Vehicle Crashes,Suffolk City,,Urban,36.78004,-76.62474,Non-Interstate,UR-634E (CITY OF SUFFOLK),634.0,KINGS FORK RD,4.62,Minor Arterial,At Intersection,PRUDEN BLVD,No,0,0,No,0,0,0,0,0,0,0,0,0,0,2,c7270758,0,1,0,Severe
1,2024-09-17,16:40:00,Tuesday,Fixed Object - Off Road,Shoulder,"Blacktop, Asphalt, Bituminous",No Defects,Daylight,Daylight,"Two-Way, Divided, Unprotected Median",Not Provided,Rain,Curve - Level,Not Provided,No,Not at Intersection,Not Provided,Traffic Lanes Marked,Wet,Intersection Area,Non-Intersection,Yes - Working,No,2024,Autumn,September,Daytime,3:00pm - 5:59pm,16,Property Damage Crash,No,Yes,No,No,No,No,No,No,No,No,No,No,No,Single Vehicle Crashes,Alleghany County,,Rural,37.80875,-79.74003,Interstate,I-64W,64.0,I-64,31.69,Interstate,Not at Intersection,,No,0,0,No,0,0,0,0,0,0,0,0,0,0,0,c6336113,0,0,1,Minor
1,2023-11-20,15:35:00,Monday,Fixed Object in Road,Shoulder,"Blacktop, Asphalt, Bituminous",No Defects,Daylight,Daylight,"Two-Way, Divided, Positive Median Barrier",Not Provided,No Adverse Condition (Clear/Cloud),Straight - Level,Not Provided,No,Not at Intersection,Not Provided,Traffic Lanes Marked,Dry,Intersection Area,Non-Intersection,Yes - Working,No,2023,Autumn,November,Daytime,3:00pm - 5:59pm,15,Property Damage Crash,No,No,No,No,No,No,No,No,No,No,No,No,No,Single Vehicle Crashes,Norfolk City,,Urban,36.8459,-76.19103,Interstate,I-264E RAMP 13C,264.0,I-264 RAMP,0.02,Interstate,Not at Intersection,,No,0,0,No,0,0,0,0,0,0,0,0,0,0,0,c9948791,0,0,1,Minor
2,2022-11-17,13:24:00,Thursday,Other,On Roadway,"Blacktop, Asphalt, Bituminous",No Defects,Daylight,Daylight,"Two-Way, Not Divided",Not Provided,No Adverse Condition (Clear/Cloud),Straight - Level,Not Provided,No,Four Approaches,Not Provided,Stop Sign,Dry,Intersection Area,Intersection Related - Within 150 Feet,Yes - Working,No,2022,Autumn,November,Daytime,Noon - 2:59pm,13,Injury Crash,No,No,Yes,No,No,No,No,No,No,No,No,No,No,Multiple Vehicle Crashes,Prince George County,,Rural,37.08045,-77.35661,Non-Interstate,VA-35S,35.0,COURTLAND RD,48.13,Minor Arterial,At Intersection,I-95 RAMP,Yes,0,1,Yes,0,0,0,0,0,0,0,0,0,0,2,c1362105,0,1,0,Severe
1,2023-11-29,05:50:00,Wednesday,Deer,On Roadway,"Blacktop, Asphalt, Bituminous",No Defects,Darkness,Darkness - Road Not Lighted,"Two-Way, Not Divided",Not Provided,No Adverse Condition (Clear/Cloud),Straight - Level,Not Provided,No,Not at Intersection,Not Provided,Traffic Lanes Marked,Dry,Intersection Area,Non-Intersection,Yes - Working,No,2023,Autumn,November,Nighttime,3:00am - 5:59am,5,Injury Crash,No,No,No,No,No,No,No,No,No,No,No,No,No,Single Vehicle Crashes,Prince George County,,Rural,37.10368,-77.22488,Non-Interstate,SC-625S (PRINCE GEORGE COUNTY),625.0,ARWOOD RD,2.24,Minor Collector,Not at Intersection,,No,0,0,No,0,0,0,0,0,0,0,0,0,0,1,c8327176,0,0,1,Minor
3,2023-02-24,11:28:00,Friday,Sideswipe - Same Direction,On Roadway,"Blacktop, Asphalt, Bituminous",No Defects,Daylight,Daylight,"Two-Way, Divided, Positive Median Barrier",Not Provided,No Adverse Condition (Clear/Cloud),Straight - Level,Not Provided,No,Not at Intersection,Not Provided,Traffic Lanes Marked,Dry,Interchange Area,On Entrance/Exit Ramp,Yes - Working,No,2023,Winter,February,Daytime,9:00am - 11:59am,11,Property Damage Crash,No,No,No,No,No,No,No,No,No,No,Yes,No,No,Multiple Vehicle Crashes,Norfolk City,,Urban,36.85082,-76.19616,Interstate,I-64E,64.0,I-64,284.33,Interstate,Not at Intersection,,No,0,0,No,0,0,0,0,0,0,0,0,0,0,0,c4202093,0,0,1,Minor
1,2024-05-26,23:00:00,Sunday,Fixed Object - Off Road,On Roadway,"Blacktop, Asphalt, Bituminous",No Defects,Darkness,Darkness - Road Lighted,"Two-Way, Not Divided",Not Provided,No Adverse Condition (Clear/Cloud),Straight - Level,Not Provided,No,Three Approaches,Not Provided,No Traffic Control,Dry,Intersection Area,Within Intersection,No Traffic Control Device Present,No,2024,Spring,May,Nighttime,9:00pm - 11:59pm,23,Property Damage Crash,Yes,No,No,No,No,No,No,No,No,No,Yes,No,No,Single Vehicle Crashes,Fairfax County,,Urban,38.82863,-77.14772,Non-Interstate,SC-613N (FAIRFAX COUNTY),613.0,LINCOLNIA RD,6.77,Minor Arterial,At Intersection,TWIN KNOLLS CT,No,0,0,No,0,0,0,0,0,0,0,0,0,0,0,c7540930,0,0,1,Minor
1,2023-01-02,08:34:00,Monday,Deer,On Roadway,"Blacktop, Asphalt, Bituminous",No Defects,Daylight,Daylight,"Two-Way, Divided, Positive Median Barrier",Not Provided,Rain,Straight - Level,Not Provided,Yes,Not at Intersection,Not Provided,Traffic Lanes Marked,Wet,Intersection Area,Non-Intersection,Yes - Working,No,2023,Winter,January,Daytime,6:00am - 8:59am,8,Property Damage Crash,No,No,No,No,No,No,No,No,Yes,No,No,No,No,Single Vehicle Crashes,Wise County,,Rural,37.11124,-82.60231,Non-Interstate,US-23S,23.0,ORBY CANTRELL HWY,56.09,Other Principal Arterial,Not at Intersection,,No,0,0,No,0,0,0,0,0,0,0,0,0,0,0,c4623708,0,0,1,Minor
2,2024-10-09,08:04:00,Wednesday,Rear End,On Roadway,"Blacktop, Asphalt, Bituminous",No Defects,Daylight,Daylight,"Two-Way, Not Divided",Not Provided,No Adverse Condition (Clear/Cloud),Straight - Level,Not Provided,No,Not at Intersection,Not Provided,Traffic Lanes Marked,Dry,Intersection Area,Non-Intersection,Yes - Working,No,2024,Autumn,October,Daytime,6:00am - 8:59am,8,Property Damage Crash,No,No,No,No,No,No,No,No,No,No,No,No,No,Multiple Vehicle Crashes,Henrico County,,Urban,37.52567,-77.34592,Non-Interstate,CR-7716E (HENRICO COUNTY),7716.0,AUDUBON DR,0.42,Major Collector,At Intersection,MEADOWLARK CT,No,0,0,No,0,0,0,0,0,0,0,0,0,0,0,c7287419,0,0,1,Minor
2,2023-11-17,17:36:00,Friday,Rear End,On Roadway,"Blacktop, Asphalt, Bituminous",No Defects,Daylight,Daylight,"Two-Way, Divided, Unprotected Median",Not Provided,No Adverse Condition (Clear/Cloud),Straight - Level,Not Provided,No,Not at Intersection,Not Provided,Traffic Signal,Dry,Intersection Area,Non-Intersection,Yes - Working,No,2023,Autumn,November,Daytime,3:00pm - 5:59pm,17,Property Damage Crash,No,No,No,No,No,No,No,No,No,No,No,No,No,Multiple Vehicle Crashes,Prince William County,,Urban,38.63402,-77.36885,Non-Interstate,SC-640E (PRINCE WILLIAM COUNTY),640.0,MINNIEVILLE RD,2.43,Minor Arterial,Not at Intersection,,No,0,0,No,0,0,0,0,0,0,0,0,0,0,0,c2291996,0,0,1,Minor
1,2022-12-20,12:23:00,Tuesday,Fixed Object - Off Road,On Roadway,"Blacktop, Asphalt, Bituminous",No Defects,Daylight,Daylight,"Two-Way, Not Divided",Not Provided,No Adverse Condition (Clear/Cloud),Curve - Level,Not Provided,No,Not at Intersection,Not Provided,Traffic Lanes Marked,Dry,Interchange Area,Main-Line Roadway,Yes - Working,No,2022,Winter,December,Daytime,Noon - 2:59pm,12,Property Damage Crash,No,Yes,No,No,No,No,No,No,No,No,Yes,No,Yes,Single Vehicle Crashes,Poquoson City,,Urban,37.13594,-76.40195,Non-Interstate,UR-7052S (CITY OF POQUOSON),,YORKTOWN RD,0.74,Major Collector,Not at Intersection,,No,0,0,No,0,0,0,0,0,0,0,0,0,0,0,c8736571,0,0,1,Minor
1,2022-11-13,01:22:00,Sunday,Deer,On Roadway,Concrete,No Defects,Darkness,Darkness - Road Lighted,"Two-Way, Divided, Positive Median Barrier",Not Provided,No Adverse Condition (Clear/Cloud),Straight - Level,Not Provided,No,Not at Intersection,Not Provided,Traffic Lanes Marked,Dry,Interchange Area,Main-Line Roadway,Yes - Working,No,2022,Autumn,November,Nighttime,Midnight - 2:59am,1,Property Damage Crash,No,No,No,No,No,No,No,No,No,No,No,No,No,Single Vehicle Crashes,Richmond City,,Urban,37.53526,-77.50295,Non-Interstate,VA-76S,76.0,POWHITE PKWY,11.1,Other Freeways and Expressways,Not at Intersection,,Yes,0,0,No,0,0,0,0,0,0,0,0,0,0,0,c7401199,0,0,1,Minor
1,2024-03-31,17:31:00,Sunday,Non-Collision,On Roadway,"Blacktop, Asphalt, Bituminous",No Defects,Daylight,Daylight,"Two-Way, Not Divided",Not Provided,Rain,Curve - Level,Not Provided,No,Not at Intersection,Not Provided,Traffic Lanes Marked,Wet,Intersection Area,Non-Intersection,Yes - Working,No,2024,Spring,March,Daytime,3:00pm - 5:59pm,17,Injury Crash,No,No,No,No,No,No,No,No,No,No,No,No,No,Single Vehicle Crashes,Culpeper County,,Rural,38.46101,-77.92199,Non-Interstate,SC-666E (CULPEPER COUNTY),666.0,GREENS CORNER RD,5.73,Minor Collector,Not at Intersection,,No,0,0,No,0,0,0,0,0,0,0,0,0,0,2,c8871496,0,1,0,Severe
2,2024-03-26,07:35:00,Tuesday,Rear End,On Roadway,"Blacktop, Asphalt, Bituminous",No Defects,Daylight,Daylight,"Two-Way, Divided, Positive Median Barrier",Not Provided,No Adverse Condition (Clear/Cloud),Straight - Level,Not Provided,No,Not at Intersection,Not Provided,Highway Safety Corridor,Dry,Intersection Area,Non-Intersection,Yes - Working,No,2024,Spring,March,Daytime,6:00am - 8:59am,7,Injury Crash,No,Yes,No,No,No,Yes,No,No,No,No,No,No,No,Multiple Vehicle Crashes,Richmond City,,Urban,37.48258,-77.43114,Interstate,I-95N,95.0,I-95,70.79,Interstate,Not at Intersection,,No,0,0,No,0,0,0,1,0,0,0,0,0,0,1,c6898893,0,0,1,Minor
2,2024-08-18,10:46:00,Sunday,Rear End,On Roadway,"Blacktop, Asphalt, Bituminous",No Defects,Daylight,Daylight,"Two-Way, Divided, Positive Median Barrier",Not Provided,No Adverse Condition (Clear/Cloud),Straight - Level,Not Provided,No,Not at Intersection,Not Provided,Highway Safety Corridor,Dry,Intersection Area,Non-Intersection,Yes - Working,No,2024,Summer,August,Daytime,9:00am - 11:59am,10,Property Damage Crash,No,Yes,No,No,No,No,No,No,No,No,No,No,No,Multiple Vehicle Crashes,Prince William County,,Rural,38.5855,-77.31994,Interstate,I-95S,95.0,I-95,153.58,Interstate,Not at Intersection,,No,0,0,No,0,0,0,0,0,0,0,0,0,0,0,c4875289,0,0,1,Minor