NumberOfVehicles,CrashDate,CrashTime,DayOfWeek,TypeOfCollision,LocationOfFirstHarmfulEvent,RoadwaySurfaceType,RoadwayDefect,LightCondition_Category,LightCondition_Value,RoadwayDescription,WorkZoneLocation,WeatherCondition,RoadwayAlignment,WorkZoneWorkersPresent,SchoolZone,IntersectionType,WorkZoneType,TrafficControlType,RoadwaySurfaceCondition,RelationToRoadway_Category,RelationToRoadway_Value,TrafficControlMechanicalDevice,WorkZoneRelated,Year,Meteorological Season,MonthName,DaytimeNighttime_NHTSA,ThreeHourLabel,Hour,CrashType,AlcoholInvolved,SpeedRelated,CommercialMotorVehiclesInvolved,PedestrianInvolved,BicycleInvolved,MotorcycleInvolved,MopedInvolved,TrainRelated,SchoolZoneInvolved,TeenDriverInvolved,DistractedDriverInvolved,DriverTextingInvolved,DriverUsingCellPhone,Single_Multi_Vehicle,Jurisdiction,TownName,LocationTypeName,Latitude,Longitude,Interstate_NonInterstate,RoadName,RouteNumber,RouteName,MileMarker,FunctionalClassCode,AtIntersection,SecondaryLocation,MatureDriverInvolved,MatureDriverFatalities,MatureDriverInjuries,LargeTruckInvolved,PedestrianFatalities,PedestrianInjuries,MotorcycleFatalities,MotorcycleInjuries,BicycleFatalities,BicycleInjuries,DistractedDriverFatalities,DistractedDriverInjuries,UnrestrainedInjuries,Number_Of_Fatalities,Number_Of_Injuries,Crash_UID,Is_Fatal,Is_Severe,Is_Minor,SeverityLabel
4,2022-01-21,17:46:00,Friday,Rear End,On Roadway,"Blacktop, Asphalt, Bituminous",No Defects,Darkness,Darkness - Road Not Lighted,"Two-Way, Divided, Unprotected Median",Not Provided,No Adverse Condition (Clear/Cloud),Dip - Straight,Not Provided,No,Not at Intersection,Not Provided,Traffic Lanes Marked,Dry,Interchange Area,Main-Line Roadway,Yes - Working,No,2022,Winter,January,Daytime,3:00pm - 5:59pm,17,Property Damage Crash,No,No,No,No,No,No,No,No,No,Yes,No,No,No,Multiple Vehicle Crashes,Fairfax County,,Urban,38.77835,-77.30048,Non-Interstate,VA-286S,286.0,FAIRFAX COUNTY PKWY,11.53,Other Principal Arterial,Not at Intersection,,No,0,0,No,0,0,0,0,0,0,0,0,0,0,0,c6358742,0,0,1,Minor
2,2024-09-19,05:17:00,Thursday,Angle,On Roadway,"Blacktop, Asphalt, Bituminous",No Defects,Dawn,Dawn,"Two-Way, Divided, Positive Median Barrier",Not Provided,No Adverse Condition (Clear/Cloud),Straight - Level,Not Provided,No,Four Approaches,Not Provided,Traffic Signal,Dry,Intersection Area,Within Intersection,Yes - Working,No,2024,Autumn,September,Nighttime,3:00am - 5:59am,5,Property Damage Crash,No,No,No,No,No,No,No,No,No,Yes,No,No,No,Multiple Vehicle Crashes,Fairfax County,,Urban,38.96045,-77.36309,Non-Interstate,SC-7414N (FAIRFAX COUNTY),7414.0,TOWN CENTER PKWAY,0.46,Major Collector,At Intersection,NEW DOMINION PKWAY,No,0,0,No,0,0,0,0,0,0,0,0,0,0,0,c7926326,0,0,1,Minor
1,2023-10-19,08:05:00,Thursday,Deer,On Roadway,"Blacktop, Asphalt, Bituminous",No Defects,Daylight,Daylight,"Two-Way, Divided, Positive Median Barrier",Not Provided,No Adverse Condition (Clear/Cloud),Straight - Level,Not Provided,No,Not at Intersection,Not Provided,Traffic Lanes Marked,Dry,Interchange Area,Main-Line Roadway,Yes - Working,No,2023,Autumn,October,Daytime,6:00am - 8:59am,8,Property Damage Crash,No,No,No,No,No,No,No,No,No,No,No,No,No,Single Vehicle Crashes,Henrico County,,Urban,37.67603,-77.50032,Interstate,I-295N,295.0,I-295,46.38,Interstate,Not at Intersection,,No,0,0,No,0,0,0,0,0,0,0,0,0,0,0,c3245763,0,0,1,Minor
2,2022-03-23,16:42:00,Wednesday,Angle,On Roadway,"Blacktop, Asphalt, Bituminous",No Defects,Daylight,Daylight,"Two-Way, Not Divided",Not Provided,Rain,Straight - Level,Not Provided,No,Four Approaches,Not Provided,Stop Sign,Wet,Intersection Area,Within Intersection,Yes - Working,No,2022,Spring,March,Daytime,3:00pm - 5:59pm,16,Injury Crash,No,No,No,No,No,No,No,No,No,No,No,No,No,Multiple Vehicle Crashes,Portsmouth City,,Urban,36.83474,-76.32557,Non-Interstate,HIGH ST (PR - CITY OF PORTSMOUTH),,HIGH ST,1.59,Minor Arterial,At Intersection,CONSTITUTION AVE,No,0,0,No,0,0,0,0,0,0,0,0,0,0,1,c7310027,0,0,1,Minor
1,2022-10-29,04:30:00,Saturday,Fixed Object - Off Road,Roadside,"Blacktop, Asphalt, Bituminous",No Defects,Darkness,Darkness - Road Not Lighted,"Two-Way, Not Divided",Not Provided,No Adverse Condition (Clear/Cloud),Grade - Curve,Not Provided,No,Not at Intersection,Not Provided,Traffic Lanes Marked,Dry,Intersection Area,Non-Intersection,Yes - Working,No,2022,Autumn,October,Nighttime,3:00am - 5:59am,4,Property Damage Crash,No,No,No,No,No,Yes,No,No,No,No,No,No,No,Single Vehicle Crashes,Franklin County,,Rural,37.06296,-79.75296,Non-Interstate,SC-834S (FRANKLIN COUNTY),834.0,BROOKS MILL RD,6.38,Major Collector,At Intersection,PONDEROSA DR,No,0,0,No,0,0,0,0,0,0,0,0,0,0,0,c8008626,0,0,1,Minor
2,2022-11-08,19:00:00,Tuesday,Sideswipe - Same Direction,On Roadway,"Blacktop, Asphalt, Bituminous",No Defects,Daylight,Daylight,"Two-Way, Divided, Positive Median Barrier",Not Provided,No Adverse Condition (Clear/Cloud),Straight - Level,Not Provided,No,Four Approaches,Not Provided,Traffic Signal,Dry,Intersection Area,Intersection Related - Within 150 Feet,Yes - Working,No,2022,Autumn,November,Nighttime,6:00pm - 8:59pm,19,Injury Crash,No,No,No,No,No,No,No,No,No,No,No,No,No,Multiple Vehicle Crashes,Manassas City,,Urban,38.74408,-77.51282,Non-Interstate,VA-28N,28.0,NOKESVILLE RD,20.91,Other Principal Arterial,At Intersection,GODWIN DR,No,0,0,No,0,0,0,0,0,0,0,0,0,0,3,c0371754,0,1,0,Severe
3,2023-03-18,16:39:00,Saturday,Head On,On Roadway,"Blacktop, Asphalt, Bituminous",No Defects,Daylight,Daylight,"Two-Way, Not Divided",Not Provided,No Adverse Condition (Clear/Cloud),Straight - Level,Not Provided,No,Not at Intersection,Not Provided,No Traffic Control,Dry,Interchange Area,Main-Line Roadway,No Traffic Control Device Present,No,2023,Spring,March,Daytime,3:00pm - 5:59pm,16,Injury Crash,No,Yes,No,No,No,No,No,No,No,No,Yes,No,No,Multiple Vehicle Crashes,Hampton City,,Urban,37.02923,-76.41455,Non-Interstate,WEAVER RD W (NP - CITY OF HAMPTON),,WEAVER RD,0.57,Local,At Intersection,WOODBURY FORREST DR,No,0,0,No,0,0,0,0,0,0,0,1,0,0,2,c5068477,0,1,0,Severe
2,2024-04-07,13:59:00,Sunday,Rear End,On Roadway,"Blacktop, Asphalt, Bituminous",No Defects,Daylight,Daylight,"Two-Way, Divided, Unprotected Median",Not Provided,No Adverse Condition (Clear/Cloud),Straight - Level,Not Provided,No,Four Approaches,Not Provided,Traffic Signal,Dry,Intersection Area,Intersection Related - Within 150 Feet,Yes - Working,No,2024,Spring,April,Daytime,Noon - 2:59pm,13,Property Damage Crash,No,No,No,No,No,No,No,No,No,No,No,No,No,Multiple Vehicle Crashes,Newport News City,,Urban,37.07408,-76.47508,Non-Interstate,VA-143S,143.0,JEFFERSON AVE,15.37,Other Principal Arterial,At Intersection,J CLYDE MORRIS BLVD,No,0,0,No,0,0,0,0,0,0,0,0,0,0,0,c2585603,0,0,1,Minor
1,2023-04-10,18:00:00,Monday,Pedestrian,On Roadway,"Blacktop, Asphalt, Bituminous",No Defects,Daylight,Daylight,"Two-Way, Not Divided",Not Provided,No Adverse Condition (Clear/Cloud),Straight - Level,Not Provided,No,Not at Intersection,Not Provided,Stop Sign,Dry,Intersection Area,Non-Intersection,Yes - Working,No,2023,Spring,April,Nighttime,6:00pm - 8:59pm,18,Fatal Crash,No,No,No,Yes,No,No,No,No,No,No,No,No,No,Single Vehicle Crashes,Prince William County,,Urban,38.68749,-77.31229,,NUTMEG CT (PR - PRINCE WILLIAM COUNTY),,NUTMEG CT,0.09,,Not at Intersection,,Yes,0,0,No,1,0,0,0,0,0,0,0,0,1,0,c6676023,1,1,0,Fatal
2,2022-03-14,15:51:00,Monday,Sideswipe - Same Direction,On Roadway,Concrete,No Defects,Daylight,Daylight,"Two-Way, Divided, Positive Median Barrier",Not Provided,No Adverse Condition (Clear/Cloud),Straight - Level,Not Provided,No,Not at Intersection,Not Provided,Highway Safety Corridor,Dry,Intersection Area,Non-Intersection,Yes - Working,No,2022,Spring,March,Daytime,3:00pm - 5:59pm,15,Injury Crash,No,No,No,No,No,No,No,No,No,No,No,No,No,Multiple Vehicle Crashes,Richmond City,,Urban,37.53125,-77.42989,Interstate,I-95N,95.0,I-95,74.3,Interstate,Not at Intersection,,No,0,0,No,0,0,0,0,0,0,0,0,0,0,1,c4672507,0,0,1,Minor
2,2022-12-03,21:45:00,Saturday,Sideswipe - Same Direction,On Roadway,"Blacktop, Asphalt, Bituminous",No Defects,Darkness,Darkness - Road Lighted,"Two-Way, Divided, Positive Median Barrier",Not Provided,Rain,Straight - Level,Not Provided,No,Four Approaches,Not Provided,Traffic Signal,Wet,Intersection Area,Within Intersection,Yes - Working,No,2022,Winter,December,Nighttime,9:00pm - 11:59pm,21,Property Damage Crash,No,No,No,No,No,No,No,No,No,Yes,No,No,No,Multiple Vehicle Crashes,Hanover County,,Urban,37.64935,-77.40284,Non-Interstate,US-301N,301.0,CHAMBERLAYNE RD,83.9,Minor Arterial,At Intersection,ATLEE STATION RD,No,0,0,No,0,0,0,0,0,0,0,0,0,0,0,c5648506,0,0,1,Minor
2,2024-05-11,20:05:00,Saturday,Angle,On Roadway,"Blacktop, Asphalt, Bituminous",No Defects,Dusk,Dusk,"Two-Way, Not Divided",Not Provided,Rain,Straight - Level,Not Provided,No,Not at Intersection,Not Provided,Stop Sign,Wet,Intersection Area,Intersection Related - Within 150 Feet,Yes - Working,No,2024,Spring,May,Nighttime,6:00pm - 8:59pm,20,Property Damage Crash,No,No,No,No,No,No,No,No,No,No,No,No,No,Multiple Vehicle Crashes,Montgomery County,Christiansburg,Urban,37.1628,-80.42101,Non-Interstate,MARKET ST NE (PR - TOWN OF CHRISTIANSBURG),,MARKET ST,0.07,Local,Not at Intersection,,No,0,0,No,0,0,0,0,0,0,0,0,0,0,0,c5663875,0,0,1,Minor
3,2023-10-13,20:28:00,Friday,Other,On Roadway,"Blacktop, Asphalt, Bituminous",No Defects,Darkness,Darkness - Road Not Lighted,"Two-Way, Not Divided",Not Provided,No Adverse Condition (Clear/Cloud),Grade - Straight,Not Provided,No,Not at Intersection,Not Provided,No Traffic Control,Dry,Interchange Area,Main-Line Roadway,No Traffic Control Device Present,No,2023,Autumn,October,Nighttime,6:00pm - 8:59pm,20,Property Damage Crash,Yes,Yes,No,No,No,No,No,No,No,Yes,No,No,No,Multiple Vehicle Crashes,Winchester City,,Urban,39.18403,-78.14375,Non-Interstate,ELM ST (NP - CITY OF WINCHESTER),,ELM ST,0.17,Local,Not at Intersection,,No,0,0,No,0,0,0,0,0,0,0,0,0,0,0,c1623545,0,0,1,Minor
1,2024-05-10,20:29:00,Friday,Pedestrian,On Roadway,"Blacktop, Asphalt, Bituminous",No Defects,Dusk,Dusk,"Two-Way, Divided, Unprotected Median",Not Provided,No Adverse Condition (Clear/Cloud),Straight - Level,Not Provided,No,Not at Intersection,Not Provided,Traffic Lanes Marked,Dry,Intersection Area,Non-Intersection,Yes - Working,No,2024,Spring,May,Nighttime,6:00pm - 8:59pm,20,Injury Crash,No,No,No,Yes,No,No,No,No,No,No,No,No,No,Single Vehicle Crashes,Lynchburg City,,Urban,37.41185,-79.19868,Non-Interstate,UR-6044S (CITY OF LYNCHBURG),,OLD FOREST RD,1.99,Minor Arterial,Not at Intersection,,Yes,0,0,No,0,1,0,0,0,0,0,0,0,0,1,c0832956,0,0,1,Minor
2,2024-11-06,14:30:00,Wednesday,Rear End,On Roadway,"Blacktop, Asphalt, Bituminous",No Defects,Daylight,Daylight,"Two-Way, Not Divided",Not Provided,No Adverse Condition (Clear/Cloud),Straight - Level,Not Provided,No,Three Approaches,Not Provided,No Passing Lines,Dry,Intersection Area,Within Intersection,Yes - Working,No,2024,Autumn,November,Daytime,Noon - 2:59pm,14,Injury Crash,No,No,No,No,No,No,No,No,No,Yes,Yes,No,No,Multiple Vehicle Crashes,Grayson County,,Rural,36.61399,-81.19272,Non-Interstate,US-58W,58.0,WILSON HWAY,173.0,Other Principal Arterial,At Intersection,BATTLEFIELD DR,No,0,0,No,0,0,0,0,0,0,0,1,0,0,3,c1283611,0,1,0,Severe
2,2022-04-06,12:57:00,Wednesday,Sideswipe - Same Direction,On Roadway,"Blacktop, Asphalt, Bituminous",No Defects,Daylight,Daylight,"Two-Way, Not Divided",Not Provided,No Adverse Condition (Clear/Cloud),Grade - Straight,Not Provided,No,Four Approaches,Not Provided,Traffic Lanes Marked,Dry,Intersection Area,Intersection Related - Within 150 Feet,Yes - Working,No,2022,Spring,April,Daytime,Noon - 2:59pm,12,Property Damage Crash,No,No,No,No,No,No,No,No,No,Yes,No,No,No,Multiple Vehicle Crashes,Lynchburg City,,Urban,37.37024,-79.18367,Non-Interstate,SHEFFIELD DR (PR - CITY OF LYNCHBURG),,SHEFFIELD DR,0.0,Minor Collector,At Intersection,WARDS RD,Yes,0,0,No,0,0,0,0,0,0,0,0,0,0,0,c7375276,0,0,1,Minor
2,2022-10-26,00:37:00,Wednesday,Angle,On Roadway,"Blacktop, Asphalt, Bituminous",No Defects,Darkness,Darkness - Road Lighted,"Two-Way, Divided, Unprotected Median",Not Provided,No Adverse Condition (Clear/Cloud),Straight - Level,Not Provided,No,Four Approaches,Not Provided,Traffic Signal,Dry,Intersection Area,Within Intersection,Yes - Working,No,2022,Autumn,October,Nighttime,Midnight - 2:59am,0,Property Damage Crash,No,No,No,No,No,No,No,No,No,No,Yes,No,No,Multiple Vehicle Crashes,Fairfax City,,Urban,38.86462,-77.27576,Non-Interstate,US-50W,50.0,FAIRFAX BLVD,73.45,Other Principal Arterial,At Intersection,LEE HWY,No,0,0,No,0,0,0,0,0,0,0,0,0,0,0,c5389005,0,0,1,Minor
2,2024-11-13,15:35:00,Wednesday,Rear End,On Roadway,"Blacktop, Asphalt, Bituminous",No Defects,Daylight,Daylight,"Two-Way, Divided, Positive Median Barrier",Not Provided,No Adverse Condition (Clear/Cloud),Straight - Level,Not Provided,No,Four Approaches,Not Provided,Traffic Signal,Dry,Intersection Area,Intersection Related - Within 150 Feet,Yes - Working,No,2024,Autumn,November,Daytime,3:00pm - 5:59pm,15,Property Damage Crash,No,No,No,No,No,No,No,No,No,Yes,No,No,No,Multiple Vehicle Crashes,Goochland County,,Urban,37.5987,-77.64233,Non-Interstate,VA-6E,6.0,PATTERSON AVE,92.14,Other Principal Arterial,At Intersection,WEST CREEK PKWAY,No,0,0,No,0,0,0,0,0,0,0,0,0,0,0,c7650633,0,0,1,Minor
2,2024-12-10,09:26:00,Tuesday,Other,On Roadway,"Blacktop, Asphalt, Bituminous",No Defects,Daylight,Daylight,"Two-Way, Not Divided",Not Provided,Mist,Straight - Level,Not Provided,No,Three Approaches,Not Provided,Traffic Lanes Marked,Wet,Intersection Area,Intersection Related - Within 150 Feet,Yes - Working,No,2024,Winter,December,Daytime,9:00am - 11:59am,9,Injury Crash,No,No,No,No,No,No,No,No,No,No,No,No,No,Multiple Vehicle Crashes,Manassas City,,Urban,38.738,-77.48397,Non-Interstate,UR-2N (CITY OF MANASSAS),2.0,CLOVERHILL RD,1.06,Major Collector,At Intersection,FLOWERDEN LN,No,0,0,No,0,0,0,0,0,0,0,0,0,0,2,c2058644,0,1,0,Severe
1,2022-09-17,09:17:00,Saturday,Pedestrian,On Roadway,"Blacktop, Asphalt, Bituminous",No Defects,Daylight,Daylight,"Two-Way, Not Divided",Not Provided,No Adverse Condition (Clear/Cloud),Straight - Level,Not Provided,No,Four Approaches,Not Provided,Pedestrian Crosswalk,Dry,Intersection Area,Within Intersection,Yes - Working,No,2022,Autumn,September,Daytime,9:00am - 11:59am,9,Injury Crash,No,No,No,Yes,No,No,No,No,No,No,No,No,No,Single Vehicle Crashes,Lynchburg City,,Urban,37.40423,-79.16689,Non-Interstate,UR-6031W (CITY OF LYNCHBURG),,LAKESIDE DR,0.75,Minor Arterial,At Intersection,MEMORIAL AVE,No,0,0,No,0,1,0,0,0,0,0,0,0,0,1,c6836435,0,0,1,Minor
1,2024-01-26,22:32:00,Friday,Fixed Object - Off Road,On Roadway,"Blacktop, Asphalt, Bituminous",No Defects,Darkness,Darkness - Road Lighted,"Two-Way, Divided, Unprotected Median",Not Provided,No Adverse Condition (Clear/Cloud),Straight - Level,Not Provided,No,Four Approaches,Not Provided,Traffic Signal,Dry,Interchange Area,Main-Line Roadway,Yes - Working,No,2024,Winter,January,Nighttime,9:00pm - 11:59pm,22,Property Damage Crash,No,Yes,No,No,No,No,No,No,No,No,Yes,No,No,Single Vehicle Crashes,Fairfax County,,Urban,38.77599,-77.26811,Non-Interstate,SC-644E (FAIRFAX COUNTY),644.0,OLD KEENE MILL RD,1.34,Minor Arterial,At Intersection,SYDENSTRICKER RD,No,0,0,No,0,0,0,0,0,0,0,0,0,0,0,c3823325,0,0,1,Minor
2,2022-07-07,18:17:00,Thursday,Angle,On Roadway,"Blacktop, Asphalt, Bituminous",No Defects,Daylight,Daylight,"Two-Way, Divided, Unprotected Median",Not Provided,No Adverse Condition (Clear/Cloud),Straight - Level,Not Provided,No,Three Approaches,Not Provided,Stop Sign,Dry,Intersection Area,Within Intersection,Yes - Working,No,2022,Summer,July,Nighttime,6:00pm - 8:59pm,18,Property Damage Crash,No,No,No,No,No,No,No,No,No,Yes,No,No,No,Multiple Vehicle Crashes,Chesterfield County,,Urban,37.33091,-77.3231,Non-Interstate,VA-10E,10.0,HUNDRED RD,22.49,Other Principal Arterial,At Intersection,WALNUT DR,No,0,0,No,0,0,0,0,0,0,0,0,0,0,0,c0862682,0,0,1,Minor
2,2022-11-03,12:20:00,Thursday,Rear End,On Roadway,Concrete,No Defects,Daylight,Daylight,"Two-Way, Divided, Unprotected Median",Not Provided,No Adverse Condition (Clear/Cloud),Straight - Level,Not Provided,No,Four Approaches,Not Provided,Traffic Signal,Dry,Interchange Area,Main-Line Roadway,Yes - Working,No,2022,Autumn,November,Daytime,Noon - 2:59pm,12,Property Damage Crash,No,No,No,No,No,No,No,No,No,No,Yes,No,No,Multiple Vehicle Crashes,Alexandria City,,Urban,38.82168,-77.0438,Non-Interstate,VA-90005N,90005.0,GEORGE WASHINGTON MEMORIAL PKWY,10.66,Other Principal Arterial,At Intersection,SLATER'S LN,No,0,0,No,0,0,0,0,0,0,0,0,0,0,0,c0451111,0,0,1,Minor
1,2024-09-24,19:16:00,Tuesday,Non-Collision,On Roadway,"Blacktop, Asphalt, Bituminous",Slick Pavement,Dusk,Dusk,"Two-Way, Not Divided",Not Provided,Rain,Hillcrest - Curve,Not Provided,No,Not at Intersection,Not Provided,Traffic Lanes Marked,Wet,Interchange Area,Main-Line Roadway,No Traffic Control Device Present,No,2024,Autumn,September,Nighttime,6:00pm - 8:59pm,19,Property Damage Crash,No,No,No,No,No,No,No,No,No,Yes,No,No,No,Single Vehicle Crashes,Fairfax County,,Urban,38.74031,-77.33653,Non-Interstate,SC-643S (FAIRFAX COUNTY),643.0,HENDERSON RD,2.85,Major Collector,Not at Intersection,,No,0,0,No,0,0,0,0,0,0,0,0,0,0,0,c8855063,0,0,1,Minor
1,2024-02-19,15:27:00,Monday,Deer,On Roadway,"Blacktop, Asphalt, Bituminous",No Defects,Daylight,Daylight,"Two-Way, Not Divided",Not Provided,No Adverse Condition (Clear/Cloud),Straight - Level,Not Provided,No,Not at Intersection,Not Provided,Traffic Lanes Marked,Dry,Interchange Area,Main-Line Roadway,Yes - Working,No,2024,Winter,February,Daytime,3:00pm - 5:59pm,15,Property Damage Crash,No,No,No,No,No,No,No,No,No,No,No,No,No,Single Vehicle Crashes,Pulaski County,,Rural,37.02806,-80.57679,Non-Interstate,SC-693E (PULASKI COUNTY),693.0,LEAD MINE RD,17.55,Major Collector,Not at Intersection,,No,0,0,No,0,0,0,0,0,0,0,0,0,0,0,c8996763,0,0,1,Minor
2,2023-10-12,19:38:00,Thursday,Rear End,On Roadway,"Blacktop, Asphalt, Bituminous",No Defects,Dusk,Dusk,"Two-Way, Divided, Unprotected Median",Not Provided,No Adverse Condition (Clear/Cloud),Straight - Level,Not Provided,No,Four Approaches,Not Provided,Traffic Signal,Dry,Intersection,Intersection Related - Outside 150 Feet,Yes - Working,No,2023,Autumn,October,Nighttime,6:00pm - 8:59pm,19,Property Damage Crash,No,No,No,No,No,No,No,No,No,No,No,No,No,Multiple Vehicle Crashes,Chesterfield County,,Urban,37.35539,-77.4162,Non-Interstate,VA-10E,10.0,HUNDRED RD,16.84,Other Principal Arterial,At Intersection,ACCESS,No,0,0,No,0,0,0,0,0,0,0,0,0,0,0,c4643369,0,0,1,Minor
2,2023-12-14,10:26:00,Thursday,Angle,On Roadway,"Blacktop, Asphalt, Bituminous",No Defects,Daylight,Daylight,"Two-Way, Divided, Positive Median Barrier",Not Provided,No Adverse Condition (Clear/Cloud),Straight - Level,Not Provided,No,Four Approaches,Not Provided,Traffic Lanes Marked,Dry,Intersection Area,Within Intersection,Yes - Working,No,2023,Winter,December,Daytime,9:00am - 11:59am,10,Property Damage Crash,No,No,No,No,No,No,No,No,No,Yes,No,No,No,Multiple Vehicle Crashes,Va. Beach City,,Urban,36.78424,-76.00045,Non-Interstate,UR-8669S (CITY OF VIRGINIA BEACH),,GENERAL BOOTH BLVD,18.45,Minor Arterial,Not at Intersection,,No,0,0,No,0,0,0,0,0,0,0,0,0,0,0,c4119459,0,0,1,Minor
2,2023-01-26,07:12:00,Thursday,Other,On Roadway,"Blacktop, Asphalt, Bituminous",No Defects,Dawn,Dawn,"Two-Way, Not Divided",Not Provided,No Adverse Condition (Clear/Cloud),Curve - Level,Not Provided,No,Not at Intersection,Not Provided,No Traffic Control,Icy,Interchange Area,Main-Line Roadway,No Traffic Control Device Present,No,2023,Winter,January,Daytime,6:00am - 8:59am,7,Property Damage Crash,No,Yes,No,No,No,No,No,No,No,No,No,No,No,Multiple Vehicle Crashes,Albemarle County,,Rural,38.08759,-78.41026,Non-Interstate,SC-649N (ALBEMARLE COUNTY),649.0,PROFFIT RD,0.56,Major Collector,Not at Intersection,,No,0,0,No,0,0,0,0,0,0,0,0,0,0,0,c4280275,0,0,1,Minor
2,2022-04-11,10:00:00,Monday,Angle,On Roadway,"Blacktop, Asphalt, Bituminous",No Defects,Daylight,Daylight,"Two-Way, Divided, Unprotected Median",Not Provided,No Adverse Condition (Clear/Cloud),Straight - Level,Not Provided,No,Four Approaches,Not Provided,Stop Sign,Dry,Intersection Area,Within Intersection,Yes - Working,No,2022,Spring,April,Daytime,9:00am - 11:59am,10,Injury Crash,No,Yes,No,No,No,No,No,No,No,No,No,No,No,Multiple Vehicle Crashes,Hampton City,,Urban,37.02209,-76.43426,Non-Interstate,ORCUTT AVE (NP - CITY OF HAMPTON),,ORCUTT AVE,0.03,Local,At Intersection,81ST ST,No,0,0,No,0,0,0,0,0,0,0,0,0,0,1,c7286219,0,0,1,Minor
2,2022-06-04,23:06:00,Saturday,Angle,On Roadway,"Blacktop, Asphalt, Bituminous",No Defects,Darkness,Darkness - Road Lighted,"Two-Way, Divided, Unprotected Median",Not Provided,No Adverse Condition (Clear/Cloud),Straight - Level,Not Provided,No,Four Approaches,Not Provided,Pedestrian Crosswalk,Dry,Intersection Area,Within Intersection,Yes - Working,No,2022,Summer,June,Nighttime,9:00pm - 11:59pm,23,Property Damage Crash,No,No,No,No,No,No,No,No,No,Yes,No,No,No,Multiple Vehicle Crashes,Va. Beach City,,Urban,36.84323,-75.97498,Non-Interstate,15TH ST (PR - CITY OF VIRGINIA BEACH),,15TH ST,0.07,Local,At Intersection,PACIFIC AVE,No,0,0,No,0,0,0,0,0,0,0,0,0,0,0,c9173622,0,0,1,Minor
2,2024-05-02,18:04:00,Thursday,Rear End,On Roadway,"Blacktop, Asphalt, Bituminous",No Defects,Daylight,Daylight,"Two-Way, Divided, Unprotected Median",Not Provided,No Adverse Condition (Clear/Cloud),Straight - Level,Not Provided,No,Four Approaches,Not Provided,Traffic Signal,Dry,Intersection Area,Intersection Related - Within 150 Feet,Yes - Working,No,2024,Spring,May,Nighttime,6:00pm - 8:59pm,18,Property Damage Crash,No,No,No,No,No,No,No,No,No,No,No,No,No,Multiple Vehicle Crashes,Loudoun County,,Urban,38.9367,-77.53821,Non-Interstate,US-50E,50.0,JOHN MOSBY HWY,57.77,Minor Arterial,At Intersection,GUM SPRING RD,No,0,0,No,0,0,0,0,0,0,0,0,0,0,0,c5267757,0,0,1,Minor
1,2024-06-16,17:00:00,Sunday,Fixed Object - Off Road,Roadside,"Blacktop, Asphalt, Bituminous",No Defects,Daylight,Daylight,"Two-Way, Not Divided",Not Provided,No Adverse Condition (Clear/Cloud),Grade - Straight,Not Provided,No,Three Approaches,Not Provided,Stop Sign,Dry,Intersection Area,Within Intersection,Yes - Working,No,2024,Summer,June,Daytime,3:00pm - 5:59pm,17,Property Damage Crash,No,No,No,No,No,No,No,No,No,Yes,No,No,No,Single Vehicle Crashes,Arlington County,,Urban,38.84713,-77.05711,Non-Interstate,S GRANT ST (NP - ARLINGTON COUNTY),0.0,GRANT ST,0.72,Local,At Intersection,29TH ST,No,0,0,No,0,0,0,0,0,0,0,0,0,0,0,c2375157,0,0,1,Minor
1,2022-07-15,09:10:00,Friday,Fixed Object - Off Road,"Off Roadway, Location Unknown","Blacktop, Asphalt, Bituminous",Loose Material,Daylight,Daylight,"Two-Way, Not Divided",Not Provided,No Adverse Condition (Clear/Cloud),Grade - Straight,Not Provided,No,Not at Intersection,Not Provided,No Passing Lines,"Sand, Dirt, Gravel",Intersection Area,Non-Intersection,Yes - Working,No,2022,Summer,July,Daytime,9:00am - 11:59am,9,Property Damage Crash,No,No,No,No,No,No,No,No,No,No,No,No,No,Single Vehicle Crashes,Buchanan County,,Rural,37.14617,-82.03139,Non-Interstate,SC-624S (BUCHANAN COUNTY),624.0,GARDEN CREEK RD,3.5,Major Collector,Not at Intersection,,No,0,0,No,0,0,0,0,0,0,0,0,0,0,0,c9316972,0,0,1,Minor
4,2023-06-10,20:34:00,Saturday,Other,Roadside,Concrete,No Defects,Daylight,Daylight,"Two-Way, Not Divided",Not Provided,No Adverse Condition (Clear/Cloud),Straight - Level,Not Provided,No,Four Approaches,Not Provided,No Traffic Control,Dry,Intersection Area,Intersection Related - Within 150 Feet,No Traffic Control Device Present,No,2023,Summer,June,Nighttime,6:00pm - 8:59pm,20,Property Damage Crash,No,Yes,No,No,No,No,No,No,No,No,No,No,No,Multiple Vehicle Crashes,Winchester City,,Urban,39.18866,-78.15661,Non-Interstate,KERN ST (NP - CITY OF WINCHESTER),,KERN ST,0.21,Local,At Intersection,SMITHFIELD AVE,No,0,0,No,0,0,0,0,0,0,0,0,0,0,0,c7032423,0,0,1,Minor