NumberOfVehicles,CrashDate,CrashTime,DayOfWeek,TypeOfCollision,LocationOfFirstHarmfulEvent,RoadwaySurfaceType,RoadwayDefect,LightCondition_Category,LightCondition_Value,RoadwayDescription,WorkZoneLocation,WeatherCondition,RoadwayAlignment,WorkZoneWorkersPresent,SchoolZone,IntersectionType,WorkZoneType,TrafficControlType,RoadwaySurfaceCondition,RelationToRoadway_Category,RelationToRoadway_Value,TrafficControlMechanicalDevice,WorkZoneRelated,Year,Meteorological Season,MonthName,DaytimeNighttime_NHTSA,ThreeHourLabel,Hour,CrashType,AlcoholInvolved,SpeedRelated,CommercialMotorVehiclesInvolved,PedestrianInvolved,BicycleInvolved,MotorcycleInvolved,MopedInvolved,TrainRelated,SchoolZoneInvolved,TeenDriverInvolved,DistractedDriverInvolved,DriverTextingInvolved,DriverUsingCellPhone,Single_Multi_Vehicle,Jurisdiction,TownName,LocationTypeName,Latitude,Longitude,Interstate_NonInterstate,RoadName,RouteNumber,RouteName,MileMarker,FunctionalClassCode,AtIntersection,SecondaryLocation,MatureDriverInvolved,MatureDriverFatalities,MatureDriverInjuries,LargeTruckInvolved,PedestrianFatalities,PedestrianInjuries,MotorcycleFatalities,MotorcycleInjuries,BicycleFatalities,BicycleInjuries,DistractedDriverFatalities,DistractedDriverInjuries,UnrestrainedInjuries,Number_Of_Fatalities,Number_Of_Injuries,Crash_UID,Is_Fatal,Is_Severe,Is_Minor,SeverityLabel
1,2022-11-03,00:18:00,Thursday,Fixed Object in Road,On Roadway,"Blacktop, Asphalt, Bituminous",No Defects,Darkness,Darkness - Road Not Lighted,"Two-Way, Divided, Unprotected Median",Not Provided,No Adverse Condition (Clear/Cloud),Straight - Level,Not Provided,No,Four Approaches,Not Provided,Traffic Signal,Dry,Intersection Area,Intersection Related - Within 150 Feet,Yes - Working,No,2022,Autumn,November,Nighttime,Midnight - 2:59am,0,Injury Crash,No,No,No,No,No,No,No,No,No,No,No,No,No,Single Vehicle Crashes,James City County,,Urban,37.2506,-76.72797,Non-Interstate,VA-199W,199.0,HUMELSINE PKWY,8.34,Other Freeways and Expressways,At Intersection,BROOKWOOD DR,No,0,0,No,0,0,0,0,0,0,0,0,0,0,1,c5286026,0,0,1,Minor
2,2023-04-27,08:37:00,Thursday,Rear End,On Roadway,Concrete,No Defects,Daylight,Daylight,"One-Way, Not Divided",Not Provided,No Adverse Condition (Clear/Cloud),Straight - Level,Not Provided,No,Not at Intersection,Not Provided,Traffic Lanes Marked,Dry,Intersection Area,Non-Intersection,Yes - Working,No,2023,Spring,April,Daytime,6:00am - 8:59am,8,Property Damage Crash,No,No,No,No,No,No,No,No,No,No,No,No,No,Multiple Vehicle Crashes,Newport News City,,Urban,36.93087,-76.40672,Interstate,I-664N,664.0,I-664,8.76,Interstate,Not at Intersection,,Yes,0,0,No,0,0,0,0,0,0,0,0,0,0,0,c5315884,0,0,1,Minor
3,2024-11-30,20:39:00,Saturday,Rear End,On Roadway,"Blacktop, Asphalt, Bituminous",No Defects,Darkness,Darkness - Unknown Road Lighting,"Two-Way, Divided, Positive Median Barrier",Not Provided,No Adverse Condition (Clear/Cloud),Straight - Level,Not Provided,No,Four Approaches,Not Provided,Traffic Signal,Dry,Intersection Area,Intersection Related - Within 150 Feet,Yes - Working,No,2024,Autumn,November,Nighttime,6:00pm - 8:59pm,20,Property Damage Crash,Yes,No,No,No,No,No,No,No,No,Yes,No,No,No,Multiple Vehicle Crashes,Chesterfield County,,Urban,37.44638,-77.44051,Non-Interstate,US-1N,1.0,VA-1,86.38,Other Principal Arterial,At Intersection,ACCESS,No,0,0,No,0,0,0,0,0,0,0,0,0,0,0,c3699055,0,0,1,Minor
4,2022-10-28,12:11:00,Friday,Angle,On Roadway,"Blacktop, Asphalt, Bituminous",No Defects,Daylight,Daylight,"Two-Way, Divided, Unprotected Median",Not Provided,No Adverse Condition (Clear/Cloud),Straight - Level,Not Provided,No,Four Approaches,Not Provided,Traffic Signal,Dry,Interchange Area,Main-Line Roadway,Yes - Working,No,2022,Autumn,October,Daytime,Noon - 2:59pm,12,Injury Crash,No,No,No,No,No,No,No,No,No,No,No,No,No,Multiple Vehicle Crashes,Hampton City,,Urban,37.03193,-76.40583,Non-Interstate,WEAVER RD W (NP - CITY OF HAMPTON),,WEAVER RD,0.0,Local,At Intersection,ABERDEEN RD,Yes,0,1,No,0,0,0,0,0,0,0,0,0,0,5,c8261864,0,1,0,Severe
2,2023-03-08,08:51:00,Wednesday,Rear End,On Roadway,"Blacktop, Asphalt, Bituminous",No Defects,Daylight,Daylight,"Two-Way, Divided, Positive Median Barrier",Not Provided,No Adverse Condition (Clear/Cloud),Straight - Level,Not Provided,No,Not at Intersection,Not Provided,Traffic Lanes Marked,Dry,Interchange Area,Collector/Distributor Road,Yes - Working,No,2023,Spring,March,Daytime,6:00am - 8:59am,8,Property Damage Crash,No,Yes,No,No,No,No,No,No,No,Yes,No,No,No,Multiple Vehicle Crashes,Fairfax County,,Urban,38.80631,-77.21372,Interstate,I-495N,495.0,I-495,3.31,Interstate,Not at Intersection,,No,0,0,No,0,0,0,0,0,0,0,0,0,0,0,c8274922,0,0,1,Minor
2,2024-04-18,08:00:00,Thursday,Rear End,On Roadway,"Blacktop, Asphalt, Bituminous",No Defects,Daylight,Daylight,"Two-Way, Divided, Positive Median Barrier",Not Provided,No Adverse Condition (Clear/Cloud),Straight - Level,Not Provided,No,Not at Intersection,Not Provided,Traffic Lanes Marked,Dry,Intersection Area,Non-Intersection,Yes - Working,No,2024,Spring,April,Daytime,6:00am - 8:59am,8,Injury Crash,No,No,No,No,No,No,No,No,No,No,No,No,No,Multiple Vehicle Crashes,Chesapeake City,,Urban,36.77604,-76.25081,Interstate,I-64W,64.0,I-64,290.96,Interstate,Not at Intersection,,Yes,0,1,No,0,0,0,0,0,0,0,0,0,0,2,c0563184,0,1,0,Severe
2,2022-02-28,18:37:00,Monday,Angle,On Roadway,"Blacktop, Asphalt, Bituminous",No Defects,Darkness,Darkness - Road Not Lighted,"Two-Way, Divided, Positive Median Barrier",Not Provided,No Adverse Condition (Clear/Cloud),Straight - Level,Not Provided,No,Not at Intersection,Not Provided,Traffic Lanes Marked,Dry,Intersection Area,Non-Intersection,Yes - Working,No,2022,Winter,February,Nighttime,6:00pm - 8:59pm,18,Property Damage Crash,No,No,No,No,No,No,No,No,No,No,No,No,No,Multiple Vehicle Crashes,Prince William County,,Urban,38.62539,-77.28705,Non-Interstate,SC-784E (PRINCE WILLIAM COUNTY),784.0,DALE BLVD,7.58,Minor Arterial,At Intersection,NEABSCO MILLS RD,No,0,0,No,0,0,0,0,0,0,0,0,0,0,0,c0357017,0,0,1,Minor
3,2022-03-31,15:30:00,Thursday,Rear End,On Roadway,"Blacktop, Asphalt, Bituminous",No Defects,Daylight,Daylight,"Two-Way, Not Divided",Not Provided,Rain,Straight - Level,Not Provided,No,Not at Intersection,Not Provided,No Traffic Control,Wet,Intersection Area,Non-Intersection,No Traffic Control Device Present,No,2022,Spring,March,Daytime,3:00pm - 5:59pm,15,Property Damage Crash,No,No,No,No,No,No,No,No,No,No,No,No,No,Multiple Vehicle Crashes,Richmond City,,Urban,37.52784,-77.43462,Non-Interstate,US-360W,360.0,14TH ST,140.12,Other Principal Arterial,Not at Intersection,,No,0,0,No,0,0,0,0,0,0,0,0,0,0,0,c1986361,0,0,1,Minor
2,2024-02-11,19:16:00,Sunday,Other,On Roadway,"Blacktop, Asphalt, Bituminous",No Defects,Darkness,Darkness - Road Lighted,"Two-Way, Divided, Positive Median Barrier",Not Provided,Rain,Grade - Curve,Not Provided,No,Four Approaches,Not Provided,Traffic Signal,Wet,Interchange Area,Main-Line Roadway,Yes - Working,No,2024,Winter,February,Nighttime,6:00pm - 8:59pm,19,Property Damage Crash,Yes,Yes,No,No,No,No,No,No,No,No,No,No,No,Multiple Vehicle Crashes,Fairfax County,,Urban,38.84349,-77.14186,Non-Interstate,VA-244E,244.0,COLUMBIA PIKE,3.24,Other Principal Arterial,At Intersection,POWELL LN,No,0,0,No,0,0,0,0,0,0,0,0,0,0,0,c5696572,0,0,1,Minor
2,2022-04-03,14:54:00,Sunday,Rear End,On Roadway,"Blacktop, Asphalt, Bituminous",No Defects,Daylight,Daylight,"Two-Way, Not Divided",Not Provided,No Adverse Condition (Clear/Cloud),Straight - Level,Not Provided,No,Not at Intersection,Not Provided,Traffic Lanes Marked,Dry,Other Location,"Driveway, Alley-Access - Related",Yes - Working,No,2022,Spring,April,Daytime,Noon - 2:59pm,14,Injury Crash,No,No,No,No,No,No,No,No,No,Yes,No,No,No,Multiple Vehicle Crashes,Chesapeake City,,Urban,36.65458,-76.20077,Non-Interstate,CENTERVILLE TPK (NP - CITY OF CHESAPEAKE),,CENTERVILLE TPKE,1.59,Minor Arterial,Not at Intersection,,No,0,0,No,0,0,0,0,0,0,0,0,0,0,1,c6757779,0,0,1,Minor
2,2024-07-02,17:38:00,Tuesday,Angle,On Roadway,"Blacktop, Asphalt, Bituminous",No Defects,Daylight,Daylight,"Two-Way, Not Divided",Not Provided,No Adverse Condition (Clear/Cloud),Straight - Level,Not Provided,No,Three Approaches,Not Provided,No Passing Lines,Dry,Intersection Area,Within Intersection,Yes - Working,No,2024,Summer,July,Daytime,3:00pm - 5:59pm,17,Injury Crash,No,No,No,No,No,No,No,No,No,Yes,No,No,No,Multiple Vehicle Crashes,Pittsylvania County,,Urban,36.67682,-79.4397,Non-Interstate,SC-719S (PITTSYLVANIA COUNTY),719.0,GOLF CLUB RD,9.81,Major Collector,At Intersection,ROBERTSON LN,No,0,0,No,0,0,0,0,0,0,0,0,0,0,3,c4531543,0,1,0,Severe
2,2022-05-15,13:45:00,Sunday,Angle,On Roadway,"Blacktop, Asphalt, Bituminous",No Defects,Daylight,Daylight,"Two-Way, Not Divided",Not Provided,No Adverse Condition (Clear/Cloud),Grade - Curve,Not Provided,No,Four Approaches,Not Provided,Stop Sign,Dry,Intersection Area,Within Intersection,Yes - Working,No,2022,Spring,May,Daytime,Noon - 2:59pm,13,Injury Crash,No,No,No,No,No,Yes,No,No,No,No,No,No,No,Multiple Vehicle Crashes,Chesterfield County,,Urban,37.44572,-77.56641,Non-Interstate,SC-763S (CHESTERFIELD COUNTY),763.0,FORDHAM RD,1.3,Local,At Intersection,PAULHILL RD,No,0,0,No,0,0,0,1,0,0,0,0,0,0,1,c8285900,0,0,1,Minor
2,2023-03-01,16:54:00,Wednesday,Rear End,On Roadway,"Blacktop, Asphalt, Bituminous",No Defects,Daylight,Daylight,"Two-Way, Not Divided",Not Provided,No Adverse Condition (Clear/Cloud),Straight - Level,Not Provided,No,Three Approaches,Not Provided,Traffic Signal,Dry,Intersection Area,Within Intersection,Yes - Working,No,2023,Spring,March,Daytime,3:00pm - 5:59pm,16,Property Damage Crash,No,No,No,No,No,No,No,No,No,No,No,No,No,Multiple Vehicle Crashes,Winchester City,,Urban,39.15518,-78.1776,Non-Interstate,PAPERMILL RD (PR - CITY OF WINCHESTER),,PAPERMILL RD,0.44,Major Collector,At Intersection,HOPE DR,No,0,0,No,0,0,0,0,0,0,0,0,0,0,0,c9876790,0,0,1,Minor
1,2022-07-23,01:14:00,Saturday,Fixed Object - Off Road,Roadside,"Blacktop, Asphalt, Bituminous",No Defects,Darkness,Darkness - Road Lighted,"Two-Way, Divided, Unprotected Median",Activity Area,No Adverse Condition (Clear/Cloud),Straight - Level,No Workers Present,No,Four Approaches,Work on Shoulder or Median,Traffic Signal,Dry,Intersection Area,Intersection Related - Within 150 Feet,Yes - Working,Yes,2022,Summer,July,Nighttime,Midnight - 2:59am,1,Property Damage Crash,Yes,Yes,No,No,No,No,No,No,No,Yes,No,No,No,Single Vehicle Crashes,Fairfax County,,Urban,38.99461,-77.33652,Non-Interstate,VA-7E,7.0,LEESBURG PIKE,51.95,Other Principal Arterial,At Intersection,RESTON PKWY,No,0,0,No,0,0,0,0,0,0,0,0,0,0,0,c8829845,0,0,1,Minor
1,2024-05-01,18:55:00,Wednesday,Fixed Object - Off Road,Roadside,"Blacktop, Asphalt, Bituminous",No Defects,Daylight,Daylight,"Two-Way, Not Divided",Not Provided,No Adverse Condition (Clear/Cloud),Hillcrest - Curve,Not Provided,No,Not at Intersection,Not Provided,No Passing Lines,Dry,Intersection Area,Non-Intersection,Yes - Working,No,2024,Spring,May,Nighttime,6:00pm - 8:59pm,18,Injury Crash,No,Yes,No,No,No,Yes,No,No,No,No,No,No,No,Single Vehicle Crashes,Patrick County,,Rural,36.57302,-80.48719,Non-Interstate,SC-614S (PATRICK COUNTY),614.0,UNITY CHURCH RD,1.69,Major Collector,Not at Intersection,,No,0,0,No,0,0,0,1,0,0,0,0,0,0,1,c5572889,0,0,1,Minor
2,2023-12-14,10:50:00,Thursday,Rear End,On Roadway,"Blacktop, Asphalt, Bituminous",No Defects,Daylight,Daylight,"One-Way, Not Divided",Not Provided,No Adverse Condition (Clear/Cloud),Straight - Level,Not Provided,No,Four Approaches,Not Provided,Yield Sign,Dry,Interchange Area,On Entrance/Exit Ramp,Yes - Working,No,2023,Winter,December,Daytime,9:00am - 11:59am,10,Property Damage Crash,No,No,No,No,No,No,No,No,No,No,Yes,No,No,Multiple Vehicle Crashes,Rockbridge County,,Urban,37.76941,-79.44723,Non-Interstate,US-11N RAMP 202A,11.0,LEE HWY RAMP,0.03,Minor Arterial,At Intersection,LINK RD,Yes,0,0,No,0,0,0,0,0,0,0,0,0,0,0,c5756006,0,0,1,Minor
2,2024-08-21,14:43:00,Wednesday,Other,On Roadway,"Blacktop, Asphalt, Bituminous",No Defects,Daylight,Daylight,"Two-Way, Divided, Positive Median Barrier",Not Provided,No Adverse Condition (Clear/Cloud),Straight - Level,Not Provided,No,Not at Intersection,Not Provided,Traffic Signal,Dry,Interchange Area,Main-Line Roadway,Yes - Working,No,2024,Summer,August,Daytime,Noon - 2:59pm,14,Injury Crash,No,No,No,No,No,No,No,No,No,No,No,No,No,Multiple Vehicle Crashes,Hopewell City,,Urban,37.2829,-77.30278,Non-Interstate,VA-36E,36.0,WINSTON CHURCHILL DR,14.35,Other Principal Arterial,At Intersection,SUNNYSIDE AVE,Yes,0,0,No,0,0,0,0,0,0,0,0,0,0,3,c8515816,0,1,0,Severe
2,2022-04-23,02:15:00,Saturday,Head On,On Roadway,"Blacktop, Asphalt, Bituminous",No Defects,Dusk,Dusk,"Two-Way, Divided, Positive Median Barrier",Not Provided,No Adverse Condition (Clear/Cloud),Straight - Level,Not Provided,No,Roundabout,Not Provided,Traffic Signal,Dry,Intersection Area,Within Intersection,Yes - Working,No,2022,Spring,April,Nighttime,Midnight - 2:59am,2,Property Damage Crash,No,No,No,No,No,No,No,No,No,No,No,No,No,Multiple Vehicle Crashes,Richmond City,,Urban,37.58407,-77.46256,Non-Interstate,VA-197E,197.0,LABURNUM AVE,2.75,Other Principal Arterial,At Intersection,HERMITAGE RD,No,0,0,No,0,0,0,0,0,0,0,0,0,0,0,c8251333,0,0,1,Minor
1,2023-03-17,12:00:00,Friday,Fixed Object - Off Road,Shoulder,"Blacktop, Asphalt, Bituminous",No Defects,Daylight,Daylight,"Two-Way, Not Divided",Not Provided,Rain,Curve - Level,Not Provided,No,Not at Intersection,Not Provided,Traffic Lanes Marked,Wet,Intersection Area,Non-Intersection,Yes - Working,No,2023,Spring,March,Daytime,Noon - 2:59pm,12,Injury Crash,No,Yes,No,No,No,No,No,No,No,Yes,No,No,No,Single Vehicle Crashes,Buckingham County,,Rural,37.64769,-78.29502,Non-Interstate,SC-610W (BUCKINGHAM COUNTY),610.0,CARTERSVILLE RD,8.59,Major Collector,At Intersection,RANDOLPH CREEK RD,No,0,0,No,0,0,0,0,0,0,0,0,1,0,1,c4358077,0,0,1,Minor
2,2024-07-15,08:27:00,Monday,Rear End,On Roadway,"Blacktop, Asphalt, Bituminous",No Defects,Daylight,Daylight,"Two-Way, Divided, Unprotected Median",Not Provided,No Adverse Condition (Clear/Cloud),Straight - Level,Not Provided,No,Not at Intersection,Not Provided,Traffic Lanes Marked,Dry,Intersection Area,Non-Intersection,Yes - Working,No,2024,Summer,July,Daytime,6:00am - 8:59am,8,Property Damage Crash,No,No,No,No,No,No,No,No,No,No,No,No,No,Multiple Vehicle Crashes,Spotsylvania County,,Urban,38.24285,-77.49904,Non-Interstate,US-1N,1.0,PATRIOT HWAY,142.95,Other Principal Arterial,Not at Intersection,,No,0,0,No,0,0,0,0,0,0,0,0,0,0,0,c8182451,0,0,1,Minor
2,2023-01-16,11:12:00,Monday,Sideswipe - Same Direction,On Roadway,"Blacktop, Asphalt, Bituminous",No Defects,Daylight,Daylight,"Two-Way, Divided, Unprotected Median",Not Provided,No Adverse Condition (Clear/Cloud),Straight - Level,Not Provided,No,Not at Intersection,Not Provided,No Traffic Control,Dry,Interchange Area,Main-Line Roadway,No Traffic Control Device Present,No,2023,Winter,January,Daytime,9:00am - 11:59am,11,Property Damage Crash,No,No,No,No,No,No,No,No,No,No,No,No,No,Multiple Vehicle Crashes,Charlottesville City,,Urban,38.03255,-78.49446,Non-Interstate,BUS US-250E (1 CITY OF CHARLOTTESVILLE),250.0,MAIN ST,2.22,Other Principal Arterial,At Intersection,10TH ST,No,0,0,No,0,0,0,0,0,0,0,0,0,0,0,c3351619,0,0,1,Minor
3,2022-12-24,17:41:00,Saturday,Rear End,On Roadway,"Blacktop, Asphalt, Bituminous",No Defects,Darkness,Darkness - Road Lighted,"Two-Way, Divided, Unprotected Median",Not Provided,No Adverse Condition (Clear/Cloud),Straight - Level,Not Provided,No,Four Approaches,Not Provided,Traffic Signal,Dry,Intersection Area,Intersection Related - Within 150 Feet,Yes - Working,No,2022,Winter,December,Daytime,3:00pm - 5:59pm,17,Injury Crash,Yes,No,No,No,No,No,No,No,No,No,Yes,No,Yes,Multiple Vehicle Crashes,Fredericksburg City,,Rural,38.31257,-77.506,Non-Interstate,UR-3965N (CITY OF FREDERICKSBURG),,FALL HILL AVE,3.28,Major Collector,At Intersection,HOSPITALITY LN,No,0,0,No,0,0,0,0,0,0,0,1,0,0,3,c0837482,0,1,0,Severe
2,2024-06-23,04:10:00,Sunday,Rear End,On Roadway,"Blacktop, Asphalt, Bituminous",No Defects,Darkness,Darkness - Road Not Lighted,"Two-Way, Divided, Positive Median Barrier",Not Provided,No Adverse Condition (Clear/Cloud),Straight - Level,Not Provided,No,Not at Intersection,Not Provided,Traffic Lanes Marked,Dry,Intersection Area,Non-Intersection,Yes - Working,No,2024,Summer,June,Nighttime,3:00am - 5:59am,4,Property Damage Crash,Yes,Yes,No,No,No,No,No,No,No,No,No,No,No,Multiple Vehicle Crashes,Spotsylvania County,,Rural,38.15234,-77.50636,Interstate,I-95N,95.0,I-95,119.73,Interstate,Not at Intersection,,No,0,0,No,0,0,0,0,0,0,0,0,0,0,0,c3579094,0,0,1,Minor
1,2024-04-01,15:00:00,Monday,Fixed Object - Off Road,Shoulder,"Blacktop, Asphalt, Bituminous",No Defects,Daylight,Daylight,"One-Way, Not Divided",Not Provided,No Adverse Condition (Clear/Cloud),On/Off Ramp,Not Provided,No,Not at Intersection,Not Provided,Traffic Lanes Marked,Dry,Interchange Area,On Entrance/Exit Ramp,Yes - Working,No,2024,Spring,April,Daytime,3:00pm - 5:59pm,15,Property Damage Crash,No,Yes,No,No,No,No,No,No,No,No,No,No,No,Single Vehicle Crashes,Emporia City,,Urban,36.70251,-77.55092,Interstate,I-95S RAMP 11A,95.0,I-95 RAMP,0.08,Interstate,Not at Intersection,,No,0,0,No,0,0,0,0,0,0,0,0,0,0,0,c6407634,0,0,1,Minor
2,2024-10-31,06:55:00,Thursday,Rear End,On Roadway,"Blacktop, Asphalt, Bituminous",No Defects,Daylight,Daylight,"Two-Way, Divided, Positive Median Barrier",Not Provided,No Adverse Condition (Clear/Cloud),Straight - Level,Not Provided,No,Not at Intersection,Not Provided,Highway Safety Corridor,Dry,Intersection Area,Non-Intersection,Yes - Working,No,2024,Autumn,October,Daytime,6:00am - 8:59am,6,Property Damage Crash,No,Yes,No,No,No,No,No,No,No,No,No,No,No,Multiple Vehicle Crashes,Richmond City,,Urban,37.55126,-77.43951,Interstate,I-95N,95.0,I-95,75.58,Interstate,Not at Intersection,,No,0,0,No,0,0,0,0,0,0,0,0,0,0,0,c6606650,0,0,1,Minor
2,2022-04-13,16:56:00,Wednesday,Other,On Roadway,"Blacktop, Asphalt, Bituminous",No Defects,Daylight,Daylight,"Two-Way, Divided, Positive Median Barrier",Not Provided,No Adverse Condition (Clear/Cloud),Grade - Straight,Not Provided,No,Three Approaches,Not Provided,Traffic Signal,Dry,Intersection Area,Within Intersection,Yes - Working,No,2022,Spring,April,Daytime,3:00pm - 5:59pm,16,Injury Crash,No,No,No,No,No,No,No,No,No,No,No,No,No,Multiple Vehicle Crashes,Fairfax County,,Urban,38.83863,-77.43007,Non-Interstate,US-29N,29.0,LEE HWY,228.59,Other Principal Arterial,Not at Intersection,,Yes,0,1,No,0,0,0,0,0,0,0,0,0,0,1,c7818142,0,0,1,Minor
1,2022-05-20,07:30:00,Friday,Fixed Object - Off Road,Shoulder,"Blacktop, Asphalt, Bituminous",No Defects,Daylight,Daylight,"Two-Way, Not Divided",Not Provided,No Adverse Condition (Clear/Cloud),Curve - Level,Not Provided,No,Not at Intersection,Not Provided,Traffic Lanes Marked,Dry,Intersection Area,Non-Intersection,Yes - Working,No,2022,Spring,May,Daytime,6:00am - 8:59am,7,Injury Crash,No,No,No,No,No,No,No,No,No,No,No,No,No,Single Vehicle Crashes,Mecklenburg County,,Rural,36.58878,-78.29091,Non-Interstate,VA-4S,4.0,BUGGS ISLAND RD,3.98,Major Collector,Not at Intersection,,Yes,0,1,No,0,0,0,0,0,0,0,0,0,0,1,c0203595,0,0,1,Minor
2,2023-01-15,18:23:00,Sunday,Angle,On Roadway,"Blacktop, Asphalt, Bituminous",No Defects,Darkness,Darkness - Road Lighted,"Two-Way, Divided, Positive Median Barrier",Not Provided,No Adverse Condition (Clear/Cloud),Straight - Level,Not Provided,No,Four Approaches,Not Provided,Traffic Signal,Dry,Interchange Area,Main-Line Roadway,Yes - Working,No,2023,Winter,January,Nighttime,6:00pm - 8:59pm,18,Property Damage Crash,No,No,No,No,No,No,No,No,No,Yes,No,No,No,Multiple Vehicle Crashes,Roanoke City,,Urban,37.28294,-79.92464,Non-Interstate,US-460E,460.0,ORANGE AVE,156.04,Other Principal Arterial,At Intersection,HOLLINS RD,No,0,0,No,0,0,0,0,0,0,0,0,0,0,0,c5855205,0,0,1,Minor
2,2023-07-14,16:25:00,Friday,Angle,On Roadway,"Blacktop, Asphalt, Bituminous",No Defects,Daylight,Daylight,"Two-Way, Not Divided",Not Provided,No Adverse Condition (Clear/Cloud),Straight - Level,Not Provided,No,Four Approaches,Not Provided,Stop Sign,Dry,Intersection Area,Within Intersection,Yes - Working,No,2023,Summer,July,Daytime,3:00pm - 5:59pm,16,Property Damage Crash,No,No,No,No,No,No,No,No,No,No,No,No,No,Multiple Vehicle Crashes,Richmond City,,Urban,37.57035,-77.4816,Non-Interstate,AUGUSTA AVE (NP - CITY OF RICHMOND),,AUGUSTA AVE,0.1,Local,At Intersection,KENT RD,No,0,0,No,0,0,0,0,0,0,0,0,0,0,0,c4062903,0,0,1,Minor
2,2022-07-08,12:35:00,Friday,Angle,On Roadway,"Blacktop, Asphalt, Bituminous",No Defects,Daylight,Daylight,"Two-Way, Divided, Unprotected Median",Not Provided,No Adverse Condition (Clear/Cloud),Straight - Level,Not Provided,No,Four Approaches,Not Provided,Traffic Signal,Dry,Intersection Area,Within Intersection,Yes - Working,No,2022,Summer,July,Daytime,Noon - 2:59pm,12,Property Damage Crash,No,No,No,No,No,No,No,No,No,No,No,No,No,Multiple Vehicle Crashes,Prince William County,,Urban,38.73221,-77.45067,Non-Interstate,VA-294W,294.0,PRINCE WILLIAM PKWY,1.44,Other Principal Arterial,At Intersection,LAKE JACKSON DR,No,0,0,No,0,0,0,0,0,0,0,0,0,0,0,c5830957,0,0,1,Minor
2,2023-12-05,15:30:00,Tuesday,Angle,On Roadway,"Blacktop, Asphalt, Bituminous",No Defects,Dusk,Dusk,"Two-Way, Not Divided",Not Provided,No Adverse Condition (Clear/Cloud),Curve - Level,Not Provided,No,Two Approaches,Not Provided,No Traffic Control,Dry,Other Location,"Driveway, Alley-Access - Related",No Traffic Control Device Present,No,2023,Winter,December,Daytime,3:00pm - 5:59pm,15,Injury Crash,No,No,No,No,No,No,No,No,No,No,No,No,No,Multiple Vehicle Crashes,Albemarle County,,Rural,38.06413,-78.42274,Non-Interstate,VA-20N,20.0,STONY POINT RD,43.01,Minor Arterial,At Intersection,THURMANS TRACT,No,0,0,No,0,0,0,0,0,0,0,0,0,0,3,c7287711,0,1,0,Severe
1,2023-11-11,18:25:00,Saturday,Deer,On Roadway,"Blacktop, Asphalt, Bituminous",No Defects,Darkness,Darkness - Road Not Lighted,"Two-Way, Not Divided",Not Provided,No Adverse Condition (Clear/Cloud),Straight - Level,Not Provided,No,Not at Intersection,Not Provided,No Passing Lines,Dry,Intersection Area,Non-Intersection,Yes - Working,No,2023,Autumn,November,Nighttime,6:00pm - 8:59pm,18,Property Damage Crash,No,No,No,No,No,No,No,No,No,No,No,No,No,Single Vehicle Crashes,Rockingham County,,Rural,38.6027,-78.70724,Non-Interstate,US-11N,11.0,VALLEY PIKE,277.04,Minor Arterial,Not at Intersection,,No,0,0,No,0,0,0,0,0,0,0,0,0,0,0,c9365963,0,0,1,Minor
1,2024-10-01,20:35:00,Tuesday,Fixed Object - Off Road,Shoulder,"Blacktop, Asphalt, Bituminous",No Defects,Darkness,Darkness - Road Not Lighted,"Two-Way, Divided, Positive Median Barrier",Not Provided,No Adverse Condition (Clear/Cloud),Straight - Level,Not Provided,No,Not at Intersection,Not Provided,Traffic Lanes Marked,Dry,Intersection Area,Non-Intersection,Yes - Working,No,2024,Autumn,October,Nighttime,6:00pm - 8:59pm,20,Injury Crash,No,No,No,No,No,No,No,No,No,No,No,No,No,Single Vehicle Crashes,Chesterfield County,,Urban,37.33405,-77.40198,Interstate,I-95N,95.0,I-95,59.5,Interstate,Not at Intersection,,No,0,0,No,0,0,0,0,0,0,0,0,0,0,1,c6470163,0,0,1,Minor
2,2022-08-22,14:56:00,Monday,Rear End,On Roadway,"Blacktop, Asphalt, Bituminous",No Defects,Daylight,Daylight,"Two-Way, Divided, Unprotected Median",Not Provided,No Adverse Condition (Clear/Cloud),Straight - Level,Not Provided,No,Not at Intersection,Not Provided,Traffic Lanes Marked,Dry,Intersection Area,Non-Intersection,Yes - Working,No,2022,Summer,August,Daytime,Noon - 2:59pm,14,Property Damage Crash,No,No,No,No,No,No,No,No,No,No,No,No,No,Multiple Vehicle Crashes,Fairfax County,,Urban,38.71431,-77.26398,Non-Interstate,VA-123S,123.0,OX RD,3.93,Other Principal Arterial,At Intersection,PALMER DR,No,0,0,No,0,0,0,0,0,0,0,0,0,0,0,c8416740,0,0,1,Minor
1,2024-07-23,19:30:00,Tuesday,Fixed Object - Off Road,Roadside,"Blacktop, Asphalt, Bituminous",No Defects,Daylight,Daylight,"Two-Way, Divided, Positive Median Barrier",Not Provided,Rain,Grade - Straight,Not Provided,No,Not at Intersection,Not Provided,Traffic Lanes Marked,Wet,Intersection Area,Non-Intersection,Yes - Working,No,2024,Summer,July,Nighttime,6:00pm - 8:59pm,19,Injury Crash,No,Yes,No,No,No,No,No,No,No,No,No,No,No,Single Vehicle Crashes,Amherst County,,Rural,37.60698,-79.02446,Non-Interstate,US-29S,29.0,AMHERST HWAY,91.62,Other Principal Arterial,Not at Intersection,,No,0,0,No,0,0,0,0,0,0,0,0,0,0,1,c4510756,0,0,1,Minor