NumberOfVehicles,CrashDate,CrashTime,DayOfWeek,TypeOfCollision,LocationOfFirstHarmfulEvent,RoadwaySurfaceType,RoadwayDefect,LightCondition_Category,LightCondition_Value,RoadwayDescription,WorkZoneLocation,WeatherCondition,RoadwayAlignment,WorkZoneWorkersPresent,SchoolZone,IntersectionType,WorkZoneType,TrafficControlType,RoadwaySurfaceCondition,RelationToRoadway_Category,RelationToRoadway_Value,TrafficControlMechanicalDevice,WorkZoneRelated,Year,Meteorological Season,MonthName,DaytimeNighttime_NHTSA,ThreeHourLabel,Hour,CrashType,AlcoholInvolved,SpeedRelated,CommercialMotorVehiclesInvolved,PedestrianInvolved,BicycleInvolved,MotorcycleInvolved,MopedInvolved,TrainRelated,SchoolZoneInvolved,TeenDriverInvolved,DistractedDriverInvolved,DriverTextingInvolved,DriverUsingCellPhone,Single_Multi_Vehicle,Jurisdiction,TownName,LocationTypeName,Latitude,Longitude,Interstate_NonInterstate,RoadName,RouteNumber,RouteName,MileMarker,FunctionalClassCode,AtIntersection,SecondaryLocation,MatureDriverInvolved,MatureDriverFatalities,MatureDriverInjuries,LargeTruckInvolved,PedestrianFatalities,PedestrianInjuries,MotorcycleFatalities,MotorcycleInjuries,BicycleFatalities,BicycleInjuries,DistractedDriverFatalities,DistractedDriverInjuries,UnrestrainedInjuries,Number_Of_Fatalities,Number_Of_Injuries,Crash_UID,Is_Fatal,Is_Severe,Is_Minor,SeverityLabel
2,2022-10-14,16:06:00,Friday,Rear End,On Roadway,"Blacktop, Asphalt, Bituminous",No Defects,Daylight,Daylight,"Two-Way, Divided, Positive Median Barrier",Not Provided,No Adverse Condition (Clear/Cloud),Straight - Level,Not Provided,Yes,Not at Intersection,Not Provided,Traffic Lanes Marked,Dry,Intersection Area,Non-Intersection,Yes - Working,No,2022,Autumn,October,Daytime,3:00pm - 5:59pm,16,Property Damage Crash,No,No,No,No,No,No,No,No,Yes,Yes,No,No,No,Multiple Vehicle Crashes,Va. Beach City,,Urban,36.84357,-76.12745,Non-Interstate,US-58W,58.0,VIRGINIA BEACH BLVD,501.73,Other Principal Arterial,Not at Intersection,,No,0,0,No,0,0,0,0,0,0,0,0,0,0,0,c5489363,0,0,1,Minor
3,2023-08-07,08:35:00,Monday,Rear End,On Roadway,"Blacktop, Asphalt, Bituminous",No Defects,Daylight,Daylight,"Two-Way, Divided, Positive Median Barrier",Not Provided,No Adverse Condition (Clear/Cloud),Straight - Level,Not Provided,No,Not at Intersection,Not Provided,Traffic Lanes Marked,Dry,Intersection Area,Non-Intersection,Yes - Working,No,2023,Summer,August,Daytime,6:00am - 8:59am,8,Injury Crash,No,No,No,No,No,No,No,No,No,No,No,No,No,Multiple Vehicle Crashes,Hanover County,,Rural,37.71999,-77.44867,Interstate,I-95S,95.0,I-95,89.31,Interstate,Not at Intersection,,Yes,0,1,No,0,0,0,0,0,0,0,0,0,0,1,c9098500,0,0,1,Minor
2,2022-02-28,05:08:00,Monday,Rear End,In Parking Lane or Zone,"Blacktop, Asphalt, Bituminous",No Defects,Darkness,Darkness - Road Lighted,"Two-Way, Divided, Unprotected Median",Not Provided,No Adverse Condition (Clear/Cloud),Straight - Level,Not Provided,No,Not at Intersection,Not Provided,Traffic Lanes Marked,Dry,Interchange Area,Main-Line Roadway,Yes - Working,No,2022,Winter,February,Nighttime,3:00am - 5:59am,5,Property Damage Crash,No,No,No,No,No,No,No,No,No,No,Yes,No,No,Multiple Vehicle Crashes,Petersburg City,,Urban,37.22441,-77.40197,Non-Interstate,ALT US-301N (1 CITY OF PETERSBURG),301.0,SYCAMORE ST,2.08,Minor Arterial,Not at Intersection,,No,0,0,No,0,0,0,0,0,0,0,0,0,0,0,c9280343,0,0,1,Minor
2,2022-11-14,17:59:00,Monday,Angle,On Roadway,"Blacktop, Asphalt, Bituminous",No Defects,Darkness,Darkness - Road Not Lighted,"Two-Way, Divided, Unprotected Median",Not Provided,No Adverse Condition (Clear/Cloud),Straight - Level,Not Provided,No,Three Approaches,Not Provided,Traffic Signal,Dry,Intersection Area,Within Intersection,Yes - Working,No,2022,Autumn,November,Daytime,3:00pm - 5:59pm,17,Property Damage Crash,No,No,No,No,No,No,No,No,No,Yes,No,No,No,Multiple Vehicle Crashes,Henrico County,,Urban,37.62882,-77.54489,Non-Interstate,CR-7518S (HENRICO COUNTY),7518.0,PARHAM RD,4.73,Other Principal Arterial,At Intersection,HOMEVIEW DR,No,0,0,No,0,0,0,0,0,0,0,0,0,0,0,c8877487,0,0,1,Minor
2,2024-03-12,18:32:00,Tuesday,Angle,On Roadway,"Blacktop, Asphalt, Bituminous",No Defects,Dusk,Dusk,"Two-Way, Not Divided",Not Provided,No Adverse Condition (Clear/Cloud),Straight - Level,Not Provided,No,Four Approaches,Not Provided,Traffic Signal,Dry,Intersection Area,Within Intersection,Yes - Working,No,2024,Spring,March,Nighttime,6:00pm - 8:59pm,18,Property Damage Crash,No,No,No,No,No,No,No,No,No,No,No,No,No,Multiple Vehicle Crashes,Chesterfield County,,Urban,37.33173,-77.44285,Non-Interstate,VA-144N,144.0,HARROWGATE RD,10.19,Minor Arterial,At Intersection,HAPPY HILL RD,No,0,0,No,0,0,0,0,0,0,0,0,0,0,0,c4741702,0,0,1,Minor
2,2024-08-05,13:01:00,Monday,Angle,On Roadway,"Blacktop, Asphalt, Bituminous",No Defects,Daylight,Daylight,"Two-Way, Divided, Positive Median Barrier",Not Provided,No Adverse Condition (Clear/Cloud),Straight - Level,Not Provided,No,Not at Intersection,Not Provided,Traffic Signal,Dry,Interchange Area,Main-Line Roadway,Yes - Working,No,2024,Summer,August,Daytime,Noon - 2:59pm,13,Property Damage Crash,No,Yes,No,No,No,No,No,No,No,No,No,No,No,Multiple Vehicle Crashes,Buchanan County,Grundy,Rural,37.2791,-82.1002,,VA-83W,83.0,EDGEWATER DR,46.02,,At Intersection,RIVERSIDE DR,Yes,0,0,No,0,0,0,0,0,0,0,0,0,0,0,c6350581,0,0,1,Minor
2,2023-02-13,15:52:00,Monday,Rear End,On Roadway,"Blacktop, Asphalt, Bituminous",No Defects,Daylight,Daylight,"Two-Way, Divided, Positive Median Barrier",Not Provided,No Adverse Condition (Clear/Cloud),Straight - Level,Not Provided,No,Not at Intersection,Not Provided,Traffic Lanes Marked,Dry,Intersection Area,Non-Intersection,Yes - Working,No,2023,Winter,February,Daytime,3:00pm - 5:59pm,15,Property Damage Crash,No,Yes,No,No,No,No,No,No,No,No,No,No,No,Multiple Vehicle Crashes,Fairfax County,,Urban,38.90018,-77.21535,Interstate,I-495S,495.0,I-495,9.96,Interstate,Not at Intersection,,No,0,0,No,0,0,0,0,0,0,0,0,0,0,0,c4193281,0,0,1,Minor
2,2023-05-10,13:25:00,Wednesday,Rear End,On Roadway,"Blacktop, Asphalt, Bituminous",No Defects,Daylight,Daylight,"Two-Way, Not Divided",Not Provided,No Adverse Condition (Clear/Cloud),Straight - Level,Not Provided,No,Three Approaches,Not Provided,Traffic Signal,Dry,Intersection Area,Intersection Related - Within 150 Feet,Yes - Working,No,2023,Spring,May,Daytime,Noon - 2:59pm,13,Property Damage Crash,No,No,No,No,No,Yes,No,No,No,No,No,No,No,Multiple Vehicle Crashes,Fairfax City,,Urban,38.84641,-77.30745,Non-Interstate,VA-236E,236.0,MAIN ST,0.97,Other Principal Arterial,At Intersection,WEST ST,Yes,0,0,No,0,0,0,0,0,0,0,0,0,0,0,c2442583,0,0,1,Minor
3,2023-01-30,16:45:00,Monday,Rear End,On Roadway,"Blacktop, Asphalt, Bituminous",No Defects,Daylight,Daylight,"Two-Way, Not Divided",Not Provided,No Adverse Condition (Clear/Cloud),Straight - Level,Not Provided,No,Three Approaches,Not Provided,Traffic Lanes Marked,Dry,Intersection Area,Within Intersection,Yes - Working,No,2023,Winter,January,Daytime,3:00pm - 5:59pm,16,Property Damage Crash,No,No,No,No,No,No,No,No,No,No,Yes,No,No,Multiple Vehicle Crashes,Henrico County,,Urban,37.64208,-77.49984,Non-Interstate,CR-7526E (HENRICO COUNTY),7526.0,HUNGARY RD,3.41,Minor Arterial,At Intersection,WAKEFIELD RD,No,0,0,No,0,0,0,0,0,0,0,0,0,0,0,c0844217,0,0,1,Minor
2,2023-10-13,18:00:00,Friday,Rear End,On Roadway,"Blacktop, Asphalt, Bituminous",No Defects,Daylight,Daylight,"Two-Way, Divided, Unprotected Median",Not Provided,No Adverse Condition (Clear/Cloud),Straight - Level,Not Provided,No,Four Approaches,Not Provided,Traffic Lanes Marked,Dry,Intersection Area,Intersection Related - Within 150 Feet,Yes - Working,No,2023,Autumn,October,Nighttime,6:00pm - 8:59pm,18,Injury Crash,No,No,No,No,No,No,No,No,No,No,No,No,No,Multiple Vehicle Crashes,Campbell County,,Urban,37.30516,-79.28135,Non-Interstate,US-460E,460.0,LYNCHBURG HWY,197.33,Other Principal Arterial,Not at Intersection,,No,0,0,No,0,0,0,0,0,0,0,0,0,0,2,c3559474,0,1,0,Severe
1,2023-12-21,15:05:00,Thursday,Pedestrian,On Roadway,"Blacktop, Asphalt, Bituminous",No Defects,Daylight,Daylight,"Two-Way, Divided, Positive Median Barrier",Not Provided,No Adverse Condition (Clear/Cloud),Straight - Level,Not Provided,No,Four Approaches,Not Provided,Traffic Signal,Dry,Intersection Area,Within Intersection,Yes - Working,No,2023,Winter,December,Daytime,3:00pm - 5:59pm,15,Injury Crash,No,No,No,Yes,No,No,No,No,No,No,No,No,No,Single Vehicle Crashes,Montgomery County,Blacksburg,Urban,37.2163,-80.40103,Non-Interstate,BUS US-460E (8 TOWN OF BLACKSBURG),460.0,MAIN ST,4.45,Minor Arterial,At Intersection,ACCESS,No,0,0,No,0,1,0,0,0,0,0,0,0,0,1,c4667842,0,0,1,Minor
2,2022-06-27,19:51:00,Monday,Rear End,On Roadway,"Blacktop, Asphalt, Bituminous",No Defects,Daylight,Daylight,"Two-Way, Divided, Unprotected Median",Not Provided,Rain,Straight - Level,Not Provided,No,Four Approaches,Not Provided,Traffic Signal,Wet,Intersection Area,Intersection Related - Within 150 Feet,Yes - Working,No,2022,Summer,June,Nighttime,6:00pm - 8:59pm,19,Property Damage Crash,No,No,No,No,No,No,No,No,No,No,No,No,No,Multiple Vehicle Crashes,Va. Beach City,,Urban,36.81672,-76.06689,Non-Interstate,UR-14S (CITY OF VIRGINIA BEACH),14.0,LYNNHAVEN PKWY,1.58,Minor Arterial,At Intersection,INTERNATIONAL PKWY,No,0,0,No,0,0,0,0,0,0,0,0,0,0,0,c6200739,0,0,1,Minor
2,2024-06-22,21:31:00,Saturday,Angle,On Roadway,"Blacktop, Asphalt, Bituminous",No Defects,Darkness,Darkness - Road Not Lighted,"Two-Way, Divided, Positive Median Barrier",Not Provided,No Adverse Condition (Clear/Cloud),Straight - Level,Not Provided,No,Four Approaches,Not Provided,Stop Sign,Dry,Intersection Area,Within Intersection,Yes - Working,No,2024,Summer,June,Nighttime,9:00pm - 11:59pm,21,Property Damage Crash,No,No,No,No,No,No,No,No,No,No,No,No,No,Multiple Vehicle Crashes,Loudoun County,,Urban,38.91543,-77.55646,Non-Interstate,SC-620W (LOUDOUN COUNTY),620.0,BRADDOCK RD,1.49,Major Collector,At Intersection,SUPREME DR,No,0,0,No,0,0,0,0,0,0,0,0,0,0,0,c9279907,0,0,1,Minor
2,2022-12-14,12:50:00,Wednesday,Angle,On Roadway,"Blacktop, Asphalt, Bituminous",No Defects,Daylight,Daylight,"Two-Way, Divided, Unprotected Median",Not Provided,No Adverse Condition (Clear/Cloud),Straight - Level,Not Provided,No,Three Approaches,Not Provided,Traffic Signal,Dry,Intersection Area,Within Intersection,Yes - Working,No,2022,Winter,December,Daytime,Noon - 2:59pm,12,Property Damage Crash,No,No,No,No,No,No,No,No,No,No,No,No,No,Multiple Vehicle Crashes,Arlington County,,Urban,38.88605,-77.10406,Non-Interstate,CR-6700N (ARLINGTON COUNTY),6700.0,WASHINGTON BLVD,1.42,Minor Arterial,At Intersection,LINCOLN ST,No,0,0,No,0,0,0,0,0,0,0,0,0,0,0,c5056585,0,0,1,Minor
2,2024-12-25,17:37:00,Wednesday,Angle,On Roadway,"Blacktop, Asphalt, Bituminous",No Defects,Darkness,Darkness - Road Not Lighted,"Two-Way, Not Divided",Not Provided,No Adverse Condition (Clear/Cloud),Grade - Straight,Not Provided,No,Four Approaches,Not Provided,Stop Sign,Dry,Intersection Area,Within Intersection,Yes - Working,No,2024,Winter,December,Daytime,3:00pm - 5:59pm,17,Injury Crash,No,No,No,No,No,No,No,No,No,No,No,No,No,Multiple Vehicle Crashes,Chesterfield County,,Urban,37.33028,-77.51587,Non-Interstate,SC-5160E (CHESTERFIELD COUNTY),5160.0,HIGHLAND GLEN DR,2.4,Local,At Intersection,EASTFAIR DR,No,0,0,No,0,0,0,0,0,0,0,0,0,0,3,c2851129,0,1,0,Severe
2,2022-02-16,15:55:00,Wednesday,Angle,On Roadway,"Blacktop, Asphalt, Bituminous",No Defects,Daylight,Daylight,"Two-Way, Divided, Unprotected Median",Not Provided,No Adverse Condition (Clear/Cloud),Grade - Straight,Not Provided,No,Not at Intersection,Not Provided,Stop Sign,Dry,Other Location,"Driveway, Alley-Access - Related",Yes - Working,No,2022,Winter,February,Daytime,3:00pm - 5:59pm,15,Injury Crash,No,No,No,No,No,No,No,No,No,No,No,No,No,Multiple Vehicle Crashes,Chesterfield County,,Urban,37.35315,-77.41246,Non-Interstate,US-1N,1.0,JEFFERSON DAVIS HWY,79.73,Other Principal Arterial,Not at Intersection,,Yes,0,0,No,0,0,0,0,0,0,0,0,0,0,1,c6999085,0,0,1,Minor
2,2024-12-11,07:38:00,Wednesday,Sideswipe - Same Direction,On Roadway,"Blacktop, Asphalt, Bituminous",No Defects,Daylight,Daylight,"Two-Way, Divided, Unprotected Median",Not Provided,Rain,Straight - Level,Not Provided,No,Four Approaches,Not Provided,Traffic Signal,Wet,Intersection Area,Within Intersection,Yes - Working,No,2024,Winter,December,Daytime,6:00am - 8:59am,7,Property Damage Crash,No,No,No,No,No,No,No,No,No,No,No,No,No,Multiple Vehicle Crashes,Chesterfield County,,Urban,37.50668,-77.59791,Non-Interstate,US-60W,60.0,MIDLOTHIAN TPIKE,180.03,Other Principal Arterial,At Intersection,SOUTHLAKE BLVD,No,0,0,No,0,0,0,0,0,0,0,0,0,0,0,c3517602,0,0,1,Minor
2,2023-09-23,22:00:00,Saturday,Rear End,On Roadway,"Blacktop, Asphalt, Bituminous",No Defects,Darkness,Darkness - Road Not Lighted,"Two-Way, Divided, Positive Median Barrier",Activity Area,Rain,Curve - Level,No Workers Present,No,Not at Intersection,Work on Shoulder or Median,Highway Safety Corridor,Wet,Intersection Area,Non-Intersection,Yes - Working,Yes,2023,Autumn,September,Nighttime,9:00pm - 11:59pm,22,Property Damage Crash,No,Yes,No,No,No,No,No,No,No,No,No,No,No,Multiple Vehicle Crashes,Henrico County,,Urban,37.61193,-77.44708,Interstate,I-95S,95.0,I-95,81.63,Interstate,Not at Intersection,,No,0,0,No,0,0,0,0,0,0,0,0,0,0,0,c1703953,0,0,1,Minor
2,2022-06-01,12:54:00,Wednesday,Angle,On Roadway,"Blacktop, Asphalt, Bituminous",No Defects,Daylight,Daylight,"Two-Way, Not Divided",Not Provided,No Adverse Condition (Clear/Cloud),Straight - Level,Not Provided,No,Not at Intersection,Not Provided,Traffic Lanes Marked,Dry,Intersection Area,Non-Intersection,Yes - Working,No,2022,Summer,June,Daytime,Noon - 2:59pm,12,Injury Crash,No,No,No,No,No,Yes,No,No,No,No,No,No,No,Multiple Vehicle Crashes,Hanover County,,Rural,37.64044,-77.27041,Non-Interstate,SC-627W (HANOVER COUNTY),627.0,POLE GREEN RD,8.59,Minor Arterial,Not at Intersection,,Yes,0,0,No,0,0,0,1,0,0,0,0,0,0,1,c9214765,0,0,1,Minor
3,2023-06-05,12:20:00,Monday,Rear End,On Roadway,"Blacktop, Asphalt, Bituminous",No Defects,Daylight,Daylight,"Two-Way, Not Divided",Not Provided,No Adverse Condition (Clear/Cloud),Grade - Straight,Not Provided,No,Four Approaches,Not Provided,Traffic Signal,Dry,Intersection,Intersection Related - Outside 150 Feet,Yes - Working,No,2023,Summer,June,Daytime,Noon - 2:59pm,12,Injury Crash,No,Yes,No,No,No,No,No,No,No,No,Yes,No,No,Multiple Vehicle Crashes,Henry County,,Urban,36.69522,-79.89725,Non-Interstate,BUS US-220N (4 CITY OF MARTINSVILLE),220.0,MEMORIAL BLVD,6.63,Other Principal Arterial,Not at Intersection,,Yes,0,0,No,0,0,0,0,0,0,0,0,0,0,2,c5752496,0,1,0,Severe
2,2024-12-10,12:40:00,Tuesday,Rear End,On Roadway,"Blacktop, Asphalt, Bituminous",No Defects,Daylight,Daylight,"Two-Way, Divided, Unprotected Median",Not Provided,No Adverse Condition (Clear/Cloud),Straight - Level,Not Provided,No,Four Approaches,Not Provided,Traffic Signal,Dry,Intersection Area,Intersection Related - Within 150 Feet,Yes - Working,No,2024,Winter,December,Daytime,Noon - 2:59pm,12,Injury Crash,No,No,No,No,No,No,No,No,No,No,No,No,No,Multiple Vehicle Crashes,Prince William County,,Urban,38.72365,-77.49627,Non-Interstate,VA-234N,234.0,PRINCE WILLIAM PKWAY,16.54,Other Freeways and Expressways,At Intersection,CLOVER HILL RD,No,0,0,No,0,0,0,0,0,0,0,0,0,0,1,c9979208,0,0,1,Minor
1,2024-08-10,21:11:00,Saturday,Pedestrian,On Roadway,"Blacktop, Asphalt, Bituminous",No Defects,Darkness,Darkness - Road Not Lighted,"Two-Way, Divided, Unprotected Median",Not Provided,No Adverse Condition (Clear/Cloud),Straight - Level,Not Provided,No,Not at Intersection,Not Provided,Traffic Lanes Marked,Dry,Intersection Area,Non-Intersection,Yes - Working,No,2024,Summer,August,Nighttime,9:00pm - 11:59pm,21,Injury Crash,No,No,No,Yes,No,No,No,No,No,No,No,No,No,Single Vehicle Crashes,Prince George County,,Urban,37.28444,-77.23906,Non-Interstate,VA-10E,10.0,JAMES RIVER DR,28.5,Minor Arterial,At Intersection,RUFFIN RD,No,0,0,No,0,1,0,0,0,0,0,0,0,0,2,c6528077,0,1,0,Severe
1,2023-08-28,14:01:00,Monday,Fixed Object - Off Road,On Roadway,"Blacktop, Asphalt, Bituminous",No Defects,Daylight,Daylight,"Two-Way, Not Divided",Not Provided,No Adverse Condition (Clear/Cloud),Straight - Level,Not Provided,No,Not at Intersection,Not Provided,Traffic Lanes Marked,Wet,Interchange Area,Main-Line Roadway,Yes - Working,No,2023,Summer,August,Daytime,Noon - 2:59pm,14,Property Damage Crash,No,Yes,No,No,No,No,No,No,No,Yes,No,No,No,Single Vehicle Crashes,Bedford County,,Rural,37.259,-79.82129,Non-Interstate,SC-619E (BEDFORD COUNTY),619.0,TURNER BRANCH RD,0.69,Minor Collector,Not at Intersection,,No,0,0,No,0,0,0,0,0,0,0,0,0,0,0,c2269586,0,0,1,Minor
1,2023-07-09,08:36:00,Sunday,Fixed Object - Off Road,Roadside,"Blacktop, Asphalt, Bituminous",No Defects,Daylight,Daylight,"Two-Way, Divided, Unprotected Median",Not Provided,No Adverse Condition (Clear/Cloud),Curve - Level,Not Provided,No,Three Approaches,Not Provided,Traffic Lanes Marked,Dry,Intersection Area,Within Intersection,Yes - Working,No,2023,Summer,July,Daytime,6:00am - 8:59am,8,Injury Crash,No,Yes,No,No,No,No,No,No,No,Yes,Yes,No,No,Single Vehicle Crashes,Fauquier County,,Urban,38.56677,-77.75783,Non-Interstate,US-17S,17.0,MARSH RD,204.62,Other Principal Arterial,At Intersection,LUCK STONE RD,No,0,0,No,0,0,0,0,0,0,0,1,0,0,1,c7506759,0,0,1,Minor
2,2022-08-09,00:45:00,Tuesday,Head On,On Roadway,"Blacktop, Asphalt, Bituminous",No Defects,Darkness,Darkness - Road Not Lighted,"Two-Way, Divided, Positive Median Barrier",Activity Area,No Adverse Condition (Clear/Cloud),Straight - Level,With No Law Enforcement,No,Not at Intersection,Lane Shift/Crossover,Highway Safety Corridor,Dry,Intersection Area,Non-Intersection,Yes - Working,Yes,2022,Summer,August,Nighttime,Midnight - 2:59am,0,Injury Crash,No,No,Yes,No,No,No,No,No,No,No,Yes,No,No,Multiple Vehicle Crashes,Roanoke County,,Urban,37.32303,-80.03475,Interstate,I-81N,81.0,I-81,141.62,Interstate,Not at Intersection,,No,0,0,Yes,0,0,0,0,0,0,0,1,0,0,1,c8870616,0,0,1,Minor
1,2024-04-19,16:50:00,Friday,Fixed Object - Off Road,Roadside,"Blacktop, Asphalt, Bituminous",No Defects,Daylight,Daylight,"Two-Way, Not Divided",Not Provided,No Adverse Condition (Clear/Cloud),Grade - Straight,Not Provided,No,Not at Intersection,Not Provided,No Traffic Control,Dry,Intersection Area,Non-Intersection,No Traffic Control Device Present,No,2024,Spring,April,Daytime,3:00pm - 5:59pm,16,Property Damage Crash,No,No,No,No,No,No,No,No,No,No,No,No,No,Single Vehicle Crashes,Buchanan County,,Rural,37.37587,-82.18421,,CABIN FORK RD (PR - BUCHANAN COUNTY),,CABIN FORK RD,0.2,,Not at Intersection,,No,0,0,No,0,0,0,0,0,0,0,0,0,0,0,c7563945,0,0,1,Minor
1,2022-08-04,10:03:00,Thursday,Fixed Object - Off Road,Roadside,"Blacktop, Asphalt, Bituminous",Soft or Low Shoulder,Daylight,Daylight,"Two-Way, Not Divided",Not Provided,No Adverse Condition (Clear/Cloud),Straight - Level,Not Provided,No,Not at Intersection,Not Provided,Traffic Lanes Marked,Dry,Intersection Area,Non-Intersection,Yes - Working,No,2022,Summer,August,Daytime,9:00am - 11:59am,10,Injury Crash,No,No,Yes,No,No,No,No,No,No,No,No,No,No,Single Vehicle Crashes,Va. Beach City,,Urban,36.80163,-75.98603,Non-Interstate,PROSPERITY RD (PR - CITY OF VIRGINIA BEACH),,PROSPERITY RD,0.65,Local,Not at Intersection,,No,0,0,No,0,0,0,0,0,0,0,0,0,0,1,c2438004,0,0,1,Minor
2,2024-10-31,18:11:00,Thursday,Other,On Roadway,"Blacktop, Asphalt, Bituminous",No Defects,Darkness,Darkness - Road Lighted,"Two-Way, Not Divided",Not Provided,No Adverse Condition (Clear/Cloud),Straight - Level,Not Provided,No,Two Approaches,Not Provided,Traffic Signal,Dry,Interchange Area,Main-Line Roadway,Yes - Working,No,2024,Autumn,October,Nighttime,6:00pm - 8:59pm,18,Property Damage Crash,No,No,No,No,No,No,No,No,No,No,Yes,No,No,Multiple Vehicle Crashes,Norfolk City,,Urban,36.87091,-76.28056,Non-Interstate,UR-8575S (CITY OF NORFOLK),8575.0,CHURCH ST,2.01,Minor Arterial,At Intersection,27TH ST,No,0,0,No,0,0,0,0,0,0,0,0,0,0,0,c0845630,0,0,1,Minor
2,2023-01-23,12:11:00,Monday,Angle,On Roadway,Brick or Block,No Defects,Daylight,Daylight,"Two-Way, Divided, Unprotected Median",Not Provided,No Adverse Condition (Clear/Cloud),Straight - Level,Not Provided,No,Four Approaches,Not Provided,Traffic Lanes Marked,Dry,Interchange Area,Main-Line Roadway,Yes - Working,No,2023,Winter,January,Daytime,Noon - 2:59pm,12,Property Damage Crash,No,No,No,No,No,No,No,No,No,No,No,No,No,Multiple Vehicle Crashes,Richmond City,,Urban,37.55612,-77.46412,Non-Interstate,UR-7538E (CITY OF RICHMOND),,MONUMENT AVE,2.37,Minor Arterial,At Intersection,ALLISON ST,No,0,0,No,0,0,0,0,0,0,0,0,0,0,0,c6863317,0,0,1,Minor
2,2022-06-21,12:46:00,Tuesday,Rear End,On Roadway,"Blacktop, Asphalt, Bituminous",No Defects,Daylight,Daylight,"Two-Way, Not Divided",Not Provided,No Adverse Condition (Clear/Cloud),Straight - Level,Not Provided,No,Not at Intersection,Not Provided,Traffic Lanes Marked,Dry,Intersection Area,Non-Intersection,Yes - Working,No,2022,Summer,June,Daytime,Noon - 2:59pm,12,Injury Crash,No,No,No,No,No,No,No,No,No,Yes,No,No,No,Multiple Vehicle Crashes,Suffolk City,,Urban,36.80759,-76.50754,Non-Interstate,VA-337W,337.0,NANSEMOND PKWY,9.22,Minor Arterial,Not at Intersection,,No,0,0,No,0,0,0,0,0,0,0,0,0,0,2,c1012685,0,1,0,Severe
2,2024-12-30,07:35:00,Monday,Angle,On Roadway,Concrete,No Defects,Daylight,Daylight,"Two-Way, Divided, Unprotected Median",Not Provided,No Adverse Condition (Clear/Cloud),Straight - Level,Not Provided,No,Four Approaches,Not Provided,Traffic Signal,Dry,Intersection Area,Within Intersection,Yes - Working,No,2024,Winter,December,Daytime,6:00am - 8:59am,7,Property Damage Crash,No,No,No,No,No,No,No,No,No,No,No,No,No,Multiple Vehicle Crashes,Norfolk City,,Urban,36.86046,-76.29997,Non-Interstate,UR-8563N (CITY OF NORFOLK),0.0,COLLEY AVE,0.21,Minor Arterial,At Intersection,OLNEY RD,Yes,0,0,No,0,0,0,0,0,0,0,0,0,0,0,c5501582,0,0,1,Minor
1,2024-04-15,20:45:00,Monday,Fixed Object - Off Road,On Roadway,"Blacktop, Asphalt, Bituminous",No Defects,Darkness,Darkness - Road Not Lighted,"Two-Way, Divided, Positive Median Barrier",Not Provided,No Adverse Condition (Clear/Cloud),Grade - Curve,Not Provided,No,Not at Intersection,Not Provided,Traffic Lanes Marked,Dry,Intersection Area,Non-Intersection,Yes - Working and Obscured,No,2024,Spring,April,Nighttime,6:00pm - 8:59pm,20,Property Damage Crash,No,No,No,No,No,No,No,No,No,No,No,No,No,Single Vehicle Crashes,Carroll County,,Rural,36.72227,-80.74783,Interstate,I-77N,77.0,I-77,12.83,Interstate,Not at Intersection,,Yes,0,0,No,0,0,0,0,0,0,0,0,0,0,0,c9041842,0,0,1,Minor
1,2023-02-10,06:55:00,Friday,Deer,On Roadway,"Blacktop, Asphalt, Bituminous",No Defects,Daylight,Daylight,"Two-Way, Divided, Positive Median Barrier",Not Provided,No Adverse Condition (Clear/Cloud),Straight - Level,Not Provided,No,Not at Intersection,Not Provided,Traffic Lanes Marked,Dry,Intersection Area,Non-Intersection,Yes - Working,No,2023,Winter,February,Daytime,6:00am - 8:59am,6,Property Damage Crash,No,No,No,No,No,No,No,No,No,No,No,No,No,Single Vehicle Crashes,Augusta County,,Urban,38.10825,-79.01983,Interstate,I-64E,64.0,I-64,89.11,Interstate,Not at Intersection,,No,0,0,No,0,0,0,0,0,0,0,0,0,0,0,c6358613,0,0,1,Minor
2,2024-04-04,20:21:00,Thursday,Angle,On Roadway,"Blacktop, Asphalt, Bituminous",No Defects,Darkness,Darkness - Road Lighted,"Two-Way, Not Divided",Not Provided,No Adverse Condition (Clear/Cloud),Straight - Level,Not Provided,No,Four Approaches,Not Provided,Traffic Signal,Dry,Intersection Area,Within Intersection,Yes - Working,No,2024,Spring,April,Nighttime,6:00pm - 8:59pm,20,Property Damage Crash,No,No,No,No,No,No,No,No,No,Yes,No,No,No,Multiple Vehicle Crashes,Lynchburg City,,Urban,37.37035,-79.18329,Non-Interstate,VA-128W,128.0,CANDLERS MOUNTAIN RD,0.01,Other Principal Arterial,At Intersection,WARDS RD,No,0,0,No,0,0,0,0,0,0,0,0,0,0,0,c7264565,0,0,1,Minor
1,2022-03-12,23:00:00,Saturday,Fixed Object - Off Road,On Roadway,"Blacktop, Asphalt, Bituminous",No Defects,Darkness,Darkness - Road Not Lighted,"Two-Way, Divided, Unprotected Median",Not Provided,Snow,Curve - Level,Not Provided,No,Not at Intersection,Not Provided,Traffic Signal,Icy,Interchange Area,On Entrance/Exit Ramp,Yes - Working and Obscured,No,2022,Spring,March,Nighttime,9:00pm - 11:59pm,23,Property Damage Crash,No,No,No,No,No,No,No,No,No,No,No,No,No,Single Vehicle Crashes,Loudoun County,,Urban,39.0801,-77.49816,,,,HARRY BYRD HWY RAMP,,,Not at Intersection,,No,0,0,No,0,0,0,0,0,0,0,0,0,0,0,c5664082,0,0,1,Minor
2,2024-10-11,10:20:00,Friday,Rear End,On Roadway,"Blacktop, Asphalt, Bituminous",No Defects,Daylight,Daylight,"Two-Way, Divided, Positive Median Barrier",Not Provided,No Adverse Condition (Clear/Cloud),Straight - Level,Not Provided,No,Not at Intersection,Not Provided,Traffic Lanes Marked,Dry,Interchange Area,Main-Line Roadway,Yes - Working,No,2024,Autumn,October,Daytime,9:00am - 11:59am,10,Property Damage Crash,No,No,No,No,No,No,No,No,No,No,No,No,No,Multiple Vehicle Crashes,Alexandria City,,Urban,38.83467,-77.09729,Interstate,I-395N,395.0,I-395,6.2,Interstate,Not at Intersection,,No,0,0,No,0,0,0,0,0,0,0,0,0,0,0,c6608102,0,0,1,Minor