NumberOfVehicles,CrashDate,CrashTime,DayOfWeek,TypeOfCollision,LocationOfFirstHarmfulEvent,RoadwaySurfaceType,RoadwayDefect,LightCondition_Category,LightCondition_Value,RoadwayDescription,WorkZoneLocation,WeatherCondition,RoadwayAlignment,WorkZoneWorkersPresent,SchoolZone,IntersectionType,WorkZoneType,TrafficControlType,RoadwaySurfaceCondition,RelationToRoadway_Category,RelationToRoadway_Value,TrafficControlMechanicalDevice,WorkZoneRelated,Year,Meteorological Season,MonthName,DaytimeNighttime_NHTSA,ThreeHourLabel,Hour,CrashType,AlcoholInvolved,SpeedRelated,CommercialMotorVehiclesInvolved,PedestrianInvolved,BicycleInvolved,MotorcycleInvolved,MopedInvolved,TrainRelated,SchoolZoneInvolved,TeenDriverInvolved,DistractedDriverInvolved,DriverTextingInvolved,DriverUsingCellPhone,Single_Multi_Vehicle,Jurisdiction,TownName,LocationTypeName,Latitude,Longitude,Interstate_NonInterstate,RoadName,RouteNumber,RouteName,MileMarker,FunctionalClassCode,AtIntersection,SecondaryLocation,MatureDriverInvolved,MatureDriverFatalities,MatureDriverInjuries,LargeTruckInvolved,PedestrianFatalities,PedestrianInjuries,MotorcycleFatalities,MotorcycleInjuries,BicycleFatalities,BicycleInjuries,DistractedDriverFatalities,DistractedDriverInjuries,UnrestrainedInjuries,Number_Of_Fatalities,Number_Of_Injuries,Crash_UID,Is_Fatal,Is_Severe,Is_Minor,SeverityLabel
2,2024-04-29,14:12:00,Monday,Angle,On Roadway,Concrete,No Defects,Daylight,Daylight,"Two-Way, Not Divided",Not Provided,No Adverse Condition (Clear/Cloud),Straight - Level,Not Provided,No,Not at Intersection,Not Provided,No Traffic Control,Dry,Interchange Area,Main-Line Roadway,No Traffic Control Device Present,No,2024,Spring,April,Daytime,Noon - 2:59pm,14,Property Damage Crash,No,No,No,No,No,No,No,No,No,Yes,No,No,No,Multiple Vehicle Crashes,Va. Beach City,,Urban,36.78519,-76.14239,,SUNDEVIL DR (PR - CITY OF VIRGINIA BEACH),,SUNDEVIL DR,0.2,,Not at Intersection,,No,0,0,No,0,0,0,0,0,0,0,0,0,0,0,c0036519,0,0,1,Minor
3,2023-12-06,20:17:00,Wednesday,Sideswipe - Opposite Direction,On Roadway,"Blacktop, Asphalt, Bituminous",No Defects,Darkness,Darkness - Road Not Lighted,"Two-Way, Divided, Unprotected Median",Not Provided,No Adverse Condition (Clear/Cloud),Straight - Level,Not Provided,No,Two Approaches,Not Provided,Traffic Lanes Marked,Dry,Intersection Area,Within Intersection,Yes - Working,No,2023,Winter,December,Nighttime,6:00pm - 8:59pm,20,Property Damage Crash,No,No,No,No,No,No,No,No,No,Yes,No,No,No,Multiple Vehicle Crashes,Henrico County,,Urban,37.53912,-77.37652,Non-Interstate,CR-7537E (HENRICO COUNTY),7537.0,MASONIC LN,0.1,Minor Arterial,At Intersection,1ST ST,No,0,0,No,0,0,0,0,0,0,0,0,0,0,0,c6141191,0,0,1,Minor
1,2022-05-17,20:31:00,Tuesday,Fixed Object - Off Road,Shoulder,"Blacktop, Asphalt, Bituminous",No Defects,Darkness,Darkness - Road Not Lighted,"Two-Way, Not Divided",Not Provided,No Adverse Condition (Clear/Cloud),Curve - Level,Not Provided,No,Three Approaches,Not Provided,No Traffic Control,Dry,Intersection,Intersection Related - Outside 150 Feet,No Traffic Control Device Present,No,2022,Spring,May,Nighttime,6:00pm - 8:59pm,20,Property Damage Crash,No,No,No,No,No,No,No,No,No,No,No,No,No,Single Vehicle Crashes,Isle of Wight County,,Rural,36.99788,-76.70417,Non-Interstate,SC-708N (ISLE OF WIGHT COUNTY),708.0,EMANUEL CHURCH RD,1.07,Local,Not at Intersection,,No,0,0,No,0,0,0,0,0,0,0,0,0,0,0,c3653266,0,0,1,Minor
1,2023-06-04,18:20:00,Sunday,Fixed Object - Off Road,"Off Roadway, Location Unknown","Slag, Gravel, Stone",No Defects,Daylight,Daylight,"Two-Way, Not Divided",Not Provided,No Adverse Condition (Clear/Cloud),Straight - Level,Not Provided,No,Not at Intersection,Not Provided,No Traffic Control,Dry,Intersection Area,Non-Intersection,No Traffic Control Device Present,No,2023,Summer,June,Nighttime,6:00pm - 8:59pm,18,Property Damage Crash,No,No,No,No,No,No,No,No,No,No,Yes,No,No,Single Vehicle Crashes,Pittsylvania County,,Rural,36.91368,-79.21128,Non-Interstate,SC-683N (PITTSYLVANIA COUNTY),683.0,JOHNSON MILL RD,8.96,Local,Not at Intersection,,No,0,0,No,0,0,0,0,0,0,0,0,0,0,0,c0618173,0,0,1,Minor
2,2022-06-01,10:45:00,Wednesday,Angle,On Roadway,"Blacktop, Asphalt, Bituminous",No Defects,Daylight,Daylight,"Two-Way, Divided, Unprotected Median",Not Provided,No Adverse Condition (Clear/Cloud),Straight - Level,Not Provided,No,Four Approaches,Not Provided,Traffic Signal,Dry,Intersection Area,Within Intersection,Yes - Working,No,2022,Summer,June,Daytime,9:00am - 11:59am,10,Injury Crash,No,No,No,No,No,No,No,No,No,No,No,No,No,Multiple Vehicle Crashes,Richmond City,,Urban,37.58461,-77.44738,Non-Interstate,VA-197W,197.0,LABURNUM AVE,3.59,Other Principal Arterial,At Intersection,CHAMBERLAYNE AVE,No,0,0,No,0,0,0,0,0,0,0,0,0,0,2,c7954389,0,1,0,Severe
2,2023-05-24,13:10:00,Wednesday,Angle,On Roadway,"Blacktop, Asphalt, Bituminous",No Defects,Daylight,Daylight,"Two-Way, Divided, Positive Median Barrier",Not Provided,No Adverse Condition (Clear/Cloud),Straight - Level,Not Provided,No,Not at Intersection,Not Provided,Traffic Lanes Marked,Dry,Interchange Area,Main-Line Roadway,Yes - Working,No,2023,Spring,May,Daytime,Noon - 2:59pm,13,Property Damage Crash,No,No,No,No,No,No,No,No,No,No,No,No,No,Multiple Vehicle Crashes,Loudoun County,,Urban,38.99116,-77.42465,Non-Interstate,SC-846S (LOUDOUN COUNTY),846.0,STERLING BLVD,0.71,Minor Arterial,At Intersection,GLENN DR,No,0,0,No,0,0,0,0,0,0,0,0,0,0,0,c3259453,0,0,1,Minor
2,2023-10-20,15:25:00,Friday,Rear End,On Roadway,"Blacktop, Asphalt, Bituminous",No Defects,Daylight,Daylight,"Two-Way, Not Divided",Not Provided,No Adverse Condition (Clear/Cloud),Hillcrest - Straight,Not Provided,No,Not at Intersection,Not Provided,No Passing Lines,Dry,Intersection Area,Non-Intersection,Yes - Working,No,2023,Autumn,October,Daytime,3:00pm - 5:59pm,15,Property Damage Crash,No,Yes,No,No,No,No,No,No,No,Yes,No,No,No,Multiple Vehicle Crashes,Pittsylvania County,,Rural,36.66693,-79.50833,Non-Interstate,SC-750S (PITTSYLVANIA COUNTY),750.0,WHITMELL SCHOOL RD,6.64,Major Collector,Not at Intersection,,No,0,0,No,0,0,0,0,0,0,0,0,0,0,0,c0915859,0,0,1,Minor
2,2024-11-29,13:30:00,Friday,Angle,On Roadway,"Blacktop, Asphalt, Bituminous",No Defects,Daylight,Daylight,"Two-Way, Divided, Positive Median Barrier",Not Provided,No Adverse Condition (Clear/Cloud),Curve - Level,Not Provided,No,Not at Intersection,Not Provided,Traffic Lanes Marked,Dry,Interchange Area,Main-Line Roadway,Yes - Working,No,2024,Autumn,November,Daytime,Noon - 2:59pm,13,Injury Crash,No,No,Yes,No,No,No,No,No,No,No,No,No,No,Multiple Vehicle Crashes,Chesapeake City,,Urban,36.78632,-76.4019,Interstate,I-664S,664.0,I-664,20.2,Interstate,Not at Intersection,,Yes,0,1,Yes,0,0,0,0,0,0,0,0,0,0,1,c3593775,0,0,1,Minor
2,2023-04-13,15:37:00,Thursday,Angle,On Roadway,"Blacktop, Asphalt, Bituminous",No Defects,Daylight,Daylight,"Two-Way, Not Divided",Not Provided,No Adverse Condition (Clear/Cloud),Hillcrest - Straight,Not Provided,No,Four Approaches,Not Provided,Stop Sign,Dry,Intersection Area,Within Intersection,Yes - Working,No,2023,Spring,April,Daytime,3:00pm - 5:59pm,15,Property Damage Crash,No,No,No,No,No,No,No,No,No,No,No,No,No,Multiple Vehicle Crashes,Arlington County,,Urban,38.85343,-77.08793,Non-Interstate,CR-6721N (ARLINGTON COUNTY),6721.0,KENMORE ST,0.78,Major Collector,At Intersection,19TH ST,No,0,0,No,0,0,0,0,0,0,0,0,0,0,0,c2481849,0,0,1,Minor
1,2024-11-10,14:27:00,Sunday,Fixed Object - Off Road,"Off Roadway, Location Unknown","Blacktop, Asphalt, Bituminous",No Defects,Daylight,Daylight,"Two-Way, Not Divided",Not Provided,Mist,Grade - Straight,Not Provided,No,Not at Intersection,Not Provided,Yield Sign,Wet,Intersection Area,Intersection Related - Within 150 Feet,Yes - Working,No,2024,Autumn,November,Daytime,Noon - 2:59pm,14,Injury Crash,No,No,No,No,No,No,No,No,No,No,No,No,No,Single Vehicle Crashes,Montgomery County,Christiansburg,Urban,37.13074,-80.38349,Non-Interstate,FLINT DR (PR - TOWN OF CHRISTIANSBURG),0.0,FLINT DR,0.5,Local,At Intersection,HUNTERS PATH,Yes,0,1,No,0,0,0,0,0,0,0,0,0,0,1,c3211514,0,0,1,Minor
1,2022-07-18,20:34:00,Monday,Deer,On Roadway,"Blacktop, Asphalt, Bituminous",No Defects,Dusk,Dusk,"Two-Way, Not Divided",Not Provided,No Adverse Condition (Clear/Cloud),Straight - Level,Not Provided,No,Not at Intersection,Not Provided,Traffic Lanes Marked,Dry,Interchange Area,Main-Line Roadway,Yes - Working,No,2022,Summer,July,Nighttime,6:00pm - 8:59pm,20,Property Damage Crash,No,No,No,No,No,No,No,No,No,No,No,No,No,Single Vehicle Crashes,Rockingham County,,Urban,38.28045,-78.80115,Non-Interstate,US-340S,340.0,EAST SIDE HWY,32.13,Minor Arterial,Not at Intersection,,No,0,0,No,0,0,0,0,0,0,0,0,0,0,0,c8788498,0,0,1,Minor
2,2022-11-15,23:25:00,Tuesday,Head On,On Roadway,"Blacktop, Asphalt, Bituminous",No Defects,Darkness,Darkness - Road Not Lighted,"Two-Way, Divided, Positive Median Barrier",Not Provided,Rain,Straight - Level,Not Provided,No,Four Approaches,Not Provided,Traffic Lanes Marked,Wet,Intersection Area,Within Intersection,Yes - Working,No,2022,Autumn,November,Nighttime,9:00pm - 11:59pm,23,Injury Crash,Yes,Yes,No,No,No,No,No,No,No,No,No,No,No,Multiple Vehicle Crashes,Colonial Heights City,,Urban,37.25761,-77.39617,Non-Interstate,VA-144S,144.0,TEMPLE AVE,3.71,Other Principal Arterial,At Intersection,CONDUIT RD,No,0,0,No,0,0,0,0,0,0,0,0,0,0,2,c8409406,0,1,0,Severe
2,2022-10-06,08:01:00,Thursday,Rear End,On Roadway,Concrete,No Defects,Daylight,Daylight,"One-Way, Not Divided",Activity Area,No Adverse Condition (Clear/Cloud),Straight - Level,With Law Enforcement,No,Not at Intersection,Work on Shoulder or Median,One Way Road or Street,Dry,Intersection Area,Non-Intersection,Yes - Working,Yes,2022,Autumn,October,Daytime,6:00am - 8:59am,8,Property Damage Crash,No,No,No,No,No,No,No,No,No,No,No,No,No,Multiple Vehicle Crashes,Norfolk City,,Urban,36.96477,-76.28518,Interstate,I-64W,64.0,I-64,273.04,Interstate,Not at Intersection,,No,0,0,No,0,0,0,0,0,0,0,0,0,0,0,c6017534,0,0,1,Minor
2,2022-05-20,16:30:00,Friday,Angle,On Roadway,"Blacktop, Asphalt, Bituminous",No Defects,Daylight,Daylight,"Two-Way, Divided, Positive Median Barrier",Not Provided,No Adverse Condition (Clear/Cloud),Grade - Straight,Not Provided,No,Three Approaches,Not Provided,Traffic Lanes Marked,Dry,Intersection Area,Intersection Related - Within 150 Feet,Yes - Working,No,2022,Spring,May,Daytime,3:00pm - 5:59pm,16,Injury Crash,No,No,No,No,No,No,No,No,No,No,Yes,No,No,Multiple Vehicle Crashes,Lynchburg City,,Urban,37.39697,-79.15006,Non-Interstate,BUS US-501N (1 CITY OF LYNCHBURG),501.0,KEMPER ST,1.72,Minor Arterial,Not at Intersection,,No,0,0,No,0,0,0,0,0,0,0,1,1,0,2,c2173490,0,1,0,Severe
2,2022-06-25,22:02:00,Saturday,Sideswipe - Same Direction,On Roadway,"Blacktop, Asphalt, Bituminous",No Defects,Darkness,Darkness - Road Lighted,"Two-Way, Divided, Positive Median Barrier",Not Provided,No Adverse Condition (Clear/Cloud),Straight - Level,Not Provided,No,Four Approaches,Not Provided,Traffic Signal,Dry,Interchange Area,Main-Line Roadway,Yes - Working,No,2022,Summer,June,Nighttime,9:00pm - 11:59pm,22,Property Damage Crash,No,No,No,No,No,No,No,No,No,No,No,No,No,Multiple Vehicle Crashes,Richmond City,,Urban,37.5633,-77.47134,Non-Interstate,US-33W,33.0,BROAD ST,134.11,Other Principal Arterial,At Intersection,SHEPPARD ST,No,0,0,No,0,0,0,0,0,0,0,0,0,0,0,c3665651,0,0,1,Minor
2,2024-12-13,16:15:00,Friday,Head On,On Roadway,"Blacktop, Asphalt, Bituminous",No Defects,Dusk,Dusk,"Two-Way, Not Divided",Not Provided,No Adverse Condition (Clear/Cloud),Straight - Level,Not Provided,No,Three Approaches,Not Provided,Stop Sign,Dry,Intersection Area,Within Intersection,Yes - Working,No,2024,Winter,December,Daytime,3:00pm - 5:59pm,16,Property Damage Crash,No,No,No,No,No,No,No,No,No,No,No,No,No,Multiple Vehicle Crashes,Northampton County,,Urban,37.28854,-75.95514,Non-Interstate,SC-637S (NORTHAMPTON COUNTY),637.0,CHERITON CROSS RD,0.0,Local,At Intersection,SUNNYSIDE RD,Yes,0,0,No,0,0,0,0,0,0,0,0,0,0,0,c6230007,0,0,1,Minor
3,2024-08-28,16:42:00,Wednesday,Rear End,On Roadway,"Blacktop, Asphalt, Bituminous",No Defects,Daylight,Daylight,"Two-Way, Not Divided",Not Provided,No Adverse Condition (Clear/Cloud),Straight - Level,Not Provided,No,Not at Intersection,Not Provided,Traffic Lanes Marked,Dry,Intersection Area,Non-Intersection,Yes - Working,No,2024,Summer,August,Daytime,3:00pm - 5:59pm,16,Property Damage Crash,No,Yes,Yes,No,No,No,No,No,No,No,No,No,No,Multiple Vehicle Crashes,Orange County,,Rural,38.17164,-78.28012,Non-Interstate,US-33W,33.0,SPOTSWOOD TRL,66.94,Minor Arterial,Not at Intersection,,Yes,0,0,No,0,0,0,0,0,0,0,0,0,0,0,c9827134,0,0,1,Minor
1,2022-06-02,15:21:00,Thursday,Fixed Object - Off Road,Shoulder,"Blacktop, Asphalt, Bituminous",No Defects,Daylight,Daylight,"Two-Way, Not Divided",Not Provided,No Adverse Condition (Clear/Cloud),Grade - Curve,Not Provided,No,Not at Intersection,Not Provided,No Traffic Control,Dry,Intersection Area,Non-Intersection,No Traffic Control Device Present,No,2022,Summer,June,Daytime,3:00pm - 5:59pm,15,Property Damage Crash,No,No,Yes,No,No,No,No,No,No,No,No,No,No,Single Vehicle Crashes,King George County,,Rural,38.23972,-77.18493,Non-Interstate,SC-631S (KING GEORGE COUNTY),631.0,MILLBANK RD,3.63,Minor Collector,Not at Intersection,,No,0,0,No,0,0,0,0,0,0,0,0,0,0,0,c5587283,0,0,1,Minor
2,2022-03-19,20:52:00,Saturday,Sideswipe - Same Direction,On Roadway,"Blacktop, Asphalt, Bituminous",No Defects,Darkness,Darkness - Road Lighted,"Two-Way, Divided, Positive Median Barrier",Not Provided,No Adverse Condition (Clear/Cloud),Straight - Level,Not Provided,No,Not at Intersection,Not Provided,No Traffic Control,Dry,Interchange Area,Main-Line Roadway,No Traffic Control Device Present,No,2022,Spring,March,Nighttime,6:00pm - 8:59pm,20,Property Damage Crash,Yes,Yes,No,No,No,No,No,No,No,Yes,No,No,No,Multiple Vehicle Crashes,Richmond City,,Urban,37.57812,-77.51531,Non-Interstate,UR-7641N (CITY OF RICHMOND),7641.0,LIBBIE AVE,0.69,Minor Arterial,At Intersection,CHRISTOPHER LN,No,0,0,No,0,0,0,0,0,0,0,0,0,0,0,c5070159,0,0,1,Minor
2,2023-10-30,16:04:00,Monday,Rear End,On Roadway,"Blacktop, Asphalt, Bituminous",Restricted Width,Daylight,Daylight,"Two-Way, Divided, Positive Median Barrier",Activity Area,No Adverse Condition (Clear/Cloud),Straight - Level,No Workers Present,No,Two Approaches,Intermittent or Moving Work,Traffic Lanes Marked,Dry,Interchange Area,Intersection at end of Ramp,Yes - Working,Yes,2023,Autumn,October,Daytime,3:00pm - 5:59pm,16,Injury Crash,No,No,No,No,No,No,No,No,No,No,No,No,No,Multiple Vehicle Crashes,Stafford County,,Urban,38.34018,-77.49175,Non-Interstate,BUS US-17S (1 STAFFORD COUNTY),17.0,WARRENTON RD,2.03,Other Principal Arterial,Not at Intersection,,No,0,0,No,0,0,0,0,0,0,0,0,0,0,1,c2784398,0,0,1,Minor
2,2024-11-26,16:16:00,Tuesday,Sideswipe - Same Direction,On Roadway,"Blacktop, Asphalt, Bituminous",No Defects,Daylight,Daylight,"Two-Way, Divided, Positive Median Barrier",Not Provided,No Adverse Condition (Clear/Cloud),Straight - Level,Not Provided,No,Four Approaches,Not Provided,Traffic Lanes Marked,Dry,Intersection Area,Intersection Related - Within 150 Feet,Yes - Working,No,2024,Autumn,November,Daytime,3:00pm - 5:59pm,16,Property Damage Crash,No,Yes,No,No,No,No,No,No,No,Yes,No,No,No,Multiple Vehicle Crashes,Albemarle County,,Urban,38.09737,-78.46444,Non-Interstate,US-29S,29.0,SEMINOLE TRL,142.59,Other Principal Arterial,At Intersection,HILTON HEIGHTS RD,No,0,0,No,0,0,0,0,0,0,0,0,0,0,0,c0319032,0,0,1,Minor
2,2022-06-10,19:09:00,Friday,Angle,On Roadway,"Blacktop, Asphalt, Bituminous",No Defects,Daylight,Daylight,"Two-Way, Not Divided",Not Provided,No Adverse Condition (Clear/Cloud),Straight - Level,Not Provided,No,Not at Intersection,Not Provided,No Traffic Control,Dry,Interchange Area,Main-Line Roadway,No Traffic Control Device Present,No,2022,Summer,June,Nighttime,6:00pm - 8:59pm,19,Injury Crash,No,No,No,No,No,No,No,No,No,No,No,No,No,Multiple Vehicle Crashes,Franklin County,Rocky Mount,Urban,37.01182,-79.86945,Non-Interstate,VA-40E,40.0,OLD FRANKLIN TPKE,33.78,Minor Arterial,Not at Intersection,,No,0,0,No,0,0,0,0,0,0,0,0,0,0,1,c2912482,0,0,1,Minor
1,2023-04-03,18:50:00,Monday,Non-Collision,On Roadway,"Blacktop, Asphalt, Bituminous",No Defects,Daylight,Daylight,"One-Way, Not Divided",Not Provided,No Adverse Condition (Clear/Cloud),Grade - Straight,Not Provided,No,Not at Intersection,Not Provided,Traffic Lanes Marked,Dry,Interchange Area,Main-Line Roadway,Yes - Working,No,2023,Spring,April,Nighttime,6:00pm - 8:59pm,18,Property Damage Crash,No,No,No,No,No,No,No,No,No,No,No,No,No,Single Vehicle Crashes,Montgomery County,Christiansburg,Urban,37.13187,-80.37228,Non-Interstate,US-460E,460.0,US-460 BYP,124.9,Other Freeways and Expressways,Not at Intersection,,No,0,0,No,0,0,0,0,0,0,0,0,0,0,0,c2618147,0,0,1,Minor
2,2023-09-05,23:11:00,Tuesday,Angle,On Roadway,"Blacktop, Asphalt, Bituminous",No Defects,Darkness,Darkness - Road Not Lighted,"Two-Way, Divided, Unprotected Median",Not Provided,No Adverse Condition (Clear/Cloud),Grade - Straight,Not Provided,No,Three Approaches,Not Provided,Traffic Signal,Dry,Intersection Area,Within Intersection,Yes - Working,No,2023,Autumn,September,Nighttime,9:00pm - 11:59pm,23,Injury Crash,No,No,No,No,No,No,No,No,No,No,Yes,No,No,Multiple Vehicle Crashes,Henrico County,,Urban,37.6403,-77.42441,Non-Interstate,US-301S,301.0,CHAMBERLAYNE RD,82.56,Other Principal Arterial,At Intersection,PARHAM RD,No,0,0,No,0,0,0,0,0,0,0,0,0,0,1,c6314972,0,0,1,Minor
3,2022-10-19,15:32:00,Wednesday,Angle,On Roadway,"Blacktop, Asphalt, Bituminous",No Defects,Daylight,Daylight,"Two-Way, Divided, Unprotected Median",Not Provided,No Adverse Condition (Clear/Cloud),Straight - Level,Not Provided,No,Three Approaches,Not Provided,Traffic Signal,Dry,Intersection Area,Within Intersection,Yes - Working,No,2022,Autumn,October,Daytime,3:00pm - 5:59pm,15,Property Damage Crash,No,No,No,No,No,No,No,No,No,Yes,No,No,No,Multiple Vehicle Crashes,Scott County,Weber City,Urban,36.63125,-82.55243,Non-Interstate,US-23S,23.0,US-23,2.92,Other Principal Arterial,At Intersection,WADLOW GAP HWY,No,0,0,No,0,0,0,0,0,0,0,0,0,0,0,c2032976,0,0,1,Minor
1,2023-08-16,15:53:00,Wednesday,Fixed Object - Off Road,On Roadway,"Blacktop, Asphalt, Bituminous",No Defects,Daylight,Daylight,"Two-Way, Divided, Positive Median Barrier",Not Provided,No Adverse Condition (Clear/Cloud),Straight - Level,Not Provided,No,Not at Intersection,Not Provided,Traffic Lanes Marked,Dry,Intersection Area,Non-Intersection,Yes - Working,No,2023,Summer,August,Daytime,3:00pm - 5:59pm,15,Injury Crash,No,No,No,No,No,No,No,No,No,No,Yes,No,No,Single Vehicle Crashes,Fairfax County,,Urban,38.80147,-77.08477,Interstate,I-95S,95.0,I-95,176.11,Interstate,Not at Intersection,,Yes,0,1,No,0,0,0,0,0,0,0,1,0,0,1,c5022217,0,0,1,Minor
2,2022-02-11,18:34:00,Friday,Angle,On Roadway,"Blacktop, Asphalt, Bituminous",No Defects,Dusk,Dusk,"Two-Way, Not Divided",Not Provided,No Adverse Condition (Clear/Cloud),Straight - Level,Not Provided,No,Not at Intersection,Not Provided,No Traffic Control,Dry,Interchange Area,Main-Line Roadway,No Traffic Control Device Present,No,2022,Winter,February,Nighttime,6:00pm - 8:59pm,18,Injury Crash,No,No,No,No,No,Yes,No,No,No,Yes,No,No,No,Multiple Vehicle Crashes,Fairfax County,,Urban,38.90625,-77.17259,Non-Interstate,SC-693S (FAIRFAX COUNTY),693.0,WESTMORELAND ST,0.71,Minor Arterial,Not at Intersection,,No,0,0,No,0,0,0,1,0,0,0,0,0,0,1,c1021482,0,0,1,Minor
3,2023-10-02,17:40:00,Monday,Angle,On Roadway,"Blacktop, Asphalt, Bituminous",No Defects,Daylight,Daylight,"Two-Way, Not Divided",Not Provided,No Adverse Condition (Clear/Cloud),Straight - Level,Not Provided,No,Four Approaches,Not Provided,Stop Sign,Dry,Intersection Area,Within Intersection,Yes - Working,No,2023,Autumn,October,Daytime,3:00pm - 5:59pm,17,Injury Crash,No,No,No,No,No,No,No,No,No,No,No,No,No,Multiple Vehicle Crashes,Brunswick County,,Rural,36.64767,-77.87015,Non-Interstate,VA-46S,46.0,CHRISTANNA HWY,9.3,Minor Arterial,At Intersection,DRY BREAD RD,Yes,0,1,No,0,0,0,0,0,0,0,0,0,0,2,c4950010,0,1,0,Severe
2,2023-08-13,19:15:00,Sunday,Head On,On Roadway,"Blacktop, Asphalt, Bituminous",No Defects,Dusk,Dusk,"Two-Way, Not Divided",Not Provided,No Adverse Condition (Clear/Cloud),Curve - Level,Not Provided,No,Three Approaches,Not Provided,Stop Sign,Dry,Intersection Area,Within Intersection,Yes - Working,No,2023,Summer,August,Nighttime,6:00pm - 8:59pm,19,Property Damage Crash,Yes,No,No,No,No,No,No,No,No,No,No,No,No,Multiple Vehicle Crashes,Fairfax County,,Urban,38.87258,-77.22523,Non-Interstate,SC-8807S (FAIRFAX COUNTY),8807.0,PORTER RD,0.11,Local,At Intersection,MAYBERRY ST,No,0,0,No,0,0,0,0,0,0,0,0,0,0,0,c3123596,0,0,1,Minor
2,2022-02-18,13:44:00,Friday,Sideswipe - Same Direction,On Roadway,Concrete,No Defects,Daylight,Daylight,"Two-Way, Divided, Unprotected Median",Not Provided,No Adverse Condition (Clear/Cloud),Straight - Level,Not Provided,No,Four Approaches,Not Provided,Traffic Signal,Dry,Intersection Area,Within Intersection,Yes - Working,No,2022,Winter,February,Daytime,Noon - 2:59pm,13,Property Damage Crash,No,No,No,No,No,No,No,No,No,No,No,No,No,Multiple Vehicle Crashes,Chesapeake City,,Urban,36.77326,-76.23512,Non-Interstate,STEPHANIE WAY (NP - CITY OF CHESAPEAKE),,STEPHANIE WAY,0.0,Local,At Intersection,EDEN WAY,No,0,0,No,0,0,0,0,0,0,0,0,0,0,0,c6874073,0,0,1,Minor
2,2024-12-20,13:21:00,Friday,Sideswipe - Same Direction,On Roadway,"Blacktop, Asphalt, Bituminous",No Defects,Daylight,Daylight,"Two-Way, Not Divided",Not Provided,No Adverse Condition (Clear/Cloud),Straight - Level,Not Provided,No,Not at Intersection,Not Provided,No Passing Lines,Dry,Interchange Area,Main-Line Roadway,Yes - Working,No,2024,Winter,December,Daytime,Noon - 2:59pm,13,Injury Crash,No,No,No,No,No,No,No,No,No,No,No,No,No,Multiple Vehicle Crashes,Prince William County,,Urban,38.66408,-77.33825,Non-Interstate,SC-1954E (PRINCE WILLIAM COUNTY),1954.0,HILLENDALE DR,0.57,Major Collector,Not at Intersection,,No,0,0,No,0,0,0,0,0,0,0,0,0,0,1,c8907582,0,0,1,Minor
3,2022-03-18,16:10:00,Friday,Rear End,On Roadway,"Blacktop, Asphalt, Bituminous",No Defects,Daylight,Daylight,"One-Way, Not Divided",Not Provided,No Adverse Condition (Clear/Cloud),Grade - Straight,Not Provided,No,Not at Intersection,Not Provided,One Way Road or Street,Dry,Intersection Area,Non-Intersection,Yes - Working,No,2022,Spring,March,Daytime,3:00pm - 5:59pm,16,Property Damage Crash,No,No,No,No,No,No,No,No,No,No,Yes,No,No,Multiple Vehicle Crashes,Newport News City,,Urban,36.96615,-76.41387,Interstate,I-664N,664.0,I-664,6.19,Interstate,Not at Intersection,,No,0,0,No,0,0,0,0,0,0,0,0,0,0,0,c7719071,0,0,1,Minor
2,2023-05-13,21:47:00,Saturday,Rear End,On Roadway,"Blacktop, Asphalt, Bituminous",No Defects,Darkness,Darkness - Road Lighted,"Two-Way, Divided, Positive Median Barrier",Not Provided,Rain,Straight - Level,Not Provided,No,Not at Intersection,Not Provided,Traffic Lanes Marked,Wet,Interchange Area,Main-Line Roadway,Yes - Working,No,2023,Spring,May,Nighttime,9:00pm - 11:59pm,21,Property Damage Crash,No,No,No,No,No,No,No,No,No,No,No,No,No,Multiple Vehicle Crashes,Fairfax County,,Urban,38.88169,-77.44938,Non-Interstate,VA-28S,28.0,SULLY RD,33.28,Other Freeways and Expressways,Not at Intersection,,No,0,0,No,0,0,0,0,0,0,0,0,0,0,0,c2798165,0,0,1,Minor
3,2022-11-23,21:06:00,Wednesday,Rear End,On Roadway,"Blacktop, Asphalt, Bituminous",No Defects,Darkness,Darkness - Road Lighted,"Two-Way, Divided, Positive Median Barrier",Not Provided,No Adverse Condition (Clear/Cloud),Grade - Straight,Not Provided,No,Not at Intersection,Not Provided,Highway Safety Corridor,Dry,Intersection Area,Non-Intersection,Yes - Working,No,2022,Autumn,November,Nighttime,9:00pm - 11:59pm,21,Property Damage Crash,No,No,No,No,No,No,No,No,No,No,No,No,No,Multiple Vehicle Crashes,Prince William County,,Urban,38.57172,-77.33199,Interstate,I-95S,95.0,I-95,152.56,Interstate,Not at Intersection,,No,0,0,No,0,0,0,0,0,0,0,0,0,0,0,c7123234,0,0,1,Minor