NumberOfVehicles,CrashDate,CrashTime,DayOfWeek,TypeOfCollision,LocationOfFirstHarmfulEvent,RoadwaySurfaceType,RoadwayDefect,LightCondition_Category,LightCondition_Value,RoadwayDescription,WorkZoneLocation,WeatherCondition,RoadwayAlignment,WorkZoneWorkersPresent,SchoolZone,IntersectionType,WorkZoneType,TrafficControlType,RoadwaySurfaceCondition,RelationToRoadway_Category,RelationToRoadway_Value,TrafficControlMechanicalDevice,WorkZoneRelated,Year,Meteorological Season,MonthName,DaytimeNighttime_NHTSA,ThreeHourLabel,Hour,CrashType,AlcoholInvolved,SpeedRelated,CommercialMotorVehiclesInvolved,PedestrianInvolved,BicycleInvolved,MotorcycleInvolved,MopedInvolved,TrainRelated,SchoolZoneInvolved,TeenDriverInvolved,DistractedDriverInvolved,DriverTextingInvolved,DriverUsingCellPhone,Single_Multi_Vehicle,Jurisdiction,TownName,LocationTypeName,Latitude,Longitude,Interstate_NonInterstate,RoadName,RouteNumber,RouteName,MileMarker,FunctionalClassCode,AtIntersection,SecondaryLocation,MatureDriverInvolved,MatureDriverFatalities,MatureDriverInjuries,LargeTruckInvolved,PedestrianFatalities,PedestrianInjuries,MotorcycleFatalities,MotorcycleInjuries,BicycleFatalities,BicycleInjuries,DistractedDriverFatalities,DistractedDriverInjuries,UnrestrainedInjuries,Number_Of_Fatalities,Number_Of_Injuries,Crash_UID,Is_Fatal,Is_Severe,Is_Minor,SeverityLabel
2,2022-08-17,21:00:00,Wednesday,Backed Into,Shoulder,"Blacktop, Asphalt, Bituminous",Edge Pavement Drop Off,Darkness,Darkness - Road Lighted,"One-Way, Not Divided",Activity Area,No Adverse Condition (Clear/Cloud),On/Off Ramp,With Law Enforcement,No,Not at Intersection,Lane Closure,Traffic Signal,Dry,Interchange Area,On Entrance/Exit Ramp,Yes - Working,Yes,2022,Summer,August,Nighttime,9:00pm - 11:59pm,21,Injury Crash,No,No,No,No,No,No,No,No,No,No,Yes,No,No,Multiple Vehicle Crashes,Hampton City,,Urban,37.01592,-76.38686,Interstate,I-664S,664.0,I-664,1.29,Interstate,Not at Intersection,,Yes,0,0,No,0,0,0,0,0,0,0,0,1,0,1,c5155741,0,0,1,Minor
1,2022-08-11,11:23:00,Thursday,Fixed Object - Off Road,Shoulder,"Blacktop, Asphalt, Bituminous",No Defects,Daylight,Daylight,"Two-Way, Divided, Unprotected Median",Not Provided,No Adverse Condition (Clear/Cloud),Straight - Level,Not Provided,No,Not at Intersection,Not Provided,Traffic Lanes Marked,Dry,Interchange Area,On Entrance/Exit Ramp,Yes - Working,No,2022,Summer,August,Daytime,9:00am - 11:59am,11,Property Damage Crash,No,Yes,No,No,No,No,No,No,No,No,Yes,No,No,Single Vehicle Crashes,Arlington County,,Urban,38.86585,-77.05192,Interstate,I-395N RAMP 9A,395.0,I-395 RAMP,0.01,Interstate,Not at Intersection,,No,0,0,No,0,0,0,0,0,0,0,0,0,0,0,c1165476,0,0,1,Minor
1,2023-08-02,07:49:00,Wednesday,Fixed Object - Off Road,Gore,"Blacktop, Asphalt, Bituminous",No Defects,Daylight,Daylight,"Two-Way, Not Divided",Not Provided,No Adverse Condition (Clear/Cloud),Straight - Level,Not Provided,No,Two Approaches,Not Provided,Traffic Lanes Marked,Dry,Intersection Area,Intersection Related - Within 150 Feet,Yes - Working,No,2023,Summer,August,Daytime,6:00am - 8:59am,7,Property Damage Crash,No,No,No,No,No,No,No,No,No,No,No,No,No,Single Vehicle Crashes,Loudoun County,,Urban,39.01367,-77.43277,Non-Interstate,VA-28N,28.0,SULLY RD,42.85,Other Freeways and Expressways,Not at Intersection,,No,0,0,No,0,0,0,0,0,0,0,0,0,0,0,c6656946,0,0,1,Minor
1,2023-10-19,04:56:00,Thursday,Deer,On Roadway,"Blacktop, Asphalt, Bituminous",No Defects,Darkness,Darkness - Road Not Lighted,"Two-Way, Divided, Positive Median Barrier",Not Provided,No Adverse Condition (Clear/Cloud),Grade - Straight,Not Provided,No,Not at Intersection,Not Provided,Traffic Lanes Marked,Dry,Intersection Area,Non-Intersection,Yes - Working,No,2023,Autumn,October,Nighttime,3:00am - 5:59am,4,Property Damage Crash,No,No,No,No,No,No,No,No,No,No,No,No,No,Single Vehicle Crashes,Loudoun County,,Urban,39.0341,-77.51486,Non-Interstate,VA-267E,267.0,DULLES GREENWAY,6.28,Other Freeways and Expressways,Not at Intersection,,No,0,0,No,0,0,0,0,0,0,0,0,0,0,0,c8696232,0,0,1,Minor
1,2022-12-06,16:19:00,Tuesday,Non-Collision,On Roadway,"Blacktop, Asphalt, Bituminous",No Defects,Daylight,Daylight,"Two-Way, Not Divided",Not Provided,No Adverse Condition (Clear/Cloud),Straight - Level,Not Provided,No,Two Approaches,Not Provided,Traffic Lanes Marked,Dry,Intersection Area,Within Intersection,Yes - Working,No,2022,Winter,December,Daytime,3:00pm - 5:59pm,16,Injury Crash,No,Yes,No,No,No,Yes,No,No,No,No,No,No,No,Single Vehicle Crashes,Hopewell City,,Urban,37.28263,-77.29731,Non-Interstate,VA-156N,156.0,HIGH AVE,16.94,Minor Arterial,At Intersection,GRANBY ST,No,0,0,No,0,0,0,1,0,0,0,0,0,0,1,c3599945,0,0,1,Minor
1,2022-07-17,06:34:00,Sunday,Fixed Object - Off Road,Shoulder,"Blacktop, Asphalt, Bituminous",No Defects,Daylight,Daylight,"Two-Way, Not Divided",Not Provided,No Adverse Condition (Clear/Cloud),Grade - Straight,Not Provided,No,Not at Intersection,Not Provided,Traffic Lanes Marked,Dry,Intersection Area,Non-Intersection,Yes - Working,No,2022,Summer,July,Daytime,6:00am - 8:59am,6,Property Damage Crash,No,No,No,No,No,No,No,No,No,No,No,No,No,Single Vehicle Crashes,Augusta County,,Rural,38.15547,-79.20214,Non-Interstate,SC-876S (AUGUSTA COUNTY),876.0,HEWITT RD,9.54,Local,Not at Intersection,,No,0,0,No,0,0,0,0,0,0,0,0,0,0,0,c9520063,0,0,1,Minor
2,2022-10-28,13:24:00,Friday,Angle,On Roadway,"Blacktop, Asphalt, Bituminous",No Defects,Daylight,Daylight,"Two-Way, Divided, Positive Median Barrier",Not Provided,No Adverse Condition (Clear/Cloud),On/Off Ramp,Not Provided,No,Not at Intersection,Not Provided,Traffic Lanes Marked,Dry,Interchange Area,On Entrance/Exit Ramp,Yes - Working,No,2022,Autumn,October,Daytime,Noon - 2:59pm,13,Property Damage Crash,No,No,No,No,No,No,No,No,No,No,Yes,No,No,Multiple Vehicle Crashes,Arlington County,,Urban,38.86455,-77.06788,Interstate,I-395N RAMP 8B,395.0,I-395 RAMP,0.02,Interstate,Not at Intersection,,No,0,0,No,0,0,0,0,0,0,0,0,0,0,0,c7247647,0,0,1,Minor
1,2023-10-10,19:45:00,Tuesday,Other Animal,On Roadway,"Blacktop, Asphalt, Bituminous",No Defects,Darkness,Darkness - Road Not Lighted,"Two-Way, Divided, Unprotected Median",Not Provided,No Adverse Condition (Clear/Cloud),Straight - Level,Not Provided,No,Not at Intersection,Not Provided,Traffic Lanes Marked,Dry,Intersection Area,Non-Intersection,Yes - Working,No,2023,Autumn,October,Nighttime,6:00pm - 8:59pm,19,Property Damage Crash,No,No,No,No,No,No,No,No,No,No,No,No,No,Single Vehicle Crashes,Giles County,,Rural,37.25223,-80.70704,Non-Interstate,VA-100N,100.0,PULASKI GILES TPKE,41.79,Minor Arterial,Not at Intersection,,No,0,0,No,0,0,0,0,0,0,0,0,0,0,0,c6925744,0,0,1,Minor
2,2023-12-22,11:04:00,Friday,Sideswipe - Same Direction,On Roadway,"Blacktop, Asphalt, Bituminous",No Defects,Daylight,Daylight,"Two-Way, Not Divided",Not Provided,No Adverse Condition (Clear/Cloud),Straight - Level,Not Provided,No,Four Approaches,Not Provided,Traffic Signal,Dry,Intersection Area,Within Intersection,Yes - Working,No,2023,Winter,December,Daytime,9:00am - 11:59am,11,Property Damage Crash,No,No,No,No,No,No,No,No,No,No,No,No,No,Multiple Vehicle Crashes,Fairfax County,,Urban,38.92706,-77.2216,Non-Interstate,SC-5061W (FAIRFAX COUNTY),5061.0,WESTPARK DR,0.95,Major Collector,At Intersection,WESTBRANCH DR,No,0,0,No,0,0,0,0,0,0,0,0,0,0,0,c0049599,0,0,1,Minor
1,2024-03-15,22:25:00,Friday,Fixed Object - Off Road,Roadside,"Blacktop, Asphalt, Bituminous",No Defects,Darkness,Darkness - Road Not Lighted,"Two-Way, Not Divided",Not Provided,No Adverse Condition (Clear/Cloud),Grade - Curve,Not Provided,No,Not at Intersection,Not Provided,No Passing Lines,Wet,Intersection Area,Non-Intersection,Yes - Working,No,2024,Spring,March,Nighttime,9:00pm - 11:59pm,22,Property Damage Crash,No,Yes,No,No,No,No,No,No,No,No,No,No,No,Single Vehicle Crashes,Westmoreland County,,Rural,38.23061,-77.03539,Non-Interstate,SC-631S (WESTMORELAND COUNTY),631.0,LONGFIELD RD,2.33,Major Collector,Not at Intersection,,No,0,0,No,0,0,0,0,0,0,0,0,0,0,0,c5454085,0,0,1,Minor
2,2024-10-23,06:14:00,Wednesday,Sideswipe - Same Direction,On Roadway,"Blacktop, Asphalt, Bituminous",No Defects,Dawn,Dawn,"Two-Way, Divided, Unprotected Median",Not Provided,No Adverse Condition (Clear/Cloud),Straight - Level,Not Provided,No,Four Approaches,Not Provided,Traffic Signal,Dry,Intersection Area,Intersection Related - Within 150 Feet,Yes - Working,No,2024,Autumn,October,Daytime,6:00am - 8:59am,6,Property Damage Crash,No,No,Yes,No,No,No,No,No,No,No,No,No,No,Multiple Vehicle Crashes,Newport News City,,Urban,37.12742,-76.51144,Non-Interstate,VA-143S,143.0,JEFFERSON AVE,19.56,Other Principal Arterial,At Intersection,BLAND BLVD,No,0,0,Yes,0,0,0,0,0,0,0,0,0,0,0,c7880228,0,0,1,Minor
2,2022-12-22,12:23:00,Thursday,Rear End,On Roadway,"Blacktop, Asphalt, Bituminous",Other,Darkness,Darkness - Road Lighted,"Two-Way, Divided, Unprotected Median",Not Provided,Rain,Straight - Level,Not Provided,No,Three Approaches,Not Provided,Traffic Signal,Wet,Intersection Area,Within Intersection,Yes - Working,No,2022,Winter,December,Daytime,Noon - 2:59pm,12,Injury Crash,No,No,No,No,No,No,No,No,No,No,No,No,No,Multiple Vehicle Crashes,Lynchburg City,,Urban,37.41815,-79.14517,Non-Interstate,VA-163S,163.0,5TH ST,4.68,Other Principal Arterial,At Intersection,MAIN ST,No,0,0,No,0,0,0,0,0,0,0,0,0,0,1,c9208682,0,0,1,Minor
2,2024-11-22,09:50:00,Friday,Rear End,On Roadway,"Blacktop, Asphalt, Bituminous",No Defects,Daylight,Daylight,"Two-Way, Not Divided",Not Provided,No Adverse Condition (Clear/Cloud),Straight - Level,Not Provided,No,Not at Intersection,Not Provided,Traffic Lanes Marked,Dry,Other Location,"Driveway, Alley-Access - Related",Yes - Working,No,2024,Autumn,November,Daytime,9:00am - 11:59am,9,Injury Crash,No,Yes,No,No,No,No,No,No,No,Yes,No,No,No,Multiple Vehicle Crashes,Halifax County,,Rural,36.80467,-78.77906,Non-Interstate,SC-607N (HALIFAX COUNTY),607.0,RODGERS CHAPEL RD,0.45,Major Collector,Not at Intersection,,Yes,0,1,No,0,0,0,0,0,0,0,0,0,0,2,c9180640,0,1,0,Severe
2,2024-04-14,10:00:00,Sunday,Rear End,On Roadway,"Blacktop, Asphalt, Bituminous",No Defects,Daylight,Daylight,"Two-Way, Divided, Unprotected Median",Not Provided,No Adverse Condition (Clear/Cloud),Straight - Level,Not Provided,No,Not at Intersection,Not Provided,Traffic Lanes Marked,Dry,Intersection Area,Non-Intersection,Yes - Working,No,2024,Spring,April,Daytime,9:00am - 11:59am,10,Injury Crash,No,No,No,No,No,No,No,No,No,No,Yes,No,No,Multiple Vehicle Crashes,Prince George County,,Urban,37.2511,-77.31695,Non-Interstate,SC-630S (PRINCE GEORGE COUNTY),630.0,JEFFERSON PARK RD,12.64,Minor Arterial,Not at Intersection,,No,0,0,No,0,0,0,0,0,0,0,1,0,0,2,c2233381,0,1,0,Severe
2,2023-03-14,17:00:00,Tuesday,Rear End,On Roadway,"Blacktop, Asphalt, Bituminous",No Defects,Daylight,Daylight,"Two-Way, Divided, Unprotected Median",Not Provided,No Adverse Condition (Clear/Cloud),Straight - Level,Not Provided,No,Not at Intersection,Not Provided,Traffic Signal,Dry,Intersection Area,Non-Intersection,Yes - Working,No,2023,Spring,March,Daytime,3:00pm - 5:59pm,17,Injury Crash,No,No,No,No,No,No,No,No,No,No,Yes,No,No,Multiple Vehicle Crashes,Washington County,,Urban,36.63902,-82.10887,Non-Interstate,US-11N,11.0,LEE HWY,6.78,Minor Arterial,Not at Intersection,,No,0,0,No,0,0,0,0,0,0,0,1,0,0,1,c4344108,0,0,1,Minor
1,2023-03-12,13:00:00,Sunday,Fixed Object - Off Road,Shoulder,"Blacktop, Asphalt, Bituminous",No Defects,Daylight,Daylight,"Two-Way, Divided, Unprotected Median",Not Provided,No Adverse Condition (Clear/Cloud),Straight - Level,Not Provided,No,Not at Intersection,Not Provided,Traffic Lanes Marked,Dry,Intersection Area,Non-Intersection,Yes - Working,No,2023,Spring,March,Daytime,Noon - 2:59pm,13,Injury Crash,No,No,No,No,No,No,No,No,No,No,Yes,No,No,Single Vehicle Crashes,Isle of Wight County,,Rural,36.9245,-76.58174,Non-Interstate,VA-10E,10.0,BENNS CHURCH BLVD,79.23,Other Principal Arterial,Not at Intersection,,No,0,0,No,0,0,0,0,0,0,0,1,1,0,1,c4945759,0,0,1,Minor
2,2022-04-08,12:20:00,Friday,Rear End,On Roadway,"Blacktop, Asphalt, Bituminous",No Defects,Daylight,Daylight,"Two-Way, Divided, Unprotected Median",Not Provided,No Adverse Condition (Clear/Cloud),Grade - Straight,Not Provided,No,Four Approaches,Not Provided,Traffic Signal,Dry,Intersection Area,Intersection Related - Within 150 Feet,Yes - Working,No,2022,Spring,April,Daytime,Noon - 2:59pm,12,Property Damage Crash,No,No,No,No,No,No,No,No,No,No,No,No,No,Multiple Vehicle Crashes,Henrico County,,Urban,37.64055,-77.56075,Non-Interstate,VA-157N,157.0,PEMBERTON RD,4.08,Major Collector,At Intersection,BROAD ST,No,0,0,No,0,0,0,0,0,0,0,0,0,0,0,c2807374,0,0,1,Minor
2,2022-08-10,15:30:00,Wednesday,Angle,On Roadway,"Blacktop, Asphalt, Bituminous",No Defects,Daylight,Daylight,"Two-Way, Not Divided",Not Provided,Rain,Curve - Level,Not Provided,No,Not at Intersection,Not Provided,Traffic Lanes Marked,Wet,Intersection Area,Non-Intersection,Yes - Working,No,2022,Summer,August,Daytime,3:00pm - 5:59pm,15,Injury Crash,No,No,No,No,No,No,No,No,No,No,No,No,No,Multiple Vehicle Crashes,Chesterfield County,,Urban,37.43773,-77.47582,Non-Interstate,SC-770W (CHESTERFIELD COUNTY),770.0,MEADOWDALE BLVD,0.14,Major Collector,Not at Intersection,,No,0,0,No,0,0,0,0,0,0,0,0,0,0,1,c7660997,0,0,1,Minor
2,2024-09-20,18:06:00,Friday,Rear End,On Roadway,"Blacktop, Asphalt, Bituminous",No Defects,Daylight,Daylight,"Two-Way, Divided, Unprotected Median",Not Provided,No Adverse Condition (Clear/Cloud),Straight - Level,Not Provided,No,Four Approaches,Not Provided,Traffic Signal,Dry,Intersection Area,Intersection Related - Within 150 Feet,Yes - Working,No,2024,Autumn,September,Nighttime,6:00pm - 8:59pm,18,Property Damage Crash,No,No,No,No,No,No,No,No,No,No,No,No,No,Multiple Vehicle Crashes,Henrico County,,Rural,37.63238,-77.53998,Non-Interstate,US-250E,250.0,BROAD ST,157.59,Other Principal Arterial,Not at Intersection,SKIPWITH RD,No,0,0,No,0,0,0,0,0,0,0,0,0,0,0,c3697688,0,0,1,Minor
2,2023-04-17,16:14:00,Monday,Rear End,On Roadway,"Blacktop, Asphalt, Bituminous",No Defects,Daylight,Daylight,"Two-Way, Divided, Positive Median Barrier",Not Provided,No Adverse Condition (Clear/Cloud),Straight - Level,Not Provided,No,Four Approaches,Not Provided,Traffic Signal,Dry,Intersection Area,Intersection Related - Within 150 Feet,Yes - Working,No,2023,Spring,April,Daytime,3:00pm - 5:59pm,16,Property Damage Crash,No,No,No,No,No,No,No,No,No,No,Yes,No,Yes,Multiple Vehicle Crashes,Chesapeake City,,Urban,36.7729,-76.31932,Non-Interstate,US-13N,13.0,MILITARY HWY,38.44,Other Principal Arterial,At Intersection,STATE ST,No,0,0,No,0,0,0,0,0,0,0,0,0,0,0,c6491804,0,0,1,Minor
2,2024-04-28,14:55:00,Sunday,Sideswipe - Same Direction,On Roadway,"Blacktop, Asphalt, Bituminous",No Defects,Daylight,Daylight,"Two-Way, Divided, Positive Median Barrier",Not Provided,No Adverse Condition (Clear/Cloud),Straight - Level,Not Provided,No,Four Approaches,Not Provided,Traffic Lanes Marked,Dry,Intersection Area,Intersection Related - Within 150 Feet,Yes - Working,No,2024,Spring,April,Daytime,Noon - 2:59pm,14,Property Damage Crash,No,No,No,No,No,No,No,No,No,No,No,No,No,Multiple Vehicle Crashes,Richmond City,,Urban,37.54876,-77.44707,Non-Interstate,US-250W,250.0,BROAD ST,165.52,Other Principal Arterial,At Intersection,BELVIDERE ST,No,0,0,No,0,0,0,0,0,0,0,0,0,0,0,c9286941,0,0,1,Minor
1,2023-07-20,10:28:00,Thursday,Non-Collision,On Roadway,"Blacktop, Asphalt, Bituminous",No Defects,Daylight,Daylight,"Two-Way, Divided, Unprotected Median",Not Provided,No Adverse Condition (Clear/Cloud),Straight - Level,Not Provided,No,Not at Intersection,Not Provided,Traffic Lanes Marked,Dry,Intersection Area,Non-Intersection,No Traffic Control Device Present,No,2023,Summer,July,Daytime,9:00am - 11:59am,10,Property Damage Crash,No,No,No,No,No,No,No,No,No,No,No,No,No,Single Vehicle Crashes,Frederick County,,Urban,39.2242,-78.19798,Non-Interstate,US-522N,522.0,FREDERICK PIKE,141.31,Other Principal Arterial,Not at Intersection,,Yes,0,0,No,0,0,0,0,0,0,0,0,0,0,0,c7000727,0,0,1,Minor
2,2022-06-01,18:10:00,Wednesday,Sideswipe - Same Direction,On Roadway,"Blacktop, Asphalt, Bituminous",No Defects,Daylight,Daylight,"Two-Way, Divided, Positive Median Barrier",Not Provided,No Adverse Condition (Clear/Cloud),Straight - Level,Not Provided,No,Two Approaches,Not Provided,Traffic Lanes Marked,Dry,Intersection Area,Intersection Related - Within 150 Feet,Yes - Working,No,2022,Summer,June,Nighttime,6:00pm - 8:59pm,18,Injury Crash,No,No,No,No,No,Yes,No,No,No,No,No,No,No,Multiple Vehicle Crashes,Norfolk City,,Urban,36.91682,-76.23106,Non-Interstate,VA-170E,170.0,LITTLE CREEK RD,0.48,Other Principal Arterial,Not at Intersection,,No,0,0,No,0,0,0,2,0,0,0,0,0,0,2,c3321102,0,1,0,Severe
2,2022-08-03,20:50:00,Wednesday,Sideswipe - Same Direction,On Roadway,"Blacktop, Asphalt, Bituminous",No Defects,Darkness,Darkness - Road Lighted,"Two-Way, Divided, Positive Median Barrier",Not Provided,No Adverse Condition (Clear/Cloud),Straight - Level,Not Provided,No,Not at Intersection,Not Provided,Traffic Lanes Marked,Dry,Intersection Area,Non-Intersection,Yes - Working,No,2022,Summer,August,Nighttime,6:00pm - 8:59pm,20,Property Damage Crash,No,Yes,No,No,No,No,No,No,No,No,No,No,No,Multiple Vehicle Crashes,Fairfax County,,Urban,38.87906,-77.22101,Interstate,I-495N,495.0,I-495,8.42,Interstate,Not at Intersection,,No,0,0,No,0,0,0,0,0,0,0,0,0,0,0,c1798136,0,0,1,Minor
2,2023-08-24,20:45:00,Thursday,Rear End,On Roadway,"Blacktop, Asphalt, Bituminous",No Defects,Darkness,Darkness - Road Lighted,"Two-Way, Divided, Unprotected Median",Not Provided,No Adverse Condition (Clear/Cloud),Grade - Straight,Not Provided,No,Not at Intersection,Not Provided,Traffic Lanes Marked,Dry,Interchange Area,Main-Line Roadway,Yes - Working,No,2023,Summer,August,Nighttime,6:00pm - 8:59pm,20,Injury Crash,Yes,Yes,No,No,No,No,No,No,No,No,No,No,No,Multiple Vehicle Crashes,Fairfax County,,Urban,38.8369,-77.15625,Non-Interstate,VA-244E,244.0,COLUMBIA PIKE,2.31,Other Principal Arterial,At Intersection,COLUMBIA PIKE SERVICE RD,No,0,0,No,0,0,0,0,0,0,0,0,0,0,1,c4715291,0,0,1,Minor
2,2023-11-19,18:58:00,Sunday,Angle,On Roadway,"Blacktop, Asphalt, Bituminous",No Defects,Darkness,Darkness - Road Lighted,"Two-Way, Divided, Unprotected Median",Not Provided,No Adverse Condition (Clear/Cloud),Straight - Level,Not Provided,No,Three Approaches,Not Provided,Traffic Signal,Dry,Intersection Area,Within Intersection,Yes - Working,No,2023,Autumn,November,Nighttime,6:00pm - 8:59pm,18,Injury Crash,No,No,No,No,No,No,No,No,No,No,No,No,No,Multiple Vehicle Crashes,Chesterfield County,,Urban,37.50001,-77.57148,Non-Interstate,US-60E,60.0,MIDLOTHIAN TPKE,181.69,Other Principal Arterial,At Intersection,TUXFORD RD,No,0,0,No,0,0,0,0,0,0,0,0,0,0,2,c6239847,0,1,0,Severe
2,2023-12-08,17:14:00,Friday,Angle,On Roadway,"Blacktop, Asphalt, Bituminous",No Defects,Darkness,Darkness - Road Lighted,"Two-Way, Not Divided",Not Provided,No Adverse Condition (Clear/Cloud),Straight - Level,Not Provided,No,Not at Intersection,Not Provided,Traffic Lanes Marked,Dry,Interchange Area,Main-Line Roadway,Yes - Working,No,2023,Winter,December,Daytime,3:00pm - 5:59pm,17,Property Damage Crash,No,No,No,No,No,No,No,No,No,No,No,No,No,Multiple Vehicle Crashes,Roanoke City,,Urban,37.25139,-79.9174,Non-Interstate,UR-8023N (CITY OF ROANOKE),8023.0,BENNINGTON ST,0.06,Minor Arterial,Not at Intersection,,No,0,0,No,0,0,0,0,0,0,0,0,0,0,0,c1094294,0,0,1,Minor
2,2023-03-02,21:43:00,Thursday,Sideswipe - Same Direction,On Roadway,"Blacktop, Asphalt, Bituminous",No Defects,Darkness,Darkness - Unknown Road Lighting,"Two-Way, Not Divided",Not Provided,No Adverse Condition (Clear/Cloud),Straight - Level,Not Provided,No,Not at Intersection,Not Provided,No Traffic Control,Dry,Intersection Area,Non-Intersection,No Traffic Control Device Present,No,2023,Spring,March,Nighttime,9:00pm - 11:59pm,21,Property Damage Crash,No,No,No,No,No,No,No,No,No,No,No,No,No,Multiple Vehicle Crashes,Loudoun County,,Urban,38.98929,-77.48563,,LAMOREAUX LANDING SQ (PR - LOUDOUN COUNTY),,LAMOREAUX LANDING SQ,0.19,,Not at Intersection,,No,0,0,No,0,0,0,0,0,0,0,0,0,0,0,c4347839,0,0,1,Minor
1,2022-12-02,14:40:00,Friday,Fixed Object - Off Road,On Roadway,"Blacktop, Asphalt, Bituminous",No Defects,Daylight,Daylight,"Two-Way, Not Divided",Not Provided,No Adverse Condition (Clear/Cloud),Curve - Level,Not Provided,No,Not at Intersection,Not Provided,Traffic Lanes Marked,Dry,Intersection Area,Non-Intersection,Yes - Working,No,2022,Winter,December,Daytime,Noon - 2:59pm,14,Property Damage Crash,No,No,No,No,No,No,No,No,No,Yes,No,No,No,Single Vehicle Crashes,Spotsylvania County,,Rural,38.21114,-77.47121,Non-Interstate,SC-608E (SPOTSYLVANIA COUNTY),608.0,MASSAPONAX CHURCH RD,22.42,Major Collector,Not at Intersection,,No,0,0,No,0,0,0,0,0,0,0,0,0,0,0,c7024142,0,0,1,Minor
1,2022-03-29,06:30:00,Tuesday,Deer,On Roadway,"Blacktop, Asphalt, Bituminous",No Defects,Dawn,Dawn,"Two-Way, Not Divided",Not Provided,No Adverse Condition (Clear/Cloud),Curve - Level,Not Provided,No,Not at Intersection,Not Provided,Traffic Lanes Marked,Dry,Intersection Area,Non-Intersection,Yes - Working,No,2022,Spring,March,Daytime,6:00am - 8:59am,6,Property Damage Crash,No,No,No,No,No,No,No,No,No,No,No,No,No,Single Vehicle Crashes,Cumberland County,,Rural,37.66361,-78.09356,Non-Interstate,VA-45N,45.0,CARTERSVILLE RD,33.76,Minor Arterial,Not at Intersection,,No,0,0,No,0,0,0,0,0,0,0,0,0,0,0,c7327448,0,0,1,Minor
2,2023-11-17,12:44:00,Friday,Other,On Roadway,"Blacktop, Asphalt, Bituminous",No Defects,Daylight,Daylight,"Two-Way, Not Divided",Not Provided,No Adverse Condition (Clear/Cloud),Straight - Level,Not Provided,No,Three Approaches,Not Provided,No Traffic Control,Dry,Intersection Area,Within Intersection,No Traffic Control Device Present,No,2023,Autumn,November,Daytime,Noon - 2:59pm,12,Property Damage Crash,No,No,No,No,No,No,No,No,No,No,No,No,No,Multiple Vehicle Crashes,Va. Beach City,,Urban,36.83494,-76.06212,Non-Interstate,POTTERS RD (PR - CITY OF VIRGINIA BEACH),,POTTERS RD,2.27,Major Collector,At Intersection,WESLEY DR,Yes,0,0,No,0,0,0,0,0,0,0,0,0,0,0,c1506215,0,0,1,Minor
1,2024-01-09,12:40:00,Tuesday,Fixed Object - Off Road,Shoulder,"Blacktop, Asphalt, Bituminous",No Defects,Daylight,Daylight,"Two-Way, Divided, Positive Median Barrier",Not Provided,Rain,On/Off Ramp,Not Provided,No,Not at Intersection,Not Provided,Traffic Lanes Marked,Wet,Interchange Area,On Entrance/Exit Ramp,Yes - Working,No,2024,Winter,January,Daytime,Noon - 2:59pm,12,Property Damage Crash,No,Yes,No,No,No,No,No,No,No,No,No,No,No,Single Vehicle Crashes,Fairfax County,,Urban,38.89989,-77.18523,Non-Interstate,VA-267E,267.0,I-66,28.63,Other Freeways and Expressways,Not at Intersection,,No,0,0,No,0,0,0,0,0,0,0,0,0,0,0,c4309621,0,0,1,Minor
1,2022-10-21,20:19:00,Friday,Deer,On Roadway,"Blacktop, Asphalt, Bituminous",No Defects,Darkness,Darkness - Road Not Lighted,"Two-Way, Not Divided",Not Provided,No Adverse Condition (Clear/Cloud),Straight - Level,Not Provided,No,Not at Intersection,Not Provided,Traffic Lanes Marked,Dry,Interchange Area,Main-Line Roadway,Yes - Working,No,2022,Autumn,October,Nighttime,6:00pm - 8:59pm,20,Property Damage Crash,No,Yes,No,No,No,No,No,No,No,No,No,No,No,Single Vehicle Crashes,Montgomery County,,Urban,37.13026,-80.49053,Non-Interstate,US-11N,11.0,RADFORD RD,113.23,Other Principal Arterial,Not at Intersection,,No,0,0,No,0,0,0,0,0,0,0,0,0,0,0,c2021612,0,0,1,Minor
2,2024-03-15,15:47:00,Friday,Rear End,On Roadway,"Blacktop, Asphalt, Bituminous",No Defects,Daylight,Daylight,"Two-Way, Not Divided",Not Provided,No Adverse Condition (Clear/Cloud),Straight - Level,Not Provided,No,Not at Intersection,Not Provided,No Passing Lines,Dry,Intersection Area,Non-Intersection,Yes - Working,No,2024,Spring,March,Daytime,3:00pm - 5:59pm,15,Injury Crash,No,No,No,No,No,No,No,No,No,No,Yes,No,No,Multiple Vehicle Crashes,Franklin County,,Rural,36.9897,-79.76359,Non-Interstate,VA-40W,40.0,OLD FRANKLIN TPKE,41.07,Minor Arterial,Not at Intersection,,No,0,0,No,0,0,0,0,0,0,0,0,0,0,1,c7701834,0,0,1,Minor
2,2023-07-25,15:05:00,Tuesday,Sideswipe - Same Direction,On Roadway,"Blacktop, Asphalt, Bituminous",No Defects,Daylight,Daylight,"Two-Way, Divided, Positive Median Barrier",Activity Area,No Adverse Condition (Clear/Cloud),Straight - Level,With No Law Enforcement,No,Not at Intersection,Work on Shoulder or Median,Traffic Lanes Marked,Dry,Intersection Area,Non-Intersection,Yes - Working,Yes,2023,Summer,July,Daytime,3:00pm - 5:59pm,15,Property Damage Crash,No,No,No,No,No,No,No,No,No,No,No,No,No,Multiple Vehicle Crashes,Fairfax County,,Urban,38.88183,-77.23354,Interstate,I-66W,66.0,I-66,64.42,Interstate,Not at Intersection,,No,0,0,No,0,0,0,0,0,0,0,0,0,0,0,c7633010,0,0,1,Minor