NumberOfVehicles,CrashDate,CrashTime,DayOfWeek,TypeOfCollision,LocationOfFirstHarmfulEvent,RoadwaySurfaceType,RoadwayDefect,LightCondition_Category,LightCondition_Value,RoadwayDescription,WorkZoneLocation,WeatherCondition,RoadwayAlignment,WorkZoneWorkersPresent,SchoolZone,IntersectionType,WorkZoneType,TrafficControlType,RoadwaySurfaceCondition,RelationToRoadway_Category,RelationToRoadway_Value,TrafficControlMechanicalDevice,WorkZoneRelated,Year,Meteorological Season,MonthName,DaytimeNighttime_NHTSA,ThreeHourLabel,Hour,CrashType,AlcoholInvolved,SpeedRelated,CommercialMotorVehiclesInvolved,PedestrianInvolved,BicycleInvolved,MotorcycleInvolved,MopedInvolved,TrainRelated,SchoolZoneInvolved,TeenDriverInvolved,DistractedDriverInvolved,DriverTextingInvolved,DriverUsingCellPhone,Single_Multi_Vehicle,Jurisdiction,TownName,LocationTypeName,Latitude,Longitude,Interstate_NonInterstate,RoadName,RouteNumber,RouteName,MileMarker,FunctionalClassCode,AtIntersection,SecondaryLocation,MatureDriverInvolved,MatureDriverFatalities,MatureDriverInjuries,LargeTruckInvolved,PedestrianFatalities,PedestrianInjuries,MotorcycleFatalities,MotorcycleInjuries,BicycleFatalities,BicycleInjuries,DistractedDriverFatalities,DistractedDriverInjuries,UnrestrainedInjuries,Number_Of_Fatalities,Number_Of_Injuries,Crash_UID,Is_Fatal,Is_Severe,Is_Minor,SeverityLabel
2,2024-07-03,16:01:00,Wednesday,Rear End,On Roadway,"Blacktop, Asphalt, Bituminous",No Defects,Daylight,Daylight,"Two-Way, Not Divided",Not Provided,No Adverse Condition (Clear/Cloud),Straight - Level,Not Provided,No,Three Approaches,Not Provided,Traffic Lanes Marked,Dry,Intersection Area,Within Intersection,Yes - Working,No,2024,Summer,July,Daytime,3:00pm - 5:59pm,16,Property Damage Crash,No,No,No,No,No,No,No,No,No,Yes,No,No,No,Multiple Vehicle Crashes,King William County,,Rural,37.75973,-77.093,Non-Interstate,SC-600N (KING WILLIAM COUNTY),600.0,RIVER RD,10.68,Major Collector,At Intersection,RIVER BEND LN,No,0,0,No,0,0,0,0,0,0,0,0,0,0,0,c8113030,0,0,1,Minor
2,2023-09-18,15:36:00,Monday,Angle,On Roadway,"Blacktop, Asphalt, Bituminous",No Defects,Daylight,Daylight,"Two-Way, Not Divided",Not Provided,No Adverse Condition (Clear/Cloud),Straight - Level,Not Provided,No,Four Approaches,Not Provided,Traffic Signal,Dry,Interchange Area,Main-Line Roadway,Yes - Working,No,2023,Autumn,September,Daytime,3:00pm - 5:59pm,15,Property Damage Crash,No,No,No,No,No,No,No,No,No,No,No,No,No,Multiple Vehicle Crashes,Harrisonburg City,,Urban,38.42875,-78.85556,Non-Interstate,UR-4107S (CITY OF HARRISONBURG),4107.0,RESERVOIR ST,0.95,Minor Arterial,At Intersection,UNIVERSITY BLVD,No,0,0,No,0,0,0,0,0,0,0,0,0,0,0,c0751786,0,0,1,Minor
2,2022-06-22,14:06:00,Wednesday,Rear End,On Roadway,"Blacktop, Asphalt, Bituminous",No Defects,Daylight,Daylight,"Two-Way, Divided, Unprotected Median",Not Provided,No Adverse Condition (Clear/Cloud),Straight - Level,Not Provided,No,Not at Intersection,Not Provided,Traffic Lanes Marked,Dry,Intersection Area,Non-Intersection,Yes - Working,No,2022,Summer,June,Daytime,Noon - 2:59pm,14,Property Damage Crash,No,No,No,No,No,No,No,No,No,No,No,No,No,Multiple Vehicle Crashes,Spotsylvania County,,Urban,38.25005,-77.49859,Non-Interstate,US-1N,1.0,JEFFERSON DAVIS HWY,143.56,Other Principal Arterial,At Intersection,MINE RD,No,0,0,No,0,0,0,0,0,0,0,0,0,0,0,c8609896,0,0,1,Minor
2,2024-05-26,20:44:00,Sunday,Angle,On Roadway,"Blacktop, Asphalt, Bituminous",No Defects,Darkness,Darkness - Road Lighted,"Two-Way, Not Divided",Not Provided,Rain,Grade - Straight,Not Provided,No,Not at Intersection,Not Provided,Traffic Lanes Marked,Wet,Intersection Area,Non-Intersection,Yes - Working,No,2024,Spring,May,Nighttime,6:00pm - 8:59pm,20,Property Damage Crash,No,No,No,No,No,No,No,No,No,No,No,No,No,Multiple Vehicle Crashes,Harrisonburg City,,Urban,38.4276,-78.87455,Non-Interstate,VA-253W,253.0,PORT REPUBLIC RD,0.65,Minor Arterial,Not at Intersection,,Yes,0,0,No,0,0,0,0,0,0,0,0,0,0,0,c9695772,0,0,1,Minor
3,2023-08-30,18:31:00,Wednesday,Angle,On Roadway,"Blacktop, Asphalt, Bituminous",No Defects,Daylight,Daylight,"Two-Way, Divided, Positive Median Barrier",Not Provided,No Adverse Condition (Clear/Cloud),Straight - Level,Not Provided,No,Four Approaches,Not Provided,Traffic Signal,Dry,Intersection Area,Within Intersection,Yes - Working,No,2023,Summer,August,Nighttime,6:00pm - 8:59pm,18,Injury Crash,No,Yes,No,No,No,No,No,No,No,No,No,No,No,Multiple Vehicle Crashes,Halifax County,South Boston,Urban,36.71485,-78.91423,Non-Interstate,US-501N,501.0,WILBORN AVE,13.13,Minor Arterial,At Intersection,HAMILTON BLVD,No,0,0,No,0,0,0,0,0,0,0,0,0,0,2,c8496308,0,1,0,Severe
1,2023-05-27,03:30:00,Saturday,Fixed Object - Off Road,Roadside,"Blacktop, Asphalt, Bituminous",No Defects,Darkness,Darkness - Road Not Lighted,"Two-Way, Divided, Unprotected Median",Not Provided,No Adverse Condition (Clear/Cloud),Straight - Level,Not Provided,No,Not at Intersection,Not Provided,Traffic Lanes Marked,Dry,Intersection Area,Non-Intersection,Yes - Working,No,2023,Spring,May,Nighttime,3:00am - 5:59am,3,Property Damage Crash,No,Yes,No,No,No,No,No,No,No,No,Yes,No,No,Single Vehicle Crashes,New Kent County,,Rural,37.51633,-77.19299,Interstate,I-64E,64.0,I-64,205.51,Interstate,Not at Intersection,,No,0,0,No,0,0,0,0,0,0,0,0,0,0,0,c9256268,0,0,1,Minor
5,2023-12-27,19:10:00,Wednesday,Angle,On Roadway,"Blacktop, Asphalt, Bituminous",No Defects,Darkness,Darkness - Road Lighted,"Two-Way, Divided, Positive Median Barrier",Not Provided,Rain,Straight - Level,Not Provided,No,Not at Intersection,Not Provided,No Traffic Control,Wet,Interchange Area,Main-Line Roadway,No Traffic Control Device Present,No,2023,Winter,December,Nighttime,6:00pm - 8:59pm,19,Property Damage Crash,No,Yes,No,No,No,No,No,No,No,No,No,No,No,Multiple Vehicle Crashes,Roanoke City,,Urban,37.30597,-79.94652,Non-Interstate,US-11S,11.0,WILLIAMSON RD,154.52,Other Principal Arterial,At Intersection,ANGELL AVE,No,0,0,No,0,0,0,0,0,0,0,0,0,0,0,c0327344,0,0,1,Minor
5,2022-08-15,06:48:00,Monday,Angle,On Roadway,"Blacktop, Asphalt, Bituminous",No Defects,Daylight,Daylight,"Two-Way, Divided, Positive Median Barrier",Not Provided,No Adverse Condition (Clear/Cloud),Straight - Level,Not Provided,No,Not at Intersection,Not Provided,Traffic Lanes Marked,Dry,Intersection Area,Non-Intersection,Yes - Working,No,2022,Summer,August,Daytime,6:00am - 8:59am,6,Property Damage Crash,No,Yes,No,No,No,No,No,No,No,No,No,No,No,Multiple Vehicle Crashes,Fairfax County,,Urban,38.95018,-77.38069,Non-Interstate,SC-5320W (FAIRFAX COUNTY),5320.0,SUNRISE VALLEY DR,4.14,Minor Arterial,Not at Intersection,,Yes,0,0,No,0,0,0,0,0,0,0,0,0,0,0,c8239650,0,0,1,Minor
2,2024-05-22,06:58:00,Wednesday,Rear End,On Roadway,"Blacktop, Asphalt, Bituminous",No Defects,Daylight,Daylight,"Two-Way, Divided, Positive Median Barrier",Not Provided,No Adverse Condition (Clear/Cloud),Straight - Level,Not Provided,No,Not at Intersection,Not Provided,Highway Safety Corridor,Dry,Interchange Area,Main-Line Roadway,Yes - Working,No,2024,Spring,May,Daytime,6:00am - 8:59am,6,Property Damage Crash,No,No,No,No,No,No,No,No,No,No,No,No,No,Multiple Vehicle Crashes,Prince William County,,Urban,38.6569,-77.27888,Interstate,I-95N DIST/COLL AT MP158,95.0,I-95 RAMP,0.33,Interstate,Not at Intersection,,No,0,0,No,0,0,0,0,0,0,0,0,0,0,0,c0609434,0,0,1,Minor
3,2023-04-11,14:50:00,Tuesday,Rear End,On Roadway,"Blacktop, Asphalt, Bituminous",No Defects,Daylight,Daylight,"Two-Way, Divided, Positive Median Barrier",Activity Area,No Adverse Condition (Clear/Cloud),Straight - Level,With No Law Enforcement,No,Not at Intersection,Work on Shoulder or Median,Traffic Lanes Marked,Dry,Intersection Area,Non-Intersection,Yes - Working,Yes,2023,Spring,April,Daytime,Noon - 2:59pm,14,Property Damage Crash,No,No,No,No,No,No,No,No,No,No,No,No,No,Multiple Vehicle Crashes,Fairfax County,,Urban,38.8529,-77.39941,Interstate,I-66W,66.0,I-66,55.23,Interstate,Not at Intersection,,No,0,0,No,0,0,0,0,0,0,0,0,0,0,0,c2999706,0,0,1,Minor
4,2023-07-01,15:35:00,Saturday,Rear End,On Roadway,"Blacktop, Asphalt, Bituminous",No Defects,Daylight,Daylight,"Two-Way, Divided, Unprotected Median",Not Provided,No Adverse Condition (Clear/Cloud),Straight - Level,Not Provided,No,Not at Intersection,Not Provided,Traffic Lanes Marked,Dry,Intersection Area,Non-Intersection,Yes - Working,No,2023,Summer,July,Daytime,3:00pm - 5:59pm,15,Property Damage Crash,No,No,No,No,No,No,No,No,No,No,No,No,No,Multiple Vehicle Crashes,Va. Beach City,,Urban,36.91074,-76.07422,Non-Interstate,US-60E,60.0,SHORE DR,293.71,Other Principal Arterial,At Intersection,RED TIDE RD,No,0,0,No,0,0,0,0,0,0,0,0,0,0,0,c6098485,0,0,1,Minor
2,2022-10-01,02:49:00,Saturday,Rear End,On Roadway,"Blacktop, Asphalt, Bituminous",No Defects,Darkness,Darkness - Road Lighted,"Two-Way, Not Divided",Not Provided,Rain,Straight - Level,Not Provided,No,Not at Intersection,Not Provided,Traffic Lanes Marked,Wet,Intersection Area,Non-Intersection,Yes - Working,No,2022,Autumn,October,Nighttime,Midnight - 2:59am,2,Property Damage Crash,No,No,No,No,No,No,No,No,No,No,No,No,No,Multiple Vehicle Crashes,Martinsville City,,Urban,36.68807,-79.88676,Non-Interstate,VA-57E,57.0,FAYETTE ST,26.46,Minor Arterial,Not at Intersection,,No,0,0,No,0,0,0,0,0,0,0,0,0,0,0,c6741305,0,0,1,Minor
2,2022-12-15,18:02:00,Thursday,Other,On Roadway,"Blacktop, Asphalt, Bituminous",No Defects,Darkness,Darkness - Road Lighted,"Two-Way, Divided, Unprotected Median",Not Provided,Rain,Straight - Level,Not Provided,No,Not at Intersection,Not Provided,Traffic Lanes Marked,Wet,Intersection Area,Non-Intersection,Yes - Working,No,2022,Winter,December,Nighttime,6:00pm - 8:59pm,18,Injury Crash,No,No,No,No,No,No,No,No,No,No,No,No,No,Multiple Vehicle Crashes,Halifax County,South Boston,Urban,36.73403,-78.91162,,VA-129S,129.0,OLD HALIFAX RD,2.81,,Not at Intersection,,No,0,0,No,0,0,0,0,0,0,0,0,0,0,2,c1994545,0,1,0,Severe
2,2023-03-21,15:54:00,Tuesday,Rear End,On Roadway,"Blacktop, Asphalt, Bituminous",No Defects,Daylight,Daylight,"Two-Way, Divided, Positive Median Barrier",Not Provided,No Adverse Condition (Clear/Cloud),Straight - Level,Not Provided,No,Not at Intersection,Not Provided,Traffic Lanes Marked,Dry,Intersection Area,Non-Intersection,Yes - Working,No,2023,Spring,March,Daytime,3:00pm - 5:59pm,15,Property Damage Crash,No,Yes,No,No,No,No,No,No,No,No,No,No,No,Multiple Vehicle Crashes,Norfolk City,,Urban,36.87919,-76.20332,Interstate,I-64E,64.0,I-64,282.2,Interstate,Not at Intersection,,No,0,0,No,0,0,0,0,0,0,0,0,0,0,0,c9440866,0,0,1,Minor
1,2023-04-17,02:00:00,Monday,Fixed Object - Off Road,Roadside,"Blacktop, Asphalt, Bituminous",No Defects,Darkness,Darkness - Road Lighted,"Two-Way, Not Divided",Not Provided,No Adverse Condition (Clear/Cloud),Straight - Level,Not Provided,No,Four Approaches,Not Provided,Traffic Signal,Dry,Intersection Area,Intersection Related - Within 150 Feet,Yes - Working,No,2023,Spring,April,Nighttime,Midnight - 2:59am,2,Property Damage Crash,No,No,No,No,No,No,No,No,No,No,Yes,No,No,Single Vehicle Crashes,Henrico County,,Urban,37.56139,-77.3756,Non-Interstate,CR-7555S (HENRICO COUNTY),7555.0,LABURNUM AVE,8.34,Other Principal Arterial,At Intersection,CREIGHTON RD,No,0,0,No,0,0,0,0,0,0,0,0,0,0,0,c3287567,0,0,1,Minor
1,2023-10-20,16:13:00,Friday,Pedestrian,On Roadway,"Blacktop, Asphalt, Bituminous",No Defects,Daylight,Daylight,"Two-Way, Not Divided",Not Provided,Rain,Straight - Level,Not Provided,No,Three Approaches,Not Provided,No Traffic Control,Wet,Intersection Area,Within Intersection,No Traffic Control Device Present,No,2023,Autumn,October,Daytime,3:00pm - 5:59pm,16,Injury Crash,No,No,No,Yes,No,No,No,No,No,No,No,No,No,Single Vehicle Crashes,Richmond City,,Urban,37.59014,-77.53158,,,,THREE CHOPT RD,,,Not at Intersection,,No,0,0,No,0,1,0,0,0,0,0,0,0,0,1,c2897372,0,0,1,Minor
2,2023-04-28,13:40:00,Friday,Angle,On Roadway,"Blacktop, Asphalt, Bituminous",Slick Pavement,Daylight,Daylight,"Two-Way, Not Divided",Not Provided,Rain,Grade - Straight,Not Provided,No,Three Approaches,Not Provided,Traffic Lanes Marked,Wet,Intersection Area,Within Intersection,Yes - Working,No,2023,Spring,April,Daytime,Noon - 2:59pm,13,Property Damage Crash,No,No,No,No,No,No,No,No,No,No,No,No,No,Multiple Vehicle Crashes,Prince William County,,Urban,38.73781,-77.38845,Non-Interstate,SC-612E (PRINCE WILLIAM COUNTY),612.0,YATES FORD RD,2.05,Minor Arterial,At Intersection,LAKE OCCOQUAN DR,Yes,0,0,No,0,0,0,0,0,0,0,0,0,0,0,c9469603,0,0,1,Minor
1,2023-06-09,12:14:00,Friday,Fixed Object - Off Road,Shoulder,"Blacktop, Asphalt, Bituminous",No Defects,Daylight,Daylight,"Two-Way, Divided, Positive Median Barrier",Activity Area,No Adverse Condition (Clear/Cloud),Straight - Level,With No Law Enforcement,No,Not at Intersection,Work on Shoulder or Median,Traffic Lanes Marked,Dry,Intersection Area,Non-Intersection,Yes - Working,Yes,2023,Summer,June,Daytime,Noon - 2:59pm,12,Property Damage Crash,No,No,No,No,No,No,No,No,No,No,No,No,No,Single Vehicle Crashes,Norfolk City,,Urban,36.95806,-76.26459,Interstate,I-64E,64.0,I-64,274.25,Interstate,Not at Intersection,,No,0,0,Yes,0,0,0,0,0,0,0,0,0,0,0,c3727145,0,0,1,Minor
1,2024-12-17,08:44:00,Tuesday,Fixed Object - Off Road,Shoulder,"Blacktop, Asphalt, Bituminous",No Defects,Daylight,Daylight,"Two-Way, Divided, Positive Median Barrier",Not Provided,No Adverse Condition (Clear/Cloud),On/Off Ramp,Not Provided,No,Not at Intersection,Not Provided,Traffic Lanes Marked,Wet,Interchange Area,On Entrance/Exit Ramp,Yes - Working,No,2024,Winter,December,Daytime,6:00am - 8:59am,8,Property Damage Crash,No,Yes,No,No,No,No,No,No,No,No,No,No,No,Single Vehicle Crashes,Newport News City,,Urban,37.17145,-76.55061,Interstate,VA-105E RAMP 1A,105.0,I-64 RAMP,0.28,Interstate,Not at Intersection,,No,0,0,No,0,0,0,0,0,0,0,0,0,0,0,c4784655,0,0,1,Minor
2,2023-07-30,00:52:00,Sunday,Rear End,On Roadway,"Blacktop, Asphalt, Bituminous",No Defects,Darkness,Darkness - Road Lighted,"Two-Way, Divided, Unprotected Median",Not Provided,No Adverse Condition (Clear/Cloud),Straight - Level,Not Provided,No,Four Approaches,Not Provided,Traffic Signal,Dry,Intersection Area,Intersection Related - Within 150 Feet,Yes - Working,No,2023,Summer,July,Nighttime,Midnight - 2:59am,0,Injury Crash,No,No,No,No,No,No,No,No,No,No,Yes,No,No,Multiple Vehicle Crashes,Fredericksburg City,,Urban,38.29629,-77.49956,Non-Interstate,VA-3E,3.0,PLANK RD,32.33,Other Principal Arterial,At Intersection,GATEWAY BLVD,No,0,0,No,0,0,0,0,0,0,0,1,0,0,2,c7871814,0,1,0,Severe
2,2023-09-14,19:30:00,Thursday,Angle,On Roadway,"Blacktop, Asphalt, Bituminous",No Defects,Darkness,Darkness - Road Lighted,"Two-Way, Divided, Unprotected Median",Not Provided,No Adverse Condition (Clear/Cloud),Straight - Level,Not Provided,No,Four Approaches,Not Provided,Traffic Signal,Dry,Intersection Area,Within Intersection,Yes - Working,No,2023,Autumn,September,Nighttime,6:00pm - 8:59pm,19,Property Damage Crash,No,No,No,No,No,No,No,No,No,No,No,No,No,Multiple Vehicle Crashes,Fairfax County,,Urban,38.95467,-77.36776,Non-Interstate,SC-675W (FAIRFAX COUNTY),675.0,SUNSET HILLS RD,0.25,Minor Arterial,At Intersection,ACCESS,No,0,0,No,0,0,0,0,0,0,0,0,0,0,0,c1739032,0,0,1,Minor
2,2022-12-02,19:45:00,Friday,Rear End,On Roadway,"Blacktop, Asphalt, Bituminous",No Defects,Darkness,Darkness - Road Lighted,"Two-Way, Divided, Positive Median Barrier",Not Provided,No Adverse Condition (Clear/Cloud),Straight - Level,Not Provided,No,Not at Intersection,Not Provided,Highway Safety Corridor,Dry,Interchange Area,Main-Line Roadway,Yes - Working,No,2022,Winter,December,Nighttime,6:00pm - 8:59pm,19,Property Damage Crash,No,No,No,No,No,No,No,No,No,No,No,No,No,Multiple Vehicle Crashes,Richmond City,,Urban,37.554,-77.44587,Interstate,I-95S,95.0,I-95,76.45,Interstate,Not at Intersection,,No,0,0,No,0,0,0,0,0,0,0,0,0,0,0,c8351527,0,0,1,Minor
2,2023-05-06,23:46:00,Saturday,Angle,On Roadway,"Blacktop, Asphalt, Bituminous",No Defects,Darkness,Darkness - Road Lighted,"Two-Way, Divided, Positive Median Barrier",Not Provided,No Adverse Condition (Clear/Cloud),Straight - Level,Not Provided,No,Four Approaches,Not Provided,Traffic Signal,Dry,Intersection Area,Within Intersection,Yes - Working,No,2023,Spring,May,Nighttime,9:00pm - 11:59pm,23,Injury Crash,No,Yes,No,No,No,No,No,No,No,No,No,No,No,Multiple Vehicle Crashes,Portsmouth City,,Urban,36.83188,-76.3008,Interstate,I-264W RAMP 7B,264.0,I-264 RAMP,0.17,Interstate,At Intersection,COURT ST,No,0,0,No,0,0,0,0,0,0,0,0,0,0,3,c1465616,0,1,0,Severe
1,2022-05-01,04:13:00,Sunday,Deer,On Roadway,"Blacktop, Asphalt, Bituminous",No Defects,Darkness,Darkness - Road Not Lighted,"Two-Way, Not Divided",Not Provided,No Adverse Condition (Clear/Cloud),Straight - Level,Not Provided,No,Not at Intersection,Not Provided,No Traffic Control,Dry,Interchange Area,Main-Line Roadway,No Traffic Control Device Present,No,2022,Spring,May,Nighttime,3:00am - 5:59am,4,Property Damage Crash,No,No,No,No,No,No,No,No,No,No,No,No,No,Single Vehicle Crashes,Chesapeake City,,Urban,36.6455,-76.20197,Non-Interstate,UR-8661S (CITY OF CHESAPEAKE),8661.0,CENTERVILLE TPKE,0.9,Minor Arterial,Not at Intersection,,No,0,0,No,0,0,0,0,0,0,0,0,0,0,0,c2776178,0,0,1,Minor
2,2024-05-30,16:47:00,Thursday,Sideswipe - Same Direction,On Roadway,"Blacktop, Asphalt, Bituminous",No Defects,Daylight,Daylight,"Two-Way, Not Divided",Not Provided,No Adverse Condition (Clear/Cloud),Grade - Straight,Not Provided,No,Four Approaches,Not Provided,Traffic Lanes Marked,Dry,Intersection Area,Intersection Related - Within 150 Feet,Yes - Working,No,2024,Spring,May,Daytime,3:00pm - 5:59pm,16,Injury Crash,No,No,No,No,No,No,No,No,No,No,No,No,No,Multiple Vehicle Crashes,Albemarle County,,Urban,38.08239,-78.47424,Non-Interstate,SC-631S (ALBEMARLE COUNTY),631.0,RIO RD,14.31,Minor Arterial,At Intersection,SEMINOLE TRL,No,0,0,No,0,0,0,0,0,0,0,0,0,0,2,c8530054,0,1,0,Severe
2,2023-03-13,15:14:00,Monday,Angle,On Roadway,"Blacktop, Asphalt, Bituminous",No Defects,Daylight,Daylight,"Two-Way, Divided, Unprotected Median",Not Provided,Rain,Straight - Level,Not Provided,No,Four Approaches,Not Provided,Traffic Lanes Marked,Wet,Intersection Area,Within Intersection,Yes - Working,No,2023,Spring,March,Daytime,3:00pm - 5:59pm,15,Property Damage Crash,No,No,No,No,No,No,No,No,No,No,No,No,No,Multiple Vehicle Crashes,Norfolk City,,Urban,36.91652,-76.30885,Non-Interstate,VA-337E,337.0,HAMPTON BLVD,32.92,Other Principal Arterial,At Intersection,SWINK ST,No,0,0,No,0,0,0,0,0,0,0,0,0,0,0,c3533467,0,0,1,Minor
1,2024-06-07,08:03:00,Friday,Deer,On Roadway,"Blacktop, Asphalt, Bituminous",No Defects,Daylight,Daylight,"Two-Way, Not Divided",Not Provided,No Adverse Condition (Clear/Cloud),Straight - Level,Not Provided,No,Not at Intersection,Not Provided,Traffic Lanes Marked,Dry,Intersection Area,Non-Intersection,Yes - Working,No,2024,Summer,June,Daytime,6:00am - 8:59am,8,Property Damage Crash,No,No,No,No,No,No,No,No,No,No,No,No,No,Single Vehicle Crashes,Wythe County,,Rural,36.93929,-81.00294,Non-Interstate,FR-43N,43.0,EAST LEE HWAY,1.74,Major Collector,Not at Intersection,,No,0,0,No,0,0,0,0,0,0,0,0,0,0,0,c9902993,0,0,1,Minor
5,2022-11-23,11:59:00,Wednesday,Rear End,On Roadway,"Blacktop, Asphalt, Bituminous",No Defects,Daylight,Daylight,"Two-Way, Divided, Positive Median Barrier",Not Provided,No Adverse Condition (Clear/Cloud),Straight - Level,Not Provided,No,Not at Intersection,Not Provided,Other,Dry,Intersection Area,Non-Intersection,Yes - Working,No,2022,Autumn,November,Daytime,9:00am - 11:59am,11,Injury Crash,No,Yes,Yes,No,No,No,No,No,No,No,Yes,No,No,Multiple Vehicle Crashes,Fairfax County,,Urban,38.82691,-77.22015,Interstate,I-495N EXPRESS,495.0,I-495 HOV,4.85,Interstate,Not at Intersection,,No,0,0,No,0,0,0,0,0,0,0,0,0,0,2,c4893541,0,1,0,Severe
1,2023-10-10,08:34:00,Tuesday,Deer,On Roadway,"Blacktop, Asphalt, Bituminous",No Defects,Dawn,Dawn,"Two-Way, Not Divided",Not Provided,No Adverse Condition (Clear/Cloud),Hillcrest - Straight,Not Provided,No,Not at Intersection,Not Provided,Traffic Lanes Marked,Dry,Interchange Area,Main-Line Roadway,Yes - Working,No,2023,Autumn,October,Daytime,6:00am - 8:59am,8,Injury Crash,No,No,No,No,No,No,No,No,No,No,No,No,No,Single Vehicle Crashes,Albemarle County,,Rural,38.05532,-78.57821,Non-Interstate,US-250E,250.0,IVY RD,89.71,Minor Arterial,Not at Intersection,,No,0,0,No,0,0,0,0,0,0,0,0,0,0,1,c0942940,0,0,1,Minor
2,2024-02-02,16:00:00,Friday,Angle,On Roadway,"Blacktop, Asphalt, Bituminous",No Defects,Daylight,Daylight,"Two-Way, Not Divided",Not Provided,No Adverse Condition (Clear/Cloud),Straight - Level,Not Provided,No,Not at Intersection,Not Provided,Stop Sign,Dry,Intersection,Intersection Related - Outside 150 Feet,Yes - Working,No,2024,Winter,February,Daytime,3:00pm - 5:59pm,16,Property Damage Crash,No,No,No,No,No,No,No,No,No,No,No,No,No,Multiple Vehicle Crashes,Montgomery County,Christiansburg,Urban,37.16638,-80.42379,Non-Interstate,SHOPPERS WAY NW (NP - TOWN OF CHRISTIANSBURG),,SHOPPERS WAY,0.07,Local,Not at Intersection,,Yes,0,0,No,0,0,0,0,0,0,0,0,0,0,0,c7431153,0,0,1,Minor
1,2022-11-22,16:40:00,Tuesday,Fixed Object - Off Road,Roadside,"Blacktop, Asphalt, Bituminous",No Defects,Dusk,Dusk,"Two-Way, Not Divided",Not Provided,No Adverse Condition (Clear/Cloud),Straight - Level,Not Provided,No,Three Approaches,Not Provided,Stop Sign,Dry,Intersection Area,Within Intersection,Yes - Working,No,2022,Autumn,November,Daytime,3:00pm - 5:59pm,16,Injury Crash,Yes,Yes,No,No,No,Yes,No,No,No,No,No,No,No,Single Vehicle Crashes,Rockingham County,,Rural,38.29385,-78.81008,Non-Interstate,SC-825N (ROCKINGHAM COUNTY),825.0,RIVER RD,1.03,Major Collector,At Intersection,PORT REPUBLIC RD,No,0,0,No,0,0,0,1,0,0,0,0,0,0,1,c8490530,0,0,1,Minor
3,2022-12-12,15:04:00,Monday,Rear End,On Roadway,"Blacktop, Asphalt, Bituminous",No Defects,Daylight,Daylight,"Two-Way, Divided, Positive Median Barrier",Not Provided,No Adverse Condition (Clear/Cloud),Straight - Level,Not Provided,No,Not at Intersection,Not Provided,Traffic Lanes Marked,Dry,Intersection Area,Non-Intersection,Yes - Working,No,2022,Winter,December,Daytime,3:00pm - 5:59pm,15,Property Damage Crash,No,Yes,No,No,No,No,No,No,No,No,Yes,No,No,Multiple Vehicle Crashes,Caroline County,,Rural,37.93042,-77.4669,Interstate,I-95S,95.0,I-95,104.42,Interstate,Not at Intersection,,No,0,0,No,0,0,0,0,0,0,0,0,0,0,0,c0109406,0,0,1,Minor
2,2024-02-25,13:26:00,Sunday,Rear End,On Roadway,"Blacktop, Asphalt, Bituminous",No Defects,Daylight,Daylight,"Two-Way, Divided, Unprotected Median",Not Provided,No Adverse Condition (Clear/Cloud),Straight - Level,Not Provided,No,Four Approaches,Not Provided,Traffic Signal,Dry,Intersection Area,Intersection Related - Within 150 Feet,Yes - Working,No,2024,Winter,February,Daytime,Noon - 2:59pm,13,Property Damage Crash,No,No,No,No,No,No,No,No,No,No,Yes,No,No,Multiple Vehicle Crashes,Loudoun County,,Urban,39.0449,-77.52013,Non-Interstate,SC-659S (LOUDOUN COUNTY),659.0,BELMONT RIDGE RD,14.07,Minor Arterial,At Intersection,HAY RD,Yes,0,0,No,0,0,0,0,0,0,0,0,0,0,0,c6242134,0,0,1,Minor
2,2024-12-12,23:08:00,Thursday,Angle,On Roadway,"Blacktop, Asphalt, Bituminous",No Defects,Darkness,Darkness - Road Not Lighted,"Two-Way, Divided, Positive Median Barrier",Not Provided,No Adverse Condition (Clear/Cloud),Straight - Level,Not Provided,No,Not at Intersection,Not Provided,Traffic Lanes Marked,Dry,Intersection Area,Non-Intersection,Yes - Working,No,2024,Winter,December,Nighttime,9:00pm - 11:59pm,23,Property Damage Crash,Yes,No,No,No,No,No,No,No,No,Yes,No,No,No,Multiple Vehicle Crashes,Chesterfield County,,Urban,37.35146,-77.45627,Non-Interstate,VA-10W,10.0,HUNDRED RD,14.48,Other Principal Arterial,At Intersection,WOMACK RD,No,0,0,No,0,0,0,0,0,0,0,0,0,0,0,c5723266,0,0,1,Minor
2,2022-02-18,15:43:00,Friday,Angle,On Roadway,"Blacktop, Asphalt, Bituminous",No Defects,Daylight,Daylight,"Two-Way, Not Divided",Not Provided,No Adverse Condition (Clear/Cloud),Straight - Level,Not Provided,No,Four Approaches,Not Provided,Stop Sign,Dry,Intersection Area,Within Intersection,Yes - Working,No,2022,Winter,February,Daytime,3:00pm - 5:59pm,15,Property Damage Crash,No,No,No,No,No,No,No,No,No,No,No,No,No,Multiple Vehicle Crashes,Richmond City,,Urban,37.5352,-77.42689,Non-Interstate,US-360P,360.0,GRACE ST,0.05,Other Principal Arterial,At Intersection,17TH ST,No,0,0,No,0,0,0,0,0,0,0,0,0,0,0,c1312519,0,0,1,Minor