NumberOfVehicles,CrashDate,CrashTime,DayOfWeek,TypeOfCollision,LocationOfFirstHarmfulEvent,RoadwaySurfaceType,RoadwayDefect,LightCondition_Category,LightCondition_Value,RoadwayDescription,WorkZoneLocation,WeatherCondition,RoadwayAlignment,WorkZoneWorkersPresent,SchoolZone,IntersectionType,WorkZoneType,TrafficControlType,RoadwaySurfaceCondition,RelationToRoadway_Category,RelationToRoadway_Value,TrafficControlMechanicalDevice,WorkZoneRelated,Year,Meteorological Season,MonthName,DaytimeNighttime_NHTSA,ThreeHourLabel,Hour,CrashType,AlcoholInvolved,SpeedRelated,CommercialMotorVehiclesInvolved,PedestrianInvolved,BicycleInvolved,MotorcycleInvolved,MopedInvolved,TrainRelated,SchoolZoneInvolved,TeenDriverInvolved,DistractedDriverInvolved,DriverTextingInvolved,DriverUsingCellPhone,Single_Multi_Vehicle,Jurisdiction,TownName,LocationTypeName,Latitude,Longitude,Interstate_NonInterstate,RoadName,RouteNumber,RouteName,MileMarker,FunctionalClassCode,AtIntersection,SecondaryLocation,MatureDriverInvolved,MatureDriverFatalities,MatureDriverInjuries,LargeTruckInvolved,PedestrianFatalities,PedestrianInjuries,MotorcycleFatalities,MotorcycleInjuries,BicycleFatalities,BicycleInjuries,DistractedDriverFatalities,DistractedDriverInjuries,UnrestrainedInjuries,Number_Of_Fatalities,Number_Of_Injuries,Crash_UID,Is_Fatal,Is_Severe,Is_Minor,SeverityLabel
1,2022-07-29,16:12:00,Friday,Fixed Object - Off Road,Shoulder,"Blacktop, Asphalt, Bituminous",No Defects,Daylight,Daylight,"Two-Way, Divided, Unprotected Median",Not Provided,Rain,Straight - Level,Not Provided,No,Not at Intersection,Not Provided,No Traffic Control,Wet,Intersection Area,Non-Intersection,No Traffic Control Device Present,No,2022,Summer,July,Daytime,3:00pm - 5:59pm,16,Property Damage Crash,No,No,No,No,No,No,No,No,No,Yes,No,No,No,Single Vehicle Crashes,Henrico County,,Urban,37.45427,-77.39611,Non-Interstate,CR-7565S (HENRICO COUNTY),7565.0,OSBORNE TPKE,3.93,Major Collector,Not at Intersection,,No,0,0,No,0,0,0,0,0,0,0,0,0,0,0,c3141471,0,0,1,Minor
2,2022-08-11,09:44:00,Thursday,Angle,On Roadway,"Blacktop, Asphalt, Bituminous",No Defects,Daylight,Daylight,"Two-Way, Not Divided",Not Provided,No Adverse Condition (Clear/Cloud),Straight - Level,Not Provided,No,Four Approaches,Not Provided,Stop Sign,Dry,Intersection Area,Within Intersection,Yes - Working,No,2022,Summer,August,Daytime,9:00am - 11:59am,9,Property Damage Crash,No,No,No,No,No,No,No,No,No,No,No,No,No,Multiple Vehicle Crashes,Fairfax City,,Urban,38.84488,-77.30425,Non-Interstate,E ST (PR - CITY OF FAIRFAX),,EAST ST,0.06,Local,At Intersection,SAGER AVE,Yes,0,0,No,0,0,0,0,0,0,0,0,0,0,0,c2855540,0,0,1,Minor
2,2023-10-19,15:30:00,Thursday,Angle,On Roadway,"Blacktop, Asphalt, Bituminous",No Defects,Daylight,Daylight,"Two-Way, Divided, Unprotected Median",Not Provided,No Adverse Condition (Clear/Cloud),Straight - Level,Not Provided,No,Four Approaches,Not Provided,Traffic Signal,Dry,Intersection Area,Within Intersection,Yes - Working,No,2023,Autumn,October,Daytime,3:00pm - 5:59pm,15,Property Damage Crash,No,No,No,No,No,No,No,No,No,No,No,No,No,Multiple Vehicle Crashes,Prince William County,,Urban,38.64248,-77.33558,Non-Interstate,SC-784W (PRINCE WILLIAM COUNTY),784.0,DALE BLVD,4.39,Minor Arterial,Not at Intersection,,No,0,0,No,0,0,0,0,0,0,0,0,0,0,0,c0519858,0,0,1,Minor
2,2023-12-20,12:47:00,Wednesday,Angle,On Roadway,"Blacktop, Asphalt, Bituminous",No Defects,Daylight,Daylight,"Two-Way, Not Divided",Not Provided,No Adverse Condition (Clear/Cloud),Straight - Level,Not Provided,No,Not at Intersection,Not Provided,No Traffic Control,Dry,Interchange Area,Main-Line Roadway,No Traffic Control Device Present,No,2023,Winter,December,Daytime,Noon - 2:59pm,12,Injury Crash,No,No,No,No,No,No,No,No,No,No,No,No,No,Multiple Vehicle Crashes,Culpeper County,Culpeper,Urban,38.47567,-78.01211,Non-Interstate,BLOSSOM TREE RD (PR - TOWN OF CULPEPER),,BLOSSOM TREE RD,0.5,Local,Not at Intersection,,No,0,0,No,0,0,0,0,0,0,0,0,0,0,1,c4243506,0,0,1,Minor
2,2024-01-01,17:30:00,Monday,Angle,On Roadway,"Blacktop, Asphalt, Bituminous",No Defects,Darkness,Darkness - Road Lighted,"Two-Way, Not Divided",Not Provided,No Adverse Condition (Clear/Cloud),Straight - Level,Not Provided,No,Three Approaches,Not Provided,No Passing Lines,Dry,Intersection Area,Within Intersection,Yes - Working,No,2024,Winter,January,Daytime,3:00pm - 5:59pm,17,Property Damage Crash,No,Yes,No,No,No,No,No,No,No,No,No,No,No,Multiple Vehicle Crashes,Augusta County,,Urban,38.28627,-78.91065,Non-Interstate,VA-276S,276.0,KEEZLETOWN RD,0.12,Minor Arterial,At Intersection,CLICK RD,Yes,0,0,No,0,0,0,0,0,0,0,0,0,0,0,c5042623,0,0,1,Minor
1,2022-03-19,06:29:00,Saturday,Other,Shoulder,"Blacktop, Asphalt, Bituminous",No Defects,Darkness,Darkness - Road Not Lighted,"Two-Way, Not Divided",Not Provided,No Adverse Condition (Clear/Cloud),Straight - Level,Not Provided,No,Not at Intersection,Not Provided,Traffic Lanes Marked,Dry,Interchange Area,Main-Line Roadway,Yes - Working,No,2022,Spring,March,Daytime,6:00am - 8:59am,6,Property Damage Crash,No,No,No,No,No,No,No,No,No,No,No,No,No,Single Vehicle Crashes,Warren County,,Rural,38.92995,-78.25917,Non-Interstate,SC-615S (WARREN COUNTY),615.0,STOKES AIRPORT RD,1.48,Major Collector,Not at Intersection,,No,0,0,No,0,0,0,0,0,0,0,0,0,0,0,c5479452,0,0,1,Minor
1,2022-05-08,16:17:00,Sunday,Fixed Object - Off Road,On Roadway,"Blacktop, Asphalt, Bituminous",No Defects,Daylight,Daylight,"Two-Way, Divided, Positive Median Barrier",Not Provided,Rain,Straight - Level,Not Provided,No,Not at Intersection,Not Provided,Traffic Lanes Marked,Wet,Intersection Area,Non-Intersection,Yes - Working,No,2022,Spring,May,Daytime,3:00pm - 5:59pm,16,Property Damage Crash,No,Yes,No,No,No,No,No,No,No,Yes,No,No,No,Single Vehicle Crashes,Suffolk City,,Urban,36.858,-76.43034,Interstate,I-664N,664.0,I-664,14.13,Interstate,Not at Intersection,,No,0,0,No,0,0,0,0,0,0,0,0,0,0,0,c3970070,0,0,1,Minor
1,2024-02-01,10:20:00,Thursday,Fixed Object - Off Road,Roadside,"Blacktop, Asphalt, Bituminous",No Defects,Daylight,Daylight,"Two-Way, Not Divided",Not Provided,No Adverse Condition (Clear/Cloud),Grade - Curve,Not Provided,No,Not at Intersection,Not Provided,No Passing Lines,Dry,Intersection Area,Non-Intersection,Yes - Working,No,2024,Winter,February,Daytime,9:00am - 11:59am,10,Property Damage Crash,No,Yes,No,No,No,No,No,No,No,No,No,No,No,Single Vehicle Crashes,Rockingham County,,Rural,38.41045,-78.67433,Non-Interstate,SC-602N (ROCKINGHAM COUNTY),602.0,EAST POINT RD,2.13,Major Collector,Not at Intersection,,No,0,0,No,0,0,0,0,0,0,0,0,0,0,0,c9626131,0,0,1,Minor
1,2022-07-28,00:55:00,Thursday,Fixed Object - Off Road,Median,"Blacktop, Asphalt, Bituminous",No Defects,Darkness,Darkness - Road Lighted,"Two-Way, Divided, Positive Median Barrier",Not Provided,No Adverse Condition (Clear/Cloud),Curve - Level,Not Provided,No,Four Approaches,Not Provided,Traffic Lanes Marked,Dry,Intersection Area,Intersection Related - Within 150 Feet,Yes - Working,No,2022,Summer,July,Nighttime,Midnight - 2:59am,0,Injury Crash,No,No,No,No,No,No,No,No,No,No,No,No,No,Single Vehicle Crashes,Fredericksburg City,,Urban,38.29914,-77.51147,Non-Interstate,CARL D SILVER PKWY (NP - CITY OF FREDERICKSBURG),,CARL D SILVER PKWY,0.24,Local,At Intersection,TRADE ST,No,0,0,No,0,0,0,0,0,0,0,0,0,0,1,c7051239,0,0,1,Minor
2,2023-02-13,07:41:00,Monday,Sideswipe - Same Direction,On Roadway,"Blacktop, Asphalt, Bituminous",No Defects,Daylight,Daylight,"Two-Way, Divided, Positive Median Barrier",Not Provided,No Adverse Condition (Clear/Cloud),Straight - Level,Not Provided,No,Four Approaches,Not Provided,Traffic Signal,Dry,Intersection Area,Intersection Related - Within 150 Feet,Yes - Working,No,2023,Winter,February,Daytime,6:00am - 8:59am,7,Property Damage Crash,No,No,No,No,No,No,No,No,No,No,No,No,No,Multiple Vehicle Crashes,Va. Beach City,,Urban,36.84753,-76.13664,Non-Interstate,VA-225N,225.0,INDEPENDENCE BLVD,1.11,Other Principal Arterial,At Intersection,JEANNE ST,No,0,0,No,0,0,0,0,0,0,0,0,0,0,0,c4436832,0,0,1,Minor
2,2022-11-17,20:20:00,Thursday,Rear End,On Roadway,"Blacktop, Asphalt, Bituminous",No Defects,Darkness,Darkness - Road Lighted,"Two-Way, Divided, Positive Median Barrier",Not Provided,No Adverse Condition (Clear/Cloud),Curve - Level,Not Provided,No,Not at Intersection,Not Provided,Highway Safety Corridor,Dry,Interchange Area,On Entrance/Exit Ramp,Yes - Working,No,2022,Autumn,November,Nighttime,6:00pm - 8:59pm,20,Injury Crash,No,No,No,No,No,No,No,No,No,No,No,No,No,Multiple Vehicle Crashes,Richmond City,,Urban,37.58243,-77.47,Interstate,I-64E,64.0,I-64,187.46,Interstate,Not at Intersection,,No,0,0,No,0,0,0,0,0,0,0,0,0,0,2,c1887526,0,1,0,Severe
2,2023-08-05,16:50:00,Saturday,Rear End,On Roadway,"Blacktop, Asphalt, Bituminous",No Defects,Daylight,Daylight,"Two-Way, Divided, Positive Median Barrier",Not Provided,No Adverse Condition (Clear/Cloud),Straight - Level,Not Provided,No,Not at Intersection,Not Provided,Traffic Lanes Marked,Dry,Interchange Area,On Entrance/Exit Ramp,Yes - Working,No,2023,Summer,August,Daytime,3:00pm - 5:59pm,16,Property Damage Crash,No,No,No,No,No,No,No,No,No,No,Yes,No,No,Multiple Vehicle Crashes,Fairfax County,,Urban,38.90536,-77.21661,Interstate,I-495N,495.0,I-495,10.33,Interstate,Not at Intersection,,No,0,0,No,0,0,0,0,0,0,0,0,0,0,0,c8905802,0,0,1,Minor
2,2024-04-12,08:26:00,Friday,Angle,On Roadway,"Blacktop, Asphalt, Bituminous",No Defects,Daylight,Daylight,"Two-Way, Not Divided",Not Provided,Rain,Straight - Level,Not Provided,No,Not at Intersection,Not Provided,No Traffic Control,Wet,Intersection Area,Non-Intersection,No Traffic Control Device Present,No,2024,Spring,April,Daytime,6:00am - 8:59am,8,Property Damage Crash,No,No,No,No,No,No,No,No,No,No,No,No,No,Multiple Vehicle Crashes,Alexandria City,,Urban,38.84084,-77.06884,Non-Interstate,GLEBE RD (NP - CITY OF ALEXANDRIA),,GLEBE RD,1.32,Minor Arterial,At Intersection,BRIGHTON CT,No,0,0,No,0,0,0,0,0,0,0,0,0,0,0,c0081575,0,0,1,Minor
2,2022-12-07,17:53:00,Wednesday,Rear End,On Roadway,"Blacktop, Asphalt, Bituminous",No Defects,Darkness,Darkness - Road Not Lighted,"Two-Way, Divided, Unprotected Median",Not Provided,Rain,Grade - Straight,Not Provided,No,Not at Intersection,Not Provided,Traffic Signal,Wet,Intersection Area,Non-Intersection,Yes - Working,No,2022,Winter,December,Daytime,3:00pm - 5:59pm,17,Property Damage Crash,No,No,No,No,No,No,No,No,No,No,Yes,No,Yes,Multiple Vehicle Crashes,Staunton City,,Urban,38.13849,-79.04805,Non-Interstate,US-250E,250.0,RICHMOND AVE,59.07,Other Principal Arterial,At Intersection,COMMUNITY WAY,Yes,0,0,No,0,0,0,0,0,0,0,0,0,0,0,c0068272,0,0,1,Minor
2,2023-12-21,15:37:00,Thursday,Rear End,On Roadway,"Blacktop, Asphalt, Bituminous",No Defects,Dusk,Dusk,"One-Way, Not Divided",Not Provided,No Adverse Condition (Clear/Cloud),Curve - Level,Not Provided,No,Not at Intersection,Not Provided,No Traffic Control,Dry,Interchange Area,On Entrance/Exit Ramp,No Traffic Control Device Present,No,2023,Winter,December,Daytime,3:00pm - 5:59pm,15,Property Damage Crash,No,Yes,Yes,No,No,No,No,No,No,No,No,No,No,Multiple Vehicle Crashes,Fairfax County,,Urban,38.84572,-77.43198,Non-Interstate,VA-28N,28.0,SULLY RD,30.63,Other Principal Arterial,Not at Intersection,,Yes,0,0,Yes,0,0,0,0,0,0,0,0,0,0,0,c1018399,0,0,1,Minor
2,2022-07-12,14:20:00,Tuesday,Rear End,On Roadway,"Blacktop, Asphalt, Bituminous",No Defects,Daylight,Daylight,"Two-Way, Divided, Unprotected Median",Advance Warning Area,No Adverse Condition (Clear/Cloud),Straight - Level,No Workers Present,No,Four Approaches,Lane Closure,Traffic Lanes Marked,Dry,Intersection Area,Within Intersection,Yes - Working,Yes,2022,Summer,July,Daytime,Noon - 2:59pm,14,Property Damage Crash,No,No,No,No,No,No,No,No,No,No,No,No,No,Multiple Vehicle Crashes,Henrico County,,Urban,37.57701,-77.39455,Non-Interstate,CR-7555N (HENRICO COUNTY),7555.0,LABURNUM AVE,9.92,Other Principal Arterial,At Intersection,HARRIS AVE,No,0,0,No,0,0,0,0,0,0,0,0,0,0,0,c4882324,0,0,1,Minor
1,2023-03-12,07:50:00,Sunday,Fixed Object - Off Road,Median,"Blacktop, Asphalt, Bituminous",No Defects,Daylight,Daylight,"Two-Way, Divided, Unprotected Median",Not Provided,No Adverse Condition (Clear/Cloud),Straight - Level,Not Provided,No,Not at Intersection,Not Provided,Traffic Lanes Marked,Dry,Interchange Area,Main-Line Roadway,Yes - Working,No,2023,Spring,March,Daytime,6:00am - 8:59am,7,Injury Crash,No,Yes,No,No,No,No,No,No,No,No,Yes,No,No,Single Vehicle Crashes,Suffolk City,,Rural,36.70385,-76.6911,Non-Interstate,US-58E,58.0,HOLLAND RD,463.46,Other Principal Arterial,Not at Intersection,,No,0,0,No,0,0,0,0,0,0,0,1,0,0,1,c0450236,0,0,1,Minor
1,2022-06-12,11:19:00,Sunday,Fixed Object - Off Road,On Roadway,"Blacktop, Asphalt, Bituminous",No Defects,Daylight,Daylight,"Two-Way, Divided, Unprotected Median",Not Provided,Rain,Straight - Level,Not Provided,No,Not at Intersection,Not Provided,Traffic Lanes Marked,Wet,Intersection Area,Non-Intersection,Yes - Working,No,2022,Summer,June,Daytime,9:00am - 11:59am,11,Injury Crash,No,Yes,No,No,No,No,No,No,No,No,No,No,No,Single Vehicle Crashes,Accomack County,,Rural,37.92836,-75.54837,Non-Interstate,US-13N,13.0,LANKFORD HWY,137.5,Other Principal Arterial,Not at Intersection,,No,0,0,No,0,0,0,0,0,0,0,0,0,0,1,c1420545,0,0,1,Minor
1,2022-11-17,05:55:00,Thursday,Non-Collision,On Roadway,"Blacktop, Asphalt, Bituminous",Slick Pavement,Darkness,Darkness - Road Not Lighted,"Two-Way, Divided, Unprotected Median",Not Provided,Snow,Grade - Straight,Not Provided,No,Not at Intersection,Not Provided,Traffic Lanes Marked,Icy,Intersection Area,Non-Intersection,Yes - Working,No,2022,Autumn,November,Nighttime,3:00am - 5:59am,5,Property Damage Crash,No,Yes,No,No,No,No,No,No,No,No,No,No,No,Single Vehicle Crashes,Tazewell County,,Rural,37.18503,-81.42465,Non-Interstate,US-19N,19.0,GOVERNOR G C PEERY HWY,77.93,Other Principal Arterial,Not at Intersection,,No,0,0,No,0,0,0,0,0,0,0,0,0,0,0,c9800593,0,0,1,Minor
2,2022-04-26,17:39:00,Tuesday,Sideswipe - Same Direction,On Roadway,"Blacktop, Asphalt, Bituminous",No Defects,Dawn,Dawn,"Two-Way, Divided, Unprotected Median",Not Provided,Rain,Straight - Level,Not Provided,No,Not at Intersection,Not Provided,Traffic Lanes Marked,Wet,Intersection Area,Non-Intersection,Yes - Working,No,2022,Spring,April,Daytime,3:00pm - 5:59pm,17,Property Damage Crash,No,No,No,No,No,No,No,No,No,No,Yes,No,No,Multiple Vehicle Crashes,Henrico County,,Urban,37.60183,-77.49104,Non-Interstate,US-33E,33.0,STAPLES MILL RD,130.88,Other Principal Arterial,Not at Intersection,,No,0,0,No,0,0,0,0,0,0,0,0,0,0,0,c5617219,0,0,1,Minor
2,2023-07-24,18:55:00,Monday,Rear End,On Roadway,"Blacktop, Asphalt, Bituminous",No Defects,Daylight,Daylight,"Two-Way, Not Divided",Not Provided,No Adverse Condition (Clear/Cloud),Dip - Straight,Not Provided,No,Not at Intersection,Not Provided,No Traffic Control,Dry,Intersection Area,Non-Intersection,No Traffic Control Device Present,No,2023,Summer,July,Nighttime,6:00pm - 8:59pm,18,Property Damage Crash,No,Yes,No,No,No,No,No,No,No,No,No,No,No,Multiple Vehicle Crashes,Roanoke County,,Urban,37.21873,-79.96991,Non-Interstate,SC-1290S (ROANOKE COUNTY),1290.0,CROSSBOW CIR,0.28,Local,Not at Intersection,,Yes,0,0,No,0,0,0,0,0,0,0,0,0,0,0,c1075121,0,0,1,Minor
1,2022-04-27,13:07:00,Wednesday,Fixed Object - Off Road,Roadside,"Blacktop, Asphalt, Bituminous",No Defects,Daylight,Daylight,"Two-Way, Not Divided",Not Provided,No Adverse Condition (Clear/Cloud),Straight - Level,Not Provided,No,Not at Intersection,Not Provided,Traffic Lanes Marked,Dry,Intersection Area,Non-Intersection,Yes - Working,No,2022,Spring,April,Daytime,Noon - 2:59pm,13,Property Damage Crash,No,No,No,No,No,No,No,No,No,No,No,No,No,Single Vehicle Crashes,Chesterfield County,,Rural,37.37304,-77.54102,Non-Interstate,SC-655E (CHESTERFIELD COUNTY),655.0,BEACH RD,12.2,Minor Arterial,Not at Intersection,,No,0,0,No,0,0,0,0,0,0,0,0,0,0,0,c8860131,0,0,1,Minor
1,2023-10-26,10:59:00,Thursday,Fixed Object - Off Road,Shoulder,"Blacktop, Asphalt, Bituminous",No Defects,Daylight,Daylight,"Two-Way, Divided, Positive Median Barrier",Not Provided,No Adverse Condition (Clear/Cloud),Straight - Level,Not Provided,No,Not at Intersection,Not Provided,Traffic Lanes Marked,Dry,Interchange Area,Main-Line Roadway,Yes - Working,No,2023,Autumn,October,Daytime,9:00am - 11:59am,10,Injury Crash,No,No,Yes,No,No,No,No,No,No,No,No,No,No,Single Vehicle Crashes,Fairfax County,,Urban,38.92765,-77.42992,Non-Interstate,VA-28S,28.0,SULLY RD,36.9,Other Freeways and Expressways,Not at Intersection,,No,0,0,No,0,0,0,0,0,0,0,0,0,0,1,c7284865,0,0,1,Minor
2,2023-06-06,15:10:00,Tuesday,Sideswipe - Opposite Direction,On Roadway,"Blacktop, Asphalt, Bituminous",No Defects,Daylight,Daylight,"Two-Way, Not Divided",Not Provided,No Adverse Condition (Clear/Cloud),Grade - Curve,Not Provided,No,Not at Intersection,Not Provided,No Passing Lines,Dry,Intersection Area,Non-Intersection,Yes - Working,No,2023,Summer,June,Daytime,3:00pm - 5:59pm,15,Injury Crash,No,Yes,Yes,No,No,No,No,No,No,No,No,No,No,Multiple Vehicle Crashes,Rockbridge County,,Rural,37.87973,-79.38012,Non-Interstate,VA-39W,39.0,MAURY RIVER RD,51.6,Major Collector,Not at Intersection,,No,0,0,No,0,0,0,0,0,0,0,0,0,0,2,c0684577,0,1,0,Severe
2,2024-08-24,19:10:00,Saturday,Rear End,On Roadway,"Blacktop, Asphalt, Bituminous",No Defects,Daylight,Daylight,"Two-Way, Not Divided",Not Provided,No Adverse Condition (Clear/Cloud),Straight - Level,Not Provided,No,Not at Intersection,Not Provided,Traffic Lanes Marked,Dry,Intersection Area,Non-Intersection,Yes - Working,No,2024,Summer,August,Nighttime,6:00pm - 8:59pm,19,Property Damage Crash,No,No,No,No,No,No,No,No,No,No,No,No,No,Multiple Vehicle Crashes,Prince William County,,Urban,38.80107,-77.44805,Non-Interstate,VA-28S,28.0,CENTREVILLE RD,27.28,Other Principal Arterial,Not at Intersection,,No,0,0,No,0,0,0,0,0,0,0,0,0,0,0,c2964574,0,0,1,Minor
2,2022-10-27,15:00:00,Thursday,Angle,On Roadway,"Blacktop, Asphalt, Bituminous",No Defects,Daylight,Daylight,"Two-Way, Not Divided",Not Provided,No Adverse Condition (Clear/Cloud),Curve - Level,Not Provided,No,Three Approaches,Not Provided,Stop Sign,Dry,Intersection Area,Within Intersection,Yes - Working,No,2022,Autumn,October,Daytime,3:00pm - 5:59pm,15,Property Damage Crash,No,No,No,No,No,No,No,No,No,No,No,No,No,Multiple Vehicle Crashes,New Kent County,,Rural,37.51752,-76.95118,Non-Interstate,SC-623W (NEW KENT COUNTY),623.0,COOKS MILL RD,0.9,Minor Collector,At Intersection,COOKS MILL CT,No,0,0,No,0,0,0,0,0,0,0,0,0,0,0,c0966333,0,0,1,Minor
1,2024-08-02,18:00:00,Friday,Fixed Object - Off Road,Roadside,"Blacktop, Asphalt, Bituminous",No Defects,Daylight,Daylight,"Two-Way, Not Divided",Not Provided,No Adverse Condition (Clear/Cloud),Straight - Level,Not Provided,No,Not at Intersection,Not Provided,No Passing Lines,Dry,Intersection Area,Non-Intersection,Yes - Working,No,2024,Summer,August,Nighttime,6:00pm - 8:59pm,18,Fatal Crash,Yes,Yes,No,No,No,No,No,No,No,No,Yes,No,No,Single Vehicle Crashes,Frederick County,,Rural,39.25083,-78.36768,Non-Interstate,VA-259S,259.0,CARPERS PIKE,25.05,Major Collector,Not at Intersection,,No,0,0,No,0,0,0,0,0,0,1,0,0,2,0,c7547118,1,1,0,Fatal
1,2023-10-04,03:18:00,Wednesday,Non-Collision,On Roadway,"Blacktop, Asphalt, Bituminous",No Defects,Darkness,Darkness - Road Lighted,"Two-Way, Divided, Positive Median Barrier",Not Provided,No Adverse Condition (Clear/Cloud),Grade - Curve,Not Provided,No,Not at Intersection,Not Provided,Traffic Lanes Marked,"Sand, Dirt, Gravel",Interchange Area,On Entrance/Exit Ramp,Yes - Working,No,2023,Autumn,October,Nighttime,3:00am - 5:59am,3,Injury Crash,No,No,No,No,No,Yes,No,No,No,No,No,No,No,Single Vehicle Crashes,Loudoun County,,Urban,38.97931,-77.43036,Non-Interstate,SC-606W RAMP 10A (LOUDOUN COUNTY),606.0,SULLY RD RAMP,0.03,Other Freeways and Expressways,Not at Intersection,,No,0,0,No,0,0,0,1,0,0,0,0,0,0,1,c3093805,0,0,1,Minor
2,2022-06-29,12:26:00,Wednesday,Rear End,On Roadway,Concrete,No Defects,Daylight,Daylight,"Two-Way, Divided, Unprotected Median",Not Provided,No Adverse Condition (Clear/Cloud),Straight - Level,Not Provided,No,Four Approaches,Not Provided,Traffic Signal,Dry,Intersection Area,Intersection Related - Within 150 Feet,Yes - Working,No,2022,Summer,June,Daytime,Noon - 2:59pm,12,Property Damage Crash,No,No,No,No,No,No,No,No,No,No,No,No,No,Multiple Vehicle Crashes,Prince William County,,Urban,38.79481,-77.51673,Non-Interstate,BUS VA-234N (1 CITY OF MANASSAS),234.0,SUDLEY RD,6.72,Minor Arterial,At Intersection,WILLIAMSON BLVD,No,0,0,No,0,0,0,0,0,0,0,0,0,0,0,c7905900,0,0,1,Minor
2,2023-09-15,16:26:00,Friday,Angle,On Roadway,"Blacktop, Asphalt, Bituminous",No Defects,Daylight,Daylight,"Two-Way, Divided, Unprotected Median",Not Provided,No Adverse Condition (Clear/Cloud),Straight - Level,Not Provided,No,Four Approaches,Not Provided,Traffic Signal,Dry,Intersection Area,Within Intersection,Yes - Working,No,2023,Autumn,September,Daytime,3:00pm - 5:59pm,16,Injury Crash,No,No,No,No,No,No,No,No,No,No,No,No,No,Multiple Vehicle Crashes,Newport News City,,Urban,37.11427,-76.52729,Non-Interstate,UR-7040W (CITY OF NEWPORT NEWS),,COLONY RD,1.56,Major Collector,At Intersection,EASTWOOD DR,Yes,0,1,No,0,0,0,0,0,0,0,0,0,0,2,c8422444,0,1,0,Severe
1,2024-08-28,09:20:00,Wednesday,Fixed Object - Off Road,Roadside,"Blacktop, Asphalt, Bituminous",No Defects,Daylight,Daylight,"Two-Way, Not Divided",Not Provided,No Adverse Condition (Clear/Cloud),Grade - Straight,Not Provided,No,Not at Intersection,Not Provided,No Passing Lines,Dry,Intersection Area,Non-Intersection,Yes - Working,No,2024,Summer,August,Daytime,9:00am - 11:59am,9,Property Damage Crash,No,No,No,No,No,No,No,No,No,No,No,No,No,Single Vehicle Crashes,Floyd County,,Rural,36.90345,-80.34671,Non-Interstate,US-221N,221.0,FLOYD HWAY,57.38,Minor Arterial,Not at Intersection,,Yes,0,0,No,0,0,0,0,0,0,0,0,0,0,0,c0209420,0,0,1,Minor
2,2022-12-27,11:13:00,Tuesday,Angle,On Roadway,"Blacktop, Asphalt, Bituminous",No Defects,Daylight,Daylight,"Two-Way, Divided, Unprotected Median",Not Provided,No Adverse Condition (Clear/Cloud),Straight - Level,Not Provided,No,Four Approaches,Not Provided,Traffic Signal,Dry,Intersection Area,Within Intersection,Yes - Working,No,2022,Winter,December,Daytime,9:00am - 11:59am,11,Property Damage Crash,No,Yes,No,No,No,No,No,No,No,Yes,No,No,No,Multiple Vehicle Crashes,Richmond City,,Urban,37.57786,-77.48901,Non-Interstate,US-33E,33.0,BROAD ST,132.65,Other Principal Arterial,At Intersection,WESTMORELAND ST,No,0,0,No,0,0,0,0,0,0,0,0,0,0,0,c5694229,0,0,1,Minor
2,2024-11-04,17:59:00,Monday,Rear End,On Roadway,"Blacktop, Asphalt, Bituminous",No Defects,Dusk,Dusk,"Two-Way, Divided, Unprotected Median",Not Provided,No Adverse Condition (Clear/Cloud),Grade - Straight,Not Provided,No,Not at Intersection,Not Provided,Traffic Lanes Marked,Dry,Intersection Area,Non-Intersection,Yes - Working,No,2024,Autumn,November,Daytime,3:00pm - 5:59pm,17,Injury Crash,No,No,No,No,No,No,No,No,No,No,No,No,No,Multiple Vehicle Crashes,Montgomery County,Christiansburg,Urban,37.13086,-80.37155,Non-Interstate,US-460E,460.0,US-460 BYP,124.18,Other Freeways and Expressways,Not at Intersection,,No,0,0,No,0,0,0,0,0,0,0,0,0,0,2,c5854534,0,1,0,Severe
2,2022-09-08,09:58:00,Thursday,Angle,On Roadway,"Blacktop, Asphalt, Bituminous",No Defects,Daylight,Daylight,"Two-Way, Divided, Unprotected Median",Not Provided,No Adverse Condition (Clear/Cloud),Straight - Level,Not Provided,No,Three Approaches,Not Provided,Traffic Lanes Marked,Dry,Intersection Area,Within Intersection,Yes - Working,No,2022,Autumn,September,Daytime,9:00am - 11:59am,9,Property Damage Crash,Yes,No,No,No,No,No,No,No,No,No,No,No,No,Multiple Vehicle Crashes,Roanoke City,,Urban,37.29389,-79.99722,Non-Interstate,US-460E,460.0,MELROSE AVE,151.88,Other Principal Arterial,At Intersection,FENTRESS ST,No,0,0,No,0,0,0,0,0,0,0,0,0,0,0,c7350436,0,0,1,Minor
1,2024-04-17,05:05:00,Wednesday,Other,On Roadway,"Blacktop, Asphalt, Bituminous",No Defects,Darkness,Darkness - Road Lighted,"Two-Way, Divided, Positive Median Barrier",Not Provided,No Adverse Condition (Clear/Cloud),Straight - Level,Not Provided,No,Four Approaches,Not Provided,Traffic Signal,Dry,Intersection Area,Intersection Related - Within 150 Feet,Yes - Working,No,2024,Spring,April,Nighttime,3:00am - 5:59am,5,Property Damage Crash,No,No,Yes,No,No,No,No,No,No,No,Yes,No,No,Single Vehicle Crashes,Prince William County,,Rural,38.64382,-77.44282,Non-Interstate,VA-234N,234.0,DUMFRIES RD,8.85,Other Principal Arterial,At Intersection,INDEPENDENT HILL DR,No,0,0,Yes,0,0,0,0,0,0,0,0,0,0,0,c9721852,0,0,1,Minor