NumberOfVehicles,CrashDate,CrashTime,DayOfWeek,TypeOfCollision,LocationOfFirstHarmfulEvent,RoadwaySurfaceType,RoadwayDefect,LightCondition_Category,LightCondition_Value,RoadwayDescription,WorkZoneLocation,WeatherCondition,RoadwayAlignment,WorkZoneWorkersPresent,SchoolZone,IntersectionType,WorkZoneType,TrafficControlType,RoadwaySurfaceCondition,RelationToRoadway_Category,RelationToRoadway_Value,TrafficControlMechanicalDevice,WorkZoneRelated,Year,Meteorological Season,MonthName,DaytimeNighttime_NHTSA,ThreeHourLabel,Hour,CrashType,AlcoholInvolved,SpeedRelated,CommercialMotorVehiclesInvolved,PedestrianInvolved,BicycleInvolved,MotorcycleInvolved,MopedInvolved,TrainRelated,SchoolZoneInvolved,TeenDriverInvolved,DistractedDriverInvolved,DriverTextingInvolved,DriverUsingCellPhone,Single_Multi_Vehicle,Jurisdiction,TownName,LocationTypeName,Latitude,Longitude,Interstate_NonInterstate,RoadName,RouteNumber,RouteName,MileMarker,FunctionalClassCode,AtIntersection,SecondaryLocation,MatureDriverInvolved,MatureDriverFatalities,MatureDriverInjuries,LargeTruckInvolved,PedestrianFatalities,PedestrianInjuries,MotorcycleFatalities,MotorcycleInjuries,BicycleFatalities,BicycleInjuries,DistractedDriverFatalities,DistractedDriverInjuries,UnrestrainedInjuries,Number_Of_Fatalities,Number_Of_Injuries,Crash_UID,Is_Fatal,Is_Severe,Is_Minor,SeverityLabel
1,2023-12-02,13:00:00,Saturday,Fixed Object - Off Road,Shoulder,"Blacktop, Asphalt, Bituminous",No Defects,Daylight,Daylight,"One-Way, Not Divided",Not Provided,Rain,On/Off Ramp,Not Provided,No,Not at Intersection,Not Provided,Slow or Warning Sign,Wet,Interchange Area,On Entrance/Exit Ramp,Yes - Working,No,2023,Winter,December,Daytime,Noon - 2:59pm,13,Property Damage Crash,No,No,No,No,No,No,No,No,No,No,No,No,No,Single Vehicle Crashes,Emporia City,,Urban,36.70099,-77.55004,Interstate,I-95N RAMP 11A,95.0,I-95 RAMP,0.02,Interstate,Not at Intersection,,No,0,0,No,0,0,0,0,0,0,0,0,0,0,0,c2035648,0,0,1,Minor
4,2024-04-30,15:36:00,Tuesday,Rear End,On Roadway,"Blacktop, Asphalt, Bituminous",No Defects,Daylight,Daylight,"Two-Way, Not Divided",Not Provided,No Adverse Condition (Clear/Cloud),Straight - Level,Not Provided,No,Not at Intersection,Not Provided,Traffic Lanes Marked,Dry,Intersection Area,Non-Intersection,Yes - Working,No,2024,Spring,April,Daytime,3:00pm - 5:59pm,15,Injury Crash,No,No,No,No,No,No,No,No,No,No,No,No,No,Multiple Vehicle Crashes,Arlington County,,Urban,38.91002,-77.13814,Non-Interstate,VA-309W,309.0,OLD DOMINION DR,3.32,Minor Arterial,Not at Intersection,,Yes,0,1,No,0,0,0,0,0,0,0,0,0,0,3,c4126699,0,1,0,Severe
2,2022-04-26,17:49:00,Tuesday,Sideswipe - Same Direction,On Roadway,"Blacktop, Asphalt, Bituminous",No Defects,Daylight,Daylight,"Two-Way, Not Divided",Not Provided,No Adverse Condition (Clear/Cloud),Straight - Level,Not Provided,No,Not at Intersection,Not Provided,Traffic Lanes Marked,Dry,Interchange Area,Main-Line Roadway,Yes - Working,No,2022,Spring,April,Daytime,3:00pm - 5:59pm,17,Property Damage Crash,No,No,No,No,No,No,No,No,No,Yes,No,No,No,Multiple Vehicle Crashes,Stafford County,,Urban,38.3528,-77.45809,Non-Interstate,US-1S,1.0,CAMBRIDGE ST,151.1,Other Principal Arterial,Not at Intersection,,No,0,0,No,0,0,0,0,0,0,0,0,0,0,0,c2874004,0,0,1,Minor
3,2023-08-17,08:34:00,Thursday,Angle,On Roadway,"Blacktop, Asphalt, Bituminous",No Defects,Daylight,Daylight,"Two-Way, Divided, Unprotected Median",Not Provided,No Adverse Condition (Clear/Cloud),Straight - Level,Not Provided,No,Four Approaches,Not Provided,Stop Sign,Dry,Intersection Area,Within Intersection,Yes - Working,No,2023,Summer,August,Daytime,6:00am - 8:59am,8,Injury Crash,No,No,No,No,No,No,No,No,No,No,No,No,No,Multiple Vehicle Crashes,Arlington County,,Urban,38.91514,-77.13726,Non-Interstate,CR-6682S (ARLINGTON COUNTY),6682.0,WILLIAMSBURG BLVD,3.07,Minor Arterial,At Intersection,36TH ST,Yes,0,1,No,0,0,0,0,0,0,0,0,0,0,2,c9569513,0,1,0,Severe
1,2023-09-12,07:50:00,Tuesday,Fixed Object - Off Road,Shoulder,"Blacktop, Asphalt, Bituminous",No Defects,Daylight,Daylight,"Two-Way, Not Divided",Not Provided,No Adverse Condition (Clear/Cloud),Curve - Level,Not Provided,No,Not at Intersection,Not Provided,No Passing Lines,Dry,Intersection Area,Non-Intersection,Yes - Working,No,2023,Autumn,September,Daytime,6:00am - 8:59am,7,Property Damage Crash,No,No,No,No,No,No,No,No,No,No,No,No,No,Single Vehicle Crashes,Carroll County,,Rural,36.62543,-80.69112,Non-Interstate,US-52N,52.0,FANCY GAP HWY,5.57,Other Principal Arterial,Not at Intersection,,No,0,0,No,0,0,0,0,0,0,0,0,0,0,0,c4374228,0,0,1,Minor
2,2023-03-28,08:40:00,Tuesday,Angle,On Roadway,"Blacktop, Asphalt, Bituminous",No Defects,Daylight,Daylight,"Two-Way, Divided, Positive Median Barrier",Not Provided,No Adverse Condition (Clear/Cloud),Straight - Level,Not Provided,No,Four Approaches,Not Provided,Traffic Signal,Dry,Intersection Area,Within Intersection,Yes - Working,No,2023,Spring,March,Daytime,6:00am - 8:59am,8,Property Damage Crash,No,No,No,No,No,No,No,No,No,No,No,No,No,Multiple Vehicle Crashes,Va. Beach City,,Urban,36.84878,-76.16439,Non-Interstate,US-58E,58.0,VIRGINIA BEACH BLVD,499.57,Other Principal Arterial,At Intersection,CLEARFIELD AVE,Yes,0,0,No,0,0,0,0,0,0,0,0,0,0,0,c9341366,0,0,1,Minor
2,2023-06-01,08:55:00,Thursday,Angle,On Roadway,"Blacktop, Asphalt, Bituminous",No Defects,Daylight,Daylight,"Two-Way, Divided, Positive Median Barrier",Not Provided,No Adverse Condition (Clear/Cloud),Straight - Level,Not Provided,No,Not at Intersection,Not Provided,Traffic Lanes Marked,Dry,Intersection Area,Non-Intersection,Yes - Working,No,2023,Summer,June,Daytime,6:00am - 8:59am,8,Property Damage Crash,No,No,Yes,No,No,No,No,No,No,Yes,No,No,No,Multiple Vehicle Crashes,Colonial Heights City,,Urban,37.27334,-77.39248,Interstate,I-95S,95.0,I-95,55.56,Interstate,Not at Intersection,,No,0,0,Yes,0,0,0,0,0,0,0,0,0,0,0,c7018894,0,0,1,Minor
1,2022-09-03,19:51:00,Saturday,Deer,On Roadway,"Blacktop, Asphalt, Bituminous",No Defects,Darkness,Darkness - Road Not Lighted,"Two-Way, Not Divided",Not Provided,No Adverse Condition (Clear/Cloud),Straight - Level,Not Provided,No,Not at Intersection,Not Provided,Traffic Lanes Marked,Dry,Intersection Area,Non-Intersection,Yes - Working,No,2022,Autumn,September,Nighttime,6:00pm - 8:59pm,19,Property Damage Crash,No,No,No,No,No,No,No,No,No,No,No,No,No,Single Vehicle Crashes,Hanover County,,Urban,37.62522,-77.38758,Non-Interstate,SC-627W (HANOVER COUNTY),627.0,MEADOWBRIDGE RD,1.43,Minor Arterial,At Intersection,NORTH RUN MEDICAL DR,Yes,0,0,No,0,0,0,0,0,0,0,0,0,0,0,c0747497,0,0,1,Minor
2,2022-07-30,12:16:00,Saturday,Rear End,On Roadway,"Blacktop, Asphalt, Bituminous",No Defects,Daylight,Daylight,"Two-Way, Divided, Unprotected Median",Not Provided,No Adverse Condition (Clear/Cloud),Straight - Level,Not Provided,No,Not at Intersection,Not Provided,Railroad Crossing With Gate and Signals,Dry,Intersection Area,Non-Intersection,Yes - Working,No,2022,Summer,July,Daytime,Noon - 2:59pm,12,Property Damage Crash,No,No,No,No,No,No,No,No,No,No,Yes,No,No,Multiple Vehicle Crashes,Richmond City,,Urban,37.5035,-77.44959,Non-Interstate,UR-7505E (CITY OF RICHMOND),,HOPKINS RD,3.4,Minor Arterial,Not at Intersection,,Yes,0,0,No,0,0,0,0,0,0,0,0,0,0,0,c3468653,0,0,1,Minor
2,2023-08-20,23:59:00,Sunday,Sideswipe - Same Direction,On Roadway,"Blacktop, Asphalt, Bituminous",No Defects,Darkness,Darkness - Road Lighted,"Two-Way, Divided, Unprotected Median",Not Provided,No Adverse Condition (Clear/Cloud),Straight - Level,Not Provided,No,Not at Intersection,Not Provided,Traffic Lanes Marked,Dry,Intersection Area,Non-Intersection,Yes - Working,No,2023,Summer,August,Nighttime,9:00pm - 11:59pm,23,Injury Crash,No,No,No,No,Yes,No,No,No,No,No,Yes,No,No,Multiple Vehicle Crashes,Va. Beach City,,Urban,36.81577,-76.21104,Non-Interstate,UR-7E (CITY OF VIRGINIA BEACH),7.0,INDIAN RIVER RD,0.76,Minor Arterial,Not at Intersection,,No,0,0,No,0,0,0,0,0,1,0,0,0,0,1,c8112377,0,0,1,Minor
2,2024-05-08,08:44:00,Wednesday,Other,On Roadway,"Blacktop, Asphalt, Bituminous",No Defects,Daylight,Daylight,"Two-Way, Divided, Unprotected Median",Not Provided,No Adverse Condition (Clear/Cloud),Grade - Straight,Not Provided,No,Three Approaches,Not Provided,Stop Sign,Dry,Intersection Area,Within Intersection,Yes - Working,No,2024,Spring,May,Daytime,6:00am - 8:59am,8,Injury Crash,No,Yes,No,No,No,No,No,No,No,No,No,No,No,Multiple Vehicle Crashes,Hampton City,,Urban,37.01961,-76.32334,Non-Interstate,VA-143N,143.0,LIBBY ST,1.48,Major Collector,At Intersection,MELLEN ST,No,0,0,No,0,0,0,0,0,0,0,0,0,0,1,c6919896,0,0,1,Minor
2,2022-08-27,18:04:00,Saturday,Rear End,On Roadway,"Blacktop, Asphalt, Bituminous",No Defects,Daylight,Daylight,"Two-Way, Not Divided",Not Provided,No Adverse Condition (Clear/Cloud),Dip - Straight,Not Provided,No,Four Approaches,Not Provided,Traffic Signal,Dry,Intersection Area,Intersection Related - Within 150 Feet,Yes - Working,No,2022,Summer,August,Nighttime,6:00pm - 8:59pm,18,Injury Crash,No,No,No,No,No,No,No,No,No,No,No,No,No,Multiple Vehicle Crashes,Hopewell City,,Urban,37.3034,-77.28443,Non-Interstate,CITY POINT RD (PR - CITY OF HOPEWELL),,CITY POINT RD,1.62,Local,At Intersection,RANDOLPH RD,No,0,0,No,0,0,0,0,0,0,0,0,0,0,1,c6346814,0,0,1,Minor
1,2023-12-29,23:36:00,Friday,Deer,On Roadway,"Blacktop, Asphalt, Bituminous",No Defects,Darkness,Darkness - Road Not Lighted,"Two-Way, Not Divided",Not Provided,No Adverse Condition (Clear/Cloud),Straight - Level,Not Provided,Yes - With School Activity,Not at Intersection,Not Provided,Traffic Lanes Marked,Dry,Interchange Area,Main-Line Roadway,Yes - Working,No,2023,Winter,December,Nighttime,9:00pm - 11:59pm,23,Property Damage Crash,No,No,No,No,No,No,No,No,Yes,No,No,No,No,Single Vehicle Crashes,Amherst County,,Rural,37.63393,-79.02076,Non-Interstate,VA-151S,151.0,PATRICK HENRY HWY,0.98,Minor Arterial,Not at Intersection,,No,0,0,No,0,0,0,0,0,0,0,0,0,0,0,c9441701,0,0,1,Minor
2,2024-07-06,20:45:00,Saturday,Angle,On Roadway,"Blacktop, Asphalt, Bituminous",No Defects,Dusk,Dusk,"Two-Way, Divided, Unprotected Median",Not Provided,No Adverse Condition (Clear/Cloud),Grade - Straight,Not Provided,No,Four Approaches,Not Provided,Stop Sign,Dry,Intersection Area,Within Intersection,Yes - Working,No,2024,Summer,July,Nighttime,6:00pm - 8:59pm,20,Injury Crash,No,No,No,No,No,No,No,No,No,No,No,No,No,Multiple Vehicle Crashes,Chesterfield County,,Urban,37.43741,-77.43869,Non-Interstate,US-1N,1.0,VA-1,85.75,Other Principal Arterial,At Intersection,MARINA DR,No,0,0,No,0,0,0,0,0,0,0,0,0,0,1,c2060251,0,0,1,Minor
1,2023-08-22,17:05:00,Tuesday,Fixed Object - Off Road,Roadside,"Blacktop, Asphalt, Bituminous",No Defects,Daylight,Daylight,"Two-Way, Not Divided",Not Provided,No Adverse Condition (Clear/Cloud),Curve - Level,Not Provided,No,Not at Intersection,Not Provided,No Traffic Control,Dry,Intersection Area,Non-Intersection,No Traffic Control Device Present,No,2023,Summer,August,Daytime,3:00pm - 5:59pm,17,Property Damage Crash,No,Yes,Yes,No,No,No,No,No,No,No,No,No,No,Single Vehicle Crashes,Augusta County,,Rural,38.13992,-79.42052,Non-Interstate,SC-600S (AUGUSTA COUNTY),600.0,MARBLE VALLEY RD,5.24,Local,Not at Intersection,,No,0,0,No,0,0,0,0,0,0,0,0,0,0,0,c7064523,0,0,1,Minor
2,2024-05-02,13:50:00,Thursday,Angle,On Roadway,"Blacktop, Asphalt, Bituminous",No Defects,Daylight,Daylight,"Two-Way, Divided, Unprotected Median",Not Provided,No Adverse Condition (Clear/Cloud),Straight - Level,Not Provided,No,Three Approaches,Not Provided,Traffic Signal,Dry,Intersection Area,Within Intersection,Yes - Working,No,2024,Spring,May,Daytime,Noon - 2:59pm,13,Injury Crash,No,No,No,No,No,No,No,No,No,No,No,No,No,Multiple Vehicle Crashes,Dinwiddie County,,Rural,37.19368,-77.50918,Non-Interstate,US-460W,460.0,AIRPORT ST,311.93,Other Principal Arterial,At Intersection,COX RD,Yes,0,1,No,0,0,0,0,0,0,0,0,0,0,2,c5887542,0,1,0,Severe
2,2023-04-01,16:15:00,Saturday,Other,On Roadway,"Blacktop, Asphalt, Bituminous",No Defects,Daylight,Daylight,"Two-Way, Divided, Unprotected Median",Not Provided,No Adverse Condition (Clear/Cloud),Straight - Level,Not Provided,No,Four Approaches,Not Provided,Traffic Signal,Dry,Interchange Area,Main-Line Roadway,Yes - Working,No,2023,Spring,April,Daytime,3:00pm - 5:59pm,16,Property Damage Crash,No,No,No,No,No,No,No,No,No,No,No,No,No,Multiple Vehicle Crashes,Prince William County,,Urban,38.63544,-77.28732,Non-Interstate,SC-2000E (PRINCE WILLIAM COUNTY),2000.0,OPITZ BLVD,4.41,Minor Arterial,At Intersection,RIVER ROCK WAY,No,0,0,No,0,0,0,0,0,0,0,0,0,0,0,c7891139,0,0,1,Minor
1,2024-05-08,13:52:00,Wednesday,Fixed Object - Off Road,Roadside,"Blacktop, Asphalt, Bituminous",No Defects,Daylight,Daylight,"Two-Way, Not Divided",Not Provided,Rain,Straight - Level,Not Provided,No,Not at Intersection,Not Provided,Traffic Lanes Marked,Wet,Intersection Area,Non-Intersection,Yes - Working,No,2024,Spring,May,Daytime,Noon - 2:59pm,13,Injury Crash,No,No,No,No,No,No,No,No,No,No,Yes,No,No,Single Vehicle Crashes,Washington County,,Rural,36.73396,-81.89026,Non-Interstate,SC-704N (WASHINGTON COUNTY),704.0,ENTERPRISE RD,0.18,Major Collector,Not at Intersection,,No,0,0,No,0,0,0,0,0,0,0,1,0,0,1,c7554979,0,0,1,Minor
1,2022-09-16,07:21:00,Friday,Fixed Object - Off Road,On Roadway,"Blacktop, Asphalt, Bituminous",No Defects,Daylight,Daylight,"One-Way, Not Divided",Not Provided,Fog,Grade - Curve,Not Provided,No,Not at Intersection,Not Provided,Traffic Lanes Marked,Dry,Interchange Area,On Entrance/Exit Ramp,Yes - Working,No,2022,Autumn,September,Daytime,6:00am - 8:59am,7,Property Damage Crash,No,Yes,No,No,No,No,No,No,No,No,No,No,No,Single Vehicle Crashes,Rockbridge County,,Rural,37.6703,-79.50677,Interstate,I-81S RAMP 180A,81.0,I-81 RAMP,0.02,Interstate,Not at Intersection,,No,0,0,No,0,0,0,0,0,0,0,0,0,0,0,c3313722,0,0,1,Minor
2,2024-06-19,16:24:00,Wednesday,Rear End,On Roadway,"Blacktop, Asphalt, Bituminous",No Defects,Daylight,Daylight,"Two-Way, Not Divided",Not Provided,No Adverse Condition (Clear/Cloud),Straight - Level,Not Provided,No,Not at Intersection,Not Provided,Traffic Lanes Marked,Dry,Intersection Area,Non-Intersection,Yes - Working,No,2024,Summer,June,Daytime,3:00pm - 5:59pm,16,Injury Crash,No,No,No,No,No,No,No,No,No,No,Yes,No,No,Multiple Vehicle Crashes,Culpeper County,,Rural,38.64271,-77.93102,Non-Interstate,VA-229N,229.0,RIXEYVILLE RD,12.18,Minor Arterial,Not at Intersection,,No,0,0,No,0,0,0,0,0,0,0,1,0,0,2,c1063145,0,1,0,Severe
2,2022-07-09,22:35:00,Saturday,Angle,On Roadway,"Blacktop, Asphalt, Bituminous",No Defects,Darkness,Darkness - Road Lighted,"Two-Way, Divided, Positive Median Barrier",Activity Area,No Adverse Condition (Clear/Cloud),Straight - Level,With No Law Enforcement,No,Not at Intersection,Work on Shoulder or Median,Traffic Lanes Marked,Dry,Intersection Area,Non-Intersection,Yes - Working,Yes,2022,Summer,July,Nighttime,9:00pm - 11:59pm,22,Property Damage Crash,No,Yes,No,No,No,No,No,No,No,No,No,No,No,Multiple Vehicle Crashes,Norfolk City,,Urban,36.93961,-76.26549,Interstate,I-64W,64.0,I-64,275.63,Interstate,Not at Intersection,,No,0,0,No,0,0,0,0,0,0,0,0,0,0,0,c7267430,0,0,1,Minor
2,2022-12-10,10:05:00,Saturday,Angle,On Roadway,"Blacktop, Asphalt, Bituminous",No Defects,Daylight,Daylight,"Two-Way, Not Divided",Not Provided,No Adverse Condition (Clear/Cloud),Straight - Level,Not Provided,No,Not at Intersection,Not Provided,Traffic Lanes Marked,Wet,Intersection Area,Non-Intersection,Yes - Working,No,2022,Winter,December,Daytime,9:00am - 11:59am,10,Property Damage Crash,No,No,No,No,No,No,No,No,No,No,No,No,No,Multiple Vehicle Crashes,Salem City,,Urban,37.27205,-80.04043,Non-Interstate,US-11N,11.0,APPERSON DR,145.32,Other Principal Arterial,At Intersection,BROOKLAND DR,Yes,0,0,No,0,0,0,0,0,0,0,0,0,0,0,c8445145,0,0,1,Minor
3,2023-10-06,19:53:00,Friday,Other,On Roadway,"Blacktop, Asphalt, Bituminous",No Defects,Darkness,Darkness - Road Not Lighted,"Two-Way, Divided, Positive Median Barrier",Not Provided,No Adverse Condition (Clear/Cloud),Curve - Level,Not Provided,No,Not at Intersection,Not Provided,No Traffic Control,Dry,Interchange Area,Main-Line Roadway,No Traffic Control Device Present,No,2023,Autumn,October,Nighttime,6:00pm - 8:59pm,19,Property Damage Crash,No,No,No,No,No,No,No,No,No,No,No,No,No,Multiple Vehicle Crashes,Albemarle County,,Urban,38.05504,-78.51695,Non-Interstate,250/29 BYP (NP - ALBEMARLE COUNTY),250.0,US-250 BYP,1.07,Other Freeways and Expressways,Not at Intersection,,No,0,0,No,0,0,0,0,0,0,0,0,0,0,0,c0041321,0,0,1,Minor
1,2023-09-15,18:49:00,Friday,Fixed Object - Off Road,Roadside,"Blacktop, Asphalt, Bituminous",No Defects,Daylight,Daylight,"Two-Way, Not Divided",Not Provided,No Adverse Condition (Clear/Cloud),Straight - Level,Not Provided,No,Not at Intersection,Not Provided,No Passing Lines,Dry,Intersection Area,Non-Intersection,Yes - Working,No,2023,Autumn,September,Nighttime,6:00pm - 8:59pm,18,Property Damage Crash,Yes,No,No,No,No,No,No,No,No,No,Yes,No,No,Single Vehicle Crashes,Accomack County,Chincoteague,Rural,37.92184,-75.3906,Non-Interstate,UR-1622E (TOWN OF CHINCOTEAGUE),1622.0,MAIN ST,1.13,Minor Collector,At Intersection,FISHER DR,No,0,0,No,0,0,0,0,0,0,0,0,0,0,0,c4743276,0,0,1,Minor
2,2022-11-01,10:39:00,Tuesday,Sideswipe - Same Direction,On Roadway,"Blacktop, Asphalt, Bituminous",No Defects,Daylight,Daylight,"Two-Way, Divided, Positive Median Barrier",Not Provided,No Adverse Condition (Clear/Cloud),Straight - Level,Not Provided,No,Four Approaches,Not Provided,Traffic Lanes Marked,Dry,Intersection Area,Within Intersection,Yes - Working,No,2022,Autumn,November,Daytime,9:00am - 11:59am,10,Property Damage Crash,No,No,No,No,No,No,No,No,No,No,No,No,No,Multiple Vehicle Crashes,Montgomery County,Christiansburg,Urban,37.16399,-80.42155,Non-Interstate,VA-114W,114.0,PEPPERS FERRY RD,9.82,Minor Arterial,At Intersection,MARKET ST,Yes,0,0,No,0,0,0,0,0,0,0,0,0,0,0,c0965966,0,0,1,Minor
3,2024-03-15,17:59:00,Friday,Rear End,On Roadway,"Blacktop, Asphalt, Bituminous",No Defects,Dusk,Dusk,"Two-Way, Divided, Positive Median Barrier",Not Provided,Rain,Straight - Level,Not Provided,No,Not at Intersection,Not Provided,Traffic Lanes Marked,Wet,Intersection Area,Non-Intersection,Yes - Working,No,2024,Spring,March,Daytime,3:00pm - 5:59pm,17,Property Damage Crash,No,Yes,No,No,No,No,No,No,No,No,No,No,No,Multiple Vehicle Crashes,Va. Beach City,,Urban,36.83261,-76.12039,Interstate,I-264W,264.0,I-264,17.44,Interstate,Not at Intersection,,No,0,0,No,0,0,0,0,0,0,0,0,0,0,0,c6962984,0,0,1,Minor
1,2024-04-12,00:20:00,Friday,Fixed Object - Off Road,Roadside,"Blacktop, Asphalt, Bituminous",No Defects,Darkness,Darkness - Road Not Lighted,"Two-Way, Divided, Unprotected Median",Not Provided,Rain,Straight - Level,Not Provided,No,Not at Intersection,Not Provided,Traffic Lanes Marked,Wet,Intersection Area,Non-Intersection,Yes - Working,No,2024,Spring,April,Nighttime,Midnight - 2:59am,0,Property Damage Crash,No,No,No,No,No,No,No,No,No,No,Yes,No,No,Single Vehicle Crashes,Goochland County,,Rural,37.71044,-77.78374,Interstate,I-64E,64.0,I-64,167.4,Interstate,Not at Intersection,,No,0,0,No,0,0,0,0,0,0,0,0,0,0,0,c7408887,0,0,1,Minor
1,2024-10-20,12:46:00,Sunday,Fixed Object - Off Road,Roadside,"Blacktop, Asphalt, Bituminous",No Defects,Daylight,Daylight,"Two-Way, Not Divided",Not Provided,No Adverse Condition (Clear/Cloud),Straight - Level,Not Provided,No,Not at Intersection,Not Provided,Traffic Lanes Marked,Dry,Intersection Area,Non-Intersection,Yes - Working,No,2024,Autumn,October,Daytime,Noon - 2:59pm,12,Injury Crash,No,No,No,No,No,No,No,No,No,No,No,No,No,Single Vehicle Crashes,Suffolk City,,Urban,36.88611,-76.51876,Non-Interstate,UR-628E (CITY OF SUFFOLK),628.0,CRITTENDEN RD,3.47,Minor Arterial,Not at Intersection,,Yes,0,1,No,0,0,0,0,0,0,0,0,0,0,2,c7864065,0,1,0,Severe
2,2022-04-15,06:45:00,Friday,Rear End,On Roadway,"Blacktop, Asphalt, Bituminous",No Defects,Daylight,Daylight,"Two-Way, Divided, Unprotected Median",Not Provided,No Adverse Condition (Clear/Cloud),Straight - Level,Not Provided,No,Four Approaches,Not Provided,Traffic Signal,Dry,Intersection Area,Intersection Related - Within 150 Feet,Yes - Working,No,2022,Spring,April,Daytime,6:00am - 8:59am,6,Property Damage Crash,No,No,No,No,No,No,No,No,No,No,Yes,No,No,Multiple Vehicle Crashes,Harrisonburg City,,Urban,38.43487,-78.84734,Non-Interstate,US-33E,33.0,MARKET ST,24.02,Other Principal Arterial,At Intersection,BURGESS RD,No,0,0,No,0,0,0,0,0,0,0,0,0,0,0,c4560686,0,0,1,Minor
2,2022-08-29,13:35:00,Monday,Rear End,On Roadway,"Blacktop, Asphalt, Bituminous",No Defects,Daylight,Daylight,"Two-Way, Divided, Unprotected Median",Not Provided,No Adverse Condition (Clear/Cloud),Straight - Level,Not Provided,No,Four Approaches,Not Provided,Traffic Lanes Marked,Dry,Intersection Area,Within Intersection,Yes - Working,No,2022,Summer,August,Daytime,Noon - 2:59pm,13,Property Damage Crash,No,No,No,No,No,No,No,No,No,No,No,No,No,Multiple Vehicle Crashes,Norfolk City,,Urban,36.87453,-76.21032,Non-Interstate,US-13N RAMP 49A,13.0,LANESDALE TRAFFIC CIR RAMP,0.02,Other Principal Arterial,At Intersection,NORTHAMPTON BLVD,No,0,0,No,0,0,0,0,0,0,0,0,0,0,0,c0543560,0,0,1,Minor
2,2024-03-29,17:01:00,Friday,Angle,On Roadway,"Blacktop, Asphalt, Bituminous",No Defects,Daylight,Daylight,"Two-Way, Divided, Unprotected Median",Not Provided,No Adverse Condition (Clear/Cloud),Straight - Level,Not Provided,No,Four Approaches,Not Provided,Traffic Signal,Dry,Intersection Area,Within Intersection,Yes - Working,No,2024,Spring,March,Daytime,3:00pm - 5:59pm,17,Property Damage Crash,No,No,No,No,No,No,No,No,No,No,No,No,No,Multiple Vehicle Crashes,Henrico County,,Urban,37.62471,-77.59444,Non-Interstate,CR-7516E (HENRICO COUNTY),7516.0,RIDGEFIELD PKWY,3.21,Minor Arterial,At Intersection,FLINTWOOD DR,No,0,0,No,0,0,0,0,0,0,0,0,0,0,0,c2698202,0,0,1,Minor
3,2023-08-07,16:26:00,Monday,Rear End,On Roadway,"Blacktop, Asphalt, Bituminous",No Defects,Daylight,Daylight,"Two-Way, Divided, Unprotected Median",Not Provided,No Adverse Condition (Clear/Cloud),Straight - Level,Not Provided,No,Three Approaches,Not Provided,Traffic Signal,Dry,Intersection Area,Intersection Related - Within 150 Feet,Yes - Working,No,2023,Summer,August,Daytime,3:00pm - 5:59pm,16,Injury Crash,No,No,No,No,No,No,No,No,No,No,No,No,No,Multiple Vehicle Crashes,Chesterfield County,,Urban,37.50008,-77.57162,Non-Interstate,US-60E,60.0,MIDLOTHIAN TPKE,181.68,Other Principal Arterial,At Intersection,TUXFORD RD,Yes,0,1,No,0,0,0,0,0,0,0,0,0,0,2,c2532170,0,1,0,Severe
2,2023-08-24,22:45:00,Thursday,Angle,On Roadway,"Blacktop, Asphalt, Bituminous",No Defects,Darkness,Darkness - Road Lighted,"Two-Way, Not Divided",Not Provided,No Adverse Condition (Clear/Cloud),Straight - Level,Not Provided,No,Four Approaches,Not Provided,Traffic Signal,Dry,Intersection Area,Within Intersection,Yes - Working,No,2023,Summer,August,Nighttime,9:00pm - 11:59pm,22,Injury Crash,No,No,No,No,No,No,No,No,No,No,No,No,No,Multiple Vehicle Crashes,Richmond City,,Urban,37.5497,-77.45965,Non-Interstate,UR-7601N (CITY OF RICHMOND),,LOMBARDY ST,0.74,Major Collector,At Intersection,GROVE AVE,No,0,0,No,0,0,0,0,0,0,0,0,0,0,1,c1621387,0,0,1,Minor
2,2023-06-03,15:17:00,Saturday,Angle,On Roadway,"Blacktop, Asphalt, Bituminous",No Defects,Dawn,Dawn,"Two-Way, Not Divided",Not Provided,No Adverse Condition (Clear/Cloud),Straight - Level,Not Provided,No,Three Approaches,Not Provided,Traffic Lanes Marked,Dry,Interchange Area,Main-Line Roadway,Yes - Working,No,2023,Summer,June,Daytime,3:00pm - 5:59pm,15,Injury Crash,No,No,No,No,No,No,No,No,No,No,Yes,No,No,Multiple Vehicle Crashes,Hampton City,,Urban,37.03118,-76.32477,Non-Interstate,US-258E,258.0,MERCURY BLVD,66.98,Other Principal Arterial,At Intersection,OLD POINT AVE,No,0,0,No,0,0,0,0,0,0,0,1,0,0,3,c5510661,0,1,0,Severe
2,2024-04-30,14:03:00,Tuesday,Rear End,On Roadway,"Blacktop, Asphalt, Bituminous",No Defects,Daylight,Daylight,"Two-Way, Divided, Positive Median Barrier",Not Provided,No Adverse Condition (Clear/Cloud),Straight - Level,Not Provided,No,Four Approaches,Not Provided,Traffic Signal,Dry,Intersection Area,Intersection Related - Within 150 Feet,Yes - Working,No,2024,Spring,April,Daytime,Noon - 2:59pm,14,Property Damage Crash,No,No,No,No,No,No,No,No,No,No,No,No,No,Multiple Vehicle Crashes,Hampton City,,Urban,37.06382,-76.40012,Non-Interstate,VA-134E,134.0,NEIL ARMSTRONG PKWAY,6.69,Other Principal Arterial,At Intersection,BUTLER FARM RD,No,0,0,No,0,0,0,0,0,0,0,0,0,0,0,c8966157,0,0,1,Minor