NumberOfVehicles,CrashDate,CrashTime,DayOfWeek,TypeOfCollision,LocationOfFirstHarmfulEvent,RoadwaySurfaceType,RoadwayDefect,LightCondition_Category,LightCondition_Value,RoadwayDescription,WorkZoneLocation,WeatherCondition,RoadwayAlignment,WorkZoneWorkersPresent,SchoolZone,IntersectionType,WorkZoneType,TrafficControlType,RoadwaySurfaceCondition,RelationToRoadway_Category,RelationToRoadway_Value,TrafficControlMechanicalDevice,WorkZoneRelated,Year,Meteorological Season,MonthName,DaytimeNighttime_NHTSA,ThreeHourLabel,Hour,CrashType,AlcoholInvolved,SpeedRelated,CommercialMotorVehiclesInvolved,PedestrianInvolved,BicycleInvolved,MotorcycleInvolved,MopedInvolved,TrainRelated,SchoolZoneInvolved,TeenDriverInvolved,DistractedDriverInvolved,DriverTextingInvolved,DriverUsingCellPhone,Single_Multi_Vehicle,Jurisdiction,TownName,LocationTypeName,Latitude,Longitude,Interstate_NonInterstate,RoadName,RouteNumber,RouteName,MileMarker,FunctionalClassCode,AtIntersection,SecondaryLocation,MatureDriverInvolved,MatureDriverFatalities,MatureDriverInjuries,LargeTruckInvolved,PedestrianFatalities,PedestrianInjuries,MotorcycleFatalities,MotorcycleInjuries,BicycleFatalities,BicycleInjuries,DistractedDriverFatalities,DistractedDriverInjuries,UnrestrainedInjuries,Number_Of_Fatalities,Number_Of_Injuries,Crash_UID,Is_Fatal,Is_Severe,Is_Minor,SeverityLabel
3,2022-11-03,18:00:00,Thursday,Rear End,On Roadway,"Blacktop, Asphalt, Bituminous",No Defects,Dusk,Dusk,"Two-Way, Divided, Positive Median Barrier",Not Provided,No Adverse Condition (Clear/Cloud),Straight - Level,Not Provided,No,Not at Intersection,Not Provided,Traffic Lanes Marked,Dry,Interchange Area,Collector/Distributor Road,Yes - Working,No,2022,Autumn,November,Nighttime,6:00pm - 8:59pm,18,Injury Crash,No,Yes,No,No,No,No,No,No,No,No,No,No,No,Multiple Vehicle Crashes,Arlington County,,Urban,38.84269,-77.08331,Interstate,I-395S DIST/COLL AT MP7,395.0,I-395 RAMP,0.59,Interstate,Not at Intersection,,Yes,0,0,No,0,0,0,0,0,0,0,0,0,0,2,c9637174,0,1,0,Severe
2,2024-06-26,17:47:00,Wednesday,Angle,On Roadway,"Blacktop, Asphalt, Bituminous",No Defects,Daylight,Daylight,"Two-Way, Divided, Unprotected Median",Not Provided,No Adverse Condition (Clear/Cloud),Curve - Level,Not Provided,No,Three Approaches,Not Provided,Stop Sign,Dry,Intersection Area,Within Intersection,Yes - Working,No,2024,Summer,June,Daytime,3:00pm - 5:59pm,17,Property Damage Crash,No,No,No,No,No,No,No,No,No,No,No,No,No,Multiple Vehicle Crashes,Greene County,,Rural,38.23447,-78.33985,Non-Interstate,SC-610E (GREENE COUNTY),610.0,TOMS RD,0.97,Minor Collector,At Intersection,HEIGHTS HILL RD,No,0,0,No,0,0,0,0,0,0,0,0,0,0,0,c0887154,0,0,1,Minor
2,2023-02-19,19:04:00,Sunday,Rear End,On Roadway,"Blacktop, Asphalt, Bituminous",No Defects,Darkness,Darkness - Road Lighted,"One-Way, Not Divided",Not Provided,No Adverse Condition (Clear/Cloud),Dip - Curve,Not Provided,No,Not at Intersection,Not Provided,Stop Sign,Dry,Interchange Area,On Entrance/Exit Ramp,Yes - Working,No,2023,Winter,February,Nighttime,6:00pm - 8:59pm,19,Injury Crash,No,No,No,No,No,No,No,No,No,Yes,No,No,No,Multiple Vehicle Crashes,Lynchburg City,,Urban,37.36954,-79.17742,Non-Interstate,US-501N RAMP 71B,501.0,CANDLERS MT RD RAMP,0.11,Other Freeways and Expressways,Not at Intersection,,No,0,0,No,0,0,0,0,0,0,0,0,0,0,1,c9221750,0,0,1,Minor
2,2024-02-27,17:55:00,Tuesday,Angle,On Roadway,"Blacktop, Asphalt, Bituminous",No Defects,Darkness,Darkness - Road Lighted,"Two-Way, Divided, Unprotected Median",Not Provided,No Adverse Condition (Clear/Cloud),Straight - Level,Not Provided,No,Not at Intersection,Not Provided,Traffic Lanes Marked,Dry,Intersection Area,Non-Intersection,Yes - Working,No,2024,Winter,February,Daytime,3:00pm - 5:59pm,17,Property Damage Crash,No,No,No,No,No,No,No,No,No,No,No,No,No,Multiple Vehicle Crashes,Va. Beach City,,Urban,36.82924,-76.09533,Non-Interstate,UR-13N (CITY OF VIRGINIA BEACH),13.0,ROSEMONT RD,1.09,Minor Arterial,At Intersection,RAINTREE RD,Yes,0,0,No,0,0,0,0,0,0,0,0,0,0,0,c0831015,0,0,1,Minor
2,2024-04-22,14:15:00,Monday,Rear End,On Roadway,"Blacktop, Asphalt, Bituminous",No Defects,Daylight,Daylight,"Two-Way, Not Divided",Not Provided,No Adverse Condition (Clear/Cloud),Straight - Level,Not Provided,No,Three Approaches,Not Provided,Traffic Signal,Dry,Intersection Area,Intersection Related - Within 150 Feet,Yes - Working,No,2024,Spring,April,Daytime,Noon - 2:59pm,14,Property Damage Crash,No,No,No,No,No,No,No,No,No,No,No,No,No,Multiple Vehicle Crashes,Suffolk City,,Urban,36.90236,-76.49753,Non-Interstate,UR-628E (CITY OF SUFFOLK),,CRITTENDEN RD,5.23,Minor Arterial,At Intersection,BRIDGE RD,Yes,0,0,No,0,0,0,0,0,0,0,0,0,0,0,c5055134,0,0,1,Minor
1,2022-01-14,16:53:00,Friday,Other,On Roadway,"Blacktop, Asphalt, Bituminous",No Defects,Daylight,Daylight,"Two-Way, Divided, Unprotected Median",Not Provided,No Adverse Condition (Clear/Cloud),Straight - Level,Not Provided,No,Not at Intersection,Not Provided,Traffic Lanes Marked,Dry,Intersection Area,Non-Intersection,Yes - Working,No,2022,Winter,January,Daytime,3:00pm - 5:59pm,16,Property Damage Crash,No,No,No,No,No,No,No,No,No,No,No,No,No,Single Vehicle Crashes,James City County,,Urban,37.27232,-76.75143,Non-Interstate,VA-199W,199.0,HUMELSINE PKWY,6.3,Other Freeways and Expressways,Not at Intersection,,No,0,0,No,0,0,0,0,0,0,0,0,0,0,0,c1078646,0,0,1,Minor
3,2022-09-14,14:35:00,Wednesday,Angle,On Roadway,Concrete,No Defects,Daylight,Daylight,"Two-Way, Divided, Positive Median Barrier",Not Provided,No Adverse Condition (Clear/Cloud),Straight - Level,Not Provided,No,Four Approaches,Not Provided,Traffic Signal,Dry,Intersection Area,Within Intersection,Yes - Working,No,2022,Autumn,September,Daytime,Noon - 2:59pm,14,Property Damage Crash,No,No,No,No,No,No,No,No,No,No,No,No,No,Multiple Vehicle Crashes,Norfolk City,,Urban,36.85429,-76.27451,Non-Interstate,VA-168N,168.0,TIDEWATER DR,23.7,Other Principal Arterial,At Intersection,VIRGINIA BEACH BLVD,No,0,0,No,0,0,0,0,0,0,0,0,0,0,0,c4127416,0,0,1,Minor
2,2022-07-14,10:05:00,Thursday,Angle,On Roadway,"Blacktop, Asphalt, Bituminous",No Defects,Daylight,Daylight,"Two-Way, Divided, Unprotected Median",Not Provided,No Adverse Condition (Clear/Cloud),Curve - Level,Not Provided,No,Four Approaches,Not Provided,Stop Sign,Dry,Intersection Area,Within Intersection,Yes - Working,No,2022,Summer,July,Daytime,9:00am - 11:59am,10,Injury Crash,No,No,No,No,No,No,No,No,No,No,No,No,No,Multiple Vehicle Crashes,Va. Beach City,,Urban,36.9079,-76.0676,Non-Interstate,VA-279S,279.0,GREAT NECK RD,4.98,Other Principal Arterial,At Intersection,LYNNHAVEN DR,Yes,0,1,No,0,0,0,0,0,0,0,0,0,0,2,c9461980,0,1,0,Severe
1,2024-03-24,18:13:00,Sunday,Other,Shoulder,"Blacktop, Asphalt, Bituminous",No Defects,Daylight,Daylight,"Two-Way, Not Divided",Not Provided,No Adverse Condition (Clear/Cloud),Straight - Level,Not Provided,No,Not at Intersection,Not Provided,No Traffic Control,Dry,Interchange Area,Main-Line Roadway,No Traffic Control Device Present,No,2024,Spring,March,Nighttime,6:00pm - 8:59pm,18,Property Damage Crash,No,Yes,No,No,No,No,No,No,No,Yes,No,No,No,Single Vehicle Crashes,Prince George County,,Rural,37.15219,-77.24397,Non-Interstate,SC-629W (PRINCE GEORGE COUNTY),629.0,QUAKER RD,9.8,Local,Not at Intersection,,No,0,0,No,0,0,0,0,0,0,0,0,0,0,0,c6467012,0,0,1,Minor
2,2022-04-14,16:11:00,Thursday,Rear End,On Roadway,"Blacktop, Asphalt, Bituminous",No Defects,Daylight,Daylight,"Two-Way, Divided, Positive Median Barrier",Not Provided,No Adverse Condition (Clear/Cloud),Straight - Level,Not Provided,No,Four Approaches,Not Provided,Traffic Signal,Dry,Intersection Area,Intersection Related - Within 150 Feet,Yes - Working,No,2022,Spring,April,Daytime,3:00pm - 5:59pm,16,Property Damage Crash,No,No,No,No,No,No,No,No,No,Yes,Yes,No,No,Multiple Vehicle Crashes,Prince William County,,Urban,38.58396,-77.33107,Non-Interstate,VA-234S,234.0,DUMFRIES RD,1.02,Other Principal Arterial,At Intersection,VAN BUREN RD,No,0,0,No,0,0,0,0,0,0,0,0,0,0,0,c4526866,0,0,1,Minor
2,2023-01-02,15:45:00,Monday,Rear End,On Roadway,"Blacktop, Asphalt, Bituminous",No Defects,Daylight,Daylight,"Two-Way, Divided, Unprotected Median",Not Provided,No Adverse Condition (Clear/Cloud),Straight - Level,Not Provided,No,Four Approaches,Not Provided,Traffic Signal,Dry,Intersection Area,Within Intersection,Yes - Working,No,2023,Winter,January,Daytime,3:00pm - 5:59pm,15,Injury Crash,No,No,No,No,No,No,No,No,No,No,No,No,No,Multiple Vehicle Crashes,Hampton City,,Urban,37.00851,-76.38051,Non-Interstate,UR-7059S (CITY OF HAMPTON),,POWHATAN PKWY,0.72,Major Collector,At Intersection,SHELL RD,No,0,0,No,0,0,0,0,0,0,0,0,0,0,1,c8592636,0,0,1,Minor
2,2023-12-23,09:08:00,Saturday,Angle,On Roadway,"Blacktop, Asphalt, Bituminous",No Defects,Daylight,Daylight,"Two-Way, Divided, Positive Median Barrier",Not Provided,No Adverse Condition (Clear/Cloud),Straight - Level,Not Provided,No,Four Approaches,Not Provided,Traffic Signal,Dry,Intersection Area,Within Intersection,Yes - Working,No,2023,Winter,December,Daytime,9:00am - 11:59am,9,Injury Crash,No,No,No,No,No,No,No,No,No,No,No,No,No,Multiple Vehicle Crashes,Richmond City,,Urban,37.5732,-77.46093,Non-Interstate,UR-7582E (CITY OF RICHMOND),,ROBIN HOOD RD,0.17,Major Collector,At Intersection,HERMITAGE RD,Yes,0,1,No,0,0,0,0,0,0,0,0,0,0,2,c2189866,0,1,0,Severe
2,2023-09-28,22:25:00,Thursday,Rear End,On Roadway,"Blacktop, Asphalt, Bituminous",No Defects,Darkness,Darkness - Road Lighted,"Two-Way, Not Divided",Not Provided,No Adverse Condition (Clear/Cloud),Grade - Straight,Not Provided,No,Not at Intersection,Not Provided,No Traffic Control,Dry,Intersection Area,Non-Intersection,No Traffic Control Device Present,No,2023,Autumn,September,Nighttime,9:00pm - 11:59pm,22,Property Damage Crash,No,No,No,No,No,No,No,No,No,No,No,No,No,Multiple Vehicle Crashes,Roanoke City,,Urban,37.26297,-79.9338,Non-Interstate,6TH ST SE (NP - CITY OF ROANOKE),,6TH ST,0.45,Local,Not at Intersection,,No,0,0,No,0,0,0,0,0,0,0,0,0,0,0,c2481142,0,0,1,Minor
2,2024-05-03,11:00:00,Friday,Rear End,On Roadway,"Blacktop, Asphalt, Bituminous",No Defects,Daylight,Daylight,"Two-Way, Not Divided",Activity Area,No Adverse Condition (Clear/Cloud),Straight - Level,With No Law Enforcement,No,Not at Intersection,Lane Closure,Traffic Lanes Marked,Dry,Intersection Area,Non-Intersection,Yes - Working,Yes,2024,Spring,May,Daytime,9:00am - 11:59am,11,Property Damage Crash,No,No,No,No,No,No,No,No,No,No,No,No,No,Multiple Vehicle Crashes,Henry County,,Urban,36.73875,-79.92902,Non-Interstate,BUS US-220S (4 CITY OF MARTINSVILLE),220.0,VIRGINIA AVE,10.34,Other Principal Arterial,At Intersection,COOL SPRINGS RD,No,0,0,No,0,0,0,0,0,0,0,0,0,0,0,c7118443,0,0,1,Minor
2,2023-10-15,01:17:00,Sunday,Rear End,On Roadway,"Blacktop, Asphalt, Bituminous",No Defects,Darkness,Darkness - Road Lighted,"Two-Way, Not Divided",Not Provided,Mist,Straight - Level,Not Provided,No,Four Approaches,Not Provided,No Traffic Control,Dry,Intersection Area,Within Intersection,No Traffic Control Device Present,No,2023,Autumn,October,Nighttime,Midnight - 2:59am,1,Property Damage Crash,No,No,No,No,No,No,No,No,No,No,No,No,No,Multiple Vehicle Crashes,Norfolk City,,Urban,36.91555,-76.23736,Non-Interstate,VA-170W,170.0,LITTLE CREEK RD,0.1,Other Principal Arterial,At Intersection,CARLTON ST,No,0,0,No,0,0,0,0,0,0,0,0,0,0,0,c6925098,0,0,1,Minor
2,2023-11-08,10:47:00,Wednesday,Sideswipe - Same Direction,On Roadway,"Blacktop, Asphalt, Bituminous",No Defects,Daylight,Daylight,"Two-Way, Divided, Positive Median Barrier",Not Provided,No Adverse Condition (Clear/Cloud),Straight - Level,Not Provided,No,Two Approaches,Not Provided,Traffic Signal,Dry,Intersection,Intersection Related - Outside 150 Feet,Yes - Working,No,2023,Autumn,November,Daytime,9:00am - 11:59am,10,Property Damage Crash,No,No,Yes,No,No,No,No,No,No,No,Yes,No,No,Multiple Vehicle Crashes,Fairfax County,,Urban,38.95568,-77.36274,Non-Interstate,SC-7414N (FAIRFAX COUNTY),7414.0,TOWN CENTER PKWY,0.12,Major Collector,At Intersection,PROGRESS ST,No,0,0,No,0,0,0,0,0,0,0,0,0,0,0,c3642055,0,0,1,Minor
2,2024-06-21,12:41:00,Friday,Angle,On Roadway,"Blacktop, Asphalt, Bituminous",No Defects,Daylight,Daylight,"Two-Way, Divided, Unprotected Median",Not Provided,No Adverse Condition (Clear/Cloud),Straight - Level,Not Provided,No,Not at Intersection,Not Provided,Traffic Lanes Marked,Dry,Interchange Area,Main-Line Roadway,Yes - Working,No,2024,Summer,June,Daytime,Noon - 2:59pm,12,Property Damage Crash,No,No,No,No,No,No,No,No,No,No,No,No,No,Multiple Vehicle Crashes,Danville City,,Urban,36.58088,-79.34357,Non-Interstate,US-58E,58.0,SOUTH BOSTON RD,300.88,Other Principal Arterial,At Intersection,AIRPORT DR,Yes,0,0,No,0,0,0,0,0,0,0,0,0,0,0,c1261343,0,0,1,Minor
2,2022-09-14,16:10:00,Wednesday,Rear End,On Roadway,"Blacktop, Asphalt, Bituminous",No Defects,Daylight,Daylight,"Two-Way, Not Divided",Not Provided,No Adverse Condition (Clear/Cloud),Straight - Level,Not Provided,No,Four Approaches,Not Provided,Traffic Signal,Dry,Intersection Area,Within Intersection,Yes - Working,No,2022,Autumn,September,Daytime,3:00pm - 5:59pm,16,Injury Crash,No,No,No,No,No,No,No,No,No,No,Yes,No,No,Multiple Vehicle Crashes,Fairfax County,,Urban,38.99979,-77.32938,Non-Interstate,VA-193W,193.0,GEORGETOWN PIKE,0.85,Minor Arterial,At Intersection,UTTERBACK STORE RD,No,0,0,No,0,0,0,0,0,0,0,0,0,0,1,c5699829,0,0,1,Minor
1,2024-11-07,08:50:00,Thursday,Fixed Object - Off Road,On Roadway,"Blacktop, Asphalt, Bituminous",No Defects,Daylight,Daylight,"Two-Way, Not Divided",Not Provided,No Adverse Condition (Clear/Cloud),Grade - Curve,Not Provided,No,Not at Intersection,Not Provided,No Passing Lines,Dry,Intersection Area,Non-Intersection,Yes - Working,No,2024,Autumn,November,Daytime,6:00am - 8:59am,8,Injury Crash,No,Yes,No,No,No,No,No,No,No,No,No,No,No,Single Vehicle Crashes,Amherst County,,Rural,37.62247,-79.10784,Non-Interstate,US-60E,60.0,LEXINGTON TPIKE,86.81,Minor Arterial,Not at Intersection,,No,0,0,No,0,0,0,0,0,0,0,0,1,0,1,c3748126,0,0,1,Minor
2,2023-03-03,22:58:00,Friday,Head On,On Roadway,"Blacktop, Asphalt, Bituminous",No Defects,Darkness,Darkness - Road Not Lighted,"Two-Way, Divided, Unprotected Median",Not Provided,Rain,Straight - Level,Not Provided,No,Not at Intersection,Not Provided,Traffic Lanes Marked,Wet,Intersection Area,Non-Intersection,Yes - Working,No,2023,Spring,March,Nighttime,9:00pm - 11:59pm,22,Injury Crash,No,No,No,No,No,No,No,No,No,Yes,No,No,No,Multiple Vehicle Crashes,Dinwiddie County,,Rural,37.14518,-77.77575,Non-Interstate,US-460E,460.0,COX RD,296.23,Other Principal Arterial,Not at Intersection,,No,0,0,No,0,0,0,0,0,0,0,0,0,0,2,c0103232,0,1,0,Severe
2,2023-07-12,21:23:00,Wednesday,Angle,On Roadway,"Blacktop, Asphalt, Bituminous",No Defects,Darkness,Darkness - Road Lighted,"Two-Way, Divided, Unprotected Median",Not Provided,No Adverse Condition (Clear/Cloud),Straight - Level,Not Provided,No,Four Approaches,Not Provided,Traffic Signal,Dry,Intersection Area,Within Intersection,Yes - Working,No,2023,Summer,July,Nighttime,9:00pm - 11:59pm,21,Property Damage Crash,No,No,No,No,No,No,No,No,No,Yes,No,No,No,Multiple Vehicle Crashes,Va. Beach City,,Urban,36.74758,-76.06206,Non-Interstate,VA-165S,165.0,NORTH LANDING RD,19.48,Minor Arterial,At Intersection,WEST NECK RD,No,0,0,No,0,0,0,0,0,0,0,0,0,0,0,c2873391,0,0,1,Minor
4,2023-02-21,17:34:00,Tuesday,Rear End,On Roadway,"Blacktop, Asphalt, Bituminous",No Defects,Daylight,Daylight,"Two-Way, Divided, Positive Median Barrier",Not Provided,No Adverse Condition (Clear/Cloud),Straight - Level,Not Provided,No,Not at Intersection,Not Provided,Traffic Lanes Marked,Dry,Interchange Area,Main-Line Roadway,Yes - Working,No,2023,Winter,February,Daytime,3:00pm - 5:59pm,17,Injury Crash,No,No,No,No,No,No,No,No,No,No,No,No,No,Multiple Vehicle Crashes,Henrico County,,Urban,37.59709,-77.48928,Interstate,I-64W,64.0,I-64,185.91,Interstate,Not at Intersection,,No,0,0,No,0,0,0,0,0,0,0,0,0,0,1,c5082727,0,0,1,Minor
2,2024-04-03,08:00:00,Wednesday,Angle,On Roadway,"Blacktop, Asphalt, Bituminous",No Defects,Daylight,Daylight,"Two-Way, Not Divided",Not Provided,Rain,Straight - Level,Not Provided,No,Four Approaches,Not Provided,Traffic Lanes Marked,Wet,Intersection,Intersection Related - Outside 150 Feet,Yes - Working,No,2024,Spring,April,Daytime,6:00am - 8:59am,8,Property Damage Crash,No,No,No,No,No,No,No,No,No,No,No,No,No,Multiple Vehicle Crashes,Salem City,,Urban,37.27159,-80.03689,Non-Interstate,US-11N,11.0,APPERSON DR,145.54,Other Principal Arterial,At Intersection,RIVERVIEW DR,Yes,0,0,No,0,0,0,0,0,0,0,0,0,0,0,c9309688,0,0,1,Minor
4,2024-12-28,11:41:00,Saturday,Rear End,On Roadway,"Blacktop, Asphalt, Bituminous",No Defects,Daylight,Daylight,"Two-Way, Divided, Positive Median Barrier",Not Provided,No Adverse Condition (Clear/Cloud),Straight - Level,Not Provided,No,Not at Intersection,Not Provided,Highway Safety Corridor,Dry,Interchange Area,Main-Line Roadway,Yes - Working,No,2024,Winter,December,Daytime,9:00am - 11:59am,11,Property Damage Crash,No,Yes,No,No,No,No,No,No,No,No,No,No,No,Multiple Vehicle Crashes,Roanoke County,,Rural,37.25698,-80.17462,Interstate,I-81N,81.0,I-81,132.48,Interstate,Not at Intersection,,No,0,0,No,0,0,0,0,0,0,0,0,0,0,0,c9676636,0,0,1,Minor
2,2022-11-30,17:28:00,Wednesday,Angle,On Roadway,"Blacktop, Asphalt, Bituminous",No Defects,Darkness,Darkness - Road Lighted,"Two-Way, Divided, Unprotected Median",Not Provided,No Adverse Condition (Clear/Cloud),Straight - Level,Not Provided,No,Four Approaches,Not Provided,Traffic Signal,Dry,Intersection Area,Within Intersection,Yes - Working,No,2022,Autumn,November,Daytime,3:00pm - 5:59pm,17,Property Damage Crash,No,Yes,No,No,No,No,No,No,No,No,No,No,No,Multiple Vehicle Crashes,Norfolk City,,Urban,36.85149,-76.28532,Non-Interstate,ALT US-460S (1 CITY OF NORFOLK),460.0,SAINT PAULS BLVD,9.34,Other Principal Arterial,At Intersection,CHARLOTTE ST,Yes,0,0,No,0,0,0,0,0,0,0,0,0,0,0,c9970964,0,0,1,Minor
1,2022-05-29,00:30:00,Sunday,Deer,On Roadway,"Blacktop, Asphalt, Bituminous",No Defects,Darkness,Darkness - Road Not Lighted,"Two-Way, Divided, Unprotected Median",Not Provided,No Adverse Condition (Clear/Cloud),Straight - Level,Not Provided,No,Not at Intersection,Not Provided,Traffic Lanes Marked,Dry,Intersection Area,Non-Intersection,Yes - Working,No,2022,Spring,May,Nighttime,Midnight - 2:59am,0,Property Damage Crash,No,No,No,No,No,No,No,No,No,No,No,No,No,Single Vehicle Crashes,Stafford County,,Rural,38.26659,-77.41815,Non-Interstate,VA-3E,3.0,KINGS HWY,37.86,Other Principal Arterial,Not at Intersection,,No,0,0,No,0,0,0,0,0,0,0,0,0,0,0,c8623509,0,0,1,Minor
3,2023-03-11,18:23:00,Saturday,Rear End,On Roadway,"Blacktop, Asphalt, Bituminous","Holes, Ruts, Bumps",Dusk,Dusk,"Two-Way, Divided, Unprotected Median",Not Provided,No Adverse Condition (Clear/Cloud),Straight - Level,Not Provided,No,Not at Intersection,Not Provided,Traffic Lanes Marked,Dry,Intersection Area,Non-Intersection,Yes - Working,No,2023,Spring,March,Nighttime,6:00pm - 8:59pm,18,Injury Crash,No,No,No,No,No,No,No,No,No,No,No,No,No,Multiple Vehicle Crashes,Norfolk City,,Urban,36.87811,-76.21131,Non-Interstate,VA-165N,165.0,MILITARY HWY,32.89,Other Principal Arterial,At Intersection,LAKE WRIGHT DR,Yes,0,1,No,0,0,0,0,0,0,0,0,0,0,3,c3875187,0,1,0,Severe
2,2024-04-15,18:54:00,Monday,Angle,On Roadway,"Blacktop, Asphalt, Bituminous",No Defects,Dusk,Dusk,"Two-Way, Not Divided",Not Provided,Rain,Straight - Level,Not Provided,No,Three Approaches,Not Provided,Stop Sign,Wet,Intersection Area,Within Intersection,Yes - Working,No,2024,Spring,April,Nighttime,6:00pm - 8:59pm,18,Property Damage Crash,No,No,No,No,No,No,No,No,No,No,No,No,No,Multiple Vehicle Crashes,Chesterfield County,,Urban,37.43438,-77.48906,Non-Interstate,SC-638W (CHESTERFIELD COUNTY),638.0,COGBILL RD,4.45,Major Collector,At Intersection,HOWELL DR,No,0,0,No,0,0,0,0,0,0,0,0,0,0,0,c0756069,0,0,1,Minor
2,2022-05-31,18:51:00,Tuesday,Rear End,On Roadway,"Blacktop, Asphalt, Bituminous",No Defects,Daylight,Daylight,"Two-Way, Divided, Unprotected Median",Not Provided,No Adverse Condition (Clear/Cloud),Straight - Level,Not Provided,No,Three Approaches,Not Provided,Traffic Signal,Dry,Intersection Area,Within Intersection,Yes - Working,No,2022,Spring,May,Nighttime,6:00pm - 8:59pm,18,Injury Crash,No,No,No,No,No,No,No,No,No,No,No,No,No,Multiple Vehicle Crashes,Roanoke City,,Urban,37.2854,-79.97097,,MELROSE AVE NW (NP - CITY OF ROANOKE),,MELROSE AVE,0.86,,At Intersection,21ST ST,No,0,0,No,0,0,0,0,0,0,0,0,0,0,1,c3668096,0,0,1,Minor
2,2024-08-21,17:30:00,Wednesday,Rear End,On Roadway,"Blacktop, Asphalt, Bituminous",No Defects,Daylight,Daylight,"One-Way, Not Divided",Not Provided,No Adverse Condition (Clear/Cloud),Straight - Level,Not Provided,No,Not at Intersection,Not Provided,Traffic Lanes Marked,Dry,Interchange Area,Main-Line Roadway,Yes - Working,No,2024,Summer,August,Daytime,3:00pm - 5:59pm,17,Property Damage Crash,No,No,No,No,No,No,No,No,No,No,Yes,No,No,Multiple Vehicle Crashes,Va. Beach City,,Urban,36.83455,-76.13756,Non-Interstate,VA-225S,225.0,INDEPENDENCE BLVD,0.26,Other Principal Arterial,Not at Intersection,,No,0,0,No,0,0,0,0,0,0,0,0,0,0,0,c0615492,0,0,1,Minor
2,2023-11-01,13:19:00,Wednesday,Rear End,On Roadway,"Blacktop, Asphalt, Bituminous",No Defects,Daylight,Daylight,"Two-Way, Not Divided",Not Provided,No Adverse Condition (Clear/Cloud),Grade - Straight,Not Provided,No,Not at Intersection,Not Provided,No Traffic Control,Dry,Interchange Area,Main-Line Roadway,No Traffic Control Device Present,No,2023,Autumn,November,Daytime,Noon - 2:59pm,13,Property Damage Crash,No,No,No,No,No,No,No,No,No,No,No,No,No,Multiple Vehicle Crashes,Harrisonburg City,,Urban,38.42592,-78.8576,Non-Interstate,NEFF AVE (NP - CITY OF HARRISONBURG),,NEFF AVE,0.67,Local,Not at Intersection,,No,0,0,No,0,0,0,0,0,0,0,0,0,0,0,c7408174,0,0,1,Minor
2,2022-12-17,16:52:00,Saturday,Angle,On Roadway,"Blacktop, Asphalt, Bituminous",No Defects,Daylight,Daylight,"Two-Way, Not Divided",Not Provided,No Adverse Condition (Clear/Cloud),Straight - Level,Not Provided,No,Three Approaches,Not Provided,No Traffic Control,Dry,Intersection Area,Within Intersection,No Traffic Control Device Present,No,2022,Winter,December,Daytime,3:00pm - 5:59pm,16,Injury Crash,No,No,No,No,No,No,Yes,No,No,No,No,No,No,Multiple Vehicle Crashes,Suffolk City,,Urban,36.72863,-76.56979,Non-Interstate,UR-1301E (CITY OF SUFFOLK),,RAILROAD AVE,0.12,Local,At Intersection,LLOYD ST,No,0,0,No,0,0,0,0,0,0,0,0,0,0,1,c0337308,0,0,1,Minor
1,2023-07-18,07:15:00,Tuesday,Fixed Object - Off Road,Roadside,"Blacktop, Asphalt, Bituminous",No Defects,Daylight,Daylight,"Two-Way, Not Divided",Not Provided,No Adverse Condition (Clear/Cloud),Dip - Curve,Not Provided,No,Not at Intersection,Not Provided,Traffic Lanes Marked,Dry,Intersection Area,Non-Intersection,Yes - Working,No,2023,Summer,July,Daytime,6:00am - 8:59am,7,Property Damage Crash,No,No,No,No,No,No,No,No,No,No,No,No,No,Single Vehicle Crashes,Dickenson County,,Rural,37.10992,-82.40899,Non-Interstate,SC-637S (DICKENSON COUNTY),637.0,DC CANEY RIDGE RD,7.35,Minor Collector,Not at Intersection,,No,0,0,No,0,0,0,0,0,0,0,0,0,0,0,c3717121,0,0,1,Minor
2,2024-10-09,11:07:00,Wednesday,Sideswipe - Same Direction,On Roadway,"Blacktop, Asphalt, Bituminous",No Defects,Daylight,Daylight,"Two-Way, Not Divided",Not Provided,No Adverse Condition (Clear/Cloud),Straight - Level,Not Provided,No,Four Approaches,Not Provided,No Traffic Control,Dry,Intersection,Intersection Related - Outside 150 Feet,Yes - Working,No,2024,Autumn,October,Daytime,9:00am - 11:59am,11,Injury Crash,No,No,No,No,No,No,No,No,No,No,No,No,No,Multiple Vehicle Crashes,Hampton City,,Urban,37.06371,-76.42726,Non-Interstate,UR-7021N (CITY OF HAMPTON),0.0,BIG BETHEL RD,3.57,Minor Arterial,At Intersection,TOWNE CENTRE WAY,Yes,0,1,No,0,0,0,0,0,0,0,0,0,0,2,c7527118,0,1,0,Severe
2,2022-02-04,02:27:00,Friday,Rear End,On Roadway,"Blacktop, Asphalt, Bituminous",No Defects,Darkness,Darkness - Road Lighted,"Two-Way, Not Divided",Not Provided,No Adverse Condition (Clear/Cloud),Straight - Level,Not Provided,No,Not at Intersection,Not Provided,Other,Dry,Intersection Area,Non-Intersection,Yes - Working,No,2022,Winter,February,Nighttime,Midnight - 2:59am,2,Property Damage Crash,Yes,No,No,No,No,No,No,No,No,No,No,No,No,Multiple Vehicle Crashes,Henrico County,,Urban,37.61789,-77.52921,,WISTAR ST (NP - HENRICO COUNTY),,WISTAR ST,0.57,,Not at Intersection,,No,0,0,No,0,0,0,0,0,0,0,0,0,0,0,c6581691,0,0,1,Minor