NumberOfVehicles,CrashDate,CrashTime,DayOfWeek,TypeOfCollision,LocationOfFirstHarmfulEvent,RoadwaySurfaceType,RoadwayDefect,LightCondition_Category,LightCondition_Value,RoadwayDescription,WorkZoneLocation,WeatherCondition,RoadwayAlignment,WorkZoneWorkersPresent,SchoolZone,IntersectionType,WorkZoneType,TrafficControlType,RoadwaySurfaceCondition,RelationToRoadway_Category,RelationToRoadway_Value,TrafficControlMechanicalDevice,WorkZoneRelated,Year,Meteorological Season,MonthName,DaytimeNighttime_NHTSA,ThreeHourLabel,Hour,CrashType,AlcoholInvolved,SpeedRelated,CommercialMotorVehiclesInvolved,PedestrianInvolved,BicycleInvolved,MotorcycleInvolved,MopedInvolved,TrainRelated,SchoolZoneInvolved,TeenDriverInvolved,DistractedDriverInvolved,DriverTextingInvolved,DriverUsingCellPhone,Single_Multi_Vehicle,Jurisdiction,TownName,LocationTypeName,Latitude,Longitude,Interstate_NonInterstate,RoadName,RouteNumber,RouteName,MileMarker,FunctionalClassCode,AtIntersection,SecondaryLocation,MatureDriverInvolved,MatureDriverFatalities,MatureDriverInjuries,LargeTruckInvolved,PedestrianFatalities,PedestrianInjuries,MotorcycleFatalities,MotorcycleInjuries,BicycleFatalities,BicycleInjuries,DistractedDriverFatalities,DistractedDriverInjuries,UnrestrainedInjuries,Number_Of_Fatalities,Number_Of_Injuries,Crash_UID,Is_Fatal,Is_Severe,Is_Minor,SeverityLabel
2,2023-09-24,21:00:00,Sunday,Angle,On Roadway,"Blacktop, Asphalt, Bituminous",No Defects,Darkness,Darkness - Road Lighted,"Two-Way, Divided, Positive Median Barrier",Not Provided,No Adverse Condition (Clear/Cloud),Straight - Level,Not Provided,No,Four Approaches,Not Provided,Traffic Signal,Dry,Intersection Area,Within Intersection,Yes - Working,No,2023,Autumn,September,Nighttime,9:00pm - 11:59pm,21,Property Damage Crash,No,No,No,No,No,No,No,No,No,No,No,No,No,Multiple Vehicle Crashes,Richmond City,,Urban,37.46391,-77.42779,Interstate,VA-161S,161.0,WALMSLEY BLVD,0.0,Interstate,At Intersection,COMMERCE RD,No,0,0,No,0,0,0,0,0,0,0,0,0,0,0,c1535584,0,0,1,Minor
2,2023-10-25,12:16:00,Wednesday,Angle,On Roadway,"Blacktop, Asphalt, Bituminous",No Defects,Daylight,Daylight,"Two-Way, Not Divided",Not Provided,No Adverse Condition (Clear/Cloud),Straight - Level,Not Provided,No,Not at Intersection,Not Provided,No Traffic Control,Dry,Interchange Area,Main-Line Roadway,No Traffic Control Device Present,No,2023,Autumn,October,Daytime,Noon - 2:59pm,12,Property Damage Crash,No,No,No,No,No,No,No,No,No,No,No,No,No,Multiple Vehicle Crashes,Fairfax County,,Urban,38.85785,-77.18234,Non-Interstate,SC-6085N (FAIRFAX COUNTY),6085.0,BLUE HERON DR,0.02,Local,Not at Intersection,,Yes,0,0,No,0,0,0,0,0,0,0,0,0,0,0,c8589359,0,0,1,Minor
2,2024-07-01,06:54:00,Monday,Rear End,On Roadway,"Blacktop, Asphalt, Bituminous",No Defects,Daylight,Daylight,"Two-Way, Divided, Positive Median Barrier",Not Provided,No Adverse Condition (Clear/Cloud),Straight - Level,Not Provided,No,Not at Intersection,Not Provided,Traffic Lanes Marked,Dry,Intersection Area,Non-Intersection,Yes - Working,No,2024,Summer,July,Daytime,6:00am - 8:59am,6,Property Damage Crash,No,No,No,No,No,No,No,No,No,No,No,No,No,Multiple Vehicle Crashes,Loudoun County,,Urban,39.12579,-77.58613,Non-Interstate,VA-7E,7.0,LEESBURG PIKE,34.4,Other Freeways and Expressways,Not at Intersection,,Yes,0,0,No,0,0,0,0,0,0,0,0,0,0,0,c1737160,0,0,1,Minor
2,2022-03-08,09:45:00,Tuesday,Angle,In Parking Lane or Zone,"Blacktop, Asphalt, Bituminous",No Defects,Daylight,Daylight,"Two-Way, Not Divided",Not Provided,No Adverse Condition (Clear/Cloud),Straight - Level,Not Provided,Yes,Not at Intersection,Not Provided,No Traffic Control,Dry,Intersection Area,Non-Intersection,No Traffic Control Device Present,No,2022,Spring,March,Daytime,9:00am - 11:59am,9,Injury Crash,No,No,No,No,No,No,No,No,Yes,No,No,No,No,Multiple Vehicle Crashes,Chesterfield County,,Urban,37.48882,-77.58697,Non-Interstate,SC-647E (CHESTERFIELD COUNTY),647.0,REAMS RD,0.49,Minor Arterial,Not at Intersection,,No,0,0,No,0,0,0,0,0,0,0,0,0,0,2,c5386777,0,1,0,Severe
2,2024-07-31,17:33:00,Wednesday,Sideswipe - Same Direction,On Roadway,"Blacktop, Asphalt, Bituminous",No Defects,Daylight,Daylight,"Two-Way, Not Divided",Not Provided,No Adverse Condition (Clear/Cloud),Straight - Level,Not Provided,No,Not at Intersection,Not Provided,Traffic Lanes Marked,Dry,Intersection Area,Non-Intersection,Yes - Working,No,2024,Summer,July,Daytime,3:00pm - 5:59pm,17,Property Damage Crash,No,No,No,No,No,No,No,No,No,No,No,No,No,Multiple Vehicle Crashes,Harrisonburg City,,Urban,38.42376,-78.89039,Non-Interstate,US-11S,11.0,MAIN ST,260.78,Minor Arterial,Not at Intersection,,No,0,0,No,0,0,0,0,0,0,0,0,0,0,0,c0972375,0,0,1,Minor
2,2023-08-06,09:20:00,Sunday,Rear End,On Roadway,"Blacktop, Asphalt, Bituminous",No Defects,Daylight,Daylight,"Two-Way, Divided, Unprotected Median",Not Provided,No Adverse Condition (Clear/Cloud),Straight - Level,Not Provided,No,Four Approaches,Not Provided,Traffic Signal,Dry,Intersection Area,Within Intersection,Yes - Working,No,2023,Summer,August,Daytime,9:00am - 11:59am,9,Property Damage Crash,No,No,No,No,No,No,No,No,No,No,No,No,No,Multiple Vehicle Crashes,Fairfax City,,Urban,38.86402,-77.28115,Non-Interstate,US-29S,29.0,FAIRFAX BLVD,236.91,Other Principal Arterial,At Intersection,DRAPER DR,No,0,0,No,0,0,0,0,0,0,0,0,0,0,0,c5921163,0,0,1,Minor
2,2022-07-29,11:24:00,Friday,Rear End,On Roadway,"Blacktop, Asphalt, Bituminous",No Defects,Daylight,Daylight,"Two-Way, Divided, Positive Median Barrier",Not Provided,No Adverse Condition (Clear/Cloud),Straight - Level,Not Provided,No,Not at Intersection,Not Provided,Highway Safety Corridor,Dry,Intersection Area,Non-Intersection,Yes - Working,No,2022,Summer,July,Daytime,9:00am - 11:59am,11,Injury Crash,No,Yes,No,No,No,No,No,No,No,No,No,No,No,Multiple Vehicle Crashes,Prince William County,,Urban,38.64085,-77.28789,Interstate,I-95N,95.0,I-95,157.79,Interstate,Not at Intersection,,No,0,0,No,0,0,0,0,0,0,0,0,0,0,2,c0384101,0,1,0,Severe
2,2022-09-20,08:11:00,Tuesday,Angle,On Roadway,"Blacktop, Asphalt, Bituminous",No Defects,Daylight,Daylight,"Two-Way, Divided, Unprotected Median",Not Provided,No Adverse Condition (Clear/Cloud),Straight - Level,Not Provided,No,Not at Intersection,Not Provided,Stop Sign,Dry,Interchange Area,Main-Line Roadway,Yes - Working,No,2022,Autumn,September,Daytime,6:00am - 8:59am,8,Property Damage Crash,No,No,No,No,No,No,No,No,No,No,No,No,No,Multiple Vehicle Crashes,Stafford County,,Urban,38.3441,-77.49715,Non-Interstate,US-17N,17.0,WARRENTON RD,182.52,Other Principal Arterial,At Intersection,JONES LN,No,0,0,No,0,0,0,0,0,0,0,0,0,0,0,c7605340,0,0,1,Minor
1,2024-01-04,14:00:00,Thursday,Fixed Object - Off Road,Roadside,"Blacktop, Asphalt, Bituminous",No Defects,Daylight,Daylight,"Two-Way, Not Divided",Not Provided,No Adverse Condition (Clear/Cloud),Straight - Level,Not Provided,No,Four Approaches,Not Provided,Traffic Lanes Marked,Dry,Intersection,Intersection Related - Outside 150 Feet,Yes - Working,No,2024,Winter,January,Daytime,Noon - 2:59pm,14,Property Damage Crash,No,Yes,No,No,No,No,No,No,No,No,No,No,No,Single Vehicle Crashes,Bedford County,,Urban,37.38535,-79.24295,Non-Interstate,,221.0,FOREST RD,,Minor Arterial,At Intersection,COTTONTOWN RD,Yes,0,0,No,0,0,0,0,0,0,0,0,0,0,0,c6976076,0,0,1,Minor
4,2022-07-17,00:42:00,Sunday,Sideswipe - Same Direction,In Parking Lane or Zone,"Blacktop, Asphalt, Bituminous",No Defects,Darkness,Darkness - Road Lighted,"One-Way, Not Divided",Not Provided,No Adverse Condition (Clear/Cloud),Straight - Level,Not Provided,No,Not at Intersection,Not Provided,Traffic Lanes Marked,Dry,Interchange Area,Main-Line Roadway,Yes - Working,No,2022,Summer,July,Nighttime,Midnight - 2:59am,0,Injury Crash,Yes,Yes,No,No,No,No,No,No,No,No,Yes,No,No,Multiple Vehicle Crashes,Bristol City,,Urban,36.60347,-82.18972,Non-Interstate,US-11N,11.0,EUCLID AVE,1.26,Minor Arterial,Not at Intersection,,No,0,0,No,0,0,0,0,0,0,0,1,1,0,2,c1169566,0,1,0,Severe
2,2022-02-06,12:10:00,Sunday,Angle,On Roadway,"Blacktop, Asphalt, Bituminous",No Defects,Daylight,Daylight,"Two-Way, Not Divided",Not Provided,No Adverse Condition (Clear/Cloud),Straight - Level,Not Provided,No,Three Approaches,Not Provided,Traffic Lanes Marked,Dry,Intersection Area,Within Intersection,No Traffic Control Device Present,No,2022,Winter,February,Daytime,Noon - 2:59pm,12,Property Damage Crash,No,No,No,No,No,No,No,No,No,Yes,Yes,No,No,Multiple Vehicle Crashes,Winchester City,,Urban,39.13874,-78.17772,Non-Interstate,UR-5207S (CITY OF WINCHESTER),5207.0,SHAWNEE DR,0.34,Major Collector,At Intersection,JUDY DR,No,0,0,No,0,0,0,0,0,0,0,0,0,0,0,c7344475,0,0,1,Minor
1,2024-10-15,19:21:00,Tuesday,Deer,On Roadway,"Blacktop, Asphalt, Bituminous",No Defects,Darkness,Darkness - Road Not Lighted,"Two-Way, Not Divided",Not Provided,No Adverse Condition (Clear/Cloud),Straight - Level,Not Provided,No,Not at Intersection,Not Provided,No Passing Lines,Dry,Intersection Area,Non-Intersection,Yes - Working,No,2024,Autumn,October,Nighttime,6:00pm - 8:59pm,19,Property Damage Crash,No,No,No,No,No,No,No,No,No,Yes,No,No,No,Single Vehicle Crashes,Halifax County,,Urban,36.73575,-78.88099,Non-Interstate,SC-729E (HALIFAX COUNTY),729.0,BELLEVUE RD,0.67,Major Collector,Not at Intersection,,No,0,0,No,0,0,0,0,0,0,0,0,0,0,0,c7782473,0,0,1,Minor
2,2023-07-24,09:45:00,Monday,Rear End,On Roadway,"Blacktop, Asphalt, Bituminous",No Defects,Daylight,Daylight,"Two-Way, Divided, Unprotected Median",Not Provided,No Adverse Condition (Clear/Cloud),Straight - Level,Not Provided,No,Four Approaches,Not Provided,Traffic Signal,Dry,Intersection Area,Within Intersection,Yes - Working,No,2023,Summer,July,Daytime,9:00am - 11:59am,9,Property Damage Crash,No,No,No,No,No,No,No,No,No,No,No,No,No,Multiple Vehicle Crashes,Norfolk City,,Urban,36.84999,-76.27632,Non-Interstate,VA-337E,337.0,TIDEWATER DR,26.84,Other Principal Arterial,At Intersection,BRAMBLETON AVE,No,0,0,No,0,0,0,0,0,0,0,0,0,0,0,c4360458,0,0,1,Minor
2,2022-12-03,22:23:00,Saturday,Angle,On Roadway,Concrete,No Defects,Darkness,Darkness - Road Lighted,"Two-Way, Not Divided",Not Provided,No Adverse Condition (Clear/Cloud),Straight - Level,Not Provided,No,Not at Intersection,Not Provided,No Traffic Control,Dry,Interchange Area,Main-Line Roadway,No Traffic Control Device Present,No,2022,Winter,December,Nighttime,9:00pm - 11:59pm,22,Property Damage Crash,No,Yes,No,No,No,No,No,No,No,No,Yes,No,No,Multiple Vehicle Crashes,Roanoke City,,Urban,37.27381,-79.92096,,TAZEWELL AVE SE (NP - CITY OF ROANOKE),,TAZEWELL AVE,0.93,,At Intersection,16TH ST,No,0,0,No,0,0,0,0,0,0,0,0,0,0,0,c0933172,0,0,1,Minor
2,2023-10-22,00:42:00,Sunday,Deer,On Roadway,"Blacktop, Asphalt, Bituminous",No Defects,Darkness,Darkness - Road Not Lighted,"Two-Way, Divided, Unprotected Median",Not Provided,No Adverse Condition (Clear/Cloud),Straight - Level,Not Provided,No,Not at Intersection,Not Provided,Traffic Lanes Marked,Dry,Intersection Area,Non-Intersection,Yes - Working,No,2023,Autumn,October,Nighttime,Midnight - 2:59am,0,Property Damage Crash,No,No,No,No,No,No,No,No,No,No,No,No,No,Multiple Vehicle Crashes,Isle of Wight County,,Urban,36.97085,-76.57739,Non-Interstate,SC-669N (ISLE OF WIGHT COUNTY),669.0,NIKE PARK RD,3.72,Major Collector,Not at Intersection,,No,0,0,No,0,0,0,0,0,0,0,0,0,0,0,c8793709,0,0,1,Minor
2,2024-03-13,14:40:00,Wednesday,Angle,On Roadway,"Blacktop, Asphalt, Bituminous",No Defects,Daylight,Daylight,"Two-Way, Not Divided",Not Provided,No Adverse Condition (Clear/Cloud),Straight - Level,Not Provided,No,Four Approaches,Not Provided,Stop Sign,Dry,Intersection Area,Within Intersection,Yes - Working,No,2024,Spring,March,Daytime,Noon - 2:59pm,14,Injury Crash,No,No,No,No,No,No,No,No,No,No,No,No,No,Multiple Vehicle Crashes,Norfolk City,,Urban,36.86824,-76.2922,Non-Interstate,UR-8565S (CITY OF NORFOLK),0.0,COLONIAL AVE,0.68,Major Collector,At Intersection,20TH ST,No,0,0,No,0,0,0,0,0,0,0,0,0,0,2,c4748402,0,1,0,Severe
1,2022-03-17,11:10:00,Thursday,Fixed Object - Off Road,Roadside,"Blacktop, Asphalt, Bituminous",No Defects,Daylight,Daylight,"Two-Way, Divided, Unprotected Median",Not Provided,Rain,Grade - Straight,Not Provided,No,Not at Intersection,Not Provided,Traffic Lanes Marked,Wet,Intersection Area,Non-Intersection,Yes - Working,No,2022,Spring,March,Daytime,9:00am - 11:59am,11,Injury Crash,No,Yes,No,No,No,No,No,No,No,No,No,No,No,Single Vehicle Crashes,Nottoway County,,Urban,37.19655,-78.17789,Non-Interstate,US-360W,360.0,PATRICK HENRY HWY HWY,88.9,Other Principal Arterial,Not at Intersection,,No,0,0,No,0,0,0,0,0,0,0,0,1,0,1,c2453077,0,0,1,Minor
1,2023-10-10,12:55:00,Tuesday,Fixed Object - Off Road,Gore,"Blacktop, Asphalt, Bituminous",No Defects,Daylight,Daylight,"Two-Way, Divided, Positive Median Barrier",Not Provided,No Adverse Condition (Clear/Cloud),On/Off Ramp,Not Provided,No,Not at Intersection,Not Provided,Traffic Lanes Marked,Dry,Interchange Area,On Entrance/Exit Ramp,Yes - Working,No,2023,Autumn,October,Daytime,Noon - 2:59pm,12,Injury Crash,No,Yes,No,No,No,No,No,No,No,No,No,No,No,Single Vehicle Crashes,Bland County,,Rural,37.08631,-81.12637,Interstate,I-77N,77.0,I-77,52.0,Interstate,Not at Intersection,,No,0,0,No,0,0,0,0,0,0,0,0,0,0,1,c9139627,0,0,1,Minor
2,2023-03-20,07:07:00,Monday,Rear End,On Roadway,"Blacktop, Asphalt, Bituminous",No Defects,Dawn,Dawn,"Two-Way, Divided, Positive Median Barrier",Not Provided,No Adverse Condition (Clear/Cloud),Straight - Level,Not Provided,No,Three Approaches,Not Provided,Traffic Signal,Dry,Intersection Area,Intersection Related - Within 150 Feet,Yes - Working,No,2023,Spring,March,Daytime,6:00am - 8:59am,7,Property Damage Crash,No,No,No,No,No,No,No,No,No,No,No,No,No,Multiple Vehicle Crashes,Norfolk City,,Urban,36.87005,-76.28032,Non-Interstate,VA-247E,247.0,26TH ST,1.3,Minor Arterial,At Intersection,CHURCH ST,No,0,0,No,0,0,0,0,0,0,0,0,0,0,0,c7922360,0,0,1,Minor
2,2022-09-04,02:20:00,Sunday,Angle,On Roadway,"Blacktop, Asphalt, Bituminous",No Defects,Darkness,Darkness - Road Lighted,"One-Way, Not Divided",Not Provided,No Adverse Condition (Clear/Cloud),Straight - Level,Not Provided,No,Two Approaches,Not Provided,Traffic Signal,Dry,Interchange Area,Main-Line Roadway,Yes - Working,No,2022,Autumn,September,Nighttime,Midnight - 2:59am,2,Property Damage Crash,No,No,No,No,No,No,No,No,No,No,No,No,No,Multiple Vehicle Crashes,Richmond City,,Urban,37.53844,-77.43894,Non-Interstate,VA-147E,147.0,CARY ST,12.99,Minor Arterial,At Intersection,7TH ST,No,0,0,No,0,0,0,0,0,0,0,0,0,0,0,c2034728,0,0,1,Minor
2,2024-07-11,20:35:00,Thursday,Rear End,On Roadway,"Blacktop, Asphalt, Bituminous",No Defects,Darkness,Darkness - Road Lighted,"Two-Way, Divided, Positive Median Barrier",Not Provided,Rain,Straight - Level,Not Provided,No,Not at Intersection,Not Provided,Traffic Lanes Marked,Wet,Intersection Area,Non-Intersection,Yes - Working,No,2024,Summer,July,Nighttime,6:00pm - 8:59pm,20,Property Damage Crash,No,Yes,No,No,No,No,No,No,No,No,No,No,No,Multiple Vehicle Crashes,Newport News City,,Urban,37.10229,-76.46931,Interstate,I-64E,64.0,I-64,257.85,Interstate,Not at Intersection,,No,0,0,No,0,0,0,0,0,0,0,0,0,0,0,c0766900,0,0,1,Minor
2,2024-08-11,12:47:00,Sunday,Angle,On Roadway,"Blacktop, Asphalt, Bituminous",No Defects,Daylight,Daylight,"Two-Way, Divided, Positive Median Barrier",Not Provided,No Adverse Condition (Clear/Cloud),Straight - Level,Not Provided,No,Not at Intersection,Not Provided,Stop Sign,Dry,Other Location,"Driveway, Alley-Access - Related",Yes - Working,No,2024,Summer,August,Daytime,Noon - 2:59pm,12,Injury Crash,No,No,No,No,No,No,No,No,No,No,No,No,No,Multiple Vehicle Crashes,Lynchburg City,,Urban,37.35254,-79.18368,Non-Interstate,BUS US-29N (5 CITY OF LYNCHBURG),29.0,WARDS RD,1.13,Other Principal Arterial,Not at Intersection,,Yes,0,1,No,0,0,0,0,0,0,0,0,0,0,1,c3780473,0,0,1,Minor
2,2023-06-09,12:08:00,Friday,Angle,On Roadway,"Blacktop, Asphalt, Bituminous",No Defects,Daylight,Daylight,"Two-Way, Divided, Unprotected Median",Not Provided,No Adverse Condition (Clear/Cloud),Straight - Level,Not Provided,No,Not at Intersection,Not Provided,Traffic Lanes Marked,Dry,Other Location,"Driveway, Alley-Access - Related",Yes - Working,No,2023,Summer,June,Daytime,Noon - 2:59pm,12,Injury Crash,No,No,No,No,No,No,No,No,No,No,No,No,No,Multiple Vehicle Crashes,Newport News City,,Urban,37.09792,-76.45953,Non-Interstate,OLD OYSTER PT RD (PR - CITY OF NEWPORT NEWS),,OLD OYSTER POINT RD,1.51,Major Collector,At Intersection,J CLYDE MORRIS BLVD,No,0,0,No,0,0,0,0,0,0,0,0,0,0,1,c8146606,0,0,1,Minor
2,2022-03-07,18:20:00,Monday,Angle,On Roadway,"Blacktop, Asphalt, Bituminous",No Defects,Dusk,Dusk,"Two-Way, Divided, Positive Median Barrier",Not Provided,No Adverse Condition (Clear/Cloud),Straight - Level,Not Provided,No,Four Approaches,Not Provided,Traffic Signal,Dry,Intersection Area,Intersection Related - Within 150 Feet,Yes - Working,No,2022,Spring,March,Nighttime,6:00pm - 8:59pm,18,Property Damage Crash,No,No,No,No,No,No,No,No,No,No,No,No,No,Multiple Vehicle Crashes,Fairfax County,,Urban,38.74167,-77.08599,Non-Interstate,US-1N,1.0,RICHMOND HWY,187.3,Other Principal Arterial,Not at Intersection,,No,0,0,No,0,0,0,0,0,0,0,0,0,0,0,c3345518,0,0,1,Minor
2,2024-11-30,19:53:00,Saturday,Rear End,On Roadway,"Blacktop, Asphalt, Bituminous",No Defects,Darkness,Darkness - Road Not Lighted,"Two-Way, Not Divided",Not Provided,No Adverse Condition (Clear/Cloud),Hillcrest - Straight,Not Provided,No,Not at Intersection,Not Provided,Traffic Lanes Marked,Dry,Interchange Area,Main-Line Roadway,Yes - Working,No,2024,Autumn,November,Nighttime,6:00pm - 8:59pm,19,Injury Crash,No,Yes,No,No,No,No,No,No,No,No,No,No,No,Multiple Vehicle Crashes,Bedford County,Bedford,Urban,37.35891,-79.50142,Non-Interstate,VA-122N,122.0,BIG ISLAND HWAY,38.31,Minor Arterial,Not at Intersection,,No,0,0,No,0,0,0,0,0,0,0,0,0,0,2,c8647552,0,1,0,Severe
2,2024-03-07,17:30:00,Thursday,Rear End,On Roadway,"Blacktop, Asphalt, Bituminous",No Defects,Daylight,Daylight,"Two-Way, Divided, Unprotected Median",Not Provided,No Adverse Condition (Clear/Cloud),Straight - Level,Not Provided,No,Not at Intersection,Not Provided,Traffic Signal,Dry,Interchange Area,Main-Line Roadway,Yes - Working,No,2024,Spring,March,Daytime,3:00pm - 5:59pm,17,Injury Crash,No,No,No,No,No,No,No,No,No,No,No,No,No,Multiple Vehicle Crashes,Suffolk City,,Urban,36.74275,-76.55097,Non-Interstate,BUS US-58E (5 CITY OF SUFFOLK),58.0,PORTSMOUTH BLVD,4.83,Other Principal Arterial,Not at Intersection,,No,0,0,No,0,0,0,0,0,0,0,0,0,0,1,c7647510,0,0,1,Minor
2,2024-09-08,17:13:00,Sunday,Angle,On Roadway,"Blacktop, Asphalt, Bituminous",No Defects,Daylight,Daylight,"Two-Way, Not Divided",Not Provided,No Adverse Condition (Clear/Cloud),Curve - Level,Not Provided,No,Not at Intersection,Not Provided,Traffic Lanes Marked,Dry,Interchange Area,Main-Line Roadway,Yes - Working,No,2024,Autumn,September,Daytime,3:00pm - 5:59pm,17,Injury Crash,No,No,No,No,No,No,No,No,No,No,No,No,No,Multiple Vehicle Crashes,Fairfax County,,Urban,38.79101,-77.39747,Non-Interstate,SC-658E (FAIRFAX COUNTY),658.0,COMPTON RD,6.43,Major Collector,At Intersection,CLIFTON FOREST DR,No,0,0,No,0,0,0,0,0,0,0,0,0,0,1,c7627277,0,0,1,Minor
2,2024-02-08,16:24:00,Thursday,Non-Collision,On Roadway,"Blacktop, Asphalt, Bituminous",No Defects,Daylight,Daylight,"Two-Way, Divided, Positive Median Barrier",Not Provided,No Adverse Condition (Clear/Cloud),Straight - Level,Not Provided,No,Not at Intersection,Not Provided,Traffic Lanes Marked,Dry,Intersection Area,Non-Intersection,Yes - Working,No,2024,Winter,February,Daytime,3:00pm - 5:59pm,16,Property Damage Crash,No,No,No,No,No,No,No,No,No,No,No,No,No,Multiple Vehicle Crashes,Fairfax County,,Urban,38.86089,-77.43689,Non-Interstate,VA-28N,28.0,SULLY RD,31.76,Other Principal Arterial,Not at Intersection,,No,0,0,No,0,0,0,0,0,0,0,0,0,0,0,c3531753,0,0,1,Minor
2,2023-11-21,18:02:00,Tuesday,Angle,On Roadway,"Blacktop, Asphalt, Bituminous",No Defects,Darkness,Darkness - Road Lighted,"Two-Way, Divided, Unprotected Median",Not Provided,Rain,Straight - Level,Not Provided,No,Not at Intersection,Not Provided,Traffic Lanes Marked,Wet,Intersection Area,Non-Intersection,Yes - Working,No,2023,Autumn,November,Nighttime,6:00pm - 8:59pm,18,Property Damage Crash,No,No,No,No,No,No,No,No,No,No,No,No,No,Multiple Vehicle Crashes,Fauquier County,Warrenton,Urban,38.72885,-77.80148,Non-Interstate,BUS US-17S (6 TOWN OF WARRENTON),17.0,BROADVIEW AVE,3.54,Other Principal Arterial,Not at Intersection,,No,0,0,No,0,0,0,0,0,0,0,0,0,0,0,c3420233,0,0,1,Minor
2,2022-10-23,12:00:00,Sunday,Rear End,On Roadway,"Blacktop, Asphalt, Bituminous",No Defects,Daylight,Daylight,"Two-Way, Not Divided",Not Provided,No Adverse Condition (Clear/Cloud),Straight - Level,Not Provided,No,Three Approaches,Not Provided,Traffic Lanes Marked,Dry,Intersection Area,Within Intersection,Yes - Working,No,2022,Autumn,October,Daytime,Noon - 2:59pm,12,Property Damage Crash,No,No,No,No,No,No,No,No,No,Yes,No,No,No,Multiple Vehicle Crashes,Rockingham County,,Rural,38.34218,-78.82339,Non-Interstate,VA-253E,253.0,PORT REPUBLIC RD,7.61,Minor Arterial,At Intersection,TRIMBLE RD,No,0,0,No,0,0,0,0,0,0,0,0,0,0,0,c7152171,0,0,1,Minor
2,2023-06-28,18:33:00,Wednesday,Angle,On Roadway,"Blacktop, Asphalt, Bituminous",No Defects,Daylight,Daylight,"Two-Way, Not Divided",Not Provided,No Adverse Condition (Clear/Cloud),Straight - Level,Not Provided,No,Four Approaches,Not Provided,Stop Sign,Dry,Intersection Area,Within Intersection,Yes - Working,No,2023,Summer,June,Nighttime,6:00pm - 8:59pm,18,Property Damage Crash,No,Yes,No,No,No,No,No,No,No,Yes,No,No,No,Multiple Vehicle Crashes,Spotsylvania County,,Urban,38.23032,-77.52381,Non-Interstate,SC-1290N (SPOTSYLVANIA COUNTY),1290.0,GALAXIE DR,0.26,Local,At Intersection,BOWEN DR,No,0,0,No,0,0,0,0,0,0,0,0,0,0,0,c4836684,0,0,1,Minor
2,2023-04-22,19:44:00,Saturday,Angle,On Roadway,"Blacktop, Asphalt, Bituminous",No Defects,Dusk,Dusk,"Two-Way, Not Divided",Not Provided,Rain,Straight - Level,Not Provided,No,Four Approaches,Not Provided,Stop Sign,Wet,Intersection Area,Within Intersection,Yes - Working,No,2023,Spring,April,Nighttime,6:00pm - 8:59pm,19,Injury Crash,No,No,No,No,No,No,No,No,No,Yes,No,No,No,Multiple Vehicle Crashes,Hopewell City,,Urban,37.27806,-77.30744,Non-Interstate,VIRGINIA ST (NP - CITY OF HOPEWELL),,VIRGINIA ST,0.44,Local,At Intersection,BLACKSTONE AVE,No,0,0,No,0,0,0,0,0,0,0,0,0,0,1,c0952420,0,0,1,Minor
4,2022-07-20,10:55:00,Wednesday,Rear End,On Roadway,"Blacktop, Asphalt, Bituminous",No Defects,Daylight,Daylight,"Two-Way, Divided, Unprotected Median",Not Provided,No Adverse Condition (Clear/Cloud),Straight - Level,Not Provided,No,Not at Intersection,Not Provided,Traffic Lanes Marked,Dry,Intersection Area,Non-Intersection,Yes - Working,No,2022,Summer,July,Daytime,9:00am - 11:59am,10,Injury Crash,No,No,No,No,No,No,No,No,No,No,No,No,No,Multiple Vehicle Crashes,New Kent County,,Rural,37.48331,-76.93712,Interstate,I-64W,64.0,I-64,219.76,Interstate,Not at Intersection,,Yes,0,1,No,0,0,0,0,0,0,0,0,0,0,2,c0258751,0,1,0,Severe
2,2022-01-11,13:50:00,Tuesday,Rear End,On Roadway,"Blacktop, Asphalt, Bituminous",No Defects,Daylight,Daylight,"Two-Way, Divided, Positive Median Barrier",Not Provided,No Adverse Condition (Clear/Cloud),Straight - Level,Not Provided,No,Not at Intersection,Not Provided,No Traffic Control,Dry,Interchange Area,Main-Line Roadway,No Traffic Control Device Present,No,2022,Winter,January,Daytime,Noon - 2:59pm,13,Property Damage Crash,No,No,No,No,No,No,No,No,No,No,No,No,No,Multiple Vehicle Crashes,Fairfax County,,Urban,38.88026,-77.30222,Non-Interstate,VA-123S,123.0,CHAIN BRIDGE RD,17.46,Other Principal Arterial,At Intersection,MILLER RD,No,0,0,No,0,0,0,0,0,0,0,0,0,0,0,c0975478,0,0,1,Minor
2,2024-11-06,14:53:00,Wednesday,Sideswipe - Same Direction,On Roadway,"Blacktop, Asphalt, Bituminous",No Defects,Daylight,Daylight,"Two-Way, Divided, Positive Median Barrier",Not Provided,No Adverse Condition (Clear/Cloud),Straight - Level,Not Provided,No,Not at Intersection,Not Provided,Traffic Lanes Marked,Dry,Intersection Area,Non-Intersection,Yes - Working,No,2024,Autumn,November,Daytime,Noon - 2:59pm,14,Property Damage Crash,No,No,No,No,No,No,No,No,No,No,No,No,No,Multiple Vehicle Crashes,Hampton City,,Urban,37.0488,-76.4035,Interstate,I-64W,64.0,I-64,263.03,Interstate,Not at Intersection,,No,0,0,No,0,0,0,0,0,0,0,0,0,0,0,c0152392,0,0,1,Minor