NumberOfVehicles,CrashDate,CrashTime,DayOfWeek,TypeOfCollision,LocationOfFirstHarmfulEvent,RoadwaySurfaceType,RoadwayDefect,LightCondition_Category,LightCondition_Value,RoadwayDescription,WorkZoneLocation,WeatherCondition,RoadwayAlignment,WorkZoneWorkersPresent,SchoolZone,IntersectionType,WorkZoneType,TrafficControlType,RoadwaySurfaceCondition,RelationToRoadway_Category,RelationToRoadway_Value,TrafficControlMechanicalDevice,WorkZoneRelated,Year,Meteorological Season,MonthName,DaytimeNighttime_NHTSA,ThreeHourLabel,Hour,CrashType,AlcoholInvolved,SpeedRelated,CommercialMotorVehiclesInvolved,PedestrianInvolved,BicycleInvolved,MotorcycleInvolved,MopedInvolved,TrainRelated,SchoolZoneInvolved,TeenDriverInvolved,DistractedDriverInvolved,DriverTextingInvolved,DriverUsingCellPhone,Single_Multi_Vehicle,Jurisdiction,TownName,LocationTypeName,Latitude,Longitude,Interstate_NonInterstate,RoadName,RouteNumber,RouteName,MileMarker,FunctionalClassCode,AtIntersection,SecondaryLocation,MatureDriverInvolved,MatureDriverFatalities,MatureDriverInjuries,LargeTruckInvolved,PedestrianFatalities,PedestrianInjuries,MotorcycleFatalities,MotorcycleInjuries,BicycleFatalities,BicycleInjuries,DistractedDriverFatalities,DistractedDriverInjuries,UnrestrainedInjuries,Number_Of_Fatalities,Number_Of_Injuries,Crash_UID,Is_Fatal,Is_Severe,Is_Minor,SeverityLabel
1,2022-08-21,04:20:00,Sunday,Fixed Object - Off Road,Roadside,"Blacktop, Asphalt, Bituminous",No Defects,Darkness,Darkness - Road Not Lighted,"Two-Way, Divided, Positive Median Barrier",Not Provided,No Adverse Condition (Clear/Cloud),Grade - Straight,Not Provided,No,Not at Intersection,Not Provided,Traffic Lanes Marked,Dry,Intersection Area,Non-Intersection,Yes - Working,No,2022,Summer,August,Nighttime,3:00am - 5:59am,4,Injury Crash,No,No,No,No,No,No,No,No,No,No,Yes,No,No,Single Vehicle Crashes,Augusta County,,Rural,38.29264,-78.93168,Interstate,I-81N,81.0,I-81,236.09,Interstate,Not at Intersection,,No,0,0,No,0,0,0,0,0,0,0,0,0,0,1,c1836532,0,0,1,Minor
1,2024-12-31,16:19:00,Tuesday,Fixed Object - Off Road,Median,"Blacktop, Asphalt, Bituminous",No Defects,Daylight,Daylight,"Two-Way, Divided, Positive Median Barrier",Not Provided,No Adverse Condition (Clear/Cloud),Straight - Level,Not Provided,No,Not at Intersection,Not Provided,Traffic Lanes Marked,Dry,Intersection Area,Non-Intersection,Yes - Working,No,2024,Winter,December,Daytime,3:00pm - 5:59pm,16,Property Damage Crash,No,No,No,No,No,No,No,No,No,No,No,No,No,Single Vehicle Crashes,Wythe County,,Rural,37.01322,-81.10578,Interstate,I-77S,77.0,I-77,45.66,Interstate,Not at Intersection,,No,0,0,No,0,0,0,0,0,0,0,0,0,0,0,c7426998,0,0,1,Minor
2,2022-09-26,15:00:00,Monday,Rear End,On Roadway,"Blacktop, Asphalt, Bituminous",No Defects,Daylight,Daylight,"Two-Way, Not Divided",Not Provided,No Adverse Condition (Clear/Cloud),Grade - Straight,Not Provided,No,Three Approaches,Not Provided,Traffic Signal,Dry,Intersection Area,Intersection Related - Within 150 Feet,Yes - Working,No,2022,Autumn,September,Daytime,3:00pm - 5:59pm,15,Property Damage Crash,No,No,No,No,No,No,No,No,No,No,Yes,No,No,Multiple Vehicle Crashes,Prince William County,,Urban,38.65702,-77.34196,Non-Interstate,SC-1954W (PRINCE WILLIAM COUNTY),1954.0,HILLENDALE DR,0.08,Major Collector,At Intersection,DALE BLVD,No,0,0,No,0,0,0,0,0,0,0,0,0,0,0,c0322260,0,0,1,Minor
1,2022-10-28,22:15:00,Friday,Deer,On Roadway,"Blacktop, Asphalt, Bituminous",No Defects,Darkness,Darkness - Road Not Lighted,"Two-Way, Divided, Unprotected Median",Not Provided,No Adverse Condition (Clear/Cloud),Straight - Level,Not Provided,No,Not at Intersection,Not Provided,Traffic Lanes Marked,Dry,Intersection Area,Non-Intersection,Yes - Working,No,2022,Autumn,October,Nighttime,9:00pm - 11:59pm,22,Property Damage Crash,No,No,No,No,No,No,No,No,No,No,No,No,No,Single Vehicle Crashes,Powhatan County,,Rural,37.56068,-78.05227,Non-Interstate,US-60W,60.0,ANDERSON HWY,153.94,Minor Arterial,Not at Intersection,,No,0,0,No,0,0,0,0,0,0,0,0,0,0,0,c4526662,0,0,1,Minor
2,2024-09-18,06:56:00,Wednesday,Angle,On Roadway,"Blacktop, Asphalt, Bituminous",No Defects,Daylight,Daylight,"Two-Way, Not Divided",Not Provided,Rain,Curve - Level,Not Provided,No,Not at Intersection,Not Provided,No Traffic Control,Wet,Interchange Area,Main-Line Roadway,No Traffic Control Device Present,No,2024,Autumn,September,Daytime,6:00am - 8:59am,6,Property Damage Crash,No,No,No,No,No,No,No,No,No,No,No,No,No,Multiple Vehicle Crashes,Va. Beach City,,Urban,36.75852,-76.14125,Non-Interstate,UR-8805E (CITY OF VIRGINIA BEACH),0.0,ELBOW RD,0.1,Minor Arterial,Not at Intersection,,Yes,0,0,No,0,0,0,0,0,0,0,0,0,0,0,c5715221,0,0,1,Minor
3,2024-11-22,11:45:00,Friday,Rear End,On Roadway,"Blacktop, Asphalt, Bituminous",No Defects,Daylight,Daylight,"Two-Way, Divided, Positive Median Barrier",Activity Area,Rain,Straight - Level,With No Law Enforcement,No,Not at Intersection,Work on Shoulder or Median,Traffic Lanes Marked,Wet,Intersection Area,Non-Intersection,Yes - Working,Yes,2024,Autumn,November,Daytime,9:00am - 11:59am,11,Property Damage Crash,No,No,No,No,No,No,No,No,No,No,No,No,No,Multiple Vehicle Crashes,Fairfax County,,Urban,38.86819,-77.31016,Interstate,I-66E,66.0,I-66,59.86,Interstate,Not at Intersection,,No,0,0,No,0,0,0,0,0,0,0,0,0,0,0,c8656300,0,0,1,Minor
2,2022-12-22,19:26:00,Thursday,Angle,On Roadway,"Blacktop, Asphalt, Bituminous",No Defects,Darkness,Darkness - Road Lighted,"Two-Way, Divided, Unprotected Median",Not Provided,Rain,Straight - Level,Not Provided,No,Not at Intersection,Not Provided,Traffic Lanes Marked,Wet,Interchange Area,Main-Line Roadway,Yes - Working,No,2022,Winter,December,Nighttime,6:00pm - 8:59pm,19,Property Damage Crash,No,No,No,No,No,No,No,No,No,No,No,No,No,Multiple Vehicle Crashes,Norfolk City,,Urban,36.89546,-76.21643,Non-Interstate,VA-192S,192.0,AZALEA GARDEN RD,0.42,Minor Arterial,Not at Intersection,,No,0,0,No,0,0,0,0,0,0,0,0,0,0,0,c5548584,0,0,1,Minor
2,2022-05-17,16:00:00,Tuesday,Angle,On Roadway,"Blacktop, Asphalt, Bituminous",No Defects,Daylight,Daylight,"Two-Way, Divided, Unprotected Median",Not Provided,No Adverse Condition (Clear/Cloud),Straight - Level,Not Provided,No,Four Approaches,Not Provided,Traffic Signal,Dry,Intersection Area,Within Intersection,Yes - Working,No,2022,Spring,May,Daytime,3:00pm - 5:59pm,16,Property Damage Crash,No,No,No,No,No,No,No,No,No,No,No,No,No,Multiple Vehicle Crashes,Richmond City,,Urban,37.55385,-77.47489,Non-Interstate,VA-161N,161.0,ARTHUR ASHE BLVD,8.7,Other Principal Arterial,At Intersection,FLOYD AVE,No,0,0,No,0,0,0,0,0,0,0,0,0,0,0,c4334400,0,0,1,Minor
2,2024-05-08,16:04:00,Wednesday,Rear End,On Roadway,"Blacktop, Asphalt, Bituminous",No Defects,Daylight,Daylight,"Two-Way, Divided, Unprotected Median",Not Provided,No Adverse Condition (Clear/Cloud),Straight - Level,Not Provided,No,Not at Intersection,Not Provided,Traffic Signal,Dry,Intersection Area,Intersection Related - Within 150 Feet,Yes - Working,No,2024,Spring,May,Daytime,3:00pm - 5:59pm,16,Injury Crash,No,No,No,No,No,No,No,No,No,Yes,No,No,No,Multiple Vehicle Crashes,Colonial Heights City,,Urban,37.25875,-77.41136,Non-Interstate,US-1S,1.0,BLVD,73.16,Other Principal Arterial,At Intersection,TEMPLE AVE,No,0,0,No,0,0,0,0,0,0,0,0,0,0,1,c1061048,0,0,1,Minor
2,2022-11-27,10:15:00,Sunday,Rear End,On Roadway,"Blacktop, Asphalt, Bituminous",No Defects,Daylight,Daylight,"Two-Way, Not Divided",Not Provided,Mist,Straight - Level,Not Provided,No,Not at Intersection,Not Provided,Traffic Lanes Marked,Wet,Intersection Area,Non-Intersection,Yes - Working,No,2022,Autumn,November,Daytime,9:00am - 11:59am,10,Property Damage Crash,No,No,No,No,No,No,No,No,No,No,Yes,No,No,Multiple Vehicle Crashes,Botetourt County,,Urban,37.78492,-79.77974,Non-Interstate,US-220N,220.0,BOTETOURT RD,108.47,Other Principal Arterial,At Intersection,FORK VIEW RD,Yes,0,0,No,0,0,0,0,0,0,0,0,0,0,0,c3806624,0,0,1,Minor
1,2022-03-25,21:53:00,Friday,Fixed Object - Off Road,Roadside,"Blacktop, Asphalt, Bituminous",No Defects,Darkness,Darkness - Road Not Lighted,"Two-Way, Divided, Positive Median Barrier",Not Provided,No Adverse Condition (Clear/Cloud),Curve - Level,Not Provided,No,Not at Intersection,Not Provided,Traffic Lanes Marked,Dry,Interchange Area,On Entrance/Exit Ramp,Yes - Working,No,2022,Spring,March,Nighttime,9:00pm - 11:59pm,21,Injury Crash,No,Yes,No,No,No,No,No,No,No,No,Yes,No,No,Single Vehicle Crashes,Henrico County,,Rural,37.50586,-77.27681,Interstate,I-295N,295.0,I-295,27.8,Interstate,Not at Intersection,,No,0,0,No,0,0,0,0,0,0,0,1,0,0,1,c7558039,0,0,1,Minor
1,2023-04-01,22:51:00,Saturday,Fixed Object in Road,On Roadway,"Blacktop, Asphalt, Bituminous",No Defects,Darkness,Darkness - Road Not Lighted,"Two-Way, Not Divided",Not Provided,No Adverse Condition (Clear/Cloud),Straight - Level,Not Provided,No,Not at Intersection,Not Provided,No Traffic Control,Dry,Intersection Area,Non-Intersection,No Traffic Control Device Present,No,2023,Spring,April,Nighttime,9:00pm - 11:59pm,22,Property Damage Crash,No,No,No,No,No,No,No,No,No,No,No,No,No,Single Vehicle Crashes,King William County,,Rural,37.6602,-77.06878,Non-Interstate,SC-629S (KING WILLIAM COUNTY),629.0,JACKS CREEK RD,1.91,Minor Collector,At Intersection,SWEET AIR LN,No,0,0,No,0,0,0,0,0,0,0,0,0,0,0,c6823172,0,0,1,Minor
2,2022-10-22,17:42:00,Saturday,Rear End,On Roadway,"Blacktop, Asphalt, Bituminous",No Defects,Daylight,Daylight,"Two-Way, Divided, Positive Median Barrier",Not Provided,No Adverse Condition (Clear/Cloud),Grade - Straight,Not Provided,No,Not at Intersection,Not Provided,Traffic Lanes Marked,Dry,Intersection Area,Non-Intersection,Yes - Working,No,2022,Autumn,October,Daytime,3:00pm - 5:59pm,17,Property Damage Crash,No,No,No,No,No,No,No,No,No,No,No,No,No,Multiple Vehicle Crashes,Prince William County,,Urban,38.66012,-77.27728,Interstate,I-95N,95.0,I-95,159.26,Interstate,Not at Intersection,,No,0,0,No,0,0,0,0,0,0,0,0,0,0,0,c3467941,0,0,1,Minor
1,2024-07-21,01:30:00,Sunday,Fixed Object - Off Road,Roadside,"Blacktop, Asphalt, Bituminous",No Defects,Darkness,Darkness - Road Not Lighted,"Two-Way, Not Divided",Not Provided,No Adverse Condition (Clear/Cloud),Straight - Level,Not Provided,No,Not at Intersection,Not Provided,No Traffic Control,Dry,Intersection Area,Non-Intersection,No Traffic Control Device Present,No,2024,Summer,July,Nighttime,Midnight - 2:59am,1,Property Damage Crash,No,No,No,No,No,No,No,No,No,No,No,No,No,Single Vehicle Crashes,Mecklenburg County,,Rural,36.78589,-78.17205,Non-Interstate,SC-636S (MECKLENBURG COUNTY),636.0,BRIDGE RD,0.77,Local,Not at Intersection,,No,0,0,No,0,0,0,0,0,0,0,0,0,0,0,c6110362,0,0,1,Minor
4,2023-08-04,20:43:00,Friday,Angle,On Roadway,"Blacktop, Asphalt, Bituminous",No Defects,Darkness,Darkness - Road Lighted,"Two-Way, Divided, Unprotected Median",Not Provided,No Adverse Condition (Clear/Cloud),Straight - Level,Not Provided,No,Three Approaches,Not Provided,Traffic Signal,Dry,Intersection Area,Within Intersection,Yes - Working,No,2023,Summer,August,Nighttime,6:00pm - 8:59pm,20,Property Damage Crash,No,Yes,No,No,No,No,No,No,No,No,No,No,No,Multiple Vehicle Crashes,Loudoun County,Leesburg,Urban,39.08724,-77.56424,,BATTLEFIELD PKWY (NP - TOWN OF LEESBURG),,BATTLEFIELD PKWY,5.44,,At Intersection,COMPASS CREEK PKWY,No,0,0,No,0,0,0,0,0,0,0,0,0,0,0,c4480066,0,0,1,Minor
1,2023-11-11,22:35:00,Saturday,Fixed Object - Off Road,Roadside,"Blacktop, Asphalt, Bituminous",No Defects,Darkness,Darkness - Road Not Lighted,"Two-Way, Not Divided",Not Provided,No Adverse Condition (Clear/Cloud),Grade - Curve,Not Provided,No,Not at Intersection,Not Provided,No Passing Lines,Dry,Intersection Area,Non-Intersection,Yes - Working,No,2023,Autumn,November,Nighttime,9:00pm - 11:59pm,22,Property Damage Crash,No,Yes,No,No,No,No,No,No,No,No,No,No,No,Single Vehicle Crashes,Patrick County,,Rural,36.57776,-80.19212,Non-Interstate,SC-653S (PATRICK COUNTY),653.0,AYERS ORCHARD RD,3.33,Major Collector,Not at Intersection,,No,0,0,No,0,0,0,0,0,0,0,0,0,0,0,c3367859,0,0,1,Minor
2,2023-08-31,10:35:00,Thursday,Angle,On Roadway,"Blacktop, Asphalt, Bituminous",No Defects,Daylight,Daylight,"Two-Way, Divided, Positive Median Barrier",Not Provided,Rain,Straight - Level,Not Provided,No,Three Approaches,Not Provided,Traffic Signal,Wet,Intersection Area,Within Intersection,Yes - Working,No,2023,Summer,August,Daytime,9:00am - 11:59am,10,Property Damage Crash,No,No,No,No,No,No,No,No,No,Yes,No,No,No,Multiple Vehicle Crashes,Isle of Wight County,Smithfield,Urban,36.95445,-76.6012,Non-Interstate,US-258E,258.0,BENNS CHURCH BLVD,47.6,Minor Arterial,At Intersection,CYPRESS RUN DR,Yes,0,0,No,0,0,0,0,0,0,0,0,0,0,0,c1491724,0,0,1,Minor
1,2022-03-11,00:22:00,Friday,Fixed Object - Off Road,On Roadway,"Blacktop, Asphalt, Bituminous",No Defects,Darkness,Darkness - Road Lighted,"Two-Way, Divided, Positive Median Barrier",Not Provided,No Adverse Condition (Clear/Cloud),Straight - Level,Not Provided,No,Not at Intersection,Not Provided,Traffic Lanes Marked,Dry,Intersection Area,Non-Intersection,Yes - Working,No,2022,Spring,March,Nighttime,Midnight - 2:59am,0,Property Damage Crash,No,Yes,No,No,No,No,No,No,No,No,No,No,No,Single Vehicle Crashes,Norfolk City,,Urban,36.84355,-76.21059,Interstate,I-264W,264.0,I-264,12.25,Interstate,Not at Intersection,,No,0,0,No,0,0,0,0,0,0,0,0,0,0,0,c2590793,0,0,1,Minor
2,2024-04-09,06:32:00,Tuesday,Rear End,On Roadway,"Blacktop, Asphalt, Bituminous",No Defects,Daylight,Daylight,"Two-Way, Divided, Unprotected Median",Not Provided,No Adverse Condition (Clear/Cloud),Grade - Straight,Not Provided,No,Not at Intersection,Not Provided,Traffic Lanes Marked,Dry,Intersection Area,Non-Intersection,Yes - Working,No,2024,Spring,April,Daytime,6:00am - 8:59am,6,Property Damage Crash,No,Yes,Yes,No,No,No,No,No,No,No,No,No,No,Multiple Vehicle Crashes,Wise County,,Rural,36.94519,-82.4119,Non-Interstate,ALT US-58W,58.0,BULL RUN RD,50.18,Other Principal Arterial,Not at Intersection,,No,0,0,Yes,0,0,0,0,0,0,0,0,0,0,0,c2596304,0,0,1,Minor
1,2022-10-02,23:34:00,Sunday,Fixed Object - Off Road,Shoulder,"Blacktop, Asphalt, Bituminous",No Defects,Darkness,Darkness - Road Not Lighted,"Two-Way, Divided, Positive Median Barrier",Not Provided,Rain,On/Off Ramp,Not Provided,No,Not at Intersection,Not Provided,Traffic Lanes Marked,Wet,Interchange Area,On Entrance/Exit Ramp,Yes - Working,No,2022,Autumn,October,Nighttime,9:00pm - 11:59pm,23,Property Damage Crash,No,No,No,No,No,No,No,No,No,No,No,No,No,Single Vehicle Crashes,Fairfax County,,Urban,38.78954,-77.1774,Interstate,I-495S RAMP 57A,495.0,I-495 RAMP,0.77,Interstate,Not at Intersection,,No,0,0,No,0,0,0,0,0,0,0,0,0,0,0,c6326945,0,0,1,Minor
2,2024-06-05,20:27:00,Wednesday,Backed Into,On Roadway,"Blacktop, Asphalt, Bituminous",No Defects,Dusk,Dusk,"Two-Way, Not Divided",Not Provided,No Adverse Condition (Clear/Cloud),Straight - Level,Not Provided,No,Not at Intersection,Not Provided,No Traffic Control,Dry,Intersection Area,Non-Intersection,No Traffic Control Device Present,No,2024,Summer,June,Nighttime,6:00pm - 8:59pm,20,Property Damage Crash,No,No,No,No,No,No,No,No,No,No,No,No,No,Multiple Vehicle Crashes,Tazewell County,,Urban,37.08819,-81.8438,,LOWELL ST (PR - TAZEWELL COUNTY),,LOWELL ST,0.06,,Not at Intersection,,No,0,0,No,0,0,0,0,0,0,0,0,0,0,0,c8584270,0,0,1,Minor
1,2022-12-17,04:00:00,Saturday,Deer,On Roadway,"Blacktop, Asphalt, Bituminous",No Defects,Darkness,Darkness - Road Not Lighted,"Two-Way, Divided, Positive Median Barrier",Activity Area,No Adverse Condition (Clear/Cloud),Grade - Curve,No Workers Present,No,Not at Intersection,Work on Shoulder or Median,Traffic Lanes Marked,Dry,Interchange Area,On Entrance/Exit Ramp,Yes - Working,Yes,2022,Winter,December,Nighttime,3:00am - 5:59am,4,Property Damage Crash,No,No,No,No,No,No,No,No,No,No,No,No,No,Single Vehicle Crashes,Stafford County,,Rural,38.37708,-77.45802,Interstate,SC-8900U RAMP 0A (STAFFORD COUNTY),95.0,I-95 RAMP,0.28,Interstate,Not at Intersection,,No,0,0,No,0,0,0,0,0,0,0,0,0,0,0,c6879728,0,0,1,Minor
2,2024-12-11,16:23:00,Wednesday,Angle,On Roadway,"Blacktop, Asphalt, Bituminous",No Defects,Darkness,Darkness - Road Lighted,"Two-Way, Divided, Positive Median Barrier",Not Provided,Rain,Straight - Level,Not Provided,No,Not at Intersection,Not Provided,Traffic Lanes Marked,Wet,Interchange Area,Main-Line Roadway,Yes - Working,No,2024,Winter,December,Daytime,3:00pm - 5:59pm,16,Property Damage Crash,No,No,No,No,No,No,No,No,No,No,No,No,No,Multiple Vehicle Crashes,Chesapeake City,,Urban,36.77639,-76.37603,Interstate,I-64W,64.0,I-64,299.1,Interstate,Not at Intersection,,No,0,0,No,0,0,0,0,0,0,0,0,0,0,0,c9449710,0,0,1,Minor
2,2024-03-22,08:05:00,Friday,Angle,On Roadway,"Blacktop, Asphalt, Bituminous",No Defects,Daylight,Daylight,"Two-Way, Divided, Unprotected Median",Not Provided,No Adverse Condition (Clear/Cloud),Straight - Level,Not Provided,No,Not at Intersection,Not Provided,No Traffic Control,Dry,Interchange Area,Main-Line Roadway,No Traffic Control Device Present,No,2024,Spring,March,Daytime,6:00am - 8:59am,8,Property Damage Crash,No,No,No,No,No,No,No,No,No,Yes,No,No,No,Multiple Vehicle Crashes,Fairfax County,,Urban,38.72805,-77.11014,Non-Interstate,US-1S,1.0,RICHMOND HWY,185.7,Other Principal Arterial,At Intersection,BLANKENSHIP ST,No,0,0,No,0,0,0,0,0,0,0,0,0,0,0,c0819842,0,0,1,Minor
2,2023-07-20,14:15:00,Thursday,Rear End,On Roadway,"Blacktop, Asphalt, Bituminous",No Defects,Daylight,Daylight,"Two-Way, Divided, Unprotected Median",Not Provided,No Adverse Condition (Clear/Cloud),Straight - Level,Not Provided,No,Four Approaches,Not Provided,Traffic Signal,Dry,Intersection Area,Intersection Related - Within 150 Feet,Yes - Working,No,2023,Summer,July,Daytime,Noon - 2:59pm,14,Property Damage Crash,No,No,No,No,No,No,No,No,No,No,No,No,No,Multiple Vehicle Crashes,Prince William County,,Urban,38.72424,-77.55373,Non-Interstate,VA-28N,28.0,NOKESVILLE RD,18.23,Minor Arterial,Not at Intersection,,No,0,0,No,0,0,0,0,0,0,0,0,0,0,0,c2162193,0,0,1,Minor
1,2024-02-27,00:59:00,Tuesday,Fixed Object - Off Road,On Roadway,"Blacktop, Asphalt, Bituminous",No Defects,Darkness,Darkness - Road Lighted,"Two-Way, Divided, Unprotected Median",Not Provided,No Adverse Condition (Clear/Cloud),Straight - Level,Not Provided,No,Not at Intersection,Not Provided,Traffic Signal,Dry,Intersection Area,Non-Intersection,Yes - Working,No,2024,Winter,February,Nighttime,Midnight - 2:59am,0,Property Damage Crash,Yes,Yes,No,No,No,No,No,No,No,No,Yes,No,No,Single Vehicle Crashes,Fairfax County,,Urban,38.90972,-77.46997,Non-Interstate,US-50E,50.0,LEE JACKSON MEMORIAL HWY,61.87,Minor Arterial,At Intersection,PLEASANT VALLEY RD,No,0,0,No,0,0,0,0,0,0,0,0,0,0,0,c8532749,0,0,1,Minor
2,2023-04-13,22:48:00,Thursday,Angle,On Roadway,"Blacktop, Asphalt, Bituminous",No Defects,Darkness,Darkness - Road Lighted,"Two-Way, Divided, Positive Median Barrier",Not Provided,No Adverse Condition (Clear/Cloud),Straight - Level,Not Provided,No,Three Approaches,Not Provided,Traffic Signal,Dry,Intersection Area,Intersection Related - Within 150 Feet,Yes - Working,No,2023,Spring,April,Nighttime,9:00pm - 11:59pm,22,Injury Crash,No,No,No,No,No,Yes,No,No,No,No,No,No,No,Multiple Vehicle Crashes,Hampton City,,Urban,37.0414,-76.39056,Non-Interstate,US-258W,258.0,MERCURY BLVD,62.84,Other Principal Arterial,At Intersection,KILGORE AVE,No,0,0,No,0,0,0,1,0,0,0,0,0,0,3,c3509835,0,1,0,Severe
2,2024-03-19,09:11:00,Tuesday,Rear End,On Roadway,"Blacktop, Asphalt, Bituminous",No Defects,Daylight,Daylight,"Two-Way, Not Divided",Not Provided,No Adverse Condition (Clear/Cloud),Straight - Level,Not Provided,No,Two Approaches,Not Provided,Traffic Lanes Marked,Dry,Intersection Area,Within Intersection,Yes - Working,No,2024,Spring,March,Daytime,9:00am - 11:59am,9,Injury Crash,No,No,No,No,No,No,No,No,No,No,No,No,No,Multiple Vehicle Crashes,Henrico County,,Urban,37.58101,-77.48644,,WESTMORELAND ST (PR - HENRICO COUNTY),,WESTMORELAND ST,0.24,,At Intersection,JACQUE ST,Yes,0,1,No,0,0,0,0,0,0,0,0,0,0,3,c3263029,0,1,0,Severe
2,2024-06-21,14:29:00,Friday,Rear End,Shoulder,"Blacktop, Asphalt, Bituminous",No Defects,Daylight,Daylight,"Two-Way, Divided, Positive Median Barrier",Not Provided,No Adverse Condition (Clear/Cloud),Straight - Level,Not Provided,No,Not at Intersection,Not Provided,Traffic Lanes Marked,Dry,Intersection Area,Non-Intersection,Yes - Working,No,2024,Summer,June,Daytime,Noon - 2:59pm,14,Fatal Crash,No,No,Yes,No,No,No,No,No,No,No,No,No,No,Multiple Vehicle Crashes,Prince William County,,Urban,38.80061,-77.5359,Interstate,I-66W,66.0,I-66,46.65,Interstate,Not at Intersection,,No,0,0,No,0,0,0,0,0,0,0,0,3,2,5,c3754431,1,1,0,Fatal
1,2024-10-23,11:20:00,Wednesday,Deer,On Roadway,"Blacktop, Asphalt, Bituminous",No Defects,Daylight,Daylight,"Two-Way, Divided, Positive Median Barrier",Not Provided,No Adverse Condition (Clear/Cloud),Straight - Level,Not Provided,No,Not at Intersection,Not Provided,Traffic Lanes Marked,Dry,Interchange Area,Main-Line Roadway,No Traffic Control Device Present,No,2024,Autumn,October,Daytime,9:00am - 11:59am,11,Property Damage Crash,No,No,No,No,No,No,No,No,No,No,No,No,No,Single Vehicle Crashes,Frederick County,,Urban,39.12525,-78.19392,Non-Interstate,US-11N,11.0,VALLEY PIKE,325.56,Other Principal Arterial,At Intersection,FAY ST,No,0,0,No,0,0,0,0,0,0,0,0,0,0,0,c1518128,0,0,1,Minor
2,2024-01-03,12:39:00,Wednesday,Angle,On Roadway,"Blacktop, Asphalt, Bituminous",No Defects,Daylight,Daylight,"Two-Way, Divided, Unprotected Median",Not Provided,No Adverse Condition (Clear/Cloud),Straight - Level,Not Provided,No,Four Approaches,Not Provided,Traffic Signal,Dry,Intersection Area,Within Intersection,Yes - Working,No,2024,Winter,January,Daytime,Noon - 2:59pm,12,Property Damage Crash,No,No,No,No,No,No,No,No,No,No,No,No,No,Multiple Vehicle Crashes,King William County,,Rural,37.74505,-77.13316,Non-Interstate,US-360E,360.0,RICHMOND TAPPAHANNOCK HWY,164.23,Other Principal Arterial,At Intersection,KING WILLIAM RD,No,0,0,No,0,0,0,0,0,0,0,0,0,0,0,c8027014,0,0,1,Minor
1,2024-10-22,06:45:00,Tuesday,Deer,On Roadway,"Blacktop, Asphalt, Bituminous",No Defects,Darkness,Darkness - Road Lighted,"Two-Way, Divided, Unprotected Median",Not Provided,No Adverse Condition (Clear/Cloud),Grade - Straight,Not Provided,No,Not at Intersection,Not Provided,Traffic Lanes Marked,Dry,Intersection Area,Non-Intersection,Yes - Working,No,2024,Autumn,October,Daytime,6:00am - 8:59am,6,Injury Crash,No,No,No,No,No,No,No,No,No,No,No,No,No,Single Vehicle Crashes,Montgomery County,Blacksburg,Urban,37.19934,-80.40053,Non-Interstate,BUS US-460W (8 TOWN OF BLACKSBURG),460.0,MAIN ST,5.62,Minor Arterial,Not at Intersection,,No,0,0,No,0,0,0,0,0,0,0,0,0,0,1,c1706554,0,0,1,Minor
2,2023-07-28,11:01:00,Friday,Sideswipe - Same Direction,On Roadway,"Blacktop, Asphalt, Bituminous",No Defects,Daylight,Daylight,"Two-Way, Divided, Unprotected Median",Not Provided,No Adverse Condition (Clear/Cloud),Straight - Level,Not Provided,No,Not at Intersection,Not Provided,Traffic Lanes Marked,Dry,Intersection Area,Non-Intersection,Yes - Working,No,2023,Summer,July,Daytime,9:00am - 11:59am,11,Property Damage Crash,No,No,No,No,No,No,No,No,No,No,No,No,No,Multiple Vehicle Crashes,Hanover County,,Urban,37.61101,-77.34428,Non-Interstate,US-360E,360.0,MECHANICSVILLE TPKE,148.74,Other Principal Arterial,Not at Intersection,,No,0,0,No,0,0,0,0,0,0,0,0,0,0,0,c6627451,0,0,1,Minor
1,2023-11-10,05:15:00,Friday,Deer,On Roadway,"Blacktop, Asphalt, Bituminous",No Defects,Darkness,Darkness - Road Not Lighted,"Two-Way, Not Divided",Not Provided,No Adverse Condition (Clear/Cloud),Straight - Level,Not Provided,No,Not at Intersection,Not Provided,Traffic Lanes Marked,Dry,Interchange Area,Main-Line Roadway,Yes - Working,No,2023,Autumn,November,Nighttime,3:00am - 5:59am,5,Property Damage Crash,No,No,No,No,No,No,No,No,No,No,No,No,No,Single Vehicle Crashes,Loudoun County,,Rural,39.18749,-77.6789,Non-Interstate,VA-9E,9.0,CHARLES TOWN PIKE,7.83,Minor Arterial,Not at Intersection,,No,0,0,No,0,0,0,0,0,0,0,0,0,0,0,c4030823,0,0,1,Minor
2,2022-12-02,07:05:00,Friday,Angle,On Roadway,"Blacktop, Asphalt, Bituminous",No Defects,Daylight,Daylight,"Two-Way, Divided, Unprotected Median",Not Provided,No Adverse Condition (Clear/Cloud),Straight - Level,Not Provided,No,Two Approaches,Not Provided,Traffic Lanes Marked,Dry,Intersection Area,Intersection Related - Within 150 Feet,Yes - Working,No,2022,Winter,December,Daytime,6:00am - 8:59am,7,Injury Crash,No,No,No,No,No,No,No,No,No,Yes,No,No,No,Multiple Vehicle Crashes,York County,,Urban,37.10402,-76.42435,Non-Interstate,VA-134E,134.0,HAMPTON HWY,2.83,Other Principal Arterial,At Intersection,SAINT CLAIR CIR,No,0,0,No,0,0,0,0,0,0,0,0,0,0,1,c5372541,0,0,1,Minor