NumberOfVehicles,CrashDate,CrashTime,DayOfWeek,TypeOfCollision,LocationOfFirstHarmfulEvent,RoadwaySurfaceType,RoadwayDefect,LightCondition_Category,LightCondition_Value,RoadwayDescription,WorkZoneLocation,WeatherCondition,RoadwayAlignment,WorkZoneWorkersPresent,SchoolZone,IntersectionType,WorkZoneType,TrafficControlType,RoadwaySurfaceCondition,RelationToRoadway_Category,RelationToRoadway_Value,TrafficControlMechanicalDevice,WorkZoneRelated,Year,Meteorological Season,MonthName,DaytimeNighttime_NHTSA,ThreeHourLabel,Hour,CrashType,AlcoholInvolved,SpeedRelated,CommercialMotorVehiclesInvolved,PedestrianInvolved,BicycleInvolved,MotorcycleInvolved,MopedInvolved,TrainRelated,SchoolZoneInvolved,TeenDriverInvolved,DistractedDriverInvolved,DriverTextingInvolved,DriverUsingCellPhone,Single_Multi_Vehicle,Jurisdiction,TownName,LocationTypeName,Latitude,Longitude,Interstate_NonInterstate,RoadName,RouteNumber,RouteName,MileMarker,FunctionalClassCode,AtIntersection,SecondaryLocation,MatureDriverInvolved,MatureDriverFatalities,MatureDriverInjuries,LargeTruckInvolved,PedestrianFatalities,PedestrianInjuries,MotorcycleFatalities,MotorcycleInjuries,BicycleFatalities,BicycleInjuries,DistractedDriverFatalities,DistractedDriverInjuries,UnrestrainedInjuries,Number_Of_Fatalities,Number_Of_Injuries,Crash_UID,Is_Fatal,Is_Severe,Is_Minor,SeverityLabel
2,2024-06-26,16:14:00,Wednesday,Sideswipe - Same Direction,On Roadway,"Blacktop, Asphalt, Bituminous",No Defects,Daylight,Daylight,"Two-Way, Divided, Unprotected Median",Not Provided,No Adverse Condition (Clear/Cloud),Straight - Level,Not Provided,No,Two Approaches,Not Provided,Yield Sign,Dry,Intersection Area,Intersection Related - Within 150 Feet,Yes - Working,No,2024,Summer,June,Daytime,3:00pm - 5:59pm,16,Injury Crash,No,No,No,No,No,No,No,No,No,No,No,No,No,Multiple Vehicle Crashes,Hampton City,,Urban,37.03446,-76.36155,Non-Interstate,VA-134W,134.0,ARMISTEAD AVE,11.01,Minor Arterial,At Intersection,THOMAS ST,No,0,0,No,0,0,0,0,0,0,0,0,0,0,2,c1347535,0,1,0,Severe
2,2022-09-10,10:30:00,Saturday,Sideswipe - Same Direction,On Roadway,"Blacktop, Asphalt, Bituminous",No Defects,Daylight,Daylight,"Two-Way, Divided, Unprotected Median",Not Provided,No Adverse Condition (Clear/Cloud),Straight - Level,Not Provided,No,Not at Intersection,Not Provided,One Way Road or Street,Dry,Interchange Area,Main-Line Roadway,Yes - Working,No,2022,Autumn,September,Daytime,9:00am - 11:59am,10,Property Damage Crash,No,No,No,No,No,No,No,No,No,No,Yes,No,No,Multiple Vehicle Crashes,Sussex County,,Rural,36.76095,-77.47808,Non-Interstate,US-301N,301.0,BLUE STAR HWY,16.77,Minor Arterial,Not at Intersection,,No,0,0,No,0,0,0,0,0,0,0,0,0,0,0,c3442037,0,0,1,Minor
1,2022-10-03,13:46:00,Monday,Fixed Object - Off Road,Roadside,"Blacktop, Asphalt, Bituminous",No Defects,Daylight,Daylight,"Two-Way, Divided, Unprotected Median",Not Provided,Rain,Straight - Level,Not Provided,No,Not at Intersection,Not Provided,Traffic Lanes Marked,Wet,Intersection Area,Non-Intersection,Yes - Working,No,2022,Autumn,October,Daytime,Noon - 2:59pm,13,Property Damage Crash,No,Yes,No,No,No,No,No,No,No,Yes,No,No,No,Single Vehicle Crashes,New Kent County,,Rural,37.5144,-77.19037,Non-Interstate,VA-249E,249.0,NEW KENT HWY,0.07,Minor Arterial,At Intersection,I-64 RAMP,No,0,0,No,0,0,0,0,0,0,0,0,0,0,0,c1710929,0,0,1,Minor
1,2023-08-19,13:59:00,Saturday,Fixed Object - Off Road,Shoulder,"Blacktop, Asphalt, Bituminous",No Defects,Daylight,Daylight,"Two-Way, Not Divided",Not Provided,No Adverse Condition (Clear/Cloud),Straight - Level,Not Provided,No,Not at Intersection,Not Provided,No Traffic Control,Dry,Intersection Area,Non-Intersection,No Traffic Control Device Present,No,2023,Summer,August,Daytime,Noon - 2:59pm,13,Injury Crash,No,Yes,No,No,No,No,No,No,No,No,No,No,No,Single Vehicle Crashes,Hopewell City,,Urban,37.29874,-77.33074,Non-Interstate,SC-645W (PRINCE GEORGE COUNTY),645.0,RIVER RD,5.35,Minor Arterial,At Intersection,ATWATER RD,No,0,0,No,0,0,0,0,0,0,0,0,1,0,1,c8457465,0,0,1,Minor
2,2023-10-17,09:42:00,Tuesday,Sideswipe - Same Direction,On Roadway,"Blacktop, Asphalt, Bituminous",No Defects,Daylight,Daylight,"Two-Way, Divided, Unprotected Median",Not Provided,No Adverse Condition (Clear/Cloud),Straight - Level,Not Provided,No,Not at Intersection,Not Provided,Traffic Lanes Marked,Dry,Interchange Area,Main-Line Roadway,Yes - Working,No,2023,Autumn,October,Daytime,9:00am - 11:59am,9,Property Damage Crash,No,No,No,No,No,No,No,No,No,No,No,No,No,Multiple Vehicle Crashes,Waynesboro City,,Urban,38.06177,-78.87152,Non-Interstate,US-250W,250.0,MAIN ST,70.42,Minor Arterial,Not at Intersection,,Yes,0,0,No,0,0,0,0,0,0,0,0,0,0,0,c3842894,0,0,1,Minor
2,2022-10-23,23:00:00,Sunday,Angle,Shoulder,"Blacktop, Asphalt, Bituminous",No Defects,Darkness,Darkness - Road Not Lighted,"Two-Way, Divided, Unprotected Median",Not Provided,No Adverse Condition (Clear/Cloud),Straight - Level,Not Provided,No,Not at Intersection,Not Provided,Traffic Lanes Marked,Dry,Intersection Area,Non-Intersection,Yes - Working,No,2022,Autumn,October,Nighttime,9:00pm - 11:59pm,23,Injury Crash,No,Yes,No,No,No,No,No,No,No,Yes,No,No,No,Multiple Vehicle Crashes,New Kent County,,Rural,37.45927,-76.88192,Interstate,I-64E,64.0,I-64,223.25,Interstate,Not at Intersection,,No,0,0,No,0,0,0,0,0,0,0,0,0,0,1,c9813395,0,0,1,Minor
4,2022-10-25,10:42:00,Tuesday,Rear End,On Roadway,"Blacktop, Asphalt, Bituminous",No Defects,Daylight,Daylight,"Two-Way, Divided, Unprotected Median",Not Provided,No Adverse Condition (Clear/Cloud),Straight - Level,Not Provided,No,Not at Intersection,Not Provided,Traffic Lanes Marked,Dry,Intersection Area,Non-Intersection,Yes - Working,No,2022,Autumn,October,Daytime,9:00am - 11:59am,10,Property Damage Crash,No,No,No,No,No,No,No,No,No,No,No,No,No,Multiple Vehicle Crashes,Fredericksburg City,,Urban,38.31522,-77.49939,Non-Interstate,UR-3965S (CITY OF FREDERICKSBURG),,FALL HILL AVE,2.85,Major Collector,At Intersection,ROFFMAN RD,Yes,0,0,No,0,0,0,0,0,0,0,0,0,0,0,c1474657,0,0,1,Minor
2,2022-03-26,10:15:00,Saturday,Angle,On Roadway,"Blacktop, Asphalt, Bituminous",No Defects,Daylight,Daylight,"One-Way, Not Divided",Not Provided,No Adverse Condition (Clear/Cloud),Straight - Level,Not Provided,No,Four Approaches,Not Provided,Traffic Signal,Dry,Intersection Area,Within Intersection,Yes - Working,No,2022,Spring,March,Daytime,9:00am - 11:59am,10,Injury Crash,No,No,No,No,No,No,No,No,No,No,No,No,No,Multiple Vehicle Crashes,Fredericksburg City,,Urban,38.30411,-77.45864,Non-Interstate,BUS VA-3P (1 CITY OF FREDERICKSBURG),3.0,SOPHIA ST,0.56,Major Collector,At Intersection,WILLIAM ST,No,0,0,No,0,0,0,0,0,0,0,0,0,0,1,c5759803,0,0,1,Minor
2,2022-04-30,23:01:00,Saturday,Angle,On Roadway,"Blacktop, Asphalt, Bituminous",No Defects,Darkness,Darkness - Road Not Lighted,"Two-Way, Not Divided",Not Provided,No Adverse Condition (Clear/Cloud),Straight - Level,Not Provided,No,Not at Intersection,Not Provided,No Traffic Control,Dry,Interchange Area,Main-Line Roadway,No Traffic Control Device Present,No,2022,Spring,April,Nighttime,9:00pm - 11:59pm,23,Property Damage Crash,No,No,No,No,No,No,No,No,No,No,No,No,No,Multiple Vehicle Crashes,Henrico County,,Urban,37.60272,-77.45449,Non-Interstate,US-1N,1.0,BROOK RD,97.69,Other Principal Arterial,At Intersection,BENTLEY ST,No,0,0,No,0,0,0,0,0,0,0,0,0,0,0,c3659138,0,0,1,Minor
1,2023-09-20,09:20:00,Wednesday,Fixed Object - Off Road,Shoulder,"Blacktop, Asphalt, Bituminous",No Defects,Daylight,Daylight,"Two-Way, Divided, Positive Median Barrier",Activity Area,No Adverse Condition (Clear/Cloud),Curve - Level,With No Law Enforcement,No,Not at Intersection,Work on Shoulder or Median,Traffic Lanes Marked,Dry,Intersection Area,Non-Intersection,Yes - Working,Yes,2023,Autumn,September,Daytime,9:00am - 11:59am,9,Injury Crash,No,No,No,No,No,No,No,No,No,No,No,No,No,Single Vehicle Crashes,Prince William County,,Urban,38.79833,-77.56819,Interstate,I-66W,66.0,I-66,44.78,Interstate,Not at Intersection,,No,0,0,No,0,0,0,0,0,0,0,0,0,0,1,c1304053,0,0,1,Minor
2,2024-06-08,02:35:00,Saturday,Rear End,On Roadway,"Blacktop, Asphalt, Bituminous",No Defects,Darkness,Darkness - Road Lighted,"Two-Way, Divided, Positive Median Barrier",Not Provided,No Adverse Condition (Clear/Cloud),Straight - Level,Not Provided,No,Not at Intersection,Not Provided,Traffic Lanes Marked,Dry,Intersection Area,Non-Intersection,Yes - Working,No,2024,Summer,June,Nighttime,Midnight - 2:59am,2,Property Damage Crash,No,Yes,No,No,No,No,No,No,No,No,Yes,No,No,Multiple Vehicle Crashes,Prince William County,,Urban,38.66686,-77.27179,Interstate,I-95S,95.0,I-95,159.89,Interstate,Not at Intersection,,No,0,0,No,0,0,0,0,0,0,0,0,0,0,0,c8095943,0,0,1,Minor
1,2024-11-16,19:26:00,Saturday,Fixed Object - Off Road,Shoulder,"Blacktop, Asphalt, Bituminous",No Defects,Darkness,Darkness - Road Not Lighted,"Two-Way, Not Divided",Not Provided,No Adverse Condition (Clear/Cloud),Curve - Level,Not Provided,No,Not at Intersection,Not Provided,No Traffic Control,Dry,Interchange Area,Main-Line Roadway,No Traffic Control Device Present,No,2024,Autumn,November,Nighttime,6:00pm - 8:59pm,19,Injury Crash,No,No,No,No,No,No,No,No,No,No,No,No,No,Single Vehicle Crashes,Suffolk City,,Rural,36.58045,-76.69663,Non-Interstate,US-13N,13.0,WHALEYVILLE BLVD,4.53,Other Principal Arterial,Not at Intersection,,No,0,0,No,0,0,0,0,0,0,0,0,0,0,1,c5695658,0,0,1,Minor
2,2022-02-05,18:23:00,Saturday,Sideswipe - Same Direction,On Roadway,"Blacktop, Asphalt, Bituminous",No Defects,Darkness,Darkness - Road Lighted,"One-Way, Not Divided",Not Provided,No Adverse Condition (Clear/Cloud),Straight - Level,Not Provided,No,Not at Intersection,Not Provided,Traffic Lanes Marked,Dry,Interchange Area,Main-Line Roadway,Yes - Working,No,2022,Winter,February,Nighttime,6:00pm - 8:59pm,18,Property Damage Crash,No,No,No,No,No,No,No,No,No,No,No,No,No,Multiple Vehicle Crashes,Fredericksburg City,,Urban,38.30184,-77.46433,Non-Interstate,BUS VA-3E (1 CITY OF FREDERICKSBURG),3.0,WILLIAM ST,1.03,Minor Arterial,Not at Intersection,,No,0,0,No,0,0,0,0,0,0,0,0,0,0,0,c3624339,0,0,1,Minor
2,2023-12-02,18:30:00,Saturday,Angle,On Roadway,"Blacktop, Asphalt, Bituminous",No Defects,Darkness,Darkness - Road Not Lighted,"Two-Way, Divided, Positive Median Barrier",Not Provided,No Adverse Condition (Clear/Cloud),Straight - Level,Not Provided,No,Four Approaches,Not Provided,Traffic Signal,Dry,Intersection Area,Within Intersection,Yes - Working,No,2023,Winter,December,Nighttime,6:00pm - 8:59pm,18,Property Damage Crash,No,No,No,No,No,No,No,No,No,No,No,No,No,Multiple Vehicle Crashes,Henrico County,,Urban,37.56605,-77.36016,Non-Interstate,CR-7618E (HENRICO COUNTY),7618.0,CREIGHTON RD,2.48,Minor Arterial,At Intersection,CEDAR FORK RD,Yes,0,0,No,0,0,0,0,0,0,0,0,0,0,0,c1061241,0,0,1,Minor
1,2022-01-03,17:54:00,Monday,Deer,On Roadway,"Blacktop, Asphalt, Bituminous",No Defects,Darkness,Darkness - Road Not Lighted,"Two-Way, Not Divided",Not Provided,No Adverse Condition (Clear/Cloud),Straight - Level,Not Provided,No,Not at Intersection,Not Provided,No Traffic Control,Wet,Interchange Area,Main-Line Roadway,No Traffic Control Device Present,No,2022,Winter,January,Daytime,3:00pm - 5:59pm,17,Injury Crash,No,No,No,No,No,No,No,No,No,No,No,No,No,Single Vehicle Crashes,Southampton County,,Rural,36.6416,-77.05277,Non-Interstate,SC-671W (SOUTHAMPTON COUNTY),671.0,GENERAL THOMAS HWY,9.12,Major Collector,At Intersection,SUNBEAM RD,No,0,0,No,0,0,0,0,0,0,0,0,0,0,1,c3917105,0,0,1,Minor
2,2024-11-15,15:37:00,Friday,Angle,On Roadway,"Blacktop, Asphalt, Bituminous",No Defects,Daylight,Daylight,"Two-Way, Not Divided",Not Provided,No Adverse Condition (Clear/Cloud),Straight - Level,Not Provided,No,Three Approaches,Not Provided,Traffic Signal,Dry,Interchange Area,Main-Line Roadway,Yes - Working,No,2024,Autumn,November,Daytime,3:00pm - 5:59pm,15,Property Damage Crash,No,No,No,No,No,No,No,No,No,No,No,No,No,Multiple Vehicle Crashes,Amherst County,,Urban,37.4395,-79.12095,Non-Interstate,BUS US-29N (5 CITY OF LYNCHBURG),29.0,AMHERST HWAY,8.77,Other Principal Arterial,At Intersection,SEMINOLE DR,Yes,0,0,No,0,0,0,0,0,0,0,0,0,0,0,c7563890,0,0,1,Minor
1,2023-03-07,08:40:00,Tuesday,Fixed Object - Off Road,Roadside,"Blacktop, Asphalt, Bituminous",No Defects,Daylight,Daylight,"Two-Way, Not Divided",Not Provided,No Adverse Condition (Clear/Cloud),Hillcrest - Straight,Not Provided,No,Three Approaches,Not Provided,Traffic Lanes Marked,Dry,Interchange Area,Main-Line Roadway,Yes - Working,No,2023,Spring,March,Daytime,6:00am - 8:59am,8,Property Damage Crash,No,Yes,No,No,No,No,No,No,No,No,Yes,No,No,Single Vehicle Crashes,Fairfax County,Vienna,Urban,38.90172,-77.26882,Non-Interstate,UR-6648S (TOWN OF VIENNA),,LAWYERS RD,0.87,Minor Arterial,At Intersection,WILMAR PL,No,0,0,No,0,0,0,0,0,0,0,0,0,0,0,c2476987,0,0,1,Minor
2,2022-08-09,16:26:00,Tuesday,Angle,On Roadway,"Blacktop, Asphalt, Bituminous",No Defects,Daylight,Daylight,"Two-Way, Not Divided",Not Provided,No Adverse Condition (Clear/Cloud),Straight - Level,Not Provided,No,Four Approaches,Not Provided,Stop Sign,Dry,Intersection Area,Within Intersection,Yes - Working,No,2022,Summer,August,Daytime,3:00pm - 5:59pm,16,Property Damage Crash,No,No,No,No,No,No,No,No,No,No,No,No,No,Multiple Vehicle Crashes,Henrico County,,Urban,37.52025,-77.38282,,EANES LN (NP - HENRICO COUNTY),,EANES LN,0.6,,At Intersection,CARLISLE AVE,Yes,0,0,No,0,0,0,0,0,0,0,0,0,0,0,c2635131,0,0,1,Minor
2,2022-11-01,09:00:00,Tuesday,Angle,On Roadway,"Blacktop, Asphalt, Bituminous",No Defects,Daylight,Daylight,"Two-Way, Not Divided",Not Provided,Mist,Straight - Level,Not Provided,No,Not at Intersection,Not Provided,Traffic Lanes Marked,Wet,Other Location,"Driveway, Alley-Access - Related",Yes - Working,No,2022,Autumn,November,Daytime,9:00am - 11:59am,9,Injury Crash,No,No,No,No,No,No,No,No,No,No,No,No,No,Multiple Vehicle Crashes,Chesapeake City,,Urban,36.79053,-76.23552,Non-Interstate,UR-6W (CITY OF CHESAPEAKE),6.0,WOODLAKE DR,0.12,Major Collector,Not at Intersection,,No,0,0,No,0,0,0,0,0,0,0,0,0,0,1,c9139854,0,0,1,Minor
2,2023-03-31,10:04:00,Friday,Sideswipe - Same Direction,On Roadway,"Blacktop, Asphalt, Bituminous",No Defects,Daylight,Daylight,"Two-Way, Divided, Positive Median Barrier",Not Provided,No Adverse Condition (Clear/Cloud),Straight - Level,Not Provided,No,Four Approaches,Not Provided,Traffic Signal,Dry,Intersection,Intersection Related - Outside 150 Feet,Yes - Working,No,2023,Spring,March,Daytime,9:00am - 11:59am,10,Property Damage Crash,No,No,No,No,No,No,No,No,No,No,No,No,No,Multiple Vehicle Crashes,Roanoke City,,Urban,37.28434,-79.91905,Non-Interstate,US-460W,460.0,ORANGE AVE,156.35,Other Principal Arterial,At Intersection,13TH ST,No,0,0,No,0,0,0,0,0,0,0,0,0,0,0,c1787108,0,0,1,Minor
1,2024-12-24,08:47:00,Tuesday,Fixed Object - Off Road,On Roadway,"Blacktop, Asphalt, Bituminous",No Defects,Daylight,Daylight,"Two-Way, Divided, Positive Median Barrier",Not Provided,Snow,Straight - Level,Not Provided,No,Not at Intersection,Not Provided,No Traffic Control,Icy,Interchange Area,Main-Line Roadway,No Traffic Control Device Present,No,2024,Winter,December,Daytime,6:00am - 8:59am,8,Property Damage Crash,No,No,No,No,No,No,No,No,No,No,No,No,No,Single Vehicle Crashes,Fairfax County,,Urban,38.99801,-77.34149,Non-Interstate,VA-7E,7.0,LEESBURG PIKE,51.57,Other Principal Arterial,Not at Intersection,,No,0,0,No,0,0,0,0,0,0,0,0,0,0,0,c8208207,0,0,1,Minor
2,2022-09-04,14:46:00,Sunday,Rear End,On Roadway,"Blacktop, Asphalt, Bituminous",No Defects,Daylight,Daylight,"Two-Way, Not Divided",Not Provided,Rain,Straight - Level,Not Provided,No,Two Approaches,Not Provided,Traffic Lanes Marked,Wet,Interchange Area,Main-Line Roadway,Yes - Working,No,2022,Autumn,September,Daytime,Noon - 2:59pm,14,Injury Crash,No,No,No,No,No,No,No,No,No,No,No,No,No,Multiple Vehicle Crashes,Montgomery County,,Rural,37.17085,-80.50609,Non-Interstate,VA-114W,114.0,PEPPERS FERRY RD,5.0,Minor Arterial,At Intersection,ONYX DR,No,0,0,No,0,0,0,0,0,0,0,0,0,0,2,c1139407,0,1,0,Severe
2,2023-08-06,17:02:00,Sunday,Rear End,On Roadway,"Blacktop, Asphalt, Bituminous",No Defects,Daylight,Daylight,"Two-Way, Divided, Positive Median Barrier",Not Provided,No Adverse Condition (Clear/Cloud),Straight - Level,Not Provided,No,Not at Intersection,Not Provided,Traffic Lanes Marked,Dry,Intersection Area,Non-Intersection,Yes - Working,No,2023,Summer,August,Daytime,3:00pm - 5:59pm,17,Property Damage Crash,No,No,No,No,No,No,No,No,No,No,No,No,No,Multiple Vehicle Crashes,Norfolk City,,Urban,36.95554,-76.26412,Interstate,I-64W,64.0,I-64,274.47,Interstate,Not at Intersection,,No,0,0,No,0,0,0,0,0,0,0,0,0,0,0,c3115931,0,0,1,Minor
1,2023-09-23,21:52:00,Saturday,Fixed Object - Off Road,Shoulder,"Blacktop, Asphalt, Bituminous",No Defects,Darkness,Darkness - Road Lighted,"Two-Way, Not Divided",Not Provided,Rain,Straight - Level,Not Provided,No,Two Approaches,Not Provided,Stop Sign,Wet,Intersection Area,Within Intersection,Yes - Working,No,2023,Autumn,September,Nighttime,9:00pm - 11:59pm,21,Property Damage Crash,No,No,No,No,No,No,No,No,No,No,No,No,No,Single Vehicle Crashes,Warren County,,Rural,38.91595,-78.24624,Non-Interstate,SC-615S (WARREN COUNTY),615.0,STOKES AIRPORT RD,0.0,Major Collector,At Intersection,RIVERMONT DR,No,0,0,No,0,0,0,0,0,0,0,0,0,0,0,c8035728,0,0,1,Minor
2,2024-02-06,10:26:00,Tuesday,Rear End,Shoulder,"Blacktop, Asphalt, Bituminous",No Defects,Daylight,Daylight,"Two-Way, Divided, Unprotected Median",Not Provided,No Adverse Condition (Clear/Cloud),Straight - Level,Not Provided,No,Not at Intersection,Not Provided,Traffic Lanes Marked,Dry,Intersection Area,Non-Intersection,Yes - Working,No,2024,Winter,February,Daytime,9:00am - 11:59am,10,Injury Crash,No,No,No,No,No,No,No,No,No,No,No,No,No,Multiple Vehicle Crashes,Smyth County,,Urban,36.82163,-81.54084,Interstate,I-81N,81.0,I-81,43.95,Interstate,Not at Intersection,,Yes,0,1,No,0,0,0,0,0,0,0,0,0,0,1,c1447434,0,0,1,Minor
2,2023-12-18,13:46:00,Monday,Rear End,On Roadway,Concrete,No Defects,Daylight,Daylight,"Two-Way, Divided, Unprotected Median",Not Provided,No Adverse Condition (Clear/Cloud),Grade - Straight,Not Provided,No,Four Approaches,Not Provided,Traffic Signal,Dry,Intersection Area,Intersection Related - Within 150 Feet,Yes - Working,No,2023,Winter,December,Daytime,Noon - 2:59pm,13,Injury Crash,No,No,No,No,No,No,No,No,No,No,No,No,No,Multiple Vehicle Crashes,Chesterfield County,,Urban,37.42817,-77.62393,Non-Interstate,US-360E,360.0,HULL ST RD,127.46,Other Principal Arterial,At Intersection,LONAS PKWY,No,0,0,No,0,0,0,0,0,0,0,0,0,0,2,c7000571,0,1,0,Severe
2,2024-09-20,14:00:00,Friday,Rear End,On Roadway,"Blacktop, Asphalt, Bituminous",No Defects,Daylight,Daylight,"Two-Way, Divided, Unprotected Median",Not Provided,No Adverse Condition (Clear/Cloud),Straight - Level,Not Provided,No,Four Approaches,Not Provided,Traffic Signal,Dry,Intersection Area,Intersection Related - Within 150 Feet,Yes - Working,No,2024,Autumn,September,Daytime,Noon - 2:59pm,14,Property Damage Crash,No,No,No,No,No,No,No,No,No,No,No,No,No,Multiple Vehicle Crashes,Prince William County,,Urban,38.63127,-77.37461,Non-Interstate,SC-640E (PRINCE WILLIAM COUNTY),640.0,MINNIEVILLE RD,2.1,Minor Arterial,At Intersection,SPRIGGS RD,Yes,0,0,No,0,0,0,0,0,0,0,0,0,0,0,c5024351,0,0,1,Minor
1,2022-06-01,00:03:00,Wednesday,Deer,On Roadway,"Blacktop, Asphalt, Bituminous",No Defects,Darkness,Darkness - Road Not Lighted,"Two-Way, Not Divided",Not Provided,No Adverse Condition (Clear/Cloud),Straight - Level,Not Provided,No,Not at Intersection,Not Provided,Traffic Lanes Marked,Dry,Intersection Area,Non-Intersection,Yes - Working,No,2022,Summer,June,Nighttime,Midnight - 2:59am,0,Property Damage Crash,No,Yes,No,No,No,No,No,No,No,No,No,No,No,Single Vehicle Crashes,Rockingham County,,Rural,38.32592,-78.93749,Non-Interstate,US-11N,11.0,LEE HWY,252.91,Minor Arterial,Not at Intersection,,No,0,0,No,0,0,0,0,0,0,0,0,0,0,0,c6710277,0,0,1,Minor
2,2022-05-21,16:52:00,Saturday,Backed Into,On Roadway,"Blacktop, Asphalt, Bituminous",No Defects,Daylight,Daylight,"Two-Way, Not Divided",Not Provided,No Adverse Condition (Clear/Cloud),Straight - Level,Not Provided,No,Two Approaches,Not Provided,No Traffic Control,Dry,Intersection Area,Within Intersection,No Traffic Control Device Present,No,2022,Spring,May,Daytime,3:00pm - 5:59pm,16,Property Damage Crash,No,No,No,No,No,No,No,No,No,No,No,No,No,Multiple Vehicle Crashes,Richmond City,,Urban,37.57194,-77.44098,Non-Interstate,BROOKLAND PARK BLVD W (PR - CITY OF RICHMOND),,BROOKLAND PARK BLVD,0.46,Minor Arterial,At Intersection,MOSS SIDE AVE,No,0,0,No,0,0,0,0,0,0,0,0,0,0,0,c9714268,0,0,1,Minor
2,2022-01-30,13:41:00,Sunday,Angle,On Roadway,"Blacktop, Asphalt, Bituminous",No Defects,Daylight,Daylight,"Two-Way, Not Divided",Not Provided,No Adverse Condition (Clear/Cloud),Straight - Level,Not Provided,No,Not at Intersection,Not Provided,Traffic Lanes Marked,Dry,Other Location,"Driveway, Alley-Access - Related",Yes - Working,No,2022,Winter,January,Daytime,Noon - 2:59pm,13,Property Damage Crash,No,No,No,No,No,No,No,No,No,Yes,No,No,No,Multiple Vehicle Crashes,Loudoun County,Leesburg,Urban,39.10875,-77.5499,Non-Interstate,UR-4N (TOWN OF LEESBURG),4.0,PLAZA ST,0.06,Major Collector,Not at Intersection,,No,0,0,No,0,0,0,0,0,0,0,0,0,0,0,c3620518,0,0,1,Minor
2,2022-12-23,16:05:00,Friday,Sideswipe - Opposite Direction,Roadside,"Blacktop, Asphalt, Bituminous",No Defects,Dusk,Dusk,"Two-Way, Divided, Positive Median Barrier",Not Provided,Other,Straight - Level,Not Provided,No,Four Approaches,Not Provided,Traffic Signal,Dry,Intersection Area,Within Intersection,Yes - Working,No,2022,Winter,December,Daytime,3:00pm - 5:59pm,16,Injury Crash,No,Yes,No,No,No,No,No,No,No,Yes,Yes,No,No,Multiple Vehicle Crashes,Chesapeake City,,Urban,36.80681,-76.22844,Non-Interstate,ROKEBY AVE (PR - CITY OF CHESAPEAKE),,ROKEBY AVE,0.86,Local,At Intersection,PROVIDENCE RD,No,0,0,No,0,0,0,0,0,0,0,1,0,0,2,c1588605,0,1,0,Severe
1,2023-09-17,14:02:00,Sunday,Fixed Object - Off Road,Roadside,"Blacktop, Asphalt, Bituminous",No Defects,Daylight,Daylight,"Two-Way, Not Divided",Not Provided,Rain,Grade - Straight,Not Provided,No,Not at Intersection,Not Provided,No Traffic Control,Wet,Intersection Area,Non-Intersection,No Traffic Control Device Present,No,2023,Autumn,September,Daytime,Noon - 2:59pm,14,Property Damage Crash,Yes,Yes,No,No,No,No,No,No,No,No,No,No,No,Single Vehicle Crashes,Rockingham County,,Rural,38.38501,-79.01506,Non-Interstate,SC-747S (ROCKINGHAM COUNTY),747.0,MOSSY CREEK RD,1.46,Local,Not at Intersection,,No,0,0,No,0,0,0,0,0,0,0,0,0,0,0,c6858315,0,0,1,Minor
2,2024-12-12,20:34:00,Thursday,Angle,On Roadway,"Blacktop, Asphalt, Bituminous",No Defects,Darkness,Darkness - Road Lighted,"Two-Way, Divided, Unprotected Median",Not Provided,No Adverse Condition (Clear/Cloud),Straight - Level,Not Provided,No,Four Approaches,Not Provided,Traffic Signal,Dry,Intersection Area,Within Intersection,Yes - Working,No,2024,Winter,December,Nighttime,6:00pm - 8:59pm,20,Injury Crash,No,No,No,No,No,No,No,No,No,Yes,No,No,No,Multiple Vehicle Crashes,Newport News City,,Urban,37.14331,-76.54849,Non-Interstate,US-60E,60.0,WARWICK BLVD,254.05,Other Principal Arterial,At Intersection,CURTIS TIGNOR RD,No,0,0,No,0,0,0,0,0,0,0,0,0,0,2,c4098514,0,1,0,Severe
2,2024-10-16,15:20:00,Wednesday,Angle,On Roadway,"Blacktop, Asphalt, Bituminous",No Defects,Daylight,Daylight,"Two-Way, Not Divided",Not Provided,No Adverse Condition (Clear/Cloud),Straight - Level,Not Provided,No,Three Approaches,Not Provided,Stop Sign,Dry,Intersection Area,Within Intersection,Yes - Working,No,2024,Autumn,October,Daytime,3:00pm - 5:59pm,15,Injury Crash,No,No,No,No,No,No,No,No,No,Yes,No,No,No,Multiple Vehicle Crashes,Fairfax County,,Urban,38.74379,-77.09687,Non-Interstate,SC-3123E (FAIRFAX COUNTY),3123.0,FIELDING ST,0.6,Local,At Intersection,SEVEN WOODS DR,No,0,0,No,0,0,0,0,0,0,0,0,0,0,1,c0620183,0,0,1,Minor
2,2024-10-28,08:30:00,Monday,Rear End,On Roadway,"Blacktop, Asphalt, Bituminous",No Defects,Daylight,Daylight,"Two-Way, Divided, Positive Median Barrier",Not Provided,No Adverse Condition (Clear/Cloud),Straight - Level,Not Provided,No,Not at Intersection,Not Provided,Traffic Signal,Dry,Intersection Area,Non-Intersection,Yes - Working,No,2024,Autumn,October,Daytime,6:00am - 8:59am,8,Property Damage Crash,No,No,No,No,No,No,No,No,No,No,No,No,No,Multiple Vehicle Crashes,Albemarle County,,Rural,38.18616,-78.40063,Non-Interstate,US-29S,29.0,SEMINOLE TRL,149.74,Other Principal Arterial,Not at Intersection,,No,0,0,No,0,0,0,0,0,0,0,0,0,0,0,c4895119,0,0,1,Minor