NumberOfVehicles,CrashDate,CrashTime,DayOfWeek,TypeOfCollision,LocationOfFirstHarmfulEvent,RoadwaySurfaceType,RoadwayDefect,LightCondition_Category,LightCondition_Value,RoadwayDescription,WorkZoneLocation,WeatherCondition,RoadwayAlignment,WorkZoneWorkersPresent,SchoolZone,IntersectionType,WorkZoneType,TrafficControlType,RoadwaySurfaceCondition,RelationToRoadway_Category,RelationToRoadway_Value,TrafficControlMechanicalDevice,WorkZoneRelated,Year,Meteorological Season,MonthName,DaytimeNighttime_NHTSA,ThreeHourLabel,Hour,CrashType,AlcoholInvolved,SpeedRelated,CommercialMotorVehiclesInvolved,PedestrianInvolved,BicycleInvolved,MotorcycleInvolved,MopedInvolved,TrainRelated,SchoolZoneInvolved,TeenDriverInvolved,DistractedDriverInvolved,DriverTextingInvolved,DriverUsingCellPhone,Single_Multi_Vehicle,Jurisdiction,TownName,LocationTypeName,Latitude,Longitude,Interstate_NonInterstate,RoadName,RouteNumber,RouteName,MileMarker,FunctionalClassCode,AtIntersection,SecondaryLocation,MatureDriverInvolved,MatureDriverFatalities,MatureDriverInjuries,LargeTruckInvolved,PedestrianFatalities,PedestrianInjuries,MotorcycleFatalities,MotorcycleInjuries,BicycleFatalities,BicycleInjuries,DistractedDriverFatalities,DistractedDriverInjuries,UnrestrainedInjuries,Number_Of_Fatalities,Number_Of_Injuries,Crash_UID,Is_Fatal,Is_Severe,Is_Minor,SeverityLabel
2,2022-12-17,02:38:00,Saturday,Angle,On Roadway,"Blacktop, Asphalt, Bituminous",No Defects,Darkness,Darkness - Road Not Lighted,"Two-Way, Divided, Unprotected Median",Not Provided,No Adverse Condition (Clear/Cloud),Straight - Level,Not Provided,No,Four Approaches,Not Provided,Traffic Signal,Dry,Intersection Area,Within Intersection,Yes - Working,No,2022,Winter,December,Nighttime,Midnight - 2:59am,2,Injury Crash,Yes,No,No,No,No,No,No,No,No,No,No,No,No,Multiple Vehicle Crashes,Chesterfield County,,Urban,37.38089,-77.45337,Non-Interstate,VA-144S,144.0,CHESTER RD,13.96,Minor Arterial,At Intersection,CENTRALIA RD,No,0,0,No,0,0,0,0,0,0,0,0,1,0,2,c6789215,0,1,0,Severe
2,2022-10-08,17:24:00,Saturday,Angle,On Roadway,"Blacktop, Asphalt, Bituminous",No Defects,Daylight,Daylight,"Two-Way, Divided, Unprotected Median",Not Provided,No Adverse Condition (Clear/Cloud),Straight - Level,Not Provided,No,Four Approaches,Not Provided,Stop Sign,Dry,Intersection Area,Within Intersection,Yes - Working,No,2022,Autumn,October,Daytime,3:00pm - 5:59pm,17,Property Damage Crash,No,No,No,No,No,No,No,No,No,No,No,No,No,Multiple Vehicle Crashes,Richmond City,,Urban,37.53742,-77.46928,Non-Interstate,UR-7566E (CITY OF RICHMOND),,COLORADO AVE,0.16,Major Collector,At Intersection,CARTER ST,Yes,0,0,No,0,0,0,0,0,0,0,0,0,0,0,c3058535,0,0,1,Minor
2,2022-09-19,16:14:00,Monday,Rear End,On Roadway,"Blacktop, Asphalt, Bituminous",No Defects,Daylight,Daylight,Unknown,Advance Warning Area,No Adverse Condition (Clear/Cloud),Straight - Level,With No Law Enforcement,No,Three Approaches,Lane Shift/Crossover,Traffic Signal,Dry,Intersection Area,Within Intersection,Yes - Working,Yes,2022,Autumn,September,Daytime,3:00pm - 5:59pm,16,Property Damage Crash,No,No,No,No,No,No,No,No,No,No,No,No,No,Multiple Vehicle Crashes,Petersburg City,,Urban,37.22702,-77.39938,Non-Interstate,US-1N,1.0,WYTHE ST,70.72,Other Principal Arterial,At Intersection,JEFFERSON ST,Yes,0,0,No,0,0,0,0,0,0,0,0,0,0,0,c1291840,0,0,1,Minor
2,2024-11-02,12:13:00,Saturday,Rear End,On Roadway,"Blacktop, Asphalt, Bituminous",No Defects,Daylight,Daylight,"Two-Way, Not Divided",Not Provided,No Adverse Condition (Clear/Cloud),Straight - Level,Not Provided,No,Two Approaches,Not Provided,No Traffic Control,Dry,Interchange Area,Main-Line Roadway,No Traffic Control Device Present,No,2024,Autumn,November,Daytime,Noon - 2:59pm,12,Property Damage Crash,No,No,No,No,No,No,No,No,No,No,Yes,No,No,Multiple Vehicle Crashes,Rockingham County,Broadway,Urban,38.62131,-78.80721,Non-Interstate,VA-259N,259.0,BROCKS GAP RD,5.64,Minor Arterial,At Intersection,SUNSET DR,No,0,0,No,0,0,0,0,0,0,0,0,0,0,0,c8822301,0,0,1,Minor
2,2024-04-22,09:29:00,Monday,Rear End,On Roadway,"Blacktop, Asphalt, Bituminous",No Defects,Daylight,Daylight,"Two-Way, Divided, Positive Median Barrier",Not Provided,No Adverse Condition (Clear/Cloud),Straight - Level,Not Provided,No,Not at Intersection,Not Provided,Traffic Lanes Marked,Dry,Intersection Area,Non-Intersection,Yes - Working,No,2024,Spring,April,Daytime,9:00am - 11:59am,9,Injury Crash,No,Yes,No,No,No,No,No,No,No,Yes,Yes,No,No,Multiple Vehicle Crashes,Alexandria City,,Urban,38.81653,-77.13648,Interstate,I-395S,395.0,I-395,3.71,Interstate,Not at Intersection,,No,0,0,No,0,0,0,0,0,0,0,1,0,0,2,c2167717,0,1,0,Severe
1,2023-10-03,07:01:00,Tuesday,Deer,On Roadway,"Blacktop, Asphalt, Bituminous",No Defects,Dawn,Dawn,"Two-Way, Not Divided",Not Provided,No Adverse Condition (Clear/Cloud),Grade - Curve,Not Provided,No,Not at Intersection,Not Provided,No Traffic Control,Dry,Intersection Area,Non-Intersection,No Traffic Control Device Present,No,2023,Autumn,October,Daytime,6:00am - 8:59am,7,Property Damage Crash,No,No,No,No,No,No,No,No,No,No,No,No,No,Single Vehicle Crashes,Covington City,,Urban,37.77938,-79.9869,Non-Interstate,US-60E,60.0,MADISON ST,16.2,Other Principal Arterial,Not at Intersection,,No,0,0,No,0,0,0,0,0,0,0,0,0,0,0,c6145012,0,0,1,Minor
1,2022-06-15,10:15:00,Wednesday,Pedestrian,On Roadway,"Blacktop, Asphalt, Bituminous",No Defects,Daylight,Daylight,"Two-Way, Divided, Positive Median Barrier",Not Provided,No Adverse Condition (Clear/Cloud),Straight - Level,Not Provided,No,Two Approaches,Not Provided,Traffic Signal,Dry,Interchange Area,Main-Line Roadway,Yes - Working,No,2022,Summer,June,Daytime,9:00am - 11:59am,10,Injury Crash,No,No,No,Yes,No,No,No,No,No,No,No,No,No,Single Vehicle Crashes,Richmond City,,Urban,37.55934,-77.44271,Non-Interstate,SCHOOL ST (NP - CITY OF RICHMOND),,SCHOOL ST,0.28,Major Collector,At Intersection,CHAMBERLAYNE AVE,No,0,0,No,0,1,0,0,0,0,0,0,0,0,1,c0875393,0,0,1,Minor
2,2023-07-10,16:22:00,Monday,Backed Into,On Roadway,"Blacktop, Asphalt, Bituminous",No Defects,Daylight,Daylight,"Two-Way, Divided, Unprotected Median",Not Provided,No Adverse Condition (Clear/Cloud),Straight - Level,Not Provided,No,Not at Intersection,Not Provided,Traffic Signal,Dry,Intersection Area,Non-Intersection,Yes - Working,No,2023,Summer,July,Daytime,3:00pm - 5:59pm,16,Injury Crash,No,No,No,No,No,No,No,No,No,No,No,No,No,Multiple Vehicle Crashes,Newport News City,,Urban,37.13272,-76.54258,Non-Interstate,US-60E,60.0,WARWICK BLVD,254.7,Other Principal Arterial,At Intersection,OLD COURTHOUSE WAY,Yes,0,2,No,0,0,0,0,0,0,0,0,0,0,2,c8505591,0,1,0,Severe
2,2024-10-31,08:19:00,Thursday,Angle,On Roadway,"Blacktop, Asphalt, Bituminous",No Defects,Daylight,Daylight,"Two-Way, Not Divided",Not Provided,No Adverse Condition (Clear/Cloud),Straight - Level,Not Provided,No,Not at Intersection,Not Provided,Traffic Lanes Marked,Dry,Intersection Area,Non-Intersection,Yes - Working,No,2024,Autumn,October,Daytime,6:00am - 8:59am,8,Property Damage Crash,No,Yes,No,No,No,No,No,No,No,No,No,No,No,Multiple Vehicle Crashes,Prince William County,,Urban,38.64312,-77.50561,Non-Interstate,SC-646E (PRINCE WILLIAM COUNTY),646.0,ADEN RD,7.47,Major Collector,Not at Intersection,,No,0,0,No,0,0,0,0,0,0,0,0,0,0,0,c7341535,0,0,1,Minor
2,2023-05-16,16:20:00,Tuesday,Angle,On Roadway,"Blacktop, Asphalt, Bituminous",No Defects,Daylight,Daylight,"Two-Way, Divided, Positive Median Barrier",Not Provided,No Adverse Condition (Clear/Cloud),Straight - Level,Not Provided,No,Four Approaches,Not Provided,Traffic Signal,Dry,Intersection Area,Within Intersection,Yes - Working,No,2023,Spring,May,Daytime,3:00pm - 5:59pm,16,Injury Crash,No,No,No,No,No,No,No,No,No,No,No,No,No,Multiple Vehicle Crashes,Va. Beach City,,Urban,36.83737,-76.0655,Non-Interstate,UR-14S (CITY OF VIRGINIA BEACH),14.0,LYNNHAVEN PKWY,2.98,Minor Arterial,At Intersection,LYNNHAVEN RD,No,0,0,No,0,0,0,0,0,0,0,0,0,0,2,c4011829,0,1,0,Severe
2,2022-02-14,10:14:00,Monday,Sideswipe - Same Direction,On Roadway,"Blacktop, Asphalt, Bituminous",No Defects,Daylight,Daylight,"Two-Way, Divided, Positive Median Barrier",Not Provided,No Adverse Condition (Clear/Cloud),Straight - Level,Not Provided,No,Two Approaches,Not Provided,Traffic Signal,Dry,Interchange Area,Main-Line Roadway,Yes - Working,No,2022,Winter,February,Daytime,9:00am - 11:59am,10,Property Damage Crash,No,No,No,No,No,No,No,No,No,No,No,No,No,Multiple Vehicle Crashes,Fairfax County,,Urban,38.84715,-77.12057,Non-Interstate,VA-7W,7.0,LEESBURG PIKE,67.66,Other Principal Arterial,At Intersection,LEESBURG PIKE SERVICE RD,No,0,0,No,0,0,0,0,0,0,0,0,0,0,0,c2025492,0,0,1,Minor
2,2024-10-26,17:55:00,Saturday,Angle,On Roadway,"Blacktop, Asphalt, Bituminous",No Defects,Daylight,Daylight,"Two-Way, Not Divided",Not Provided,No Adverse Condition (Clear/Cloud),Curve - Level,Not Provided,No,Roundabout,Not Provided,Yield Sign,Dry,Intersection Area,Within Intersection,Yes - Working,No,2024,Autumn,October,Daytime,3:00pm - 5:59pm,17,Property Damage Crash,No,No,No,No,No,No,No,No,No,No,No,No,No,Multiple Vehicle Crashes,Chesterfield County,,Urban,37.39598,-77.70738,Non-Interstate,SC-667S (CHESTERFIELD COUNTY),667.0,OTTERDALE RD,1.93,Local,At Intersection,HAMPTON PARK DR,No,0,0,No,0,0,0,0,0,0,0,0,0,0,0,c2407701,0,0,1,Minor
2,2023-06-02,15:16:00,Friday,Rear End,On Roadway,Concrete,No Defects,Dawn,Dawn,"One-Way, Not Divided",Not Provided,No Adverse Condition (Clear/Cloud),Straight - Level,Not Provided,No,Two Approaches,Not Provided,No Traffic Control,Dry,Intersection Area,Within Intersection,No Traffic Control Device Present,No,2023,Summer,June,Daytime,3:00pm - 5:59pm,15,Injury Crash,No,No,No,Yes,No,No,No,No,No,No,Yes,No,No,Multiple Vehicle Crashes,Norfolk City,,Urban,36.86382,-76.28849,Non-Interstate,SHIRLEY AVE (PR - CITY OF NORFOLK),,SHIRLEY AVE,0.09,Local,At Intersection,LLEWELLYN AVE,No,0,0,No,0,1,0,0,0,0,0,0,0,0,1,c3134186,0,0,1,Minor
1,2024-12-28,15:30:00,Saturday,Fixed Object - Off Road,On Roadway,"Blacktop, Asphalt, Bituminous",No Defects,Daylight,Daylight,"Two-Way, Not Divided",Not Provided,Rain,Straight - Level,Not Provided,No,Not at Intersection,Not Provided,No Traffic Control,Wet,Intersection Area,Non-Intersection,No Traffic Control Device Present,No,2024,Winter,December,Daytime,3:00pm - 5:59pm,15,Property Damage Crash,No,No,No,No,No,No,No,No,No,No,No,No,No,Single Vehicle Crashes,Hanover County,,Urban,37.68103,-77.39682,Non-Interstate,SC-643S (HANOVER COUNTY),643.0,NEW ASHCAKE RD,8.85,Minor Arterial,Not at Intersection,,No,0,0,No,0,0,0,0,0,0,0,0,0,0,0,c4989401,0,0,1,Minor
2,2024-05-12,17:35:00,Sunday,Angle,On Roadway,"Blacktop, Asphalt, Bituminous",No Defects,Daylight,Daylight,"Two-Way, Divided, Unprotected Median",Not Provided,No Adverse Condition (Clear/Cloud),Straight - Level,Not Provided,No,Not at Intersection,Not Provided,Traffic Lanes Marked,Dry,Intersection Area,Non-Intersection,Yes - Working,No,2024,Spring,May,Daytime,3:00pm - 5:59pm,17,Property Damage Crash,No,No,No,No,No,No,No,No,No,No,No,No,No,Multiple Vehicle Crashes,Rockbridge County,,Rural,37.62837,-79.57057,Non-Interstate,US-11S,11.0,LEE HWAY,188.48,Minor Arterial,At Intersection,I-81 RAMP,Yes,0,0,No,0,0,0,0,0,0,0,0,0,0,0,c6298766,0,0,1,Minor
2,2022-08-23,06:49:00,Tuesday,Rear End,On Roadway,"Blacktop, Asphalt, Bituminous",No Defects,Daylight,Daylight,"Two-Way, Divided, Positive Median Barrier",Not Provided,No Adverse Condition (Clear/Cloud),Straight - Level,Not Provided,No,Not at Intersection,Not Provided,Traffic Lanes Marked,Dry,Interchange Area,Main-Line Roadway,Yes - Working,No,2022,Summer,August,Daytime,6:00am - 8:59am,6,Property Damage Crash,No,No,No,No,No,No,No,No,No,No,No,No,No,Multiple Vehicle Crashes,Stafford County,,Urban,38.44558,-77.40204,Non-Interstate,US-1N,1.0,JEFFERSON DAVIS HWY,158.47,Other Principal Arterial,At Intersection,COAL LANDING RD,No,0,0,No,0,0,0,0,0,0,0,0,0,0,0,c1623091,0,0,1,Minor
2,2022-12-08,23:05:00,Thursday,Sideswipe - Same Direction,On Roadway,"Blacktop, Asphalt, Bituminous",No Defects,Darkness,Darkness - Road Lighted,"Two-Way, Not Divided",Not Provided,Rain,Curve - Level,Not Provided,No,Four Approaches,Not Provided,Traffic Signal,Wet,Intersection Area,Within Intersection,Yes - Working,No,2022,Winter,December,Nighttime,9:00pm - 11:59pm,23,Injury Crash,No,No,No,No,No,No,No,No,No,No,No,No,No,Multiple Vehicle Crashes,Bristol City,,Urban,36.6324,-82.12169,Non-Interstate,US-11N,11.0,LEE HWY,5.9,Minor Arterial,At Intersection,OLD AIRPORT RD,No,0,0,No,0,0,0,0,0,0,0,0,0,0,2,c5956844,0,1,0,Severe
3,2022-02-03,17:30:00,Thursday,Angle,On Roadway,"Blacktop, Asphalt, Bituminous",No Defects,Darkness,Darkness - Road Not Lighted,"Two-Way, Divided, Unprotected Median",Not Provided,Rain,Straight - Level,Not Provided,No,Four Approaches,Not Provided,Traffic Signal,Wet,Intersection Area,Within Intersection,Yes - Working,No,2022,Winter,February,Daytime,3:00pm - 5:59pm,17,Injury Crash,No,No,No,No,No,No,No,No,No,No,No,No,No,Multiple Vehicle Crashes,Frederick County,,Urban,39.12112,-78.19623,Non-Interstate,US-11S,11.0,VALLEY PIKE,325.13,Other Principal Arterial,At Intersection,VALLEYRAMP,No,0,0,No,0,0,0,0,0,0,0,0,0,0,1,c6018529,0,0,1,Minor
2,2024-01-06,17:17:00,Saturday,Angle,On Roadway,"Blacktop, Asphalt, Bituminous",No Defects,Darkness,Darkness - Road Lighted,"Two-Way, Not Divided",Not Provided,Rain,Straight - Level,Not Provided,No,Four Approaches,Not Provided,Traffic Signal,Wet,Intersection Area,Within Intersection,Yes - Working,No,2024,Winter,January,Daytime,3:00pm - 5:59pm,17,Injury Crash,No,No,No,No,No,No,No,No,No,No,No,No,No,Multiple Vehicle Crashes,Manassas City,,Urban,38.76402,-77.46359,Non-Interstate,PORTNER AVE (NP - CITY OF MANASSAS),,PORTNER AVE,0.38,Minor Collector,At Intersection,LIBERIA AVE,No,0,0,No,0,0,0,0,0,0,0,0,0,0,1,c6449136,0,0,1,Minor
1,2022-03-17,07:20:00,Thursday,Fixed Object - Off Road,Roadside,"Blacktop, Asphalt, Bituminous",No Defects,Daylight,Daylight,"Two-Way, Divided, Positive Median Barrier",Not Provided,Rain,Straight - Level,Not Provided,No,Not at Intersection,Not Provided,Traffic Lanes Marked,Wet,Intersection Area,Non-Intersection,Yes - Working,No,2022,Spring,March,Daytime,6:00am - 8:59am,7,Property Damage Crash,No,Yes,No,No,No,No,No,No,No,Yes,No,No,No,Single Vehicle Crashes,Petersburg City,,Urban,37.20443,-77.41297,Interstate,I-85N,85.0,I-85,67.0,Interstate,Not at Intersection,,No,0,0,No,0,0,0,0,0,0,0,0,0,0,0,c2735957,0,0,1,Minor
1,2022-06-13,20:01:00,Monday,Fixed Object - Off Road,Roadside,"Blacktop, Asphalt, Bituminous",No Defects,Daylight,Daylight,"Two-Way, Not Divided",Not Provided,No Adverse Condition (Clear/Cloud),Hillcrest - Curve,Not Provided,No,Not at Intersection,Not Provided,No Traffic Control,Dry,Intersection Area,Non-Intersection,No Traffic Control Device Present,No,2022,Summer,June,Nighttime,6:00pm - 8:59pm,20,Injury Crash,Yes,No,No,No,No,No,No,No,No,No,No,No,No,Single Vehicle Crashes,Lynchburg City,,Urban,37.40327,-79.19284,Non-Interstate,MOORMANS RD (PR - CITY OF LYNCHBURG),,MOORMANS RD,0.27,Local,Not at Intersection,,No,0,0,No,0,0,0,0,0,0,0,0,0,0,1,c0837278,0,0,1,Minor
2,2022-04-12,17:25:00,Tuesday,Rear End,On Roadway,"Blacktop, Asphalt, Bituminous",No Defects,Daylight,Daylight,"Two-Way, Divided, Unprotected Median",Not Provided,No Adverse Condition (Clear/Cloud),Straight - Level,Not Provided,No,Not at Intersection,Not Provided,Traffic Lanes Marked,Dry,Intersection Area,Non-Intersection,Yes - Working,No,2022,Spring,April,Daytime,3:00pm - 5:59pm,17,Property Damage Crash,No,Yes,No,No,No,No,No,No,No,No,No,No,No,Multiple Vehicle Crashes,Frederick County,,Rural,39.05766,-78.23879,Interstate,I-81S,81.0,I-81,305.88,Interstate,Not at Intersection,,No,0,0,No,0,0,0,0,0,0,0,0,0,0,0,c1517215,0,0,1,Minor
2,2023-09-08,15:15:00,Friday,Angle,On Roadway,"Blacktop, Asphalt, Bituminous",No Defects,Daylight,Daylight,"Two-Way, Not Divided",Not Provided,No Adverse Condition (Clear/Cloud),Straight - Level,Not Provided,No,Two Approaches,Not Provided,Traffic Lanes Marked,Dry,Intersection Area,Intersection Related - Within 150 Feet,Yes - Working,No,2023,Autumn,September,Daytime,3:00pm - 5:59pm,15,Injury Crash,No,No,No,No,No,No,No,No,No,No,No,No,No,Multiple Vehicle Crashes,Arlington County,,Urban,38.87284,-77.08165,Non-Interstate,VA-27E,27.0,WASHINGTON BLVD,0.25,Other Freeways and Expressways,At Intersection,WALTER REED DR,No,0,0,No,0,0,0,0,0,0,0,0,0,0,2,c3013591,0,1,0,Severe
2,2023-01-22,21:47:00,Sunday,Sideswipe - Same Direction,On Roadway,"Blacktop, Asphalt, Bituminous",No Defects,Darkness,Darkness - Road Lighted,"Two-Way, Divided, Positive Median Barrier",Not Provided,Rain,Straight - Level,Not Provided,No,Two Approaches,Not Provided,Traffic Lanes Marked,Wet,Interchange Area,"Other interchange area (median, shoulder & roadside)",Yes - Working,No,2023,Winter,January,Nighttime,9:00pm - 11:59pm,21,Property Damage Crash,No,No,No,No,No,No,No,No,No,No,No,No,No,Multiple Vehicle Crashes,Richmond City,,Urban,37.55665,-77.40955,Non-Interstate,US-360E,360.0,MECHANICSVILLE TPKE,143.21,Other Principal Arterial,At Intersection,I-64 RAMP,No,0,0,No,0,0,0,0,0,0,0,0,0,0,0,c5015953,0,0,1,Minor
2,2022-10-21,15:47:00,Friday,Angle,On Roadway,"Blacktop, Asphalt, Bituminous",No Defects,Daylight,Daylight,"Two-Way, Not Divided",Not Provided,No Adverse Condition (Clear/Cloud),Straight - Level,Not Provided,No,Three Approaches,Not Provided,No Traffic Control,Dry,Intersection Area,Within Intersection,No Traffic Control Device Present,No,2022,Autumn,October,Daytime,3:00pm - 5:59pm,15,Property Damage Crash,No,Yes,No,No,No,No,No,No,No,No,No,No,No,Multiple Vehicle Crashes,Campbell County,,Rural,37.16576,-79.35785,Non-Interstate,SC-682S (CAMPBELL COUNTY),682.0,LEESVILLE RD,4.47,Local,At Intersection,JOHNSON CREEK RD,No,0,0,No,0,0,0,0,0,0,0,0,0,0,0,c3920762,0,0,1,Minor
2,2022-12-05,07:18:00,Monday,Head On,On Roadway,"Blacktop, Asphalt, Bituminous",No Defects,Daylight,Daylight,"Two-Way, Not Divided",Not Provided,No Adverse Condition (Clear/Cloud),Straight - Level,Not Provided,No,Not at Intersection,Not Provided,Traffic Lanes Marked,Icy,Intersection Area,Non-Intersection,Yes - Working,No,2022,Winter,December,Daytime,6:00am - 8:59am,7,Injury Crash,No,No,No,No,No,No,No,No,No,No,No,No,No,Multiple Vehicle Crashes,Prince George County,,Urban,37.25114,-77.27693,Non-Interstate,VA-156S,156.0,PRINCE GEORGE DR,14.46,Minor Arterial,Not at Intersection,,No,0,0,No,0,0,0,0,0,0,0,0,1,0,2,c8224996,0,1,0,Severe
1,2023-11-07,19:20:00,Tuesday,Deer,On Roadway,"Blacktop, Asphalt, Bituminous",No Defects,Darkness,Darkness - Road Not Lighted,"Two-Way, Not Divided",Not Provided,No Adverse Condition (Clear/Cloud),Curve - Level,Not Provided,No,Not at Intersection,Not Provided,No Traffic Control,Dry,Interchange Area,Main-Line Roadway,No Traffic Control Device Present,No,2023,Autumn,November,Nighttime,6:00pm - 8:59pm,19,Property Damage Crash,No,No,No,No,No,No,No,No,No,No,No,No,No,Single Vehicle Crashes,Bedford County,Bedford,Rural,37.32003,-79.48896,Non-Interstate,US-460W,460.0,LYNCHBURG SALEM TPKE,185.22,Other Principal Arterial,Not at Intersection,,Yes,0,0,No,0,0,0,0,0,0,0,0,0,0,0,c1202883,0,0,1,Minor
1,2022-05-25,08:09:00,Wednesday,Fixed Object - Off Road,Shoulder,"Blacktop, Asphalt, Bituminous",No Defects,Daylight,Daylight,"Two-Way, Divided, Positive Median Barrier",Advance Warning Area,Rain,Straight - Level,With No Law Enforcement,No,Not at Intersection,Work on Shoulder or Median,Highway Safety Corridor,Wet,Intersection Area,Non-Intersection,Yes - Working,Yes,2022,Spring,May,Daytime,6:00am - 8:59am,8,Property Damage Crash,No,Yes,Yes,No,No,No,No,No,No,No,No,No,No,Single Vehicle Crashes,Roanoke County,,Urban,37.31122,-80.06229,Interstate,I-81S,81.0,I-81,140.36,Interstate,Not at Intersection,,Yes,0,0,Yes,0,0,0,0,0,0,0,0,0,0,0,c2858629,0,0,1,Minor
2,2022-04-02,11:20:00,Saturday,Other,On Roadway,Concrete,No Defects,Daylight,Daylight,"Two-Way, Not Divided",Not Provided,No Adverse Condition (Clear/Cloud),Straight - Level,Not Provided,No,Not at Intersection,Not Provided,Traffic Lanes Marked,Dry,Interchange Area,Main-Line Roadway,Yes - Working,No,2022,Spring,April,Daytime,9:00am - 11:59am,11,Injury Crash,No,No,No,No,No,No,No,No,No,No,No,No,No,Multiple Vehicle Crashes,Hampton City,,Urban,37.09346,-76.39445,Non-Interstate,UR-7034E (CITY OF HAMPTON),7034.0,COMMANDER SHEPARD BLVD,3.04,Minor Arterial,Not at Intersection,,No,0,0,No,0,0,0,0,0,0,0,0,0,0,4,c4971051,0,1,0,Severe
1,2022-10-13,06:08:00,Thursday,Non-Collision,Shoulder,"Blacktop, Asphalt, Bituminous",No Defects,Darkness,Darkness - Road Not Lighted,"Two-Way, Not Divided",Not Provided,Rain,Grade - Curve,Not Provided,No,Three Approaches,Not Provided,Slow or Warning Sign,Wet,Intersection Area,Within Intersection,Yes - Working,No,2022,Autumn,October,Daytime,6:00am - 8:59am,6,Property Damage Crash,No,No,No,No,No,No,No,No,No,No,No,No,No,Single Vehicle Crashes,Chesterfield County,,Urban,37.44889,-77.45652,Non-Interstate,SC-638E (CHESTERFIELD COUNTY),638.0,COGBILL RD,6.63,Major Collector,At Intersection,WHETSTONE RD,No,0,0,No,0,0,0,0,0,0,0,0,0,0,0,c2379662,0,0,1,Minor
2,2024-10-07,15:43:00,Monday,Rear End,On Roadway,"Blacktop, Asphalt, Bituminous",No Defects,Daylight,Daylight,"One-Way, Not Divided",Not Provided,No Adverse Condition (Clear/Cloud),Straight - Level,Not Provided,No,Not at Intersection,Not Provided,Yield Sign,Dry,Interchange Area,On Entrance/Exit Ramp,Yes - Working,No,2024,Autumn,October,Daytime,3:00pm - 5:59pm,15,Property Damage Crash,No,No,No,No,No,No,No,No,No,No,No,No,No,Multiple Vehicle Crashes,Chesapeake City,,Urban,36.72807,-76.30299,Non-Interstate,VA-165S,165.0,MOSES GRANDY TRL,2.64,Minor Arterial,At Intersection,DOMINION BLVD RAMP,No,0,0,No,0,0,0,0,0,0,0,0,0,0,0,c5998672,0,0,1,Minor
2,2022-12-15,18:13:00,Thursday,Head On,On Roadway,"Blacktop, Asphalt, Bituminous",No Defects,Darkness,Darkness - Road Not Lighted,"Two-Way, Divided, Unprotected Median",Not Provided,Rain,Straight - Level,Not Provided,No,Four Approaches,Not Provided,Stop Sign,Wet,Interchange Area,Main-Line Roadway,Yes - Working,No,2022,Winter,December,Nighttime,6:00pm - 8:59pm,18,Property Damage Crash,No,No,No,No,No,No,No,No,No,No,No,No,No,Multiple Vehicle Crashes,Fairfax County,,Urban,38.81363,-77.21008,Non-Interstate,SC-2686W (FAIRFAX COUNTY),2686.0,KALORAMA RD,0.43,Local,At Intersection,BRISTOW DR,No,0,0,No,0,0,0,0,0,0,0,0,0,0,0,c7442684,0,0,1,Minor
3,2023-08-16,17:24:00,Wednesday,Rear End,On Roadway,"Blacktop, Asphalt, Bituminous",No Defects,Daylight,Daylight,"Two-Way, Divided, Unprotected Median",Not Provided,No Adverse Condition (Clear/Cloud),Straight - Level,Not Provided,No,Not at Intersection,Not Provided,Traffic Signal,Dry,Intersection Area,Non-Intersection,Yes - Working,No,2023,Summer,August,Daytime,3:00pm - 5:59pm,17,Injury Crash,No,No,No,No,No,No,No,No,No,No,No,No,No,Multiple Vehicle Crashes,Bristol City,,Urban,36.60594,-82.1929,Non-Interstate,VA-381N,381.0,COMMONWEALTH AVE,0.84,Other Principal Arterial,At Intersection,PROSPECT AVE,Yes,0,0,No,0,0,0,0,0,0,0,0,0,0,1,c8676822,0,0,1,Minor
1,2024-12-26,18:22:00,Thursday,Deer,On Roadway,"Blacktop, Asphalt, Bituminous",No Defects,Darkness,Darkness - Road Not Lighted,"Two-Way, Not Divided",Not Provided,No Adverse Condition (Clear/Cloud),Straight - Level,Not Provided,No,Not at Intersection,Not Provided,Traffic Lanes Marked,Dry,Intersection Area,Non-Intersection,Yes - Working,No,2024,Winter,December,Nighttime,6:00pm - 8:59pm,18,Property Damage Crash,No,No,No,No,No,No,No,No,No,No,No,No,No,Single Vehicle Crashes,Henrico County,,Urban,37.55034,-77.27349,Non-Interstate,VA-156N,156.0,AIRPORT DR,50.88,Minor Arterial,Not at Intersection,,No,0,0,No,0,0,0,0,0,0,0,0,0,0,0,c0841221,0,0,1,Minor
2,2022-01-29,17:10:00,Saturday,Sideswipe - Same Direction,On Roadway,"Blacktop, Asphalt, Bituminous",No Defects,Daylight,Daylight,"Two-Way, Divided, Positive Median Barrier",Not Provided,No Adverse Condition (Clear/Cloud),Straight - Level,Not Provided,No,Not at Intersection,Not Provided,Traffic Lanes Marked,Dry,Interchange Area,Main-Line Roadway,Yes - Working,No,2022,Winter,January,Daytime,3:00pm - 5:59pm,17,Property Damage Crash,No,No,No,No,No,No,No,No,No,No,No,No,No,Multiple Vehicle Crashes,Bristol City,,Urban,36.633,-82.1218,Non-Interstate,CLEAR CREEK RD (PR - CITY OF BRISTOL),,CLEAR CREEK RD,0.02,Major Collector,At Intersection,LEE HWY,No,0,0,No,0,0,0,0,0,0,0,0,0,0,0,c4872734,0,0,1,Minor
2,2024-10-30,16:17:00,Wednesday,Angle,On Roadway,"Blacktop, Asphalt, Bituminous",No Defects,Daylight,Daylight,"Two-Way, Divided, Positive Median Barrier",Not Provided,No Adverse Condition (Clear/Cloud),Straight - Level,Not Provided,No,Four Approaches,Not Provided,Traffic Signal,Dry,Interchange Area,Main-Line Roadway,Yes - Working,No,2024,Autumn,October,Daytime,3:00pm - 5:59pm,16,Injury Crash,No,No,No,No,No,No,No,No,No,No,No,No,No,Multiple Vehicle Crashes,Hampton City,,Urban,37.04542,-76.39028,Non-Interstate,COLISEUM DR (NP - CITY OF HAMPTON),0.0,COLISEUM DR,1.08,Local,At Intersection,MERCHANT LN,No,0,0,No,0,0,0,0,0,0,0,0,0,0,2,c8979908,0,1,0,Severe