NumberOfVehicles,CrashDate,CrashTime,DayOfWeek,TypeOfCollision,LocationOfFirstHarmfulEvent,RoadwaySurfaceType,RoadwayDefect,LightCondition_Category,LightCondition_Value,RoadwayDescription,WorkZoneLocation,WeatherCondition,RoadwayAlignment,WorkZoneWorkersPresent,SchoolZone,IntersectionType,WorkZoneType,TrafficControlType,RoadwaySurfaceCondition,RelationToRoadway_Category,RelationToRoadway_Value,TrafficControlMechanicalDevice,WorkZoneRelated,Year,Meteorological Season,MonthName,DaytimeNighttime_NHTSA,ThreeHourLabel,Hour,CrashType,AlcoholInvolved,SpeedRelated,CommercialMotorVehiclesInvolved,PedestrianInvolved,BicycleInvolved,MotorcycleInvolved,MopedInvolved,TrainRelated,SchoolZoneInvolved,TeenDriverInvolved,DistractedDriverInvolved,DriverTextingInvolved,DriverUsingCellPhone,Single_Multi_Vehicle,Jurisdiction,TownName,LocationTypeName,Latitude,Longitude,Interstate_NonInterstate,RoadName,RouteNumber,RouteName,MileMarker,FunctionalClassCode,AtIntersection,SecondaryLocation,MatureDriverInvolved,MatureDriverFatalities,MatureDriverInjuries,LargeTruckInvolved,PedestrianFatalities,PedestrianInjuries,MotorcycleFatalities,MotorcycleInjuries,BicycleFatalities,BicycleInjuries,DistractedDriverFatalities,DistractedDriverInjuries,UnrestrainedInjuries,Number_Of_Fatalities,Number_Of_Injuries,Crash_UID,Is_Fatal,Is_Severe,Is_Minor,SeverityLabel
2,2024-02-26,12:39:00,Monday,Rear End,On Roadway,"Blacktop, Asphalt, Bituminous",No Defects,Daylight,Daylight,"Two-Way, Divided, Unprotected Median",Not Provided,No Adverse Condition (Clear/Cloud),Straight - Level,Not Provided,No,Three Approaches,Not Provided,Traffic Signal,Dry,Intersection Area,Within Intersection,Yes - Working,No,2024,Winter,February,Daytime,Noon - 2:59pm,12,Property Damage Crash,No,No,No,No,No,No,No,No,No,Yes,No,No,No,Multiple Vehicle Crashes,Richmond City,,Urban,37.54192,-77.44918,Non-Interstate,US-1S,1.0,BELVIDERE ST,93.06,Other Principal Arterial,At Intersection,IDLEWOOD AVE,No,0,0,No,0,0,0,0,0,0,0,0,0,0,0,c8577850,0,0,1,Minor
2,2024-06-24,09:05:00,Monday,Sideswipe - Same Direction,On Roadway,"Blacktop, Asphalt, Bituminous",No Defects,Daylight,Daylight,"Two-Way, Divided, Unprotected Median",Not Provided,No Adverse Condition (Clear/Cloud),Grade - Straight,Not Provided,No,Not at Intersection,Not Provided,No Traffic Control,Dry,Intersection Area,Non-Intersection,No Traffic Control Device Present,No,2024,Summer,June,Daytime,9:00am - 11:59am,9,Property Damage Crash,No,No,No,No,No,No,No,No,No,No,No,No,No,Multiple Vehicle Crashes,Fairfax County,,Urban,38.78824,-77.06643,Non-Interstate,US-1S,1.0,RICHMOND HWAY,190.99,Other Principal Arterial,At Intersection,MOUNT EAGLE DR,No,0,0,No,0,0,0,0,0,0,0,0,0,0,0,c9702635,0,0,1,Minor
1,2024-04-07,01:25:00,Sunday,Fixed Object - Off Road,Shoulder,"Blacktop, Asphalt, Bituminous",No Defects,Darkness,Darkness - Road Not Lighted,"Two-Way, Divided, Positive Median Barrier",Not Provided,No Adverse Condition (Clear/Cloud),Grade - Curve,Not Provided,No,Not at Intersection,Not Provided,Traffic Lanes Marked,Dry,Intersection Area,Non-Intersection,Yes - Working,No,2024,Spring,April,Nighttime,Midnight - 2:59am,1,Property Damage Crash,No,No,No,No,No,No,No,No,No,No,No,No,No,Single Vehicle Crashes,Montgomery County,,Rural,37.15532,-80.32471,Interstate,I-81N,81.0,I-81,120.89,Interstate,Not at Intersection,,No,0,0,No,0,0,0,0,0,0,0,0,0,0,0,c1218603,0,0,1,Minor
1,2024-10-06,12:32:00,Sunday,Fixed Object - Off Road,On Roadway,"Blacktop, Asphalt, Bituminous",No Defects,Daylight,Daylight,"Two-Way, Divided, Unprotected Median",Not Provided,No Adverse Condition (Clear/Cloud),Curve - Level,Not Provided,No,Not at Intersection,Not Provided,Traffic Lanes Marked,Dry,Intersection Area,Non-Intersection,Yes - Working,No,2024,Autumn,October,Daytime,Noon - 2:59pm,12,Injury Crash,No,Yes,No,No,No,No,No,No,No,No,Yes,No,Yes,Single Vehicle Crashes,Prince William County,,Urban,38.74393,-77.43638,Non-Interstate,SC-689W (PRINCE WILLIAM COUNTY),689.0,SIGNAL HILL RD,0.92,Local,Not at Intersection,,Yes,0,1,No,0,0,0,0,0,0,0,1,1,0,2,c0879548,0,1,0,Severe
1,2022-03-07,11:45:00,Monday,Fixed Object - Off Road,Shoulder,"Blacktop, Asphalt, Bituminous",No Defects,Daylight,Daylight,"Two-Way, Divided, Positive Median Barrier",Not Provided,No Adverse Condition (Clear/Cloud),Straight - Level,Not Provided,No,Not at Intersection,Not Provided,Traffic Lanes Marked,Dry,Interchange Area,Main-Line Roadway,No Traffic Control Device Present,No,2022,Spring,March,Daytime,9:00am - 11:59am,11,Property Damage Crash,No,No,No,No,No,No,No,No,No,No,Yes,No,No,Single Vehicle Crashes,Frederick County,,Rural,39.22491,-78.27957,Non-Interstate,US-50E,50.0,NORTHWESTERN PIKE,8.87,Other Principal Arterial,Not at Intersection,,Yes,0,0,No,0,0,0,0,0,0,0,0,0,0,0,c1733981,0,0,1,Minor
1,2024-01-06,15:09:00,Saturday,Fixed Object - Off Road,Shoulder,"Blacktop, Asphalt, Bituminous",No Defects,Daylight,Daylight,"Two-Way, Divided, Positive Median Barrier",Not Provided,Rain,Straight - Level,Not Provided,No,Not at Intersection,Not Provided,Traffic Lanes Marked,Wet,Intersection Area,Non-Intersection,Yes - Working,No,2024,Winter,January,Daytime,3:00pm - 5:59pm,15,Property Damage Crash,No,No,No,No,No,No,No,No,No,No,No,No,No,Single Vehicle Crashes,Norfolk City,,Urban,36.88403,-76.22187,Interstate,I-64E,64.0,I-64,281.0,Interstate,Not at Intersection,,No,0,0,No,0,0,0,0,0,0,0,0,0,0,0,c1902526,0,0,1,Minor
1,2023-12-11,00:15:00,Monday,Fixed Object - Off Road,Roadside,"Blacktop, Asphalt, Bituminous",No Defects,Darkness,Darkness - Road Not Lighted,"Two-Way, Divided, Positive Median Barrier",Not Provided,Snow,Straight - Level,Not Provided,No,Not at Intersection,Not Provided,Traffic Lanes Marked,Snowy,Intersection Area,Non-Intersection,Yes - Working,No,2023,Winter,December,Nighttime,Midnight - 2:59am,0,Property Damage Crash,Yes,No,No,No,No,No,No,No,No,No,No,No,No,Single Vehicle Crashes,Augusta County,,Rural,38.16263,-79.01318,Interstate,I-81N,81.0,I-81,225.85,Interstate,Not at Intersection,,No,0,0,No,0,0,0,0,0,0,0,0,0,0,0,c6268216,0,0,1,Minor
2,2024-07-02,16:37:00,Tuesday,Other,On Roadway,"Blacktop, Asphalt, Bituminous",No Defects,Daylight,Daylight,"Two-Way, Divided, Positive Median Barrier",Not Provided,No Adverse Condition (Clear/Cloud),Straight - Level,Not Provided,No,Four Approaches,Not Provided,Stop Sign,Dry,Interchange Area,Main-Line Roadway,Yes - Working,No,2024,Summer,July,Daytime,3:00pm - 5:59pm,16,Property Damage Crash,No,No,No,No,No,No,No,No,No,No,No,No,No,Multiple Vehicle Crashes,Fairfax County,,Urban,38.75417,-77.26525,Non-Interstate,SC-4521N (FAIRFAX COUNTY),4521.0,HUNTSMAN BLVD,0.89,Major Collector,At Intersection,DOROTHY LN,Yes,0,0,No,0,0,0,0,0,0,0,0,0,0,0,c0441393,0,0,1,Minor
1,2024-10-26,18:38:00,Saturday,Non-Collision,On Roadway,"Blacktop, Asphalt, Bituminous",No Defects,Dusk,Dusk,"Two-Way, Divided, Unprotected Median",Not Provided,No Adverse Condition (Clear/Cloud),Straight - Level,Not Provided,No,Not at Intersection,Not Provided,Traffic Lanes Marked,Dry,Intersection Area,Non-Intersection,Yes - Working,No,2024,Autumn,October,Nighttime,6:00pm - 8:59pm,18,Property Damage Crash,No,No,No,No,No,No,No,No,No,No,No,No,No,Single Vehicle Crashes,Louisa County,,Rural,37.92615,-78.08478,Interstate,I-64E,64.0,I-64,145.09,Interstate,Not at Intersection,,Yes,0,0,No,0,0,0,0,0,0,0,0,0,0,0,c5847907,0,0,1,Minor
2,2023-12-18,15:48:00,Monday,Rear End,On Roadway,"Blacktop, Asphalt, Bituminous",No Defects,Daylight,Daylight,"Two-Way, Divided, Positive Median Barrier",Not Provided,No Adverse Condition (Clear/Cloud),Straight - Level,Not Provided,No,Four Approaches,Not Provided,Traffic Lanes Marked,Dry,Intersection Area,Within Intersection,Yes - Working,No,2023,Winter,December,Daytime,3:00pm - 5:59pm,15,Property Damage Crash,No,No,No,No,No,No,No,No,No,No,Yes,No,No,Multiple Vehicle Crashes,Loudoun County,,Rural,38.97832,-77.48357,Non-Interstate,SC-606W (LOUDOUN COUNTY),606.0,OLD OX RD,6.41,Minor Arterial,At Intersection,LADBROOK DR,Yes,0,0,No,0,0,0,0,0,0,0,0,0,0,0,c2211252,0,0,1,Minor
3,2022-11-27,11:15:00,Sunday,Rear End,On Roadway,"Blacktop, Asphalt, Bituminous",No Defects,Daylight,Daylight,"Two-Way, Divided, Positive Median Barrier",Not Provided,Rain,Straight - Level,Not Provided,No,Not at Intersection,Not Provided,Highway Safety Corridor,Wet,Intersection Area,Non-Intersection,Yes - Working,No,2022,Autumn,November,Daytime,9:00am - 11:59am,11,Property Damage Crash,No,Yes,No,No,No,No,No,No,No,No,No,No,No,Multiple Vehicle Crashes,Richmond City,,Urban,37.57844,-77.46653,Interstate,I-95N,95.0,I-95,78.72,Interstate,Not at Intersection,,No,0,0,No,0,0,0,0,0,0,0,0,0,0,0,c6694589,0,0,1,Minor
2,2022-12-07,21:27:00,Wednesday,Rear End,On Roadway,"Blacktop, Asphalt, Bituminous",No Defects,Darkness,Darkness - Road Lighted,"Two-Way, Divided, Positive Median Barrier",Not Provided,Fog,Straight - Level,Not Provided,No,Four Approaches,Not Provided,Traffic Signal,Dry,Intersection Area,Intersection Related - Within 150 Feet,Yes - Working,No,2022,Winter,December,Nighttime,9:00pm - 11:59pm,21,Injury Crash,Yes,No,No,No,No,No,No,No,No,No,No,No,No,Multiple Vehicle Crashes,Fairfax County,,Urban,38.84672,-77.36897,Non-Interstate,US-29S,29.0,LEE HWY,231.98,Other Principal Arterial,At Intersection,PINEY BRANCH RD,No,0,0,No,0,0,0,0,0,0,0,0,0,0,2,c2527481,0,1,0,Severe
1,2022-09-06,21:15:00,Tuesday,Fixed Object - Off Road,Roadside,"Blacktop, Asphalt, Bituminous",No Defects,Darkness,Darkness - Road Not Lighted,"Two-Way, Not Divided",Not Provided,No Adverse Condition (Clear/Cloud),Grade - Curve,Not Provided,No,Not at Intersection,Not Provided,No Traffic Control,Dry,Intersection Area,Non-Intersection,No Traffic Control Device Present,No,2022,Autumn,September,Nighttime,9:00pm - 11:59pm,21,Injury Crash,No,No,No,No,No,No,No,No,No,No,No,No,No,Single Vehicle Crashes,Craig County,,Rural,37.52399,-80.15794,Non-Interstate,SC-611N (CRAIG COUNTY),611.0,PEACEFUL VALLEY RD,2.23,Minor Collector,Not at Intersection,,No,0,0,No,0,0,0,0,0,0,0,0,0,0,1,c9568719,0,0,1,Minor
2,2024-12-11,09:50:00,Wednesday,Rear End,On Roadway,"Blacktop, Asphalt, Bituminous",No Defects,Daylight,Daylight,"Two-Way, Not Divided",Not Provided,Rain,Straight - Level,Not Provided,No,Four Approaches,Not Provided,Stop Sign,Wet,Intersection Area,Intersection Related - Within 150 Feet,Yes - Working,No,2024,Winter,December,Daytime,9:00am - 11:59am,9,Property Damage Crash,No,No,No,No,No,No,No,No,No,No,No,No,No,Multiple Vehicle Crashes,Norfolk City,,Urban,36.86924,-76.28863,Non-Interstate,22ND ST (NP - CITY OF NORFOLK),,22ND ST,0.48,Local,At Intersection,LLEWELLYN AVE,No,0,0,No,0,0,0,0,0,0,0,0,0,0,0,c8549991,0,0,1,Minor
2,2022-05-19,16:51:00,Thursday,Angle,On Roadway,"Blacktop, Asphalt, Bituminous",No Defects,Daylight,Daylight,"Two-Way, Not Divided",Not Provided,No Adverse Condition (Clear/Cloud),Straight - Level,Not Provided,No,Not at Intersection,Not Provided,No Traffic Control,Dry,Interchange Area,Main-Line Roadway,No Traffic Control Device Present,No,2022,Spring,May,Daytime,3:00pm - 5:59pm,16,Property Damage Crash,No,No,No,No,No,No,No,No,No,No,No,No,No,Multiple Vehicle Crashes,Roanoke City,,Urban,37.26901,-79.97239,Non-Interstate,ROANOKE AVE SW (PR - CITY OF ROANOKE),,ROANOKE AVE,0.19,Local,Not at Intersection,,Yes,0,0,No,0,0,0,0,0,0,0,0,0,0,0,c9868397,0,0,1,Minor
2,2022-12-01,16:04:00,Thursday,Rear End,On Roadway,"Blacktop, Asphalt, Bituminous",No Defects,Daylight,Daylight,"Two-Way, Not Divided",Not Provided,No Adverse Condition (Clear/Cloud),Curve - Level,Not Provided,No,Not at Intersection,Not Provided,Traffic Lanes Marked,Dry,Interchange Area,Main-Line Roadway,Yes - Working,No,2022,Winter,December,Daytime,3:00pm - 5:59pm,16,Injury Crash,No,No,No,No,No,No,No,No,No,No,No,No,No,Multiple Vehicle Crashes,Montgomery County,,Rural,37.08832,-80.4512,Non-Interstate,VA-8S,8.0,RINER RD,51.98,Minor Arterial,At Intersection,CHILDRESS RD,No,0,0,No,0,0,0,0,0,0,0,0,0,0,1,c7816349,0,0,1,Minor
2,2022-08-30,12:54:00,Tuesday,Rear End,On Roadway,"Blacktop, Asphalt, Bituminous",No Defects,Daylight,Daylight,"Two-Way, Not Divided",Not Provided,No Adverse Condition (Clear/Cloud),Straight - Level,Not Provided,No,Three Approaches,Not Provided,Stop Sign,Dry,Intersection Area,Within Intersection,Yes - Working,No,2022,Summer,August,Daytime,Noon - 2:59pm,12,Injury Crash,Yes,No,No,No,No,No,No,No,No,No,No,No,No,Multiple Vehicle Crashes,Henrico County,,Urban,37.62181,-77.52009,,WISTAR RD (PR - HENRICO COUNTY),,WISTAR RD,1.39,,At Intersection,SHRADER RD,No,0,0,No,0,0,0,0,0,0,0,0,1,0,1,c5831586,0,0,1,Minor
1,2023-05-18,12:40:00,Thursday,Pedestrian,On Roadway,"Blacktop, Asphalt, Bituminous",No Defects,Daylight,Daylight,"Two-Way, Divided, Unprotected Median",Not Provided,No Adverse Condition (Clear/Cloud),Straight - Level,Not Provided,No,Not at Intersection,Not Provided,Traffic Lanes Marked,Dry,Interchange Area,Main-Line Roadway,Yes - Working,No,2023,Spring,May,Daytime,Noon - 2:59pm,12,Injury Crash,No,No,No,Yes,No,No,No,No,No,No,No,No,No,Single Vehicle Crashes,Stafford County,,Urban,38.47468,-77.41934,Non-Interstate,SC-610E (STAFFORD COUNTY),610.0,GARRISONVILLE RD,9.74,Major Collector,At Intersection,BRAFFERTON BLVD,Yes,0,0,No,0,1,0,0,0,0,0,0,0,0,1,c3876457,0,0,1,Minor
2,2024-04-18,15:06:00,Thursday,Angle,On Roadway,"Blacktop, Asphalt, Bituminous",No Defects,Daylight,Daylight,"Two-Way, Divided, Unprotected Median",Not Provided,No Adverse Condition (Clear/Cloud),Curve - Level,Not Provided,No,Three Approaches,Not Provided,Stop Sign,Dry,Intersection Area,Within Intersection,Yes - Working,No,2024,Spring,April,Daytime,3:00pm - 5:59pm,15,Property Damage Crash,No,No,No,No,No,No,No,No,No,Yes,No,No,No,Multiple Vehicle Crashes,Chesterfield County,,Urban,37.47596,-77.59667,Non-Interstate,SC-653S (CHESTERFIELD COUNTY),653.0,COURTHOUSE RD,14.15,Other Principal Arterial,At Intersection,CHERYLANN RD,No,0,0,No,0,0,0,0,0,0,0,0,0,0,0,c4720043,0,0,1,Minor
2,2022-05-03,08:15:00,Tuesday,Rear End,On Roadway,"Blacktop, Asphalt, Bituminous",No Defects,Daylight,Daylight,"Two-Way, Not Divided",Advance Warning Area,No Adverse Condition (Clear/Cloud),Straight - Level,No Workers Present,No,Four Approaches,Work on Shoulder or Median,Traffic Lanes Marked,Dry,Intersection Area,Intersection Related - Within 150 Feet,Yes - Working,Yes,2022,Spring,May,Daytime,6:00am - 8:59am,8,Property Damage Crash,No,No,Yes,No,No,No,No,No,No,No,Yes,No,No,Multiple Vehicle Crashes,Prince William County,,Urban,38.79,-77.56055,Non-Interstate,SC-621E (PRINCE WILLIAM COUNTY),621.0,BALLS FORD RD,2.51,Minor Arterial,At Intersection,DELINSKI WAY,No,0,0,No,0,0,0,0,0,0,0,0,0,0,0,c8428464,0,0,1,Minor
2,2024-08-29,22:15:00,Thursday,Angle,On Roadway,"Blacktop, Asphalt, Bituminous",No Defects,Darkness,Darkness - Road Lighted,"Two-Way, Not Divided",Not Provided,Rain,Straight - Level,Not Provided,No,Three Approaches,Not Provided,Traffic Lanes Marked,Wet,Intersection Area,Within Intersection,Yes - Working,No,2024,Summer,August,Nighttime,9:00pm - 11:59pm,22,Property Damage Crash,No,No,No,No,No,No,No,No,No,No,No,No,No,Multiple Vehicle Crashes,Arlington County,,Urban,38.88591,-77.09527,Non-Interstate,CR-6700S (ARLINGTON COUNTY),6700.0,WASHINGTON BLVD,0.91,Minor Arterial,At Intersection,HUDSON ST,No,0,0,No,0,0,0,0,0,0,0,0,0,0,0,c7597189,0,0,1,Minor
2,2024-11-26,10:36:00,Tuesday,Sideswipe - Same Direction,On Roadway,"Blacktop, Asphalt, Bituminous",No Defects,Daylight,Daylight,"Two-Way, Divided, Unprotected Median",Not Provided,No Adverse Condition (Clear/Cloud),Straight - Level,Not Provided,No,Four Approaches,Not Provided,Traffic Signal,Dry,Intersection Area,Intersection Related - Within 150 Feet,Yes - Working,No,2024,Autumn,November,Daytime,9:00am - 11:59am,10,Property Damage Crash,No,No,No,No,No,No,No,No,No,No,No,No,No,Multiple Vehicle Crashes,Spotsylvania County,,Urban,38.24913,-77.49382,Non-Interstate,SC-636W (SPOTSYLVANIA COUNTY),636.0,MINE RD,1.11,Major Collector,At Intersection,SPOTSYLVANIA AVE,No,0,0,No,0,0,0,0,0,0,0,0,0,0,0,c1427831,0,0,1,Minor
3,2023-12-19,17:48:00,Tuesday,Rear End,On Roadway,"Blacktop, Asphalt, Bituminous",No Defects,Dusk,Dusk,"Two-Way, Divided, Unprotected Median",Not Provided,No Adverse Condition (Clear/Cloud),Dip - Straight,Not Provided,No,Not at Intersection,Not Provided,No Traffic Control,Icy,Intersection Area,Non-Intersection,No Traffic Control Device Present,No,2023,Winter,December,Daytime,3:00pm - 5:59pm,17,Injury Crash,No,No,No,No,No,No,No,No,No,No,No,No,No,Multiple Vehicle Crashes,Montgomery County,Christiansburg,Urban,37.13921,-80.41465,Non-Interstate,BUS US-460E (7 TOWN OF CHRISTIANSBURG),460.0,FRANKLIN ST,3.85,Minor Arterial,At Intersection,RAILROAD ST,Yes,0,1,No,0,0,0,0,0,0,0,0,0,0,2,c0829280,0,1,0,Severe
2,2023-07-06,14:03:00,Thursday,Rear End,On Roadway,"Blacktop, Asphalt, Bituminous",No Defects,Daylight,Daylight,"Two-Way, Divided, Positive Median Barrier",Not Provided,No Adverse Condition (Clear/Cloud),Straight - Level,Not Provided,No,Three Approaches,Not Provided,Traffic Signal,Dry,Intersection Area,Within Intersection,Yes - Working,No,2023,Summer,July,Daytime,Noon - 2:59pm,14,Property Damage Crash,No,No,No,No,No,No,No,No,No,Yes,No,No,No,Multiple Vehicle Crashes,Va. Beach City,,Urban,36.77436,-76.0706,Non-Interstate,UR-12E (CITY OF VIRGINIA BEACH),12.0,HOLLAND RD,4.97,Minor Arterial,At Intersection,WINTERBERRY LN,No,0,0,No,0,0,0,0,0,0,0,0,0,0,0,c8643111,0,0,1,Minor
3,2023-04-19,20:25:00,Wednesday,Angle,On Roadway,"Blacktop, Asphalt, Bituminous",No Defects,Darkness,Darkness - Road Lighted,"Two-Way, Divided, Unprotected Median",Not Provided,No Adverse Condition (Clear/Cloud),Straight - Level,Not Provided,No,Four Approaches,Not Provided,Traffic Signal,Dry,Interchange Area,Main-Line Roadway,Yes - Working,No,2023,Spring,April,Nighttime,6:00pm - 8:59pm,20,Injury Crash,No,No,No,No,No,No,No,No,No,Yes,No,No,No,Multiple Vehicle Crashes,Portsmouth City,,Urban,36.87288,-76.40091,Non-Interstate,TWIN PINES RD (NP - CITY OF PORTSMOUTH),,TWIN PINES RD,0.0,Major Collector,At Intersection,TOWNE POINT RD,No,0,0,No,0,0,0,0,0,0,0,0,0,0,1,c9460236,0,0,1,Minor
2,2024-12-28,15:20:00,Saturday,Rear End,On Roadway,"Blacktop, Asphalt, Bituminous",No Defects,Daylight,Daylight,"Two-Way, Divided, Positive Median Barrier",Not Provided,No Adverse Condition (Clear/Cloud),Straight - Level,Not Provided,No,Not at Intersection,Not Provided,Traffic Lanes Marked,Dry,Intersection Area,Non-Intersection,Yes - Working,No,2024,Winter,December,Daytime,3:00pm - 5:59pm,15,Property Damage Crash,No,No,No,No,No,No,No,No,No,No,No,No,No,Multiple Vehicle Crashes,Rockingham County,,Urban,38.3777,-78.91796,Interstate,I-81N,81.0,I-81,242.1,Interstate,Not at Intersection,,No,0,0,No,0,0,0,0,0,0,0,0,0,0,0,c5861954,0,0,1,Minor
2,2023-10-24,13:34:00,Tuesday,Angle,On Roadway,"Blacktop, Asphalt, Bituminous",No Defects,Daylight,Daylight,"Two-Way, Divided, Positive Median Barrier",Not Provided,No Adverse Condition (Clear/Cloud),Grade - Straight,Not Provided,No,Three Approaches,Not Provided,Traffic Signal,Dry,Intersection Area,Within Intersection,Yes - Working,No,2023,Autumn,October,Daytime,Noon - 2:59pm,13,Property Damage Crash,No,No,No,No,No,No,No,No,No,No,No,No,No,Multiple Vehicle Crashes,Fairfax City,,Urban,38.85771,-77.30865,Non-Interstate,US-29N,29.0,FAIRFAX BLVD,235.35,Other Principal Arterial,Not at Intersection,,No,0,0,No,0,0,0,0,0,0,0,0,0,0,0,c9459005,0,0,1,Minor
2,2023-08-23,11:34:00,Wednesday,Head On,On Roadway,"Blacktop, Asphalt, Bituminous",No Defects,Daylight,Daylight,"Two-Way, Not Divided",Not Provided,No Adverse Condition (Clear/Cloud),Grade - Curve,Not Provided,No,Not at Intersection,Not Provided,No Traffic Control,Dry,Intersection Area,Non-Intersection,No Traffic Control Device Present,No,2023,Summer,August,Daytime,9:00am - 11:59am,11,Injury Crash,No,Yes,Yes,No,No,No,No,No,No,No,No,No,No,Multiple Vehicle Crashes,Tazewell County,,Urban,37.11897,-81.78344,Non-Interstate,VA-67W,67.0,JEWELL RIDGE RD,16.58,Major Collector,Not at Intersection,,Yes,0,1,Yes,0,0,0,0,0,0,0,0,0,0,2,c9681932,0,1,0,Severe
2,2023-11-01,20:30:00,Wednesday,Sideswipe - Opposite Direction,On Roadway,"Blacktop, Asphalt, Bituminous",No Defects,Dusk,Dusk,"Two-Way, Divided, Unprotected Median",Not Provided,No Adverse Condition (Clear/Cloud),Straight - Level,Not Provided,No,Not at Intersection,Not Provided,Traffic Lanes Marked,Dry,Intersection Area,Non-Intersection,Yes - Working,No,2023,Autumn,November,Nighttime,6:00pm - 8:59pm,20,Property Damage Crash,No,No,No,No,No,No,No,No,No,No,No,No,No,Multiple Vehicle Crashes,Henrico County,,Urban,37.60592,-77.41626,Non-Interstate,CR-7609S (HENRICO COUNTY),7609.0,RICHMOND HENRICO TPKE,1.99,Minor Arterial,Not at Intersection,,No,0,0,No,0,0,0,0,0,0,0,0,0,0,0,c5452734,0,0,1,Minor
2,2024-02-05,07:58:00,Monday,Angle,On Roadway,"Blacktop, Asphalt, Bituminous","Holes, Ruts, Bumps",Daylight,Daylight,"Two-Way, Not Divided",Not Provided,No Adverse Condition (Clear/Cloud),Straight - Level,Not Provided,Yes,Three Approaches,Not Provided,Stop Sign,Dry,Intersection Area,Within Intersection,Yes - Working,No,2024,Winter,February,Daytime,6:00am - 8:59am,7,Property Damage Crash,No,No,No,No,No,No,No,No,Yes,No,No,No,No,Multiple Vehicle Crashes,Norfolk City,,Urban,36.89148,-76.29922,Non-Interstate,UR-8561E (CITY OF NORFOLK),,BOLLING AVE,0.74,Major Collector,At Intersection,WESTMORELAND AVE,No,0,0,No,0,0,0,0,0,0,0,0,0,0,0,c1891740,0,0,1,Minor
2,2023-09-11,07:23:00,Monday,Sideswipe - Opposite Direction,On Roadway,"Blacktop, Asphalt, Bituminous",No Defects,Daylight,Daylight,"Two-Way, Not Divided",Not Provided,Fog,Straight - Level,Not Provided,No,Not at Intersection,Not Provided,Traffic Lanes Marked,Dry,Intersection Area,Non-Intersection,Yes - Working,No,2023,Autumn,September,Daytime,6:00am - 8:59am,7,Property Damage Crash,No,No,No,No,No,No,No,No,No,No,No,No,No,Multiple Vehicle Crashes,Charlotte County,,Rural,36.96412,-78.57786,Non-Interstate,VA-47S,47.0,CRAFTONS GATE HWY,36.43,Major Collector,Not at Intersection,,No,0,0,No,0,0,0,0,0,0,0,0,0,0,0,c0487538,0,0,1,Minor
1,2023-04-28,07:55:00,Friday,Fixed Object - Off Road,Shoulder,"Blacktop, Asphalt, Bituminous",No Defects,Daylight,Daylight,"Two-Way, Not Divided",Not Provided,No Adverse Condition (Clear/Cloud),Grade - Curve,Not Provided,No,Not at Intersection,Not Provided,No Passing Lines,Wet,Intersection Area,Non-Intersection,Yes - Working,No,2023,Spring,April,Daytime,6:00am - 8:59am,7,Property Damage Crash,No,Yes,No,No,No,No,No,No,No,No,No,No,No,Single Vehicle Crashes,Tazewell County,,Urban,37.09629,-81.73062,Non-Interstate,SC-631W (TAZEWELL COUNTY),631.0,INDIAN CREEK RD,3.92,Major Collector,At Intersection,LAVESTA HOLLOW RD,No,0,0,No,0,0,0,0,0,0,0,0,0,0,0,c9066624,0,0,1,Minor
1,2024-06-14,17:30:00,Friday,Fixed Object - Off Road,Shoulder,"Blacktop, Asphalt, Bituminous",No Defects,Daylight,Daylight,"One-Way, Not Divided",Not Provided,No Adverse Condition (Clear/Cloud),Grade - Straight,Not Provided,No,Not at Intersection,Not Provided,Traffic Lanes Marked,Dry,Interchange Area,On Entrance/Exit Ramp,Yes - Working,No,2024,Summer,June,Daytime,3:00pm - 5:59pm,17,Property Damage Crash,Yes,No,No,No,No,No,No,No,No,No,No,No,No,Single Vehicle Crashes,Franklin County,,Rural,36.96136,-79.87437,Non-Interstate,BUS US-220N (3 TOWN OF ROCKY MOUNT),220.0,MAIN ST RAMP,0.08,Other Freeways and Expressways,Not at Intersection,,No,0,0,No,0,0,0,0,0,0,0,0,0,0,0,c6305026,0,0,1,Minor
1,2024-02-14,00:22:00,Wednesday,Deer,On Roadway,"Blacktop, Asphalt, Bituminous",No Defects,Darkness,Darkness - Road Not Lighted,"Two-Way, Not Divided",Not Provided,No Adverse Condition (Clear/Cloud),Straight - Level,Not Provided,No,Not at Intersection,Not Provided,Traffic Lanes Marked,Dry,Intersection Area,Non-Intersection,Yes - Working,No,2024,Winter,February,Nighttime,Midnight - 2:59am,0,Property Damage Crash,No,Yes,No,No,No,Yes,No,No,No,No,No,No,No,Single Vehicle Crashes,Roanoke County,,Urban,37.23617,-79.90949,Non-Interstate,VA-116S,116.0,JAE VALLEY RD,12.38,Minor Arterial,Not at Intersection,,No,0,0,No,0,0,0,0,0,0,0,0,0,0,0,c2596599,0,0,1,Minor
2,2024-06-21,17:00:00,Friday,Angle,On Roadway,"Blacktop, Asphalt, Bituminous",No Defects,Daylight,Daylight,"Two-Way, Not Divided",Not Provided,No Adverse Condition (Clear/Cloud),Straight - Level,Not Provided,No,Not at Intersection,Not Provided,No Traffic Control,Dry,Interchange Area,Main-Line Roadway,No Traffic Control Device Present,No,2024,Summer,June,Daytime,3:00pm - 5:59pm,17,Property Damage Crash,No,No,No,No,No,No,No,No,No,No,No,No,No,Multiple Vehicle Crashes,Richmond City,,Urban,37.57347,-77.4767,Interstate,I-195N,195.0,I-195,1.92,Interstate,Not at Intersection,,No,0,0,No,0,0,0,0,0,0,0,0,0,0,0,c5690006,0,0,1,Minor