NumberOfVehicles,CrashDate,CrashTime,DayOfWeek,TypeOfCollision,LocationOfFirstHarmfulEvent,RoadwaySurfaceType,RoadwayDefect,LightCondition_Category,LightCondition_Value,RoadwayDescription,WorkZoneLocation,WeatherCondition,RoadwayAlignment,WorkZoneWorkersPresent,SchoolZone,IntersectionType,WorkZoneType,TrafficControlType,RoadwaySurfaceCondition,RelationToRoadway_Category,RelationToRoadway_Value,TrafficControlMechanicalDevice,WorkZoneRelated,Year,Meteorological Season,MonthName,DaytimeNighttime_NHTSA,ThreeHourLabel,Hour,CrashType,AlcoholInvolved,SpeedRelated,CommercialMotorVehiclesInvolved,PedestrianInvolved,BicycleInvolved,MotorcycleInvolved,MopedInvolved,TrainRelated,SchoolZoneInvolved,TeenDriverInvolved,DistractedDriverInvolved,DriverTextingInvolved,DriverUsingCellPhone,Single_Multi_Vehicle,Jurisdiction,TownName,LocationTypeName,Latitude,Longitude,Interstate_NonInterstate,RoadName,RouteNumber,RouteName,MileMarker,FunctionalClassCode,AtIntersection,SecondaryLocation,MatureDriverInvolved,MatureDriverFatalities,MatureDriverInjuries,LargeTruckInvolved,PedestrianFatalities,PedestrianInjuries,MotorcycleFatalities,MotorcycleInjuries,BicycleFatalities,BicycleInjuries,DistractedDriverFatalities,DistractedDriverInjuries,UnrestrainedInjuries,Number_Of_Fatalities,Number_Of_Injuries,Crash_UID,Is_Fatal,Is_Severe,Is_Minor,SeverityLabel
1,2023-09-27,07:55:00,Wednesday,Fixed Object - Off Road,Roadside,"Blacktop, Asphalt, Bituminous",No Defects,Daylight,Daylight,"Two-Way, Divided, Unprotected Median",Not Provided,No Adverse Condition (Clear/Cloud),Grade - Straight,Not Provided,No,Not at Intersection,Not Provided,Traffic Lanes Marked,Dry,Intersection Area,Non-Intersection,Yes - Working,No,2023,Autumn,September,Daytime,6:00am - 8:59am,7,Injury Crash,No,No,No,No,No,No,No,No,No,No,Yes,No,No,Single Vehicle Crashes,Giles County,,Urban,37.30829,-80.73551,Non-Interstate,VA-100N,100.0,PULASKI GILES TPKE,47.17,Minor Arterial,Not at Intersection,,No,0,0,No,0,0,0,0,0,0,0,1,1,0,1,c9679440,0,0,1,Minor
1,2023-08-05,01:12:00,Saturday,Fixed Object - Off Road,Roadside,"Blacktop, Asphalt, Bituminous",No Defects,Darkness,Darkness - Road Not Lighted,"Two-Way, Not Divided",Not Provided,Fog,Curve - Level,Not Provided,No,Not at Intersection,Not Provided,No Passing Lines,Dry,Intersection Area,Non-Intersection,Yes - Working,No,2023,Summer,August,Nighttime,Midnight - 2:59am,1,Property Damage Crash,No,Yes,No,No,No,No,No,No,No,Yes,Yes,No,No,Single Vehicle Crashes,Russell County,,Rural,36.93033,-82.06716,Non-Interstate,SC-640W (RUSSELL COUNTY),640.0,RIVER MOUNTAIN RD,19.33,Major Collector,Not at Intersection,,No,0,0,No,0,0,0,0,0,0,0,0,0,0,0,c4332022,0,0,1,Minor
2,2024-04-11,16:39:00,Thursday,Angle,On Roadway,"Blacktop, Asphalt, Bituminous",No Defects,Daylight,Daylight,"Two-Way, Divided, Positive Median Barrier",Not Provided,No Adverse Condition (Clear/Cloud),Straight - Level,Not Provided,No,Four Approaches,Not Provided,Traffic Signal,Dry,Interchange Area,Main-Line Roadway,Yes - Working,No,2024,Spring,April,Daytime,3:00pm - 5:59pm,16,Property Damage Crash,No,No,No,No,No,No,No,No,No,No,No,No,No,Multiple Vehicle Crashes,Danville City,,Urban,36.59373,-79.42752,Non-Interstate,UR-3772W (CITY OF DANVILLE),,PIEDMONT DR,1.27,Minor Arterial,At Intersection,MT CROSS RD,Yes,0,0,No,0,0,0,0,0,0,0,0,0,0,0,c3333203,0,0,1,Minor
2,2022-08-27,21:43:00,Saturday,Angle,On Roadway,"Blacktop, Asphalt, Bituminous",No Defects,Darkness,Darkness - Road Lighted,"Two-Way, Divided, Positive Median Barrier",Not Provided,No Adverse Condition (Clear/Cloud),Straight - Level,Not Provided,No,Not at Intersection,Not Provided,Traffic Signal,Dry,Interchange Area,Main-Line Roadway,Yes - Working,No,2022,Summer,August,Nighttime,9:00pm - 11:59pm,21,Injury Crash,No,Yes,No,No,No,No,No,No,No,No,No,No,No,Multiple Vehicle Crashes,Hampton City,,Urban,37.02515,-76.3224,Non-Interstate,US-258E,258.0,MERCURY BLVD,67.42,Minor Arterial,At Intersection,OLD BUCKROE RD,No,0,0,No,0,0,0,0,0,0,0,0,0,0,2,c8937827,0,1,0,Severe
1,2022-08-10,22:00:00,Wednesday,Fixed Object - Off Road,On Roadway,Concrete,No Defects,Darkness,Darkness - Road Lighted,"Two-Way, Not Divided",Not Provided,Rain,Straight - Level,Not Provided,No,Two Approaches,Not Provided,Traffic Signal,Wet,Interchange Area,Main-Line Roadway,Yes - Working,No,2022,Summer,August,Nighttime,9:00pm - 11:59pm,22,Property Damage Crash,No,No,No,No,No,No,No,No,No,No,No,No,No,Single Vehicle Crashes,Richmond City,,Urban,37.51635,-77.4741,Non-Interstate,US-60E,60.0,FOREST HILL AVE,187.69,Other Principal Arterial,At Intersection,ROANOKE ST,No,0,0,No,0,0,0,0,0,0,0,0,0,0,0,c1488508,0,0,1,Minor
2,2024-02-01,10:12:00,Thursday,Angle,On Roadway,"Blacktop, Asphalt, Bituminous",No Defects,Daylight,Daylight,"Two-Way, Divided, Positive Median Barrier",Not Provided,No Adverse Condition (Clear/Cloud),Straight - Level,Not Provided,No,Three Approaches,Not Provided,Traffic Signal,Dry,Intersection Area,Within Intersection,Yes - Working,No,2024,Winter,February,Daytime,9:00am - 11:59am,10,Injury Crash,No,No,Yes,No,No,No,No,No,No,No,No,No,No,Multiple Vehicle Crashes,Lynchburg City,,Urban,37.3428,-79.18973,Non-Interstate,BUS US-29S (5 CITY OF LYNCHBURG),29.0,WARDS RD,0.34,Other Principal Arterial,At Intersection,WARDS FERRY RD,Yes,0,1,No,0,0,0,0,0,0,0,0,0,0,1,c3494942,0,0,1,Minor
2,2024-06-05,08:05:00,Wednesday,Rear End,On Roadway,"Blacktop, Asphalt, Bituminous",No Defects,Daylight,Daylight,"Two-Way, Divided, Positive Median Barrier",Not Provided,No Adverse Condition (Clear/Cloud),Straight - Level,Not Provided,No,Not at Intersection,Not Provided,Traffic Lanes Marked,Dry,Intersection Area,Non-Intersection,Yes - Working,No,2024,Summer,June,Daytime,6:00am - 8:59am,8,Property Damage Crash,No,No,No,No,No,No,No,No,No,No,Yes,No,No,Multiple Vehicle Crashes,Prince William County,,Urban,38.79923,-77.5507,Interstate,I-66E,66.0,I-66,45.6,Interstate,Not at Intersection,,Yes,0,0,No,0,0,0,0,0,0,0,0,0,0,0,c9656907,0,0,1,Minor
2,2022-11-18,21:00:00,Friday,Rear End,On Roadway,"Blacktop, Asphalt, Bituminous",No Defects,Darkness,Darkness - Road Lighted,"Two-Way, Divided, Unprotected Median",Not Provided,No Adverse Condition (Clear/Cloud),Grade - Straight,Not Provided,No,Four Approaches,Not Provided,Traffic Signal,Dry,Intersection Area,Intersection Related - Within 150 Feet,Yes - Working,No,2022,Autumn,November,Nighttime,9:00pm - 11:59pm,21,Property Damage Crash,Yes,No,No,No,No,No,No,No,No,No,No,No,No,Multiple Vehicle Crashes,Prince William County,,Urban,38.71462,-77.46518,Non-Interstate,VA-234S,234.0,PRINCE WILLIAM PKWY,14.46,Other Freeways and Expressways,At Intersection,BRENTSVILLE RD,No,0,0,No,0,0,0,0,0,0,0,0,0,0,0,c8751547,0,0,1,Minor
1,2024-09-26,19:28:00,Thursday,Fixed Object - Off Road,Roadside,"Blacktop, Asphalt, Bituminous",No Defects,Darkness,Darkness - Road Not Lighted,"Two-Way, Not Divided",Not Provided,No Adverse Condition (Clear/Cloud),Dip - Curve,Not Provided,No,Not at Intersection,Not Provided,No Traffic Control,Dry,Intersection Area,Non-Intersection,No Traffic Control Device Present,No,2024,Autumn,September,Nighttime,6:00pm - 8:59pm,19,Injury Crash,No,No,No,No,No,No,No,No,No,No,No,No,No,Single Vehicle Crashes,Southampton County,,Rural,36.87736,-76.88138,Non-Interstate,SC-622W (SOUTHAMPTON COUNTY),622.0,NEW RD,4.55,Local,Not at Intersection,,No,0,0,No,0,0,0,0,0,0,0,0,0,0,3,c2165463,0,1,0,Severe
2,2024-02-17,08:32:00,Saturday,Angle,On Roadway,"Blacktop, Asphalt, Bituminous",No Defects,Daylight,Daylight,"Two-Way, Divided, Unprotected Median",Not Provided,No Adverse Condition (Clear/Cloud),Straight - Level,Not Provided,No,Four Approaches,Not Provided,Traffic Signal,Dry,Intersection Area,Within Intersection,Yes - Working,No,2024,Winter,February,Daytime,6:00am - 8:59am,8,Property Damage Crash,No,No,No,No,No,No,No,No,No,No,No,No,No,Multiple Vehicle Crashes,Spotsylvania County,,Urban,38.22606,-77.50545,Non-Interstate,US-17S,17.0,MILLS DR,172.92,Other Principal Arterial,At Intersection,JEFFERSON DAVIS HWY,No,0,0,No,0,0,0,0,0,0,0,0,0,0,0,c5574473,0,0,1,Minor
2,2023-09-12,06:58:00,Tuesday,Rear End,On Roadway,Concrete,No Defects,Darkness,Darkness - Road Not Lighted,"Two-Way, Divided, Unprotected Median",Not Provided,No Adverse Condition (Clear/Cloud),Straight - Level,Not Provided,No,Not at Intersection,Not Provided,Traffic Lanes Marked,Dry,Interchange Area,Main-Line Roadway,Yes - Working,No,2023,Autumn,September,Daytime,6:00am - 8:59am,6,Property Damage Crash,No,No,No,No,No,No,No,No,No,No,Yes,No,No,Multiple Vehicle Crashes,Stafford County,,Urban,38.31645,-77.45288,Non-Interstate,VA-218W,218.0,BUTLER RD,1.03,Minor Arterial,Not at Intersection,,No,0,0,No,0,0,0,0,0,0,0,0,0,0,0,c7032631,0,0,1,Minor
5,2023-04-12,17:21:00,Wednesday,Angle,On Roadway,"Blacktop, Asphalt, Bituminous",No Defects,Daylight,Daylight,"Two-Way, Divided, Unprotected Median",Not Provided,No Adverse Condition (Clear/Cloud),Straight - Level,Not Provided,Yes,Not at Intersection,Not Provided,Stop Sign,Dry,Intersection Area,Non-Intersection,Yes - Working,No,2023,Spring,April,Daytime,3:00pm - 5:59pm,17,Injury Crash,No,No,No,No,No,No,No,No,Yes,No,No,No,No,Multiple Vehicle Crashes,Richmond City,,Urban,37.5206,-77.51266,Non-Interstate,UR-7530E (CITY OF RICHMOND),,JAHNKE RD,0.89,Minor Arterial,At Intersection,BLAKEMORE RD,No,0,0,No,0,0,0,0,0,0,0,0,0,0,1,c1944236,0,0,1,Minor
2,2023-11-09,06:04:00,Thursday,Rear End,On Roadway,"Blacktop, Asphalt, Bituminous",No Defects,Daylight,Daylight,"Two-Way, Divided, Unprotected Median",Not Provided,No Adverse Condition (Clear/Cloud),Straight - Level,Not Provided,No,Not at Intersection,Not Provided,Traffic Lanes Marked,Dry,Intersection Area,Non-Intersection,Yes - Working,No,2023,Autumn,November,Daytime,6:00am - 8:59am,6,Property Damage Crash,No,No,No,No,No,No,No,No,No,No,No,No,No,Multiple Vehicle Crashes,Chesterfield County,,Urban,37.50255,-77.63805,Non-Interstate,US-60E,60.0,MIDLOTHIAN TPKE,177.8,Other Principal Arterial,At Intersection,HEATHS WAY RD,No,0,0,No,0,0,0,0,0,0,0,0,0,0,0,c8035560,0,0,1,Minor
3,2022-10-25,23:30:00,Tuesday,Deer,On Roadway,"Blacktop, Asphalt, Bituminous",No Defects,Darkness,Darkness - Road Not Lighted,"Two-Way, Divided, Positive Median Barrier",Not Provided,No Adverse Condition (Clear/Cloud),Straight - Level,Not Provided,No,Not at Intersection,Not Provided,Traffic Lanes Marked,Dry,Intersection Area,Non-Intersection,Yes - Working,No,2022,Autumn,October,Nighttime,9:00pm - 11:59pm,23,Injury Crash,No,No,Yes,No,No,No,No,No,No,No,No,No,No,Multiple Vehicle Crashes,Waynesboro City,,Urban,38.06265,-78.94574,Interstate,I-64W,64.0,I-64,94.41,Interstate,Not at Intersection,,No,0,0,Yes,0,0,0,0,0,0,0,0,0,0,1,c4810983,0,0,1,Minor
1,2023-03-20,11:14:00,Monday,Pedestrian,On Roadway,"Blacktop, Asphalt, Bituminous",No Defects,Daylight,Daylight,"Two-Way, Divided, Unprotected Median",Not Provided,No Adverse Condition (Clear/Cloud),Straight - Level,Not Provided,No,Four Approaches,Not Provided,Pedestrian Crosswalk,Dry,Intersection Area,Within Intersection,Yes - Working,No,2023,Spring,March,Daytime,9:00am - 11:59am,11,Injury Crash,No,No,No,Yes,No,No,No,No,No,No,No,No,No,Single Vehicle Crashes,Hampton City,,Urban,37.01113,-76.31482,Non-Interstate,US-258E,258.0,MERCURY BLVD,68.57,Minor Arterial,At Intersection,MELLEN ST,No,0,0,No,0,1,0,0,0,0,0,0,0,0,1,c7117824,0,0,1,Minor
2,2022-09-13,09:10:00,Tuesday,Rear End,On Roadway,"Blacktop, Asphalt, Bituminous",No Defects,Daylight,Daylight,"Two-Way, Divided, Positive Median Barrier",Not Provided,No Adverse Condition (Clear/Cloud),Straight - Level,Not Provided,No,Not at Intersection,Not Provided,Highway Safety Corridor,Dry,Intersection Area,Non-Intersection,Yes - Working,No,2022,Autumn,September,Daytime,9:00am - 11:59am,9,Property Damage Crash,No,No,No,No,No,No,No,No,No,No,No,No,No,Multiple Vehicle Crashes,Richmond City,,Urban,37.57937,-77.46774,Interstate,I-95N,95.0,I-95,78.83,Interstate,Not at Intersection,,No,0,0,No,0,0,0,0,0,0,0,0,0,0,0,c2046268,0,0,1,Minor
2,2023-01-12,11:30:00,Thursday,Angle,On Roadway,"Blacktop, Asphalt, Bituminous",No Defects,Daylight,Daylight,"Two-Way, Divided, Positive Median Barrier",Not Provided,No Adverse Condition (Clear/Cloud),Grade - Straight,Not Provided,No,Not at Intersection,Not Provided,Traffic Lanes Marked,Dry,Intersection Area,Non-Intersection,Yes - Working,No,2023,Winter,January,Daytime,9:00am - 11:59am,11,Injury Crash,No,Yes,Yes,No,No,No,No,No,No,No,No,No,No,Multiple Vehicle Crashes,Norfolk City,,Urban,36.90646,-76.25663,Interstate,I-64E,64.0,I-64,278.26,Interstate,Not at Intersection,,No,0,0,Yes,0,0,0,0,0,0,0,0,0,0,1,c7428728,0,0,1,Minor
2,2023-06-23,15:45:00,Friday,Rear End,On Roadway,"Blacktop, Asphalt, Bituminous",Roadway Obstructed,Daylight,Daylight,"Two-Way, Divided, Positive Median Barrier",Activity Area,No Adverse Condition (Clear/Cloud),Grade - Curve,With No Law Enforcement,No,Not at Intersection,Work on Shoulder or Median,Highway Safety Corridor,Dry,Intersection Area,Non-Intersection,Yes - Working,Yes,2023,Summer,June,Daytime,3:00pm - 5:59pm,15,Property Damage Crash,No,No,No,No,No,No,No,No,No,No,No,No,No,Multiple Vehicle Crashes,Roanoke County,,Urban,37.31804,-80.04686,Interstate,I-81N,81.0,I-81,140.83,Interstate,Not at Intersection,,No,0,0,No,0,0,0,0,0,0,0,0,0,0,0,c7405510,0,0,1,Minor
2,2024-06-12,19:49:00,Wednesday,Sideswipe - Same Direction,On Roadway,"Blacktop, Asphalt, Bituminous",No Defects,Daylight,Daylight,"Two-Way, Not Divided",Not Provided,No Adverse Condition (Clear/Cloud),Grade - Straight,Not Provided,No,Not at Intersection,Not Provided,No Passing Lines,Dry,Intersection Area,Non-Intersection,Yes - Working,No,2024,Summer,June,Nighttime,6:00pm - 8:59pm,19,Injury Crash,No,Yes,No,No,Yes,No,No,No,No,No,Yes,No,No,Multiple Vehicle Crashes,Rockingham County,,Rural,38.34867,-78.90465,Non-Interstate,SC-682E (ROCKINGHAM COUNTY),682.0,FRIEDENS CHURCH RD,1.37,Major Collector,Not at Intersection,,No,0,0,No,0,0,0,0,0,1,0,0,0,0,1,c3405763,0,0,1,Minor
2,2022-09-08,11:03:00,Thursday,Angle,On Roadway,"Blacktop, Asphalt, Bituminous",No Defects,Daylight,Daylight,"Two-Way, Divided, Unprotected Median",Not Provided,No Adverse Condition (Clear/Cloud),Straight - Level,Not Provided,No,Four Approaches,Not Provided,Stop Sign,Dry,Intersection Area,Within Intersection,Yes - Working,No,2022,Autumn,September,Daytime,9:00am - 11:59am,11,Property Damage Crash,No,No,No,No,No,No,No,No,No,No,No,No,No,Multiple Vehicle Crashes,Galax City,,Urban,36.66182,-80.93597,Non-Interstate,US-58E,58.0,RESERVE BLVD,189.49,Other Principal Arterial,At Intersection,MOUNTAIN VIEW AVE,No,0,0,No,0,0,0,0,0,0,0,0,0,0,0,c3066571,0,0,1,Minor
2,2022-06-24,18:23:00,Friday,Sideswipe - Same Direction,On Roadway,"Blacktop, Asphalt, Bituminous",No Defects,Daylight,Daylight,"Two-Way, Divided, Unprotected Median",Not Provided,No Adverse Condition (Clear/Cloud),Straight - Level,Not Provided,No,Three Approaches,Not Provided,Traffic Lanes Marked,Dry,Intersection Area,Within Intersection,Yes - Working,No,2022,Summer,June,Nighttime,6:00pm - 8:59pm,18,Property Damage Crash,No,No,No,No,No,No,No,No,No,No,No,No,No,Multiple Vehicle Crashes,Surry County,,Rural,37.13518,-76.82019,Non-Interstate,VA-10W,10.0,COLONIAL TRL,57.15,Minor Arterial,At Intersection,MAGNOLIA CIR,No,0,0,No,0,0,0,0,0,0,0,0,0,0,0,c6540580,0,0,1,Minor
1,2022-07-21,15:00:00,Thursday,Deer,On Roadway,"Blacktop, Asphalt, Bituminous",No Defects,Daylight,Daylight,"Two-Way, Not Divided",Not Provided,No Adverse Condition (Clear/Cloud),Grade - Straight,Not Provided,No,Not at Intersection,Not Provided,No Passing Lines,Dry,Intersection Area,Non-Intersection,Yes - Working,No,2022,Summer,July,Daytime,3:00pm - 5:59pm,15,Property Damage Crash,No,No,No,No,No,No,No,No,No,No,No,No,No,Single Vehicle Crashes,Patrick County,,Rural,36.58858,-80.40815,Non-Interstate,VA-103W,103.0,CLAUDVILLE HWY,5.1,Major Collector,Not at Intersection,,Yes,0,0,No,0,0,0,0,0,0,0,0,0,0,0,c0907876,0,0,1,Minor
2,2023-03-17,12:56:00,Friday,Angle,On Roadway,"Blacktop, Asphalt, Bituminous",No Defects,Daylight,Daylight,"Two-Way, Not Divided",Not Provided,No Adverse Condition (Clear/Cloud),Straight - Level,Not Provided,No,Not at Intersection,Not Provided,Traffic Lanes Marked,Dry,Other Location,"Driveway, Alley-Access - Related",Yes - Working,No,2023,Spring,March,Daytime,Noon - 2:59pm,12,Property Damage Crash,No,No,No,No,No,No,No,No,No,No,No,No,No,Multiple Vehicle Crashes,King George County,,Rural,38.33994,-77.07672,Non-Interstate,VA-206E,206.0,DAHLGREN RD,9.17,Minor Arterial,At Intersection,JAMES MADISON PKWY,Yes,0,0,No,0,0,0,0,0,0,0,0,0,0,0,c5314479,0,0,1,Minor
2,2023-03-14,06:50:00,Tuesday,Angle,On Roadway,"Blacktop, Asphalt, Bituminous",No Defects,Dawn,Dawn,"Two-Way, Divided, Unprotected Median",Not Provided,No Adverse Condition (Clear/Cloud),Straight - Level,Not Provided,No,Four Approaches,Not Provided,Stop Sign,Dry,Intersection Area,Within Intersection,Yes - Working,No,2023,Spring,March,Daytime,6:00am - 8:59am,6,Property Damage Crash,No,Yes,No,No,No,No,No,No,No,Yes,No,No,No,Multiple Vehicle Crashes,Mecklenburg County,South Hill,Rural,36.71217,-78.12728,Non-Interstate,US-58E,58.0,SOUTH HILL BYP,376.27,Other Principal Arterial,At Intersection,BUTTS ST,No,0,0,No,0,0,0,0,0,0,0,0,0,0,0,c5853030,0,0,1,Minor
2,2024-09-11,10:36:00,Wednesday,Sideswipe - Opposite Direction,On Roadway,"Blacktop, Asphalt, Bituminous",No Defects,Daylight,Daylight,"Two-Way, Divided, Unprotected Median",Not Provided,No Adverse Condition (Clear/Cloud),Curve - Level,Not Provided,No,Not at Intersection,Not Provided,No Passing Lines,Dry,Intersection Area,Non-Intersection,Yes - Working,No,2024,Autumn,September,Daytime,9:00am - 11:59am,10,Property Damage Crash,No,Yes,Yes,No,No,No,No,No,No,Yes,No,No,No,Multiple Vehicle Crashes,Dickenson County,,Rural,37.06831,-82.48831,Non-Interstate,VA-72N,72.0,COEBURN RD,42.69,Minor Arterial,Not at Intersection,,No,0,0,Yes,0,0,0,0,0,0,0,0,0,0,0,c5377311,0,0,1,Minor
1,2022-10-02,10:12:00,Sunday,Deer,On Roadway,"Blacktop, Asphalt, Bituminous",No Defects,Daylight,Daylight,"Two-Way, Not Divided",Not Provided,Rain,Grade - Straight,Not Provided,No,Not at Intersection,Not Provided,Traffic Lanes Marked,Wet,Intersection Area,Non-Intersection,Yes - Working,No,2022,Autumn,October,Daytime,9:00am - 11:59am,10,Property Damage Crash,No,No,No,No,No,No,No,No,No,No,No,No,No,Single Vehicle Crashes,Rockbridge County,,Rural,37.65147,-79.52188,Non-Interstate,US-11S,11.0,LEE HWY,192.08,Minor Arterial,Not at Intersection,,No,0,0,No,0,0,0,0,0,0,0,0,0,0,0,c5928850,0,0,1,Minor
2,2024-06-13,09:58:00,Thursday,Angle,On Roadway,"Blacktop, Asphalt, Bituminous",No Defects,Daylight,Daylight,"Two-Way, Not Divided",Not Provided,No Adverse Condition (Clear/Cloud),Straight - Level,Not Provided,No,Three Approaches,Not Provided,Stop Sign,Dry,Intersection Area,Within Intersection,Yes - Working,No,2024,Summer,June,Daytime,9:00am - 11:59am,9,Injury Crash,No,No,No,No,No,No,No,No,No,Yes,No,No,No,Multiple Vehicle Crashes,Stafford County,,Urban,38.31109,-77.43639,Non-Interstate,VA-218W,218.0,WHITE OAK RD,2.06,Minor Arterial,At Intersection,SOUTHSIDE DR,Yes,0,0,No,0,0,0,0,0,0,0,0,0,0,1,c9036864,0,0,1,Minor
2,2022-12-21,20:30:00,Wednesday,Sideswipe - Same Direction,On Roadway,"Blacktop, Asphalt, Bituminous",No Defects,Darkness,Darkness - Road Not Lighted,"One-Way, Not Divided",Not Provided,No Adverse Condition (Clear/Cloud),On/Off Ramp,Not Provided,No,"Five-Point, or More",Not Provided,Highway Safety Corridor,Dry,Interchange Area,Main-Line Roadway,Yes - Working,No,2022,Winter,December,Nighttime,6:00pm - 8:59pm,20,Injury Crash,No,No,No,No,No,No,No,No,No,No,No,No,No,Multiple Vehicle Crashes,Hampton City,,Urban,37.06073,-76.40194,Non-Interstate,VA-134U RAMP 7A,134.0,HAMPTON ROADS CENTER RAMP,0.0,Other Principal Arterial,Not at Intersection,,No,0,0,No,0,0,0,0,0,0,0,0,0,0,2,c5390658,0,1,0,Severe
2,2023-04-29,12:18:00,Saturday,Angle,On Roadway,"Blacktop, Asphalt, Bituminous",No Defects,Daylight,Daylight,"Two-Way, Not Divided",Not Provided,No Adverse Condition (Clear/Cloud),Straight - Level,Not Provided,No,Three Approaches,Not Provided,Traffic Lanes Marked,Dry,Intersection Area,Within Intersection,Yes - Working,No,2023,Spring,April,Daytime,Noon - 2:59pm,12,Property Damage Crash,No,Yes,No,No,No,No,No,No,No,No,No,No,No,Multiple Vehicle Crashes,Albemarle County,,Urban,38.07748,-78.49663,Non-Interstate,SC-743S (ALBEMARLE COUNTY),743.0,HYDRAULIC RD,1.21,Minor Arterial,At Intersection,HYDRAULIC CIR,No,0,0,No,0,0,0,0,0,0,0,0,0,0,0,c8162443,0,0,1,Minor
2,2022-06-13,19:29:00,Monday,Angle,On Roadway,"Blacktop, Asphalt, Bituminous",No Defects,Daylight,Daylight,"Two-Way, Divided, Positive Median Barrier",Not Provided,No Adverse Condition (Clear/Cloud),Straight - Level,Not Provided,No,Three Approaches,Not Provided,Traffic Signal,Dry,Intersection Area,Within Intersection,Yes - Working,No,2022,Summer,June,Nighttime,6:00pm - 8:59pm,19,Injury Crash,No,No,No,No,No,No,No,No,No,No,No,No,No,Multiple Vehicle Crashes,Richmond City,,Urban,37.52699,-77.49927,Non-Interstate,FOREST HILL AVE (PR - CITY OF RICHMOND),,FOREST HILL AVE,2.22,Minor Arterial,At Intersection,WESTOWER DR,Yes,0,0,No,0,0,0,0,0,0,0,0,0,0,1,c7334425,0,0,1,Minor
2,2024-12-27,06:10:00,Friday,Rear End,On Roadway,"Blacktop, Asphalt, Bituminous",No Defects,Darkness,Darkness - Road Not Lighted,"Two-Way, Divided, Positive Median Barrier",Not Provided,No Adverse Condition (Clear/Cloud),Straight - Level,Not Provided,No,Four Approaches,Not Provided,Traffic Signal,Dry,Intersection Area,Intersection Related - Within 150 Feet,Yes - Working,No,2024,Winter,December,Daytime,6:00am - 8:59am,6,Injury Crash,No,Yes,No,No,No,No,No,No,No,No,No,No,No,Multiple Vehicle Crashes,Hanover County,,Urban,37.64862,-77.40521,Non-Interstate,US-301S,301.0,CHAMBERLAYNE RD,83.74,Minor Arterial,At Intersection,LEON LN,No,0,0,No,0,0,0,0,0,0,0,0,0,0,1,c4753117,0,0,1,Minor
2,2023-01-16,18:00:00,Monday,Sideswipe - Same Direction,On Roadway,"Blacktop, Asphalt, Bituminous",No Defects,Darkness,Darkness - Road Lighted,"Two-Way, Divided, Unprotected Median",Not Provided,No Adverse Condition (Clear/Cloud),Straight - Level,Not Provided,No,Not at Intersection,Not Provided,Traffic Lanes Marked,Dry,Other Location,Crossover Related,Yes - Working,No,2023,Winter,January,Nighttime,6:00pm - 8:59pm,18,Property Damage Crash,No,No,No,No,No,No,No,No,No,No,No,No,No,Multiple Vehicle Crashes,Chesterfield County,,Urban,37.50449,-77.57784,Non-Interstate,US-60E,60.0,MIDLOTHIAN TPKE,181.23,Other Principal Arterial,Not at Intersection,,No,0,0,No,0,0,0,0,0,0,0,0,0,0,0,c4622852,0,0,1,Minor
5,2022-05-27,04:44:00,Friday,Fixed Object in Road,On Roadway,"Blacktop, Asphalt, Bituminous",No Defects,Darkness,Darkness - Road Lighted,"Two-Way, Not Divided",Not Provided,No Adverse Condition (Clear/Cloud),Grade - Straight,Not Provided,No,Not at Intersection,Not Provided,Pedestrian Crosswalk,Dry,Intersection Area,Non-Intersection,No Traffic Control Device Present,No,2022,Spring,May,Nighttime,3:00am - 5:59am,4,Injury Crash,No,No,No,No,No,No,No,No,No,No,Yes,No,No,Multiple Vehicle Crashes,Fairfax County,,Urban,38.93087,-77.34647,Non-Interstate,SC-4720S (FAIRFAX COUNTY),4720.0,SOAPSTONE DR,1.53,Major Collector,Not at Intersection,,No,0,0,No,0,0,0,0,0,0,0,1,1,0,1,c0732987,0,0,1,Minor
2,2023-12-07,14:30:00,Thursday,Rear End,On Roadway,"Blacktop, Asphalt, Bituminous",No Defects,Daylight,Daylight,"Two-Way, Not Divided",Not Provided,No Adverse Condition (Clear/Cloud),Straight - Level,Not Provided,No,Not at Intersection,Not Provided,Traffic Lanes Marked,Dry,Intersection Area,Non-Intersection,Yes - Working,No,2023,Winter,December,Daytime,Noon - 2:59pm,14,Property Damage Crash,No,No,Yes,No,No,No,No,No,No,Yes,No,No,No,Multiple Vehicle Crashes,Prince William County,,Urban,38.69878,-77.58042,Non-Interstate,SC-652E (PRINCE WILLIAM COUNTY),652.0,FITZWATER DR,3.86,Major Collector,Not at Intersection,,No,0,0,No,0,0,0,0,0,0,0,0,0,0,0,c1478324,0,0,1,Minor
1,2022-01-14,22:50:00,Friday,Fixed Object - Off Road,Shoulder,"Blacktop, Asphalt, Bituminous",No Defects,Darkness,Darkness - Road Not Lighted,"Two-Way, Divided, Positive Median Barrier",Not Provided,No Adverse Condition (Clear/Cloud),Straight - Level,Not Provided,No,Not at Intersection,Not Provided,Traffic Lanes Marked,Dry,Intersection Area,Non-Intersection,Yes - Working,No,2022,Winter,January,Nighttime,9:00pm - 11:59pm,22,Injury Crash,No,No,No,No,No,No,No,No,No,No,Yes,No,No,Single Vehicle Crashes,Henry County,,Urban,36.73893,-79.93976,Non-Interstate,VA-57E,220.0,FAIRYSTONE PARK HWY,20.38,Other Principal Arterial,Not at Intersection,,No,0,0,No,0,0,0,0,0,0,0,1,0,0,1,c5903661,0,0,1,Minor