NumberOfVehicles,CrashDate,CrashTime,DayOfWeek,TypeOfCollision,LocationOfFirstHarmfulEvent,RoadwaySurfaceType,RoadwayDefect,LightCondition_Category,LightCondition_Value,RoadwayDescription,WorkZoneLocation,WeatherCondition,RoadwayAlignment,WorkZoneWorkersPresent,SchoolZone,IntersectionType,WorkZoneType,TrafficControlType,RoadwaySurfaceCondition,RelationToRoadway_Category,RelationToRoadway_Value,TrafficControlMechanicalDevice,WorkZoneRelated,Year,Meteorological Season,MonthName,DaytimeNighttime_NHTSA,ThreeHourLabel,Hour,CrashType,AlcoholInvolved,SpeedRelated,CommercialMotorVehiclesInvolved,PedestrianInvolved,BicycleInvolved,MotorcycleInvolved,MopedInvolved,TrainRelated,SchoolZoneInvolved,TeenDriverInvolved,DistractedDriverInvolved,DriverTextingInvolved,DriverUsingCellPhone,Single_Multi_Vehicle,Jurisdiction,TownName,LocationTypeName,Latitude,Longitude,Interstate_NonInterstate,RoadName,RouteNumber,RouteName,MileMarker,FunctionalClassCode,AtIntersection,SecondaryLocation,MatureDriverInvolved,MatureDriverFatalities,MatureDriverInjuries,LargeTruckInvolved,PedestrianFatalities,PedestrianInjuries,MotorcycleFatalities,MotorcycleInjuries,BicycleFatalities,BicycleInjuries,DistractedDriverFatalities,DistractedDriverInjuries,UnrestrainedInjuries,Number_Of_Fatalities,Number_Of_Injuries,Crash_UID,Is_Fatal,Is_Severe,Is_Minor,SeverityLabel
2,2024-03-18,14:21:00,Monday,Angle,On Roadway,Concrete,No Defects,Daylight,Daylight,"Two-Way, Not Divided",Not Provided,No Adverse Condition (Clear/Cloud),Straight - Level,Not Provided,No,Four Approaches,Not Provided,Traffic Signal,Dry,Interchange Area,Main-Line Roadway,Yes - Working,No,2024,Spring,March,Daytime,Noon - 2:59pm,14,Injury Crash,No,No,No,No,No,No,No,No,No,Yes,No,No,No,Multiple Vehicle Crashes,Chesapeake City,,Urban,36.8634,-76.4042,Non-Interstate,US-17N,17.0,WESTERN BRANCH BLVD,32.64,Other Principal Arterial,At Intersection,TAYLOR RD,No,0,0,No,0,0,0,0,0,0,0,0,0,0,3,c4849450,0,1,0,Severe
2,2023-11-08,07:19:00,Wednesday,Angle,On Roadway,"Blacktop, Asphalt, Bituminous",No Defects,Daylight,Daylight,"Two-Way, Divided, Positive Median Barrier",Not Provided,No Adverse Condition (Clear/Cloud),Straight - Level,Not Provided,No,Four Approaches,Not Provided,Traffic Signal,Dry,Intersection Area,Within Intersection,Yes - Working,No,2023,Autumn,November,Daytime,6:00am - 8:59am,7,Injury Crash,No,No,No,No,No,No,No,No,No,No,No,No,No,Multiple Vehicle Crashes,Va. Beach City,,Urban,36.76902,-76.01513,Non-Interstate,LONDON BRIDGE RD (PR - CITY OF VIRGINIA BEACH),,LONDON BRIDGE RD,7.3,Minor Arterial,At Intersection,WEYBRIDGE DR,Yes,0,1,No,0,0,0,0,0,0,0,0,0,0,1,c3450248,0,0,1,Minor
2,2023-06-25,15:26:00,Sunday,Angle,On Roadway,"Blacktop, Asphalt, Bituminous",No Defects,Daylight,Daylight,"One-Way, Not Divided",Not Provided,Rain,Curve - Level,Not Provided,No,Roundabout,Not Provided,Yield Sign,Wet,Intersection Area,Within Intersection,Yes - Working,No,2023,Summer,June,Daytime,3:00pm - 5:59pm,15,Property Damage Crash,No,No,No,No,No,No,No,No,No,No,No,No,No,Multiple Vehicle Crashes,Henrico County,,Urban,37.67126,-77.48277,Non-Interstate,CR-7663N (HENRICO COUNTY),7663.0,WOODMAN RD,5.26,Minor Arterial,At Intersection,GREENWOOD RD,No,0,0,No,0,0,0,0,0,0,0,0,0,0,0,c9352646,0,0,1,Minor
1,2024-09-19,07:02:00,Thursday,Fixed Object - Off Road,On Roadway,"Blacktop, Asphalt, Bituminous",No Defects,Daylight,Daylight,"Two-Way, Divided, Positive Median Barrier",Not Provided,No Adverse Condition (Clear/Cloud),Straight - Level,Not Provided,No,Not at Intersection,Not Provided,Traffic Lanes Marked,Dry,Intersection Area,Non-Intersection,Yes - Working,No,2024,Autumn,September,Daytime,6:00am - 8:59am,7,Property Damage Crash,No,No,No,No,No,No,No,No,No,No,No,No,No,Single Vehicle Crashes,Newport News City,,Urban,37.09441,-76.46382,Interstate,I-64W,64.0,I-64,258.43,Interstate,Not at Intersection,,No,0,0,No,0,0,0,0,0,0,0,0,0,0,0,c3980616,0,0,1,Minor
1,2023-11-16,11:33:00,Thursday,Fixed Object - Off Road,On Roadway,"Slag, Gravel, Stone",No Defects,Daylight,Daylight,"Two-Way, Not Divided",Not Provided,No Adverse Condition (Clear/Cloud),Straight - Level,Not Provided,No,Not at Intersection,Not Provided,No Traffic Control,Dry,Intersection Area,Non-Intersection,No Traffic Control Device Present,No,2023,Autumn,November,Daytime,9:00am - 11:59am,11,Property Damage Crash,No,No,No,No,No,No,No,No,No,No,No,No,No,Single Vehicle Crashes,Amherst County,,Rural,37.68556,-79.33034,Non-Interstate,SC-607S (AMHERST COUNTY),607.0,ROBINSON GAP RD,9.26,Local,Not at Intersection,,No,0,0,No,0,0,0,0,0,0,0,0,0,0,0,c8825037,0,0,1,Minor
2,2023-07-24,18:02:00,Monday,Other,On Roadway,"Blacktop, Asphalt, Bituminous",No Defects,Daylight,Daylight,"Two-Way, Divided, Positive Median Barrier",Not Provided,No Adverse Condition (Clear/Cloud),Straight - Level,Not Provided,No,Three Approaches,Not Provided,Stop Sign,Dry,Intersection Area,Within Intersection,Yes - Working,No,2023,Summer,July,Nighttime,6:00pm - 8:59pm,18,Property Damage Crash,No,Yes,No,No,No,No,No,No,No,Yes,No,No,No,Multiple Vehicle Crashes,Loudoun County,,Urban,39.03677,-77.42833,Non-Interstate,SC-1902N (LOUDOUN COUNTY),1902.0,ATLANTIC BLVD,1.69,Major Collector,At Intersection,MAJESTIC DR,No,0,0,No,0,0,0,0,0,0,0,0,0,0,0,c5710136,0,0,1,Minor
1,2023-05-04,20:52:00,Thursday,Deer,On Roadway,"Blacktop, Asphalt, Bituminous",No Defects,Daylight,Daylight,"Two-Way, Divided, Unprotected Median",Not Provided,No Adverse Condition (Clear/Cloud),Grade - Straight,Not Provided,No,Not at Intersection,Not Provided,Traffic Lanes Marked,Dry,Intersection Area,Non-Intersection,Yes - Working,No,2023,Spring,May,Nighttime,6:00pm - 8:59pm,20,Property Damage Crash,No,No,No,No,No,No,No,No,No,No,No,No,No,Single Vehicle Crashes,Wythe County,,Rural,36.94241,-81.13294,Non-Interstate,US-11S,11.0,WEST LEE HWY,67.75,Minor Arterial,Not at Intersection,,No,0,0,No,0,0,0,0,0,0,0,0,0,0,0,c0575771,0,0,1,Minor
2,2023-09-13,19:00:00,Wednesday,Rear End,On Roadway,"Blacktop, Asphalt, Bituminous",No Defects,Dusk,Dusk,"Two-Way, Divided, Positive Median Barrier",Not Provided,No Adverse Condition (Clear/Cloud),Grade - Straight,Not Provided,No,Four Approaches,Not Provided,Traffic Signal,Dry,Intersection Area,Within Intersection,Yes - Working,No,2023,Autumn,September,Nighttime,6:00pm - 8:59pm,19,Property Damage Crash,Yes,No,No,No,No,No,No,No,No,No,Yes,No,No,Multiple Vehicle Crashes,Fairfax County,,Urban,38.83872,-77.43662,Non-Interstate,US-29S,29.0,LEE HWY,228.26,Other Principal Arterial,At Intersection,CENTREWOOD DR,No,0,0,No,0,0,0,0,0,0,0,0,0,0,0,c2448254,0,0,1,Minor
2,2024-10-25,15:35:00,Friday,Rear End,On Roadway,"Blacktop, Asphalt, Bituminous",No Defects,Daylight,Daylight,"Two-Way, Divided, Unprotected Median",Not Provided,No Adverse Condition (Clear/Cloud),Straight - Level,Not Provided,No,Three Approaches,Not Provided,Stop Sign,Dry,Other Location,Crossover Related,Yes - Working,No,2024,Autumn,October,Daytime,3:00pm - 5:59pm,15,Injury Crash,No,No,No,No,No,No,No,No,No,Yes,Yes,No,No,Multiple Vehicle Crashes,Wise County,,Urban,36.8362,-82.76626,Non-Interstate,US-23S,23.0,ORBY CANTRELL HWAY,31.43,Other Principal Arterial,At Intersection,WILDCAT RD,No,0,0,No,0,0,0,0,0,0,0,1,0,0,2,c3297022,0,1,0,Severe
2,2024-08-15,22:45:00,Thursday,Head On,On Roadway,"Blacktop, Asphalt, Bituminous",No Defects,Darkness,Darkness - Road Lighted,"Two-Way, Not Divided",Not Provided,No Adverse Condition (Clear/Cloud),Straight - Level,Not Provided,No,Not at Intersection,Not Provided,No Traffic Control,Dry,Interchange Area,Main-Line Roadway,No Traffic Control Device Present,No,2024,Summer,August,Nighttime,9:00pm - 11:59pm,22,Injury Crash,No,No,No,No,No,No,No,No,No,No,No,No,No,Multiple Vehicle Crashes,Montgomery County,Blacksburg,Urban,37.23753,-80.42265,Non-Interstate,KABRICH ST (PR - TOWN OF BLACKSBURG),0.0,KABRICH ST,0.12,Local,Not at Intersection,,No,0,0,No,0,0,0,0,0,0,0,0,0,0,1,c2789431,0,0,1,Minor
2,2024-06-03,07:29:00,Monday,Rear End,On Roadway,"Blacktop, Asphalt, Bituminous",No Defects,Daylight,Daylight,"Two-Way, Divided, Unprotected Median",Not Provided,Rain,Straight - Level,Not Provided,No,Three Approaches,Not Provided,Traffic Lanes Marked,Wet,Intersection Area,Intersection Related - Within 150 Feet,Yes - Working,No,2024,Summer,June,Daytime,6:00am - 8:59am,7,Injury Crash,No,Yes,No,No,No,No,No,No,No,Yes,No,No,No,Multiple Vehicle Crashes,Hampton City,,Urban,37.05272,-76.33346,Non-Interstate,VA-169S,169.0,FOX HILL RD,6.3,Minor Arterial,At Intersection,LAKE PHILLIPS DR,No,0,0,No,0,0,0,0,0,0,0,0,0,0,2,c2652222,0,1,0,Severe
2,2024-12-28,22:47:00,Saturday,Sideswipe - Same Direction,On Roadway,"Blacktop, Asphalt, Bituminous",No Defects,Darkness,Darkness - Road Lighted,"Two-Way, Not Divided",Not Provided,No Adverse Condition (Clear/Cloud),Straight - Level,Not Provided,No,Not at Intersection,Not Provided,No Traffic Control,Dry,Intersection Area,Non-Intersection,No Traffic Control Device Present,No,2024,Winter,December,Nighttime,9:00pm - 11:59pm,22,Property Damage Crash,No,No,No,No,No,No,No,No,No,No,No,No,No,Multiple Vehicle Crashes,Chesapeake City,,Urban,36.77542,-76.34287,Non-Interstate,TOWNHOUSE LN (NP - CITY OF CHESAPEAKE),0.0,TOWNHOUSE LN,0.13,Local,Not at Intersection,,Yes,0,0,No,0,0,0,0,0,0,0,0,0,0,0,c1895062,0,0,1,Minor
1,2023-12-14,09:52:00,Thursday,Fixed Object - Off Road,Roadside,"Blacktop, Asphalt, Bituminous",No Defects,Daylight,Daylight,"Two-Way, Not Divided",Not Provided,No Adverse Condition (Clear/Cloud),Straight - Level,Not Provided,No,Four Approaches,Not Provided,Traffic Signal,Dry,Intersection Area,Within Intersection,Yes - Working,No,2023,Winter,December,Daytime,9:00am - 11:59am,9,Property Damage Crash,No,No,No,No,No,No,No,No,No,No,No,No,No,Single Vehicle Crashes,Winchester City,,Urban,39.18604,-78.16323,Non-Interstate,VA-7E,7.0,PICCADILLY ST,0.35,Other Principal Arterial,At Intersection,CAMERON ST,No,0,0,No,0,0,0,0,0,0,0,0,0,0,0,c3870717,0,0,1,Minor
2,2022-08-24,15:48:00,Wednesday,Rear End,On Roadway,"Blacktop, Asphalt, Bituminous",No Defects,Daylight,Daylight,"Two-Way, Divided, Positive Median Barrier",Not Provided,No Adverse Condition (Clear/Cloud),Straight - Level,Not Provided,No,Four Approaches,Not Provided,Traffic Signal,Dry,Intersection Area,Within Intersection,Yes - Working,No,2022,Summer,August,Daytime,3:00pm - 5:59pm,15,Injury Crash,No,No,No,No,No,No,No,No,No,No,No,No,No,Multiple Vehicle Crashes,Hampton City,,Urban,37.03264,-76.3554,Non-Interstate,UR-7037S (CITY OF HAMPTON),,RIP RAP RD,0.81,Minor Arterial,At Intersection,ARMISTEAD AVE,No,0,0,No,0,0,0,0,0,0,0,0,0,0,2,c9187860,0,1,0,Severe
2,2024-09-12,16:24:00,Thursday,Angle,On Roadway,"Blacktop, Asphalt, Bituminous",No Defects,Daylight,Daylight,"Two-Way, Not Divided",Not Provided,No Adverse Condition (Clear/Cloud),Straight - Level,Not Provided,No,Three Approaches,Not Provided,Stop Sign,Dry,Intersection Area,Within Intersection,Yes - Working,No,2024,Autumn,September,Daytime,3:00pm - 5:59pm,16,Property Damage Crash,No,No,No,No,No,No,No,No,No,No,No,No,No,Multiple Vehicle Crashes,Roanoke County,,Urban,37.20956,-80.00652,Non-Interstate,SC-800N (ROANOKE COUNTY),800.0,CHAPARRAL DR,0.21,Major Collector,At Intersection,HUMMINGBIRD LN,No,0,0,No,0,0,0,0,0,0,0,0,0,0,0,c4522298,0,0,1,Minor
1,2024-09-21,17:17:00,Saturday,Deer,On Roadway,"Blacktop, Asphalt, Bituminous",No Defects,Daylight,Daylight,"Two-Way, Not Divided",Not Provided,No Adverse Condition (Clear/Cloud),Straight - Level,Not Provided,No,Not at Intersection,Not Provided,Traffic Lanes Marked,Dry,Intersection Area,Non-Intersection,Yes - Working,No,2024,Autumn,September,Daytime,3:00pm - 5:59pm,17,Property Damage Crash,No,No,No,No,No,No,No,No,No,No,No,No,No,Single Vehicle Crashes,Loudoun County,,Rural,39.11728,-77.8238,Non-Interstate,VA-7E,7.0,LEESBURG PIKE,20.36,Other Principal Arterial,Not at Intersection,,No,0,0,No,0,0,0,0,0,0,0,0,0,0,0,c9696195,0,0,1,Minor
2,2024-12-31,17:29:00,Tuesday,Sideswipe - Same Direction,On Roadway,"Blacktop, Asphalt, Bituminous",No Defects,Dusk,Dusk,"Two-Way, Not Divided",Not Provided,No Adverse Condition (Clear/Cloud),Straight - Level,Not Provided,No,Not at Intersection,Not Provided,No Traffic Control,Dry,Interchange Area,Main-Line Roadway,Yes - Working,No,2024,Winter,December,Daytime,3:00pm - 5:59pm,17,Injury Crash,No,No,No,No,No,Yes,No,No,No,No,No,No,No,Multiple Vehicle Crashes,Prince George County,,Urban,37.24017,-77.35927,Non-Interstate,VA-36E,36.0,OAKLAWN BLVD,9.96,Other Principal Arterial,Not at Intersection,,No,0,0,No,0,0,0,2,0,0,0,0,0,0,2,c7344747,0,1,0,Severe
2,2023-05-12,16:15:00,Friday,Angle,On Roadway,"Blacktop, Asphalt, Bituminous",No Defects,Daylight,Daylight,"Two-Way, Not Divided",Not Provided,No Adverse Condition (Clear/Cloud),Curve - Level,Not Provided,No,Two Approaches,Not Provided,Stop Sign,Dry,Intersection Area,Within Intersection,Yes - Working,No,2023,Spring,May,Daytime,3:00pm - 5:59pm,16,Property Damage Crash,No,No,No,No,No,No,No,No,No,No,No,No,No,Multiple Vehicle Crashes,Pittsylvania County,,Rural,36.70299,-79.44533,Non-Interstate,VA-41S,41.0,FRANKLIN TPKE,7.77,Minor Arterial,At Intersection,PLEASANT GAP DR,Yes,0,0,No,0,0,0,0,0,0,0,0,0,0,0,c5202494,0,0,1,Minor
1,2024-04-03,11:33:00,Wednesday,Fixed Object - Off Road,On Roadway,"Blacktop, Asphalt, Bituminous",Slick Pavement,Daylight,Daylight,"Two-Way, Divided, Unprotected Median",Not Provided,Mist,Straight - Level,Not Provided,No,Three Approaches,Not Provided,Traffic Signal,Wet,Intersection Area,Within Intersection,Yes - Working,No,2024,Spring,April,Daytime,9:00am - 11:59am,11,Property Damage Crash,No,No,No,No,No,No,No,No,No,No,No,No,No,Single Vehicle Crashes,Richmond City,,Urban,37.54171,-77.44887,Non-Interstate,US-1S,1.0,BELVIDERE ST,93.05,Other Principal Arterial,At Intersection,IDLEWOOD AVE,No,0,0,No,0,0,0,0,0,0,0,0,0,0,0,c6953053,0,0,1,Minor
2,2022-03-08,09:00:00,Tuesday,Angle,On Roadway,"Blacktop, Asphalt, Bituminous",No Defects,Daylight,Daylight,"Two-Way, Divided, Unprotected Median",Not Provided,No Adverse Condition (Clear/Cloud),Other,Not Provided,No,Four Approaches,Not Provided,Stop Sign,Dry,Intersection Area,Within Intersection,Yes - Working,No,2022,Spring,March,Daytime,9:00am - 11:59am,9,Injury Crash,No,No,No,No,No,No,No,No,No,No,No,No,No,Multiple Vehicle Crashes,Va. Beach City,,Urban,36.86761,-76.17053,Non-Interstate,DIAMOND SPRINGS RD (NP - CITY OF VIRGINIA BEACH),,DIAMOND SPRINGS RD,0.16,Minor Arterial,At Intersection,SHURNEY LN,Yes,0,1,No,0,0,0,0,0,0,0,0,0,0,2,c7868247,0,1,0,Severe
1,2023-05-29,23:23:00,Monday,Fixed Object - Off Road,Shoulder,"Blacktop, Asphalt, Bituminous",No Defects,Darkness,Darkness - Road Lighted,"Two-Way, Divided, Unprotected Median",Not Provided,No Adverse Condition (Clear/Cloud),Straight - Level,Not Provided,No,Three Approaches,Not Provided,Traffic Lanes Marked,Dry,Intersection Area,Intersection Related - Within 150 Feet,No Traffic Control Device Present,No,2023,Spring,May,Nighttime,9:00pm - 11:59pm,23,Property Damage Crash,No,No,No,No,No,No,No,No,No,Yes,Yes,No,Yes,Single Vehicle Crashes,Frederick County,,Urban,39.22768,-78.12309,Non-Interstate,US-11N,11.0,MARTINSBURG,333.93,Major Collector,Not at Intersection,,No,0,0,No,0,0,0,0,0,0,0,0,0,0,0,c4564387,0,0,1,Minor
2,2022-06-15,17:15:00,Wednesday,Rear End,On Roadway,"Blacktop, Asphalt, Bituminous",No Defects,Daylight,Daylight,"Two-Way, Not Divided",Not Provided,No Adverse Condition (Clear/Cloud),Straight - Level,Not Provided,No,Three Approaches,Not Provided,Traffic Lanes Marked,Dry,Intersection Area,Intersection Related - Within 150 Feet,Yes - Working,No,2022,Summer,June,Daytime,3:00pm - 5:59pm,17,Property Damage Crash,No,Yes,No,No,No,No,No,No,No,No,No,No,No,Multiple Vehicle Crashes,King George County,,Rural,38.23312,-77.13042,Non-Interstate,VA-3E,3.0,KINGS HWY,56.13,Minor Arterial,At Intersection,CANTERBURY LOOP,No,0,0,No,0,0,0,0,0,0,0,0,0,0,0,c4742019,0,0,1,Minor
3,2022-07-05,21:22:00,Tuesday,Angle,On Roadway,"Blacktop, Asphalt, Bituminous",No Defects,Darkness,Darkness - Road Lighted,"Two-Way, Divided, Unprotected Median",Not Provided,No Adverse Condition (Clear/Cloud),Grade - Straight,Not Provided,No,Four Approaches,Not Provided,Traffic Signal,Dry,Intersection Area,Within Intersection,Yes - Working,No,2022,Summer,July,Nighttime,9:00pm - 11:59pm,21,Injury Crash,No,No,No,No,No,No,No,No,No,No,No,No,No,Multiple Vehicle Crashes,Montgomery County,Christiansburg,Urban,37.16171,-80.42264,Non-Interstate,BUS US-460W (7 TOWN OF CHRISTIANSBURG),460.0,FRANKLIN ST,2.14,Minor Arterial,At Intersection,LAUREL ST,No,0,0,No,0,0,0,0,0,0,0,0,1,0,5,c4390412,0,1,0,Severe
2,2022-11-25,16:52:00,Friday,Angle,On Roadway,"Blacktop, Asphalt, Bituminous",No Defects,Daylight,Daylight,"Two-Way, Divided, Positive Median Barrier",Not Provided,No Adverse Condition (Clear/Cloud),Straight - Level,Not Provided,No,Four Approaches,Not Provided,Traffic Lanes Marked,Dry,Intersection Area,Within Intersection,Yes - Working,No,2022,Autumn,November,Daytime,3:00pm - 5:59pm,16,Property Damage Crash,No,No,No,No,No,No,No,No,No,Yes,No,No,No,Multiple Vehicle Crashes,Fairfax County,,Urban,38.72316,-77.20911,Non-Interstate,SC-638N (FAIRFAX COUNTY),638.0,POHICK RD,1.23,Minor Arterial,At Intersection,RIDGEPARK CT,No,0,0,No,0,0,0,0,0,0,0,0,0,0,0,c4116859,0,0,1,Minor
1,2023-06-23,21:00:00,Friday,Non-Collision,On Roadway,"Blacktop, Asphalt, Bituminous",No Defects,Darkness,Darkness - Road Not Lighted,"Two-Way, Not Divided",Not Provided,No Adverse Condition (Clear/Cloud),Grade - Straight,Not Provided,No,Not at Intersection,Not Provided,No Traffic Control,Dry,Intersection Area,Non-Intersection,No Traffic Control Device Present,No,2023,Summer,June,Nighttime,9:00pm - 11:59pm,21,Fatal Crash,No,Yes,No,No,No,No,No,No,No,Yes,No,No,No,Single Vehicle Crashes,Scott County,,Rural,36.77542,-82.7023,Non-Interstate,SC-653W (SCOTT COUNTY),653.0,MABE STANLEYTOWN RD,5.28,Minor Collector,Not at Intersection,,No,0,0,No,0,0,0,0,0,0,0,0,1,1,1,c3698450,1,1,0,Fatal
2,2024-03-16,13:18:00,Saturday,Angle,On Roadway,"Blacktop, Asphalt, Bituminous",No Defects,Daylight,Daylight,"Two-Way, Divided, Positive Median Barrier",Not Provided,No Adverse Condition (Clear/Cloud),Grade - Straight,Not Provided,No,Four Approaches,Not Provided,Traffic Signal,Dry,Intersection Area,Within Intersection,Yes - Working,No,2024,Spring,March,Daytime,Noon - 2:59pm,13,Property Damage Crash,No,No,No,No,No,No,No,No,No,No,No,No,No,Multiple Vehicle Crashes,Arlington County,,Urban,38.8994,-77.11626,Non-Interstate,US-29S,29.0,LANGSTON BLVD,246.5,Other Principal Arterial,At Intersection,LORCOM LN,No,0,0,No,0,0,0,0,0,0,0,0,0,0,0,c0377498,0,0,1,Minor
2,2024-09-03,16:09:00,Tuesday,Angle,On Roadway,"Blacktop, Asphalt, Bituminous",No Defects,Daylight,Daylight,"Two-Way, Divided, Unprotected Median",Not Provided,No Adverse Condition (Clear/Cloud),Straight - Level,Not Provided,No,Not at Intersection,Not Provided,Traffic Lanes Marked,Dry,Intersection Area,Non-Intersection,Yes - Working,No,2024,Autumn,September,Daytime,3:00pm - 5:59pm,16,Property Damage Crash,No,No,No,No,No,No,No,No,No,No,No,No,No,Multiple Vehicle Crashes,Va. Beach City,,Urban,36.8474,-76.02118,Non-Interstate,UR-9N (CITY OF VIRGINIA BEACH),9.0,FIRST COLONIAL RD,0.34,Minor Arterial,Not at Intersection,,No,0,0,No,0,0,0,0,0,0,0,0,0,0,0,c6358905,0,0,1,Minor
2,2024-12-05,11:51:00,Thursday,Angle,On Roadway,"Blacktop, Asphalt, Bituminous",No Defects,Daylight,Daylight,"One-Way, Not Divided",Not Provided,No Adverse Condition (Clear/Cloud),Straight - Level,Not Provided,No,Three Approaches,Not Provided,Traffic Signal,Dry,Intersection Area,Within Intersection,Yes - Working,No,2024,Winter,December,Daytime,9:00am - 11:59am,11,Injury Crash,No,No,No,No,No,No,No,No,No,No,No,No,No,Multiple Vehicle Crashes,Alexandria City,,Urban,38.80903,-77.05066,Non-Interstate,US-1P,1.0,HENRY ST,0.58,Other Principal Arterial,At Intersection,PRINCESS ST,No,0,0,No,0,0,0,0,0,0,0,0,0,0,1,c7383879,0,0,1,Minor
2,2024-11-08,03:43:00,Friday,Rear End,On Roadway,"Blacktop, Asphalt, Bituminous",No Defects,Darkness,Darkness - Road Lighted,"Two-Way, Divided, Unprotected Median",Not Provided,No Adverse Condition (Clear/Cloud),Straight - Level,Not Provided,No,Not at Intersection,Not Provided,Traffic Lanes Marked,Dry,Intersection Area,Non-Intersection,Yes - Working,No,2024,Autumn,November,Nighttime,3:00am - 5:59am,3,Injury Crash,No,No,No,No,No,No,No,No,No,No,Yes,No,No,Multiple Vehicle Crashes,Suffolk City,,Urban,36.75788,-76.58614,Non-Interstate,BUS US-460W (4 CITY OF SUFFOLK),460.0,MAIN ST,1.33,Other Principal Arterial,At Intersection,MURPHYS MILL RD,No,0,0,No,0,0,0,0,0,0,0,1,0,0,3,c7675447,0,1,0,Severe
1,2023-11-17,17:50:00,Friday,Fixed Object - Off Road,Shoulder,"Blacktop, Asphalt, Bituminous",No Defects,Darkness,Darkness - Road Not Lighted,"Two-Way, Divided, Positive Median Barrier",Not Provided,No Adverse Condition (Clear/Cloud),Straight - Level,Not Provided,No,Not at Intersection,Not Provided,Traffic Lanes Marked,Dry,Intersection Area,Non-Intersection,Yes - Working,No,2023,Autumn,November,Daytime,3:00pm - 5:59pm,17,Property Damage Crash,No,No,No,No,No,No,No,No,No,No,No,No,No,Single Vehicle Crashes,Newport News City,,Urban,37.16397,-76.54427,Interstate,I-64W,64.0,I-64,251.51,Interstate,Not at Intersection,,No,0,0,No,0,0,0,0,0,0,0,0,0,0,0,c8231258,0,0,1,Minor
2,2024-04-25,16:00:00,Thursday,Sideswipe - Same Direction,On Roadway,"Blacktop, Asphalt, Bituminous",No Defects,Daylight,Daylight,"Two-Way, Not Divided",Not Provided,No Adverse Condition (Clear/Cloud),Straight - Level,Not Provided,No,Roundabout,Not Provided,Traffic Lanes Marked,Dry,Intersection Area,Within Intersection,Yes - Working,No,2024,Spring,April,Daytime,3:00pm - 5:59pm,16,Property Damage Crash,No,No,No,No,No,No,No,No,No,Yes,No,No,No,Multiple Vehicle Crashes,Loudoun County,Purcellville,Urban,39.13578,-77.69232,Non-Interstate,VA-287S,287.0,BERLIN TPKE,0.01,Minor Arterial,At Intersection,MAIN ST,No,0,0,No,0,0,0,0,0,0,0,0,0,0,0,c3158846,0,0,1,Minor
2,2024-09-17,15:12:00,Tuesday,Angle,On Roadway,"Blacktop, Asphalt, Bituminous",No Defects,Daylight,Daylight,"Two-Way, Not Divided",Not Provided,Rain,Curve - Level,Not Provided,No,Not at Intersection,Not Provided,Traffic Lanes Marked,Wet,Intersection Area,Non-Intersection,Yes - Working,No,2024,Autumn,September,Daytime,3:00pm - 5:59pm,15,Property Damage Crash,No,No,No,No,No,No,No,No,No,No,No,No,No,Multiple Vehicle Crashes,Amelia County,,Rural,37.3181,-77.89069,Non-Interstate,VA-153S,153.0,MILITARY RD,14.21,Other Principal Arterial,At Intersection,FIVE FORKS RD,No,0,0,No,0,0,0,0,0,0,0,0,0,0,0,c4969756,0,0,1,Minor
2,2023-09-22,08:30:00,Friday,Sideswipe - Same Direction,On Roadway,"Blacktop, Asphalt, Bituminous",No Defects,Daylight,Daylight,"Two-Way, Not Divided",Not Provided,No Adverse Condition (Clear/Cloud),Straight - Level,Not Provided,No,Not at Intersection,Not Provided,Pedestrian Crosswalk,Dry,Other Location,"Other Crossing (Crossings for Bikes, School, etc.",Yes - Working,No,2023,Autumn,September,Daytime,6:00am - 8:59am,8,Injury Crash,No,No,No,No,No,No,No,No,No,No,No,No,No,Multiple Vehicle Crashes,Falls Church City,,Urban,38.89163,-77.1824,Non-Interstate,UR-6749S (CITY OF FALLS CHURCH),,WEST ST,0.77,Minor Arterial,Not at Intersection,,Yes,0,1,No,0,0,0,0,0,0,0,0,0,0,2,c2698708,0,1,0,Severe
1,2022-05-31,10:38:00,Tuesday,Fixed Object - Off Road,Roadside,"Blacktop, Asphalt, Bituminous",No Defects,Daylight,Daylight,"Two-Way, Not Divided",Not Provided,No Adverse Condition (Clear/Cloud),Straight - Level,Not Provided,No,Not at Intersection,Not Provided,Traffic Lanes Marked,Dry,Intersection Area,Non-Intersection,No Traffic Control Device Present,No,2022,Spring,May,Daytime,9:00am - 11:59am,10,Property Damage Crash,No,No,No,No,No,No,No,No,No,No,No,No,No,Single Vehicle Crashes,Richmond City,,Urban,37.51721,-77.476,Non-Interstate,UR-7520W (CITY OF RICHMOND),7520.0,FOREST HILL AVE,4.48,Minor Arterial,Not at Intersection,,No,0,0,No,0,0,0,0,0,0,0,0,0,0,0,c3385295,0,0,1,Minor
1,2024-12-30,06:00:00,Monday,Fixed Object - Off Road,On Roadway,"Blacktop, Asphalt, Bituminous",No Defects,Darkness,Darkness - Road Lighted,"Two-Way, Not Divided",Not Provided,Mist,Grade - Straight,Not Provided,No,Not at Intersection,Not Provided,Traffic Lanes Marked,Wet,Intersection Area,Non-Intersection,Yes - Working,No,2024,Winter,December,Daytime,6:00am - 8:59am,6,Property Damage Crash,No,No,No,No,No,No,No,No,No,No,No,No,No,Single Vehicle Crashes,Henrico County,,Urban,37.50281,-77.3807,Non-Interstate,CR-7559E (HENRICO COUNTY),7559.0,DARBYTOWN RD,1.0,Minor Arterial,Not at Intersection,,No,0,0,No,0,0,0,0,0,0,0,0,0,0,0,c7658718,0,0,1,Minor