NumberOfVehicles,CrashDate,CrashTime,DayOfWeek,TypeOfCollision,LocationOfFirstHarmfulEvent,RoadwaySurfaceType,RoadwayDefect,LightCondition_Category,LightCondition_Value,RoadwayDescription,WorkZoneLocation,WeatherCondition,RoadwayAlignment,WorkZoneWorkersPresent,SchoolZone,IntersectionType,WorkZoneType,TrafficControlType,RoadwaySurfaceCondition,RelationToRoadway_Category,RelationToRoadway_Value,TrafficControlMechanicalDevice,WorkZoneRelated,Year,Meteorological Season,MonthName,DaytimeNighttime_NHTSA,ThreeHourLabel,Hour,CrashType,AlcoholInvolved,SpeedRelated,CommercialMotorVehiclesInvolved,PedestrianInvolved,BicycleInvolved,MotorcycleInvolved,MopedInvolved,TrainRelated,SchoolZoneInvolved,TeenDriverInvolved,DistractedDriverInvolved,DriverTextingInvolved,DriverUsingCellPhone,Single_Multi_Vehicle,Jurisdiction,TownName,LocationTypeName,Latitude,Longitude,Interstate_NonInterstate,RoadName,RouteNumber,RouteName,MileMarker,FunctionalClassCode,AtIntersection,SecondaryLocation,MatureDriverInvolved,MatureDriverFatalities,MatureDriverInjuries,LargeTruckInvolved,PedestrianFatalities,PedestrianInjuries,MotorcycleFatalities,MotorcycleInjuries,BicycleFatalities,BicycleInjuries,DistractedDriverFatalities,DistractedDriverInjuries,UnrestrainedInjuries,Number_Of_Fatalities,Number_Of_Injuries,Crash_UID,Is_Fatal,Is_Severe,Is_Minor,SeverityLabel
1,2022-05-31,12:44:00,Tuesday,Fixed Object - Off Road,On Roadway,"Blacktop, Asphalt, Bituminous",No Defects,Daylight,Daylight,"Two-Way, Divided, Unprotected Median",Not Provided,No Adverse Condition (Clear/Cloud),Straight - Level,Not Provided,No,Not at Intersection,Not Provided,Traffic Lanes Marked,Dry,Interchange Area,Main-Line Roadway,Yes - Working,No,2022,Spring,May,Daytime,Noon - 2:59pm,12,Property Damage Crash,No,No,No,No,No,No,No,No,No,No,No,No,No,Single Vehicle Crashes,New Kent County,,Rural,37.49539,-77.02629,Interstate,I-64E,64.0,I-64,214.79,Interstate,Not at Intersection,,No,0,0,No,0,0,0,0,0,0,0,0,0,0,0,c4183396,0,0,1,Minor
1,2022-02-03,19:18:00,Thursday,Fixed Object - Off Road,"Off Roadway, Location Unknown","Blacktop, Asphalt, Bituminous",No Defects,Darkness,Darkness - Road Lighted,"Two-Way, Not Divided",Not Provided,Rain,Straight - Level,Not Provided,No,Not at Intersection,Not Provided,No Traffic Control,Wet,Interchange Area,Main-Line Roadway,No Traffic Control Device Present,No,2022,Winter,February,Nighttime,6:00pm - 8:59pm,19,Property Damage Crash,No,No,No,No,No,No,No,No,No,No,Yes,No,No,Single Vehicle Crashes,Harrisonburg City,,Urban,38.46775,-78.87073,Non-Interstate,VA-42N,42.0,VIRGINIA AVE,229.18,Other Principal Arterial,Not at Intersection,,No,0,0,No,0,0,0,0,0,0,0,0,0,0,0,c5462209,0,0,1,Minor
2,2022-10-13,22:11:00,Thursday,Angle,On Roadway,"Blacktop, Asphalt, Bituminous",No Defects,Darkness,Darkness - Road Lighted,"Two-Way, Divided, Positive Median Barrier",Not Provided,Rain,Straight - Level,Not Provided,No,Four Approaches,Not Provided,Traffic Signal,Wet,Intersection Area,Within Intersection,Yes - Working,No,2022,Autumn,October,Nighttime,9:00pm - 11:59pm,22,Property Damage Crash,No,No,No,No,No,No,No,No,No,No,No,No,No,Multiple Vehicle Crashes,Arlington County,,Urban,38.86544,-77.05849,Non-Interstate,CR-6605W (ARLINGTON COUNTY),6605.0,ARMY NAVY DR,2.0,Major Collector,At Intersection,I-395 RAMP,No,0,0,No,0,0,0,0,0,0,0,0,0,0,0,c4254626,0,0,1,Minor
2,2024-01-05,05:25:00,Friday,Angle,On Roadway,"Blacktop, Asphalt, Bituminous",No Defects,Darkness,Darkness - Road Lighted,"Two-Way, Divided, Unprotected Median",Not Provided,No Adverse Condition (Clear/Cloud),Straight - Level,Not Provided,No,Four Approaches,Not Provided,Stop Sign,Dry,Intersection Area,Within Intersection,Yes - Working,No,2024,Winter,January,Nighttime,3:00am - 5:59am,5,Property Damage Crash,No,Yes,No,No,No,No,No,No,No,No,No,No,No,Multiple Vehicle Crashes,Prince William County,,Urban,38.79259,-77.45798,Non-Interstate,SC-616N (PRINCE WILLIAM COUNTY),616.0,OLD CENTREVILLE RD,1.97,Minor Arterial,At Intersection,PARKLAND ST,No,0,0,No,0,0,0,0,0,0,0,0,0,0,0,c1213116,0,0,1,Minor
2,2023-11-02,07:25:00,Thursday,Sideswipe - Same Direction,On Roadway,Concrete,Under Repair,Dusk,Dusk,"Two-Way, Divided, Positive Median Barrier",Transition Area,No Adverse Condition (Clear/Cloud),Straight - Level,No Workers Present,No,Not at Intersection,Other,No Traffic Control,Dry,Intersection Area,Non-Intersection,No Traffic Control Device Present,Yes,2023,Autumn,November,Daytime,6:00am - 8:59am,7,Property Damage Crash,No,No,No,No,No,No,No,No,No,No,Yes,No,No,Multiple Vehicle Crashes,Richmond City,,Urban,37.58444,-77.44942,Non-Interstate,VA-197E,197.0,LABURNUM AVE,3.47,Other Principal Arterial,At Intersection,SEMINARY AVE,No,0,0,No,0,0,0,0,0,0,0,0,0,0,0,c2728289,0,0,1,Minor
1,2023-12-02,23:00:00,Saturday,Fixed Object - Off Road,Roadside,"Blacktop, Asphalt, Bituminous",No Defects,Darkness,Darkness - Road Not Lighted,"Two-Way, Not Divided",Not Provided,Fog,Straight - Level,Not Provided,No,Not at Intersection,Not Provided,Traffic Lanes Marked,Wet,Intersection Area,Non-Intersection,Yes - Working,No,2023,Winter,December,Nighttime,9:00pm - 11:59pm,23,Injury Crash,No,Yes,No,No,No,No,No,No,No,No,No,No,No,Single Vehicle Crashes,Amelia County,,Rural,37.36442,-78.15667,Non-Interstate,SC-616N (AMELIA COUNTY),616.0,GENITO RD,6.25,Minor Collector,Not at Intersection,,No,0,0,No,0,0,0,0,0,0,0,0,1,0,3,c6886197,0,1,0,Severe
1,2023-09-26,07:34:00,Tuesday,Fixed Object - Off Road,Shoulder,"Blacktop, Asphalt, Bituminous",No Defects,Daylight,Daylight,"Two-Way, Not Divided",Not Provided,Mist,Grade - Curve,Not Provided,No,Not at Intersection,Not Provided,Traffic Lanes Marked,Wet,Interchange Area,Main-Line Roadway,Yes - Working,No,2023,Autumn,September,Daytime,6:00am - 8:59am,7,Injury Crash,No,No,No,No,No,No,No,No,No,No,No,No,No,Single Vehicle Crashes,Albemarle County,,Rural,38.07335,-78.40823,Non-Interstate,VA-20S,20.0,STONY POINT RD,44.09,Minor Arterial,Not at Intersection,,No,0,0,No,0,0,0,0,0,0,0,0,0,0,1,c7497444,0,0,1,Minor
2,2024-11-24,19:07:00,Sunday,Rear End,On Roadway,"Blacktop, Asphalt, Bituminous",No Defects,Darkness,Darkness - Road Lighted,"Two-Way, Not Divided",Not Provided,No Adverse Condition (Clear/Cloud),Grade - Straight,Not Provided,No,Four Approaches,Not Provided,Traffic Signal,Dry,Intersection Area,Intersection Related - Within 150 Feet,Yes - Working,No,2024,Autumn,November,Nighttime,6:00pm - 8:59pm,19,Property Damage Crash,No,No,No,No,No,No,No,No,No,No,No,No,No,Multiple Vehicle Crashes,Prince William County,Dumfries,Urban,38.57829,-77.31222,Non-Interstate,US-1N,1.0,RICHMOND HWAY,169.32,Other Principal Arterial,At Intersection,WAYSIDE DR,No,0,0,No,0,0,0,0,0,0,0,0,0,0,0,c6002230,0,0,1,Minor
3,2022-04-22,14:06:00,Friday,Rear End,On Roadway,"Blacktop, Asphalt, Bituminous",No Defects,Daylight,Daylight,"Two-Way, Divided, Unprotected Median",Not Provided,No Adverse Condition (Clear/Cloud),Straight - Level,Not Provided,No,Four Approaches,Not Provided,Stop Sign,Dry,Intersection Area,Intersection Related - Within 150 Feet,Yes - Working,No,2022,Spring,April,Daytime,Noon - 2:59pm,14,Property Damage Crash,No,No,No,No,No,No,No,No,No,Yes,Yes,No,No,Multiple Vehicle Crashes,Loudoun County,,Urban,39.00982,-77.49909,Non-Interstate,SC-2298N (LOUDOUN COUNTY),2298.0,MOOREVIEW PKWY,0.98,Major Collector,At Intersection,MOOREFIELD BLVD,No,0,0,No,0,0,0,0,0,0,0,0,0,0,0,c1451462,0,0,1,Minor
2,2023-07-08,16:13:00,Saturday,Angle,On Roadway,"Blacktop, Asphalt, Bituminous",Edge Pavement Drop Off,Daylight,Daylight,"Two-Way, Not Divided",Not Provided,No Adverse Condition (Clear/Cloud),Straight - Level,Not Provided,No,Two Approaches,Not Provided,Yield Sign,Dry,Intersection Area,Intersection Related - Within 150 Feet,Yes - Working,No,2023,Summer,July,Daytime,3:00pm - 5:59pm,16,Injury Crash,No,No,No,No,No,No,No,No,No,No,No,No,No,Multiple Vehicle Crashes,Hampton City,,Urban,37.03144,-76.36286,Non-Interstate,LASALLE AVE (PR - CITY OF HAMPTON),,LASALLE AVE,1.98,Minor Arterial,Not at Intersection,,Yes,0,1,No,0,0,0,0,0,0,0,0,0,0,2,c5450852,0,1,0,Severe
2,2022-04-13,08:20:00,Wednesday,Sideswipe - Same Direction,On Roadway,"Blacktop, Asphalt, Bituminous","Holes, Ruts, Bumps",Daylight,Daylight,"Two-Way, Not Divided",Not Provided,No Adverse Condition (Clear/Cloud),Straight - Level,Not Provided,No,Not at Intersection,Not Provided,Traffic Lanes Marked,Dry,Intersection Area,Non-Intersection,Yes - Working,No,2022,Spring,April,Daytime,6:00am - 8:59am,8,Property Damage Crash,No,No,No,No,No,No,No,No,No,No,Yes,No,Yes,Multiple Vehicle Crashes,Richmond City,,Urban,37.52424,-77.43898,Non-Interstate,US-360E,360.0,HULL ST,139.76,Other Principal Arterial,At Intersection,6TH ST,No,0,0,No,0,0,0,0,0,0,0,0,0,0,0,c8336020,0,0,1,Minor
1,2024-11-22,15:00:00,Friday,Other,On Roadway,"Blacktop, Asphalt, Bituminous",No Defects,Daylight,Daylight,"Two-Way, Not Divided",Not Provided,Rain,Straight - Level,Not Provided,No,Not at Intersection,Not Provided,Traffic Lanes Marked,Wet,Intersection Area,Non-Intersection,Yes - Working,No,2024,Autumn,November,Daytime,3:00pm - 5:59pm,15,Property Damage Crash,No,No,No,No,No,No,No,No,No,No,No,No,No,Single Vehicle Crashes,Loudoun County,,Urban,39.22831,-77.65642,Non-Interstate,VA-287N,287.0,BERLIN TPIKE,6.92,Minor Arterial,Not at Intersection,,No,0,0,No,0,0,0,0,0,0,0,0,0,0,0,c0841739,0,0,1,Minor
2,2024-09-12,05:58:00,Thursday,Angle,On Roadway,"Blacktop, Asphalt, Bituminous",No Defects,Dawn,Dawn,"Two-Way, Divided, Positive Median Barrier",Not Provided,No Adverse Condition (Clear/Cloud),Straight - Level,Not Provided,No,Four Approaches,Not Provided,Stop Sign,Dry,Intersection Area,Within Intersection,Yes - Working,No,2024,Autumn,September,Nighttime,3:00am - 5:59am,5,Injury Crash,No,No,No,No,No,No,No,No,No,Yes,No,No,No,Multiple Vehicle Crashes,Va. Beach City,,Urban,36.84415,-76.03549,Non-Interstate,BUS US-58W (7 CITY OF VIRGINIA BEACH),58.0,VIRGINIA BEACH BLVD,0.61,Minor Arterial,At Intersection,PHILLIP AVE,No,0,0,No,0,0,0,0,0,0,0,0,0,0,2,c2820492,0,1,0,Severe
1,2022-04-18,14:45:00,Monday,Fixed Object - Off Road,Roadside,"Blacktop, Asphalt, Bituminous",No Defects,Daylight,Daylight,"Two-Way, Not Divided",Not Provided,Snow,Grade - Curve,Not Provided,No,Not at Intersection,Not Provided,No Passing Lines,Snowy,Intersection Area,Non-Intersection,Yes - Working,No,2022,Spring,April,Daytime,Noon - 2:59pm,14,Property Damage Crash,No,No,No,No,No,No,No,No,No,No,No,No,No,Single Vehicle Crashes,Shenandoah County,,Rural,38.79701,-78.62981,Non-Interstate,SC-614S (SHENANDOAH COUNTY),614.0,MIDDLE RD,11.72,Major Collector,Not at Intersection,,No,0,0,No,0,0,0,0,0,0,0,0,0,0,0,c9913541,0,0,1,Minor
2,2024-11-14,17:34:00,Thursday,Angle,On Roadway,"Blacktop, Asphalt, Bituminous",No Defects,Darkness,Darkness - Road Lighted,"Two-Way, Not Divided",Not Provided,Rain,Grade - Straight,Not Provided,No,Four Approaches,Not Provided,Traffic Signal,Wet,Intersection Area,Within Intersection,Yes - Working,No,2024,Autumn,November,Daytime,3:00pm - 5:59pm,17,Property Damage Crash,No,No,No,No,No,No,No,No,No,No,No,No,No,Multiple Vehicle Crashes,Arlington County,,Urban,38.89738,-77.08063,Non-Interstate,US-29P,29.0,LANGSTON BLVD,0.28,Other Principal Arterial,At Intersection,SCOTT ST,No,0,0,No,0,0,0,0,0,0,0,0,0,0,0,c3135872,0,0,1,Minor
2,2024-06-12,15:19:00,Wednesday,Rear End,On Roadway,"Blacktop, Asphalt, Bituminous",No Defects,Daylight,Daylight,"Two-Way, Not Divided",Not Provided,No Adverse Condition (Clear/Cloud),Straight - Level,Not Provided,No,Not at Intersection,Not Provided,Traffic Lanes Marked,Dry,Intersection Area,Non-Intersection,Yes - Working,No,2024,Summer,June,Daytime,3:00pm - 5:59pm,15,Injury Crash,No,No,No,No,No,No,No,No,No,No,No,No,No,Multiple Vehicle Crashes,Newport News City,,Urban,37.10388,-76.47906,Non-Interstate,UR-7034E (CITY OF NEWPORT NEWS),0.0,OLD OYSTER POINT RD,0.09,Major Collector,Not at Intersection,,Yes,0,1,No,0,0,0,0,0,0,0,0,0,0,2,c9859775,0,1,0,Severe
2,2023-06-27,23:33:00,Tuesday,Angle,On Roadway,"Blacktop, Asphalt, Bituminous",No Defects,Darkness,Darkness - Road Not Lighted,"Two-Way, Divided, Unprotected Median",Not Provided,No Adverse Condition (Clear/Cloud),Straight - Level,Not Provided,No,Four Approaches,Not Provided,Traffic Signal,Dry,Intersection Area,Intersection Related - Within 150 Feet,Yes - Working,No,2023,Summer,June,Nighttime,9:00pm - 11:59pm,23,Injury Crash,No,No,No,No,No,No,No,No,No,No,No,No,No,Multiple Vehicle Crashes,Prince George County,,Urban,37.2514,-77.36653,Non-Interstate,VA-144S,144.0,TEMPLE AVE,1.99,Other Principal Arterial,At Intersection,PUDDLEDOCK RD,No,0,0,No,0,0,0,0,0,0,0,0,0,0,2,c0511069,0,1,0,Severe
2,2022-03-03,09:40:00,Thursday,Rear End,On Roadway,"Blacktop, Asphalt, Bituminous",No Defects,Daylight,Daylight,"Two-Way, Divided, Positive Median Barrier",Not Provided,No Adverse Condition (Clear/Cloud),Straight - Level,Not Provided,No,Not at Intersection,Not Provided,Traffic Lanes Marked,Dry,Intersection Area,Non-Intersection,Yes - Working,No,2022,Spring,March,Daytime,9:00am - 11:59am,9,Property Damage Crash,No,Yes,No,No,No,No,No,No,No,No,No,No,No,Multiple Vehicle Crashes,Pulaski County,,Rural,37.00289,-80.76215,Interstate,I-81S,81.0,I-81,92.47,Interstate,Not at Intersection,,Yes,0,0,No,0,0,0,0,0,0,0,0,0,0,0,c5816602,0,0,1,Minor
2,2023-06-16,16:20:00,Friday,Rear End,On Roadway,"Blacktop, Asphalt, Bituminous",No Defects,Daylight,Daylight,"Two-Way, Not Divided",Not Provided,Rain,Curve - Level,Not Provided,No,Three Approaches,Not Provided,Traffic Lanes Marked,Wet,Intersection Area,Within Intersection,Yes - Working,No,2023,Summer,June,Daytime,3:00pm - 5:59pm,16,Property Damage Crash,No,No,No,No,No,No,No,No,No,No,Yes,No,Yes,Multiple Vehicle Crashes,Nottoway County,,Rural,37.02701,-78.06001,Non-Interstate,VA-40E,40.0,KENBRIDGE RD,151.11,Minor Arterial,At Intersection,STINGY LANE RD,No,0,0,No,0,0,0,0,0,0,0,0,0,0,0,c9526164,0,0,1,Minor
1,2022-07-31,01:23:00,Sunday,Deer,On Roadway,"Blacktop, Asphalt, Bituminous",No Defects,Darkness,Darkness - Road Not Lighted,"Two-Way, Divided, Unprotected Median",Not Provided,No Adverse Condition (Clear/Cloud),Grade - Curve,Not Provided,No,Not at Intersection,Not Provided,Traffic Lanes Marked,Dry,Interchange Area,Main-Line Roadway,Yes - Working,No,2022,Summer,July,Nighttime,Midnight - 2:59am,1,Property Damage Crash,No,No,No,No,No,No,No,No,No,Yes,No,No,No,Single Vehicle Crashes,Suffolk City,,Urban,36.89807,-76.49436,Non-Interstate,US-17N,17.0,BRIDGE RD,39.75,Other Principal Arterial,Not at Intersection,,No,0,0,No,0,0,0,0,0,0,0,0,0,0,0,c9346614,0,0,1,Minor
2,2022-02-17,08:00:00,Thursday,Angle,On Roadway,"Blacktop, Asphalt, Bituminous",No Defects,Daylight,Daylight,"Two-Way, Divided, Unprotected Median",Not Provided,No Adverse Condition (Clear/Cloud),Hillcrest - Straight,Not Provided,No,Three Approaches,Not Provided,Traffic Lanes Marked,Dry,Interchange Area,Main-Line Roadway,Yes - Working,No,2022,Winter,February,Daytime,6:00am - 8:59am,8,Property Damage Crash,No,No,No,No,No,No,No,No,No,No,No,No,No,Multiple Vehicle Crashes,Louisa County,,Rural,37.93078,-77.86639,Non-Interstate,US-33E,33.0,JEFFERSON HWY,97.36,Minor Arterial,At Intersection,HALLS STORE RD,No,0,0,No,0,0,0,0,0,0,0,0,0,0,0,c5479375,0,0,1,Minor
3,2023-05-13,10:50:00,Saturday,Rear End,On Roadway,"Blacktop, Asphalt, Bituminous",No Defects,Daylight,Daylight,"Two-Way, Divided, Positive Median Barrier",Not Provided,No Adverse Condition (Clear/Cloud),Straight - Level,Not Provided,No,Not at Intersection,Not Provided,Traffic Lanes Marked,Dry,Intersection Area,Non-Intersection,Yes - Working,No,2023,Spring,May,Daytime,9:00am - 11:59am,10,Property Damage Crash,No,No,No,No,No,No,No,No,No,Yes,No,No,No,Multiple Vehicle Crashes,Stafford County,,Rural,38.36879,-77.46635,Interstate,I-95N,95.0,I-95,136.09,Interstate,Not at Intersection,,No,0,0,No,0,0,0,0,0,0,0,0,0,0,0,c9596316,0,0,1,Minor
2,2022-03-14,12:11:00,Monday,Angle,On Roadway,"Blacktop, Asphalt, Bituminous",No Defects,Daylight,Daylight,"Two-Way, Divided, Positive Median Barrier",Not Provided,No Adverse Condition (Clear/Cloud),Grade - Straight,Not Provided,No,Not at Intersection,Not Provided,Traffic Lanes Marked,Dry,Intersection Area,Non-Intersection,Yes - Working,No,2022,Spring,March,Daytime,Noon - 2:59pm,12,Property Damage Crash,No,No,No,No,No,No,No,No,No,No,No,No,No,Multiple Vehicle Crashes,Halifax County,,Rural,36.58532,-79.09614,Non-Interstate,US-58W,58.0,PHILPOTT RD,315.34,Other Principal Arterial,Not at Intersection,,No,0,0,No,0,0,0,0,0,0,0,0,0,0,0,c3887268,0,0,1,Minor
3,2023-01-25,18:20:00,Wednesday,Rear End,On Roadway,"Blacktop, Asphalt, Bituminous",Slick Pavement,Darkness,Darkness - Road Not Lighted,"One-Way, Not Divided",Not Provided,Rain,Grade - Curve,Not Provided,No,Two Approaches,Not Provided,Yield Sign,Wet,Interchange Area,On Entrance/Exit Ramp,Yes - Working,No,2023,Winter,January,Nighttime,6:00pm - 8:59pm,18,Property Damage Crash,No,No,No,No,No,No,No,No,No,No,No,No,No,Multiple Vehicle Crashes,Loudoun County,Leesburg,Urban,39.10321,-77.54747,Non-Interstate,BUS VA-7E RAMP 2A (2 TOWN OF LEESBURG),7.0,LEESBURG BYP,0.07,Other Freeways and Expressways,Not at Intersection,,No,0,0,No,0,0,0,0,0,0,0,0,0,0,0,c5655390,0,0,1,Minor
1,2023-05-14,02:02:00,Sunday,Fixed Object - Off Road,Roadside,"Blacktop, Asphalt, Bituminous",No Defects,Darkness,Darkness - Road Not Lighted,"Two-Way, Not Divided",Not Provided,No Adverse Condition (Clear/Cloud),Curve - Level,Not Provided,No,Not at Intersection,Not Provided,No Traffic Control,Dry,Intersection Area,Non-Intersection,No Traffic Control Device Present,No,2023,Spring,May,Nighttime,Midnight - 2:59am,2,Injury Crash,Yes,No,No,No,No,No,No,No,No,No,Yes,No,No,Single Vehicle Crashes,Henrico County,,Urban,37.55596,-77.38422,Non-Interstate,CR-7618E (HENRICO COUNTY),7618.0,CREIGHTON RD,0.84,Minor Arterial,Not at Intersection,,No,0,0,No,0,0,0,0,0,0,0,1,1,0,1,c7891412,0,0,1,Minor
3,2024-05-21,09:41:00,Tuesday,Head On,On Roadway,"Blacktop, Asphalt, Bituminous",No Defects,Daylight,Daylight,"Two-Way, Not Divided",Advance Warning Area,No Adverse Condition (Clear/Cloud),Straight - Level,With No Law Enforcement,No,Not at Intersection,Lane Closure,Traffic Lanes Marked,Dry,Intersection Area,Non-Intersection,Yes - Working,Yes,2024,Spring,May,Daytime,9:00am - 11:59am,9,Injury Crash,No,No,Yes,No,No,No,No,No,No,No,No,No,No,Multiple Vehicle Crashes,Loudoun County,,Rural,38.99492,-77.56538,Non-Interstate,SC-621N (LOUDOUN COUNTY),621.0,EVERGREEN MILLS RD,8.43,Major Collector,Not at Intersection,,Yes,0,1,No,0,0,0,0,0,0,0,0,1,0,6,c1379258,0,1,0,Severe
1,2024-12-17,17:10:00,Tuesday,Deer,On Roadway,"Blacktop, Asphalt, Bituminous",No Defects,Darkness,Darkness - Road Not Lighted,"Two-Way, Not Divided",Not Provided,No Adverse Condition (Clear/Cloud),Grade - Straight,Not Provided,No,Not at Intersection,Not Provided,No Passing Lines,Dry,Intersection Area,Non-Intersection,Yes - Working,No,2024,Winter,December,Daytime,3:00pm - 5:59pm,17,Property Damage Crash,No,No,No,No,No,No,No,No,No,No,No,No,No,Single Vehicle Crashes,Rockbridge County,,Rural,37.80189,-79.4645,Non-Interstate,US-60E,60.0,MIDLAND TRL,56.37,Major Collector,Not at Intersection,,No,0,0,No,0,0,0,0,0,0,0,0,0,0,0,c3761389,0,0,1,Minor
2,2022-08-25,07:53:00,Thursday,Rear End,On Roadway,"Blacktop, Asphalt, Bituminous",No Defects,Daylight,Daylight,"Two-Way, Divided, Positive Median Barrier",Not Provided,No Adverse Condition (Clear/Cloud),Straight - Level,Not Provided,No,Three Approaches,Not Provided,Traffic Lanes Marked,Dry,Intersection,Intersection Related - Outside 150 Feet,Yes - Working,No,2022,Summer,August,Daytime,6:00am - 8:59am,7,Injury Crash,No,No,No,No,No,No,No,No,No,Yes,No,No,No,Multiple Vehicle Crashes,Hanover County,,Urban,37.6423,-77.41987,Non-Interstate,US-301S,301.0,CHAMBERLAYNE RD,82.86,Other Principal Arterial,Not at Intersection,,No,0,0,No,0,0,0,0,0,0,0,0,0,0,1,c0090369,0,0,1,Minor
2,2024-09-03,15:56:00,Tuesday,Angle,On Roadway,"Blacktop, Asphalt, Bituminous",No Defects,Daylight,Daylight,"Two-Way, Not Divided",Not Provided,No Adverse Condition (Clear/Cloud),Straight - Level,Not Provided,No,Four Approaches,Not Provided,Stop Sign,Dry,Intersection Area,Within Intersection,Yes - Working,No,2024,Autumn,September,Daytime,3:00pm - 5:59pm,15,Property Damage Crash,No,Yes,No,No,No,No,No,No,No,No,No,No,No,Multiple Vehicle Crashes,Chesterfield County,,Urban,37.31843,-77.43303,Non-Interstate,VA-144S,144.0,HARROWGATE RD,9.08,Minor Arterial,At Intersection,WELLSPRING RD,No,0,0,No,0,0,0,0,0,0,0,0,0,0,0,c6796121,0,0,1,Minor
2,2023-01-13,19:14:00,Friday,Angle,On Roadway,"Blacktop, Asphalt, Bituminous",No Defects,Darkness,Darkness - Road Lighted,"Two-Way, Divided, Unprotected Median",Not Provided,No Adverse Condition (Clear/Cloud),Straight - Level,Not Provided,No,Four Approaches,Not Provided,Stop Sign,Dry,Intersection Area,Within Intersection,Yes - Working,No,2023,Winter,January,Nighttime,6:00pm - 8:59pm,19,Property Damage Crash,No,No,No,No,No,No,No,No,No,No,No,No,No,Multiple Vehicle Crashes,Stafford County,,Urban,38.43004,-77.40987,Non-Interstate,SC-2272E (STAFFORD COUNTY),2272.0,DAFFODIL LN,0.27,Local,At Intersection,BELLS HILL RD,No,0,0,No,0,0,0,0,0,0,0,0,0,0,0,c4751595,0,0,1,Minor
2,2023-10-17,19:50:00,Tuesday,Angle,On Roadway,"Blacktop, Asphalt, Bituminous",No Defects,Darkness,Darkness - Road Not Lighted,"Two-Way, Not Divided",Not Provided,No Adverse Condition (Clear/Cloud),Straight - Level,Not Provided,No,Four Approaches,Not Provided,Traffic Signal,Dry,Intersection Area,Within Intersection,Yes - Working,No,2023,Autumn,October,Nighttime,6:00pm - 8:59pm,19,Property Damage Crash,No,No,No,No,No,No,No,No,No,Yes,No,No,No,Multiple Vehicle Crashes,Orange County,,Rural,38.32595,-77.72833,Non-Interstate,VA-20N,20.0,CONSTITUTION HWY,89.77,Minor Arterial,At Intersection,GERMANNA HWY,No,0,0,No,0,0,0,0,0,0,0,0,0,0,0,c9804943,0,0,1,Minor
2,2022-04-04,23:43:00,Monday,Rear End,Shoulder,"Blacktop, Asphalt, Bituminous",No Defects,Darkness,Darkness - Road Not Lighted,"Two-Way, Divided, Positive Median Barrier",Not Provided,No Adverse Condition (Clear/Cloud),Straight - Level,Not Provided,No,Not at Intersection,Not Provided,Traffic Lanes Marked,Dry,Intersection Area,Non-Intersection,Yes - Working,No,2022,Spring,April,Nighttime,9:00pm - 11:59pm,23,Property Damage Crash,No,No,Yes,No,No,No,No,No,No,No,No,No,No,Multiple Vehicle Crashes,Rockbridge County,,Urban,37.79173,-79.39891,Interstate,I-81S,81.0,I-81,191.97,Interstate,Not at Intersection,,No,0,0,Yes,0,0,0,0,0,0,0,0,0,0,0,c9375836,0,0,1,Minor
5,2022-07-13,12:51:00,Wednesday,Rear End,On Roadway,"Blacktop, Asphalt, Bituminous",No Defects,Daylight,Daylight,"Two-Way, Divided, Positive Median Barrier",Not Provided,Rain,Grade - Straight,Not Provided,No,Not at Intersection,Not Provided,Traffic Lanes Marked,Wet,Interchange Area,Main-Line Roadway,Yes - Working,No,2022,Summer,July,Daytime,Noon - 2:59pm,12,Injury Crash,No,No,Yes,No,No,No,No,No,No,No,No,No,No,Multiple Vehicle Crashes,Montgomery County,,Rural,37.09403,-80.56955,Interstate,I-81S,81.0,I-81,106.36,Interstate,Not at Intersection,,No,0,0,Yes,0,0,0,0,0,0,0,0,0,0,1,c1239903,0,0,1,Minor
2,2023-05-13,12:31:00,Saturday,Angle,On Roadway,"Blacktop, Asphalt, Bituminous",No Defects,Daylight,Daylight,"Two-Way, Not Divided",Not Provided,No Adverse Condition (Clear/Cloud),Straight - Level,Not Provided,No,Four Approaches,Not Provided,Traffic Signal,Dry,Intersection Area,Within Intersection,Yes - Working,No,2023,Spring,May,Daytime,Noon - 2:59pm,12,Injury Crash,No,No,No,No,No,No,No,No,No,No,No,No,No,Multiple Vehicle Crashes,James City County,,Urban,37.2751,-76.74941,Non-Interstate,VA-321E,321.0,MONTICELLO AVE,0.26,Minor Arterial,At Intersection,CASEY BLVD,Yes,0,1,No,0,0,0,0,0,0,0,0,0,0,3,c1981389,0,1,0,Severe
2,2022-06-09,14:13:00,Thursday,Angle,On Roadway,"Blacktop, Asphalt, Bituminous",No Defects,Daylight,Daylight,"Two-Way, Divided, Unprotected Median",Not Provided,No Adverse Condition (Clear/Cloud),Straight - Level,Not Provided,No,Not at Intersection,Not Provided,Other,Dry,Other Location,"Driveway, Alley-Access - Related",Yes - Working,No,2022,Summer,June,Daytime,Noon - 2:59pm,14,Injury Crash,No,Yes,No,No,Yes,No,No,No,No,No,No,No,No,Multiple Vehicle Crashes,Waynesboro City,,Urban,38.08007,-78.88407,Non-Interstate,BRIDGE AVE (PR - CITY OF WAYNESBORO),,BRIDGE AVE,0.42,Major Collector,At Intersection,FLORENCE AVE,No,0,0,No,0,0,0,0,0,1,0,0,0,0,1,c0576712,0,0,1,Minor