NumberOfVehicles,CrashDate,CrashTime,DayOfWeek,TypeOfCollision,LocationOfFirstHarmfulEvent,RoadwaySurfaceType,RoadwayDefect,LightCondition_Category,LightCondition_Value,RoadwayDescription,WorkZoneLocation,WeatherCondition,RoadwayAlignment,WorkZoneWorkersPresent,SchoolZone,IntersectionType,WorkZoneType,TrafficControlType,RoadwaySurfaceCondition,RelationToRoadway_Category,RelationToRoadway_Value,TrafficControlMechanicalDevice,WorkZoneRelated,Year,Meteorological Season,MonthName,DaytimeNighttime_NHTSA,ThreeHourLabel,Hour,CrashType,AlcoholInvolved,SpeedRelated,CommercialMotorVehiclesInvolved,PedestrianInvolved,BicycleInvolved,MotorcycleInvolved,MopedInvolved,TrainRelated,SchoolZoneInvolved,TeenDriverInvolved,DistractedDriverInvolved,DriverTextingInvolved,DriverUsingCellPhone,Single_Multi_Vehicle,Jurisdiction,TownName,LocationTypeName,Latitude,Longitude,Interstate_NonInterstate,RoadName,RouteNumber,RouteName,MileMarker,FunctionalClassCode,AtIntersection,SecondaryLocation,MatureDriverInvolved,MatureDriverFatalities,MatureDriverInjuries,LargeTruckInvolved,PedestrianFatalities,PedestrianInjuries,MotorcycleFatalities,MotorcycleInjuries,BicycleFatalities,BicycleInjuries,DistractedDriverFatalities,DistractedDriverInjuries,UnrestrainedInjuries,Number_Of_Fatalities,Number_Of_Injuries,Crash_UID,Is_Fatal,Is_Severe,Is_Minor,SeverityLabel
3,2023-04-14,20:30:00,Friday,Rear End,On Roadway,"Blacktop, Asphalt, Bituminous",No Defects,Darkness,Darkness - Road Lighted,"Two-Way, Divided, Unprotected Median",Not Provided,No Adverse Condition (Clear/Cloud),Straight - Level,Not Provided,No,Four Approaches,Not Provided,Traffic Signal,Wet,Intersection Area,Within Intersection,Yes - Working,No,2023,Spring,April,Nighttime,6:00pm - 8:59pm,20,Property Damage Crash,Yes,No,No,No,No,No,No,No,No,No,No,No,No,Multiple Vehicle Crashes,Richmond City,,Urban,37.50201,-77.47351,Non-Interstate,VA-161N,161.0,BELT BLVD,4.41,Other Principal Arterial,At Intersection,HULL ST RD,No,0,0,No,0,0,0,0,0,0,0,0,0,0,0,c3378698,0,0,1,Minor
2,2022-07-22,13:28:00,Friday,Rear End,On Roadway,"Blacktop, Asphalt, Bituminous",No Defects,Daylight,Daylight,"Two-Way, Not Divided",Not Provided,No Adverse Condition (Clear/Cloud),Straight - Level,Not Provided,No,Three Approaches,Not Provided,Traffic Signal,Dry,Intersection Area,Within Intersection,Yes - Working,No,2022,Summer,July,Daytime,Noon - 2:59pm,13,Property Damage Crash,No,No,No,No,No,No,No,No,No,No,No,No,No,Multiple Vehicle Crashes,Prince William County,,Urban,38.61193,-77.37472,Non-Interstate,VA-234S,234.0,DUMFRIES RD,4.34,Other Principal Arterial,At Intersection,CARRS BROOKE WAY,No,0,0,No,0,0,0,0,0,0,0,0,0,0,0,c6297432,0,0,1,Minor
2,2022-06-02,10:16:00,Thursday,Rear End,On Roadway,"Blacktop, Asphalt, Bituminous",No Defects,Daylight,Daylight,"Two-Way, Not Divided",Not Provided,No Adverse Condition (Clear/Cloud),Straight - Level,Not Provided,No,Not at Intersection,Not Provided,Traffic Lanes Marked,Dry,Intersection Area,Non-Intersection,Yes - Working,No,2022,Summer,June,Daytime,9:00am - 11:59am,10,Property Damage Crash,No,No,No,No,No,No,No,No,No,Yes,No,No,No,Multiple Vehicle Crashes,Loudoun County,Purcellville,Urban,39.13662,-77.70833,Non-Interstate,BUS VA-7W (3 TOWN OF PURCELLVILLE),7.0,MAIN ST,3.96,Major Collector,At Intersection,12TH ST,No,0,0,No,0,0,0,0,0,0,0,0,0,0,0,c9128785,0,0,1,Minor
2,2023-03-13,22:55:00,Monday,Angle,On Roadway,"Blacktop, Asphalt, Bituminous",No Defects,Darkness,Darkness - Road Lighted,"Two-Way, Divided, Positive Median Barrier",Not Provided,No Adverse Condition (Clear/Cloud),Straight - Level,Not Provided,No,Three Approaches,Not Provided,Traffic Signal,Dry,Interchange Area,Main-Line Roadway,Yes - Working,No,2023,Spring,March,Nighttime,9:00pm - 11:59pm,22,Property Damage Crash,No,No,No,No,No,No,No,No,No,No,No,No,No,Multiple Vehicle Crashes,Fairfax County,,Urban,38.79772,-77.08053,Non-Interstate,SC-611N (FAIRFAX COUNTY),611.0,TELEGRAPH RD,15.95,Minor Arterial,At Intersection,NORTH KINGS HWY,No,0,0,No,0,0,0,0,0,0,0,0,0,0,0,c6661759,0,0,1,Minor
2,2024-02-08,06:08:00,Thursday,Angle,On Roadway,"Blacktop, Asphalt, Bituminous",No Defects,Daylight,Daylight,"Two-Way, Divided, Positive Median Barrier",Not Provided,No Adverse Condition (Clear/Cloud),Straight - Level,Not Provided,No,Four Approaches,Not Provided,Traffic Signal,Dry,Intersection Area,Within Intersection,Yes - Working,No,2024,Winter,February,Daytime,6:00am - 8:59am,6,Injury Crash,No,No,No,No,No,No,No,No,No,No,No,No,No,Multiple Vehicle Crashes,Portsmouth City,,Urban,36.80441,-76.35397,Non-Interstate,VA-239W,239.0,VICTORY BLVD,0.87,Minor Arterial,At Intersection,FREEDOM AVE,No,0,0,No,0,0,0,0,0,0,0,0,0,0,2,c1952330,0,1,0,Severe
2,2024-11-14,07:18:00,Thursday,Rear End,On Roadway,"Blacktop, Asphalt, Bituminous",No Defects,Daylight,Daylight,"Two-Way, Divided, Unprotected Median",Not Provided,No Adverse Condition (Clear/Cloud),Straight - Level,Not Provided,No,Not at Intersection,Not Provided,Traffic Lanes Marked,Dry,Intersection Area,Non-Intersection,Yes - Working,No,2024,Autumn,November,Daytime,6:00am - 8:59am,7,Property Damage Crash,No,No,No,No,No,No,No,No,No,No,No,No,No,Multiple Vehicle Crashes,Appomattox County,,Rural,37.34877,-78.96849,Non-Interstate,US-460E,460.0,RICHMOND HWAY,216.63,Other Principal Arterial,Not at Intersection,,No,0,0,No,0,0,0,0,0,0,0,0,0,0,0,c2085612,0,0,1,Minor
1,2024-05-19,18:33:00,Sunday,Fixed Object - Off Road,On Roadway,"Blacktop, Asphalt, Bituminous",No Defects,Daylight,Daylight,"Two-Way, Divided, Positive Median Barrier",Not Provided,No Adverse Condition (Clear/Cloud),On/Off Ramp,Not Provided,No,Not at Intersection,Not Provided,Traffic Lanes Marked,Dry,Intersection Area,Non-Intersection,Yes - Working,No,2024,Spring,May,Nighttime,6:00pm - 8:59pm,18,Property Damage Crash,No,Yes,No,No,No,Yes,No,No,No,No,No,No,No,Single Vehicle Crashes,Fairfax County,,Urban,38.87756,-77.27158,Interstate,I-66E,66.0,I-66,61.98,Interstate,Not at Intersection,,No,0,0,No,0,0,0,0,0,0,0,0,0,0,0,c9369418,0,0,1,Minor
3,2022-07-09,19:37:00,Saturday,Rear End,On Roadway,Concrete,Slick Pavement,Dusk,Dusk,"Two-Way, Divided, Positive Median Barrier",Not Provided,Rain,Straight - Level,Not Provided,No,Not at Intersection,Not Provided,Traffic Lanes Marked,Wet,Intersection Area,Non-Intersection,Yes - Working,No,2022,Summer,July,Nighttime,6:00pm - 8:59pm,19,Property Damage Crash,No,No,No,No,No,No,No,No,No,No,No,No,No,Multiple Vehicle Crashes,Richmond City,,Urban,37.57086,-77.44486,Non-Interstate,US-1N,1.0,CHAMBERLAYNE AVE,95.21,Other Principal Arterial,Not at Intersection,,No,0,0,No,0,0,0,0,0,0,0,0,0,0,0,c6863217,0,0,1,Minor
2,2023-10-04,12:08:00,Wednesday,Angle,On Roadway,"Blacktop, Asphalt, Bituminous",No Defects,Daylight,Daylight,"Two-Way, Divided, Positive Median Barrier",Activity Area,No Adverse Condition (Clear/Cloud),Straight - Level,With No Law Enforcement,No,Four Approaches,Lane Closure,Traffic Signal,Dry,Intersection Area,Within Intersection,Yes - Not Working,Yes,2023,Autumn,October,Daytime,Noon - 2:59pm,12,Injury Crash,No,No,No,No,No,No,No,No,No,No,No,No,No,Multiple Vehicle Crashes,Fairfax County,,Urban,38.97764,-77.3153,Non-Interstate,SC-674S (FAIRFAX COUNTY),674.0,SPRINGVALE RD,7.2,Major Collector,At Intersection,LEESBURG PIKE,Yes,0,0,No,0,0,0,0,0,0,0,0,0,0,1,c3997656,0,0,1,Minor
3,2022-08-24,14:17:00,Wednesday,Rear End,On Roadway,"Blacktop, Asphalt, Bituminous",No Defects,Daylight,Daylight,"Two-Way, Not Divided",Not Provided,No Adverse Condition (Clear/Cloud),Straight - Level,Not Provided,No,Four Approaches,Not Provided,Traffic Signal,Dry,Intersection Area,Within Intersection,Yes - Working,No,2022,Summer,August,Daytime,Noon - 2:59pm,14,Property Damage Crash,No,No,No,No,No,No,No,No,No,No,No,No,No,Multiple Vehicle Crashes,Va. Beach City,,Urban,36.80336,-76.18686,Non-Interstate,UR-7W (CITY OF VIRGINIA BEACH),7.0,INDIAN RIVER RD,2.34,Other Principal Arterial,At Intersection,CENTERVILLE TPKE,No,0,0,No,0,0,0,0,0,0,0,0,0,0,0,c7426244,0,0,1,Minor
2,2022-07-13,18:25:00,Wednesday,Other,On Roadway,"Blacktop, Asphalt, Bituminous",No Defects,Daylight,Daylight,"Two-Way, Divided, Positive Median Barrier",Not Provided,No Adverse Condition (Clear/Cloud),Straight - Level,Not Provided,No,Three Approaches,Not Provided,Traffic Signal,Dry,Intersection Area,Within Intersection,Yes - Working,No,2022,Summer,July,Nighttime,6:00pm - 8:59pm,18,Injury Crash,No,No,No,No,Yes,No,No,No,No,No,No,No,No,Multiple Vehicle Crashes,Fairfax County,,Urban,38.75303,-77.30164,Non-Interstate,VA-123N,123.0,OX RD,7.69,Other Principal Arterial,At Intersection,HENDERSON RD,No,0,0,No,0,0,0,0,0,1,0,0,0,0,1,c6553756,0,0,1,Minor
2,2024-05-06,09:27:00,Monday,Angle,On Roadway,"Blacktop, Asphalt, Bituminous",No Defects,Daylight,Daylight,"Two-Way, Divided, Unprotected Median",Not Provided,No Adverse Condition (Clear/Cloud),Straight - Level,Not Provided,No,Four Approaches,Not Provided,Traffic Lanes Marked,Dry,Intersection Area,Within Intersection,Yes - Working,No,2024,Spring,May,Daytime,9:00am - 11:59am,9,Property Damage Crash,No,No,No,No,No,No,No,No,No,No,Yes,No,No,Multiple Vehicle Crashes,Petersburg City,,Urban,37.21552,-77.40432,Non-Interstate,UR-9015N (CITY OF PETERSBURG),,HARDING ST,3.1,Local,At Intersection,SHORE ST,No,0,0,No,0,0,0,0,0,0,0,0,0,0,0,c2890127,0,0,1,Minor
2,2022-03-08,17:30:00,Tuesday,Angle,On Roadway,"Blacktop, Asphalt, Bituminous",No Defects,Daylight,Daylight,"Two-Way, Not Divided",Not Provided,No Adverse Condition (Clear/Cloud),Straight - Level,Not Provided,No,Not at Intersection,Not Provided,No Traffic Control,Dry,Other Location,"Driveway, Alley-Access - Related",No Traffic Control Device Present,No,2022,Spring,March,Daytime,3:00pm - 5:59pm,17,Property Damage Crash,No,No,No,No,No,No,No,No,No,No,No,No,No,Multiple Vehicle Crashes,Chesapeake City,,Urban,36.76527,-76.25351,Non-Interstate,TINTERN ST (NP - CITY OF CHESAPEAKE),,TINTERN ST,0.07,Local,Not at Intersection,,No,0,0,No,0,0,0,0,0,0,0,0,0,0,0,c5474715,0,0,1,Minor
2,2024-12-11,11:26:00,Wednesday,Rear End,On Roadway,"Blacktop, Asphalt, Bituminous",Under Repair,Daylight,Daylight,"Two-Way, Divided, Unprotected Median",Activity Area,Rain,Straight - Level,No Workers Present,No,Not at Intersection,Work on Shoulder or Median,Traffic Lanes Marked,Wet,Other Location,"Driveway, Alley-Access - Related",Yes - Working,Yes,2024,Winter,December,Daytime,9:00am - 11:59am,11,Injury Crash,No,No,No,No,No,No,No,No,No,No,No,No,No,Multiple Vehicle Crashes,Spotsylvania County,,Rural,38.23341,-77.50426,Non-Interstate,SC-711N (SPOTSYLVANIA COUNTY),711.0,SOUTHPOINT PKWAY,0.05,Major Collector,At Intersection,,Yes,0,1,No,0,0,0,0,0,0,0,0,0,0,2,c4200590,0,1,0,Severe
1,2022-12-22,00:57:00,Thursday,Fixed Object - Off Road,Roadside,"Blacktop, Asphalt, Bituminous",No Defects,Darkness,Darkness - Road Not Lighted,"Two-Way, Not Divided",Not Provided,No Adverse Condition (Clear/Cloud),Hillcrest - Straight,Not Provided,No,Not at Intersection,Not Provided,No Passing Lines,Dry,Intersection Area,Non-Intersection,Yes - Working,No,2022,Winter,December,Nighttime,Midnight - 2:59am,0,Property Damage Crash,Yes,Yes,No,No,No,No,No,No,No,No,No,No,No,Single Vehicle Crashes,Rockingham County,,Rural,38.47455,-78.89386,Non-Interstate,SC-763E (ROCKINGHAM COUNTY),763.0,MT CLINTON PIKE,7.21,Major Collector,Not at Intersection,,No,0,0,No,0,0,0,0,0,0,0,0,0,0,0,c1295616,0,0,1,Minor
2,2023-05-31,19:32:00,Wednesday,Angle,On Roadway,"Blacktop, Asphalt, Bituminous",No Defects,Daylight,Daylight,"Two-Way, Divided, Unprotected Median",Not Provided,No Adverse Condition (Clear/Cloud),Straight - Level,Not Provided,No,Three Approaches,Not Provided,No Traffic Control,Dry,Intersection Area,Within Intersection,No Traffic Control Device Present,No,2023,Spring,May,Nighttime,6:00pm - 8:59pm,19,Injury Crash,No,No,No,No,No,No,No,No,No,No,No,No,No,Multiple Vehicle Crashes,Hampton City,,Urban,37.03558,-76.39438,Non-Interstate,VA-415W,415.0,POWER PLANT PKWY,0.44,Minor Arterial,Not at Intersection,,Yes,0,1,No,0,0,0,0,0,0,0,0,0,0,2,c0832745,0,1,0,Severe
2,2024-11-13,08:25:00,Wednesday,Angle,On Roadway,"Blacktop, Asphalt, Bituminous",No Defects,Daylight,Daylight,"Two-Way, Divided, Positive Median Barrier",Not Provided,No Adverse Condition (Clear/Cloud),Straight - Level,Not Provided,No,Three Approaches,Not Provided,Stop Sign,Dry,Intersection Area,Within Intersection,Yes - Working,No,2024,Autumn,November,Daytime,6:00am - 8:59am,8,Property Damage Crash,No,No,No,No,No,No,No,No,No,No,No,No,No,Multiple Vehicle Crashes,Fairfax County,Herndon,Urban,38.9747,-77.38308,Non-Interstate,UR-6662S (TOWN OF HERNDON),6662.0,MONROE ST,0.75,Minor Arterial,At Intersection,PARK AVE,No,0,0,No,0,0,0,0,0,0,0,0,0,0,0,c0547373,0,0,1,Minor
1,2023-10-26,17:57:00,Thursday,Deer,On Roadway,"Blacktop, Asphalt, Bituminous",No Defects,Dusk,Dusk,"Two-Way, Divided, Unprotected Median",Not Provided,No Adverse Condition (Clear/Cloud),Grade - Straight,Not Provided,No,Not at Intersection,Not Provided,Traffic Lanes Marked,Dry,Intersection Area,Non-Intersection,Yes - Working,No,2023,Autumn,October,Daytime,3:00pm - 5:59pm,17,Property Damage Crash,No,Yes,No,No,No,No,No,No,No,No,No,No,No,Single Vehicle Crashes,Fauquier County,,Rural,38.90769,-77.99211,Interstate,I-66W,66.0,I-66,19.24,Interstate,Not at Intersection,,No,0,0,No,0,0,0,0,0,0,0,0,0,0,0,c6324318,0,0,1,Minor
2,2024-04-17,14:00:00,Wednesday,Fixed Object - Off Road,On Roadway,"Blacktop, Asphalt, Bituminous",No Defects,Daylight,Daylight,"Two-Way, Divided, Positive Median Barrier",Not Provided,No Adverse Condition (Clear/Cloud),Grade - Curve,Not Provided,No,Not at Intersection,Not Provided,Traffic Lanes Marked,Dry,Intersection Area,Non-Intersection,Yes - Working,No,2024,Spring,April,Daytime,Noon - 2:59pm,14,Injury Crash,No,Yes,No,No,No,No,No,No,No,No,Yes,No,No,Multiple Vehicle Crashes,Norfolk City,,Urban,36.8454,-76.24715,Interstate,I-264E,264.0,I-264,9.93,Interstate,Not at Intersection,,No,0,0,No,0,0,0,0,0,0,0,0,0,0,1,c0949246,0,0,1,Minor
2,2023-06-01,07:47:00,Thursday,Other,On Roadway,"Blacktop, Asphalt, Bituminous",No Defects,Daylight,Daylight,"Two-Way, Divided, Positive Median Barrier",Not Provided,Rain,Straight - Level,Not Provided,No,Not at Intersection,Not Provided,Traffic Lanes Marked,Wet,Intersection Area,Non-Intersection,Yes - Working,No,2023,Summer,June,Daytime,6:00am - 8:59am,7,Property Damage Crash,No,No,No,No,No,No,No,No,No,No,No,No,No,Multiple Vehicle Crashes,Norfolk City,,Urban,36.89109,-76.23083,Interstate,I-64W,64.0,I-64,280.25,Interstate,Not at Intersection,,No,0,0,No,0,0,0,0,0,0,0,0,0,0,0,c7037214,0,0,1,Minor
2,2022-10-14,14:39:00,Friday,Rear End,On Roadway,"Blacktop, Asphalt, Bituminous",No Defects,Daylight,Daylight,"Two-Way, Divided, Positive Median Barrier",Not Provided,No Adverse Condition (Clear/Cloud),Hillcrest - Straight,Not Provided,No,Not at Intersection,Not Provided,Traffic Lanes Marked,Dry,Intersection Area,Non-Intersection,Yes - Working,No,2022,Autumn,October,Daytime,Noon - 2:59pm,14,Property Damage Crash,No,No,No,No,No,No,No,No,No,No,No,No,No,Multiple Vehicle Crashes,Newport News City,,Urban,37.01902,-76.4464,Non-Interstate,US-17S,17.0,MERCURY BLVD,51.22,Other Principal Arterial,Not at Intersection,,No,0,0,No,0,0,0,0,0,0,0,0,0,0,0,c7865933,0,0,1,Minor
2,2023-02-18,22:45:00,Saturday,Non-Collision,On Roadway,"Blacktop, Asphalt, Bituminous",No Defects,Darkness,Darkness - Road Lighted,"Two-Way, Divided, Positive Median Barrier",Not Provided,No Adverse Condition (Clear/Cloud),Straight - Level,Not Provided,No,Not at Intersection,Not Provided,Traffic Lanes Marked,Dry,Interchange Area,On Entrance/Exit Ramp,Yes - Working,No,2023,Winter,February,Nighttime,9:00pm - 11:59pm,22,Property Damage Crash,No,No,No,No,No,No,No,No,No,No,No,No,No,Multiple Vehicle Crashes,Fairfax County,,Urban,38.73772,-77.19141,Interstate,I-95N,95.0,I-95,167.07,Interstate,Not at Intersection,,No,0,0,No,0,0,0,0,0,0,0,0,0,0,0,c2811966,0,0,1,Minor
1,2024-10-10,04:03:00,Thursday,Other,On Roadway,"Slag, Gravel, Stone",No Defects,Darkness,Darkness - Road Not Lighted,"Two-Way, Not Divided",Not Provided,No Adverse Condition (Clear/Cloud),Straight - Level,Not Provided,No,Not at Intersection,Not Provided,No Traffic Control,Dry,Interchange Area,On Entrance/Exit Ramp,No Traffic Control Device Present,No,2024,Autumn,October,Nighttime,3:00am - 5:59am,4,Injury Crash,No,Yes,No,No,No,No,No,No,No,No,No,No,No,Single Vehicle Crashes,York County,,Urban,37.27894,-76.67173,Non-Interstate,VA-90003E,90003.0,COLONIAL NATIONAL HISTORIC PKWAY,11.6,Major Collector,At Intersection,HUBBARD LN,No,0,0,No,0,0,0,0,0,0,0,0,0,0,1,c6171368,0,0,1,Minor
2,2024-12-11,11:05:00,Wednesday,Other,On Roadway,"Blacktop, Asphalt, Bituminous",No Defects,Daylight,Daylight,"Two-Way, Divided, Positive Median Barrier",Not Provided,Rain,Straight - Level,Not Provided,No,Four Approaches,Not Provided,Traffic Signal,Wet,Intersection Area,Intersection Related - Within 150 Feet,Yes - Working,No,2024,Winter,December,Daytime,9:00am - 11:59am,11,Injury Crash,No,No,No,No,No,No,No,No,No,No,No,No,No,Multiple Vehicle Crashes,Roanoke County,Vinton,Urban,37.27632,-79.90309,Non-Interstate,VA-24W,24.0,WEST VIRGINIA AVE,2.22,Minor Arterial,At Intersection,3RD ST,No,0,0,No,0,0,0,0,0,0,0,0,0,0,1,c6163001,0,0,1,Minor
2,2024-03-20,06:09:00,Wednesday,Angle,On Roadway,"Blacktop, Asphalt, Bituminous",No Defects,Darkness,Darkness - Road Not Lighted,"Two-Way, Divided, Unprotected Median",Not Provided,No Adverse Condition (Clear/Cloud),Straight - Level,Not Provided,No,Four Approaches,Not Provided,Traffic Signal,Dry,Intersection Area,Within Intersection,Yes - Working,No,2024,Spring,March,Daytime,6:00am - 8:59am,6,Property Damage Crash,No,No,No,No,No,No,No,No,No,No,No,No,No,Multiple Vehicle Crashes,Loudoun County,,Urban,38.92361,-77.50469,Non-Interstate,US-50E,50.0,JOHN MOSBY HWY,59.8,Minor Arterial,At Intersection,SOUTH RIDING BLVD,No,0,0,No,0,0,0,0,0,0,0,0,0,0,0,c8028270,0,0,1,Minor
1,2023-05-07,18:29:00,Sunday,Other,On Roadway,"Blacktop, Asphalt, Bituminous",No Defects,Daylight,Daylight,"Two-Way, Divided, Unprotected Median",Not Provided,No Adverse Condition (Clear/Cloud),Grade - Straight,Not Provided,No,Not at Intersection,Not Provided,Traffic Lanes Marked,Dry,Interchange Area,On Entrance/Exit Ramp,Yes - Working,No,2023,Spring,May,Nighttime,6:00pm - 8:59pm,18,Property Damage Crash,No,No,No,No,No,No,No,No,No,No,No,No,No,Single Vehicle Crashes,Suffolk City,,Urban,36.7302,-76.62916,Non-Interstate,US-58W,58.0,US-58,467.42,Other Principal Arterial,Not at Intersection,,No,0,0,No,0,0,0,0,0,0,0,0,0,0,0,c9724894,0,0,1,Minor
1,2022-08-14,21:12:00,Sunday,Fixed Object - Off Road,"Off Roadway, Location Unknown",Concrete,No Defects,Darkness,Darkness - Road Lighted,"Two-Way, Divided, Unprotected Median",Not Provided,Mist,Straight - Level,Not Provided,No,Three Approaches,Not Provided,Traffic Lanes Marked,Wet,Interchange Area,Main-Line Roadway,Yes - Working,No,2022,Summer,August,Nighttime,9:00pm - 11:59pm,21,Injury Crash,No,No,No,No,No,No,No,No,No,No,Yes,No,No,Single Vehicle Crashes,Roanoke City,,Urban,37.28074,-79.96968,Non-Interstate,UR-8010E (CITY OF ROANOKE),,SHENANDOAH AVE,2.54,Minor Arterial,At Intersection,19TH ST,No,0,0,No,0,0,0,0,0,0,0,1,0,0,1,c0676943,0,0,1,Minor
1,2023-05-28,20:20:00,Sunday,Other,Roadside,"Blacktop, Asphalt, Bituminous",No Defects,Darkness,Darkness - Road Not Lighted,"Two-Way, Not Divided",Not Provided,Rain,Curve - Level,Not Provided,No,Three Approaches,Not Provided,No Traffic Control,Wet,Intersection Area,Within Intersection,No Traffic Control Device Present,No,2023,Spring,May,Nighttime,6:00pm - 8:59pm,20,Property Damage Crash,No,No,No,No,No,No,No,No,No,No,Yes,No,No,Single Vehicle Crashes,Buckingham County,,Rural,37.65736,-78.60919,Non-Interstate,SC-658S (BUCKINGHAM COUNTY),655.0,JERUSALEM CHURCH RD,6.53,Local,At Intersection,PATTESON RD,No,0,0,No,0,0,0,0,0,0,0,0,0,0,0,c5073463,0,0,1,Minor
2,2024-08-06,18:12:00,Tuesday,Angle,On Roadway,Concrete,No Defects,Daylight,Daylight,"Two-Way, Divided, Unprotected Median",Not Provided,No Adverse Condition (Clear/Cloud),Straight - Level,Not Provided,No,Four Approaches,Not Provided,No Traffic Control,Dry,Interchange Area,Main-Line Roadway,No Traffic Control Device Present,No,2024,Summer,August,Nighttime,6:00pm - 8:59pm,18,Injury Crash,No,No,No,No,No,No,No,No,No,Yes,No,No,No,Multiple Vehicle Crashes,Fairfax County,,Urban,38.75179,-77.13993,Non-Interstate,SC-611S (FAIRFAX COUNTY),611.0,TELEGRAPH RD,11.26,Minor Arterial,At Intersection,HAYFIELD RD,No,0,0,No,0,0,0,0,0,0,0,0,0,0,2,c2973404,0,1,0,Severe
2,2022-12-31,16:16:00,Saturday,Angle,On Roadway,"Blacktop, Asphalt, Bituminous",No Defects,Daylight,Daylight,"Two-Way, Divided, Positive Median Barrier",Not Provided,Rain,Straight - Level,Not Provided,No,Not at Intersection,Not Provided,Traffic Lanes Marked,Wet,Interchange Area,Main-Line Roadway,Yes - Working,No,2022,Winter,December,Daytime,3:00pm - 5:59pm,16,Property Damage Crash,No,No,No,No,No,No,No,No,No,No,No,No,No,Multiple Vehicle Crashes,Spotsylvania County,,Rural,38.15034,-77.50623,Interstate,I-95S,95.0,I-95,120.21,Interstate,Not at Intersection,,Yes,0,0,No,0,0,0,0,0,0,0,0,0,0,0,c7300523,0,0,1,Minor
2,2023-02-15,16:05:00,Wednesday,Angle,On Roadway,"Blacktop, Asphalt, Bituminous",No Defects,Daylight,Daylight,"Two-Way, Not Divided",Not Provided,No Adverse Condition (Clear/Cloud),Straight - Level,Not Provided,No,Four Approaches,Not Provided,Stop Sign,Dry,Intersection Area,Within Intersection,Yes - Working,No,2023,Winter,February,Daytime,3:00pm - 5:59pm,16,Property Damage Crash,No,Yes,No,No,No,No,No,No,No,No,No,No,No,Multiple Vehicle Crashes,Henrico County,,Urban,37.55012,-77.32841,,N CEDAR AVE (PR - HENRICO COUNTY),,CEDAR AVE,0.16,,At Intersection,VINE ST,Yes,0,0,No,0,0,0,0,0,0,0,0,0,0,0,c8354647,0,0,1,Minor
1,2022-07-09,16:50:00,Saturday,Fixed Object - Off Road,Roadside,"Blacktop, Asphalt, Bituminous",No Defects,Daylight,Daylight,"Two-Way, Not Divided",Not Provided,Rain,Straight - Level,Not Provided,No,Not at Intersection,Not Provided,Traffic Lanes Marked,Wet,Intersection Area,Non-Intersection,Yes - Working,No,2022,Summer,July,Daytime,3:00pm - 5:59pm,16,Property Damage Crash,No,No,No,No,No,No,No,No,No,Yes,No,No,No,Single Vehicle Crashes,Halifax County,,Rural,36.96612,-79.08272,Non-Interstate,SC-603E (HALIFAX COUNTY),603.0,CODY RD,1.13,Major Collector,Not at Intersection,,No,0,0,No,0,0,0,0,0,0,0,0,0,0,0,c6941070,0,0,1,Minor
1,2022-09-30,15:53:00,Friday,Fixed Object - Off Road,Roadside,"Blacktop, Asphalt, Bituminous",Slick Pavement,Daylight,Daylight,"Two-Way, Divided, Positive Median Barrier",Not Provided,Rain,Straight - Level,Not Provided,No,Not at Intersection,Not Provided,Traffic Lanes Marked,Wet,Intersection Area,Non-Intersection,Yes - Working,No,2022,Autumn,September,Daytime,3:00pm - 5:59pm,15,Property Damage Crash,No,No,No,No,No,No,No,No,No,No,No,No,No,Single Vehicle Crashes,Norfolk City,,Urban,36.84412,-76.20794,Interstate,I-264W,264.0,I-264,12.39,Interstate,Not at Intersection,,No,0,0,No,0,0,0,0,0,0,0,0,0,0,0,c1409595,0,0,1,Minor
2,2023-07-06,14:56:00,Thursday,Angle,On Roadway,"Blacktop, Asphalt, Bituminous",No Defects,Daylight,Daylight,"Two-Way, Divided, Unprotected Median",Not Provided,No Adverse Condition (Clear/Cloud),Straight - Level,Not Provided,No,Four Approaches,Not Provided,Traffic Signal,Dry,Intersection Area,Within Intersection,Yes - Working,No,2023,Summer,July,Daytime,Noon - 2:59pm,14,Injury Crash,No,No,No,No,No,No,No,No,No,Yes,No,No,No,Multiple Vehicle Crashes,Hampton City,,Urban,37.02954,-76.35044,Non-Interstate,VA-134E,134.0,ARMISTEAD AVE,11.77,Minor Arterial,At Intersection,PEMBROKE AVE,No,0,0,No,0,0,0,0,0,0,0,0,0,0,1,c0787857,0,0,1,Minor
2,2024-12-24,09:09:00,Tuesday,Sideswipe - Same Direction,On Roadway,"Blacktop, Asphalt, Bituminous",No Defects,Daylight,Daylight,"Two-Way, Not Divided",Not Provided,No Adverse Condition (Clear/Cloud),Straight - Level,Not Provided,No,Not at Intersection,Not Provided,Traffic Lanes Marked,Dry,Intersection Area,Non-Intersection,Yes - Working,No,2024,Winter,December,Daytime,9:00am - 11:59am,9,Property Damage Crash,No,No,No,No,No,No,No,No,No,No,Yes,No,No,Multiple Vehicle Crashes,Va. Beach City,,Urban,36.8791,-76.17854,Non-Interstate,QUARTERPATH GATE (PR - CITY OF VIRGINIA BEACH),0.0,QUARTERPATH GATE,0.43,Local,Not at Intersection,,Yes,0,0,No,0,0,0,0,0,0,0,0,0,0,0,c5920343,0,0,1,Minor