NumberOfVehicles,CrashDate,CrashTime,DayOfWeek,TypeOfCollision,LocationOfFirstHarmfulEvent,RoadwaySurfaceType,RoadwayDefect,LightCondition_Category,LightCondition_Value,RoadwayDescription,WorkZoneLocation,WeatherCondition,RoadwayAlignment,WorkZoneWorkersPresent,SchoolZone,IntersectionType,WorkZoneType,TrafficControlType,RoadwaySurfaceCondition,RelationToRoadway_Category,RelationToRoadway_Value,TrafficControlMechanicalDevice,WorkZoneRelated,Year,Meteorological Season,MonthName,DaytimeNighttime_NHTSA,ThreeHourLabel,Hour,CrashType,AlcoholInvolved,SpeedRelated,CommercialMotorVehiclesInvolved,PedestrianInvolved,BicycleInvolved,MotorcycleInvolved,MopedInvolved,TrainRelated,SchoolZoneInvolved,TeenDriverInvolved,DistractedDriverInvolved,DriverTextingInvolved,DriverUsingCellPhone,Single_Multi_Vehicle,Jurisdiction,TownName,LocationTypeName,Latitude,Longitude,Interstate_NonInterstate,RoadName,RouteNumber,RouteName,MileMarker,FunctionalClassCode,AtIntersection,SecondaryLocation,MatureDriverInvolved,MatureDriverFatalities,MatureDriverInjuries,LargeTruckInvolved,PedestrianFatalities,PedestrianInjuries,MotorcycleFatalities,MotorcycleInjuries,BicycleFatalities,BicycleInjuries,DistractedDriverFatalities,DistractedDriverInjuries,UnrestrainedInjuries,Number_Of_Fatalities,Number_Of_Injuries,Crash_UID,Is_Fatal,Is_Severe,Is_Minor,SeverityLabel
1,2023-11-11,00:15:00,Saturday,Fixed Object - Off Road,On Roadway,"Blacktop, Asphalt, Bituminous",No Defects,Darkness,Darkness - Road Not Lighted,"Two-Way, Not Divided",Not Provided,No Adverse Condition (Clear/Cloud),Straight - Level,Not Provided,No,Not at Intersection,Not Provided,No Traffic Control,Dry,Intersection Area,Non-Intersection,No Traffic Control Device Present,No,2023,Autumn,November,Nighttime,Midnight - 2:59am,0,Property Damage Crash,No,Yes,No,No,No,No,No,No,No,No,Yes,No,No,Single Vehicle Crashes,Rockbridge County,,Rural,37.84016,-79.31199,Non-Interstate,SC-706S (ROCKBRIDGE COUNTY),706.0,BORDEN GRANT TRL,4.88,Minor Collector,Not at Intersection,,No,0,0,No,0,0,0,0,0,0,0,0,0,0,0,c7895749,0,0,1,Minor
1,2023-12-15,05:45:00,Friday,Pedestrian,On Roadway,"Blacktop, Asphalt, Bituminous",No Defects,Darkness,Darkness - Road Not Lighted,"Two-Way, Divided, Unprotected Median",Not Provided,No Adverse Condition (Clear/Cloud),Straight - Level,Not Provided,No,Not at Intersection,Not Provided,Traffic Lanes Marked,Dry,Interchange Area,On Entrance/Exit Ramp,Yes - Working,No,2023,Winter,December,Nighttime,3:00am - 5:59am,5,Injury Crash,No,No,No,Yes,No,No,No,No,No,No,No,No,No,Single Vehicle Crashes,Frederick County,,Urban,39.18763,-78.13604,Interstate,I-81S RAMP 315A,81.0,I-81,0.06,Interstate,Not at Intersection,,No,0,0,No,0,1,0,0,0,0,0,0,0,0,1,c2544204,0,0,1,Minor
2,2024-06-27,18:20:00,Thursday,Other,On Roadway,"Blacktop, Asphalt, Bituminous",No Defects,Daylight,Daylight,"Two-Way, Not Divided",Not Provided,No Adverse Condition (Clear/Cloud),Straight - Level,Not Provided,No,Two Approaches,Not Provided,Stop Sign,Dry,Intersection Area,Within Intersection,Yes - Working,No,2024,Summer,June,Nighttime,6:00pm - 8:59pm,18,Property Damage Crash,No,No,No,No,No,No,No,No,No,No,No,No,No,Multiple Vehicle Crashes,Fairfax County,,Urban,38.88576,-77.43628,Non-Interstate,SC-657N (FAIRFAX COUNTY),657.0,WALNEY RD,2.7,Minor Arterial,Not at Intersection,,No,0,0,No,0,0,0,0,0,0,0,0,0,0,0,c4026045,0,0,1,Minor
2,2022-11-16,08:54:00,Wednesday,Sideswipe - Same Direction,On Roadway,"Blacktop, Asphalt, Bituminous",No Defects,Daylight,Daylight,"Two-Way, Divided, Unprotected Median",Not Provided,No Adverse Condition (Clear/Cloud),Straight - Level,Not Provided,No,Not at Intersection,Not Provided,Traffic Lanes Marked,Dry,Intersection Area,Non-Intersection,Yes - Working,No,2022,Autumn,November,Daytime,6:00am - 8:59am,8,Property Damage Crash,No,Yes,No,No,No,No,No,No,No,No,No,No,No,Multiple Vehicle Crashes,Fauquier County,,Rural,38.87374,-77.8978,Interstate,I-66E,66.0,I-66,25.37,Interstate,Not at Intersection,,No,0,0,No,0,0,0,0,0,0,0,0,0,0,0,c4204925,0,0,1,Minor
2,2024-05-10,18:35:00,Friday,Rear End,On Roadway,"Blacktop, Asphalt, Bituminous",No Defects,Dusk,Dusk,"Two-Way, Not Divided",Not Provided,Rain,Straight - Level,Not Provided,No,Not at Intersection,Not Provided,Traffic Lanes Marked,Wet,Intersection Area,Non-Intersection,Yes - Working,No,2024,Spring,May,Nighttime,6:00pm - 8:59pm,18,Property Damage Crash,No,No,No,No,No,No,No,No,No,No,No,No,No,Multiple Vehicle Crashes,Fairfax City,,Urban,38.86261,-77.30735,Non-Interstate,VA-123N,123.0,CHAIN BRIDGE RD,16.12,Other Principal Arterial,Not at Intersection,,No,0,0,No,0,0,0,0,0,0,0,0,0,0,0,c7770005,0,0,1,Minor
1,2023-06-18,16:30:00,Sunday,Deer,On Roadway,"Blacktop, Asphalt, Bituminous",No Defects,Daylight,Daylight,"Two-Way, Divided, Unprotected Median",Not Provided,No Adverse Condition (Clear/Cloud),Grade - Straight,Not Provided,No,Two Approaches,Not Provided,Traffic Lanes Marked,Dry,Intersection Area,Within Intersection,Yes - Working,No,2023,Summer,June,Daytime,3:00pm - 5:59pm,16,Property Damage Crash,No,No,No,No,No,No,No,No,No,No,No,No,No,Single Vehicle Crashes,Franklin County,,Rural,36.8701,-79.87091,Non-Interstate,US-220S,220.0,VIRGIL H GOODE HWY,29.82,Other Principal Arterial,Not at Intersection,,Yes,0,0,No,0,0,0,0,0,0,0,0,0,0,0,c2610761,0,0,1,Minor
1,2022-01-27,06:40:00,Thursday,Pedestrian,On Roadway,"Blacktop, Asphalt, Bituminous",No Defects,Dawn,Dawn,"Two-Way, Not Divided",Not Provided,No Adverse Condition (Clear/Cloud),Straight - Level,Not Provided,No,Four Approaches,Not Provided,Stop Sign,Dry,Intersection Area,Within Intersection,Yes - Working,No,2022,Winter,January,Daytime,6:00am - 8:59am,6,Injury Crash,No,No,No,Yes,No,No,No,No,No,No,No,No,No,Single Vehicle Crashes,Alexandria City,,Urban,38.83766,-77.0618,Non-Interstate,MT VERNON AVE (NP - CITY OF ALEXANDRIA),,MOUNT VERNON AVE,2.01,Minor Arterial,At Intersection,REED AVE,No,0,0,No,0,1,0,0,0,0,0,0,0,0,1,c4471607,0,0,1,Minor
1,2024-03-02,07:20:00,Saturday,Fixed Object - Off Road,Shoulder,"Blacktop, Asphalt, Bituminous",No Defects,Daylight,Daylight,"Two-Way, Divided, Positive Median Barrier",Not Provided,Rain,Straight - Level,Not Provided,No,Not at Intersection,Not Provided,Highway Safety Corridor,Wet,Interchange Area,"Other interchange area (median, shoulder & roadside)",Yes - Working,No,2024,Spring,March,Daytime,6:00am - 8:59am,7,Property Damage Crash,No,No,No,No,No,No,No,No,No,No,No,No,No,Single Vehicle Crashes,Prince William County,,Urban,38.61263,-77.30138,Interstate,I-95N,95.0,I-95,155.78,Interstate,Not at Intersection,,No,0,0,No,0,0,0,0,0,0,0,0,0,0,0,c7606043,0,0,1,Minor
2,2022-03-31,10:21:00,Thursday,Rear End,On Roadway,"Blacktop, Asphalt, Bituminous",No Defects,Daylight,Daylight,"Two-Way, Divided, Unprotected Median",Not Provided,No Adverse Condition (Clear/Cloud),Straight - Level,Not Provided,No,Not at Intersection,Not Provided,Traffic Lanes Marked,Dry,Intersection Area,Non-Intersection,Yes - Working,No,2022,Spring,March,Daytime,9:00am - 11:59am,10,Property Damage Crash,No,No,No,No,No,No,No,No,No,No,No,No,No,Multiple Vehicle Crashes,Va. Beach City,,Urban,36.84347,-76.14031,Non-Interstate,US-58E,58.0,VIRGINIA BEACH BLVD,501.08,Other Principal Arterial,Not at Intersection,,No,0,0,No,0,0,0,0,0,0,0,0,0,0,0,c9645790,0,0,1,Minor
2,2024-07-29,14:00:00,Monday,Angle,On Roadway,"Blacktop, Asphalt, Bituminous",No Defects,Daylight,Daylight,"Two-Way, Divided, Positive Median Barrier",Not Provided,No Adverse Condition (Clear/Cloud),Straight - Level,Not Provided,No,Three Approaches,Not Provided,Traffic Signal,Dry,Interchange Area,Main-Line Roadway,Yes - Working,No,2024,Summer,July,Daytime,Noon - 2:59pm,14,Injury Crash,No,No,No,No,No,No,No,No,No,No,No,No,No,Multiple Vehicle Crashes,Fairfax County,,Urban,38.93462,-77.23305,Non-Interstate,SC-684S (FAIRFAX COUNTY),684.0,SPRING HILL RD,0.95,Minor Arterial,Not at Intersection,,No,0,0,No,0,0,0,0,0,0,0,0,0,0,2,c3856260,0,1,0,Severe
2,2023-12-04,06:23:00,Monday,Sideswipe - Same Direction,On Roadway,Concrete,No Defects,Dawn,Dawn,"One-Way, Not Divided",Activity Area,No Adverse Condition (Clear/Cloud),Curve - Level,No Workers Present,No,Not at Intersection,Work on Shoulder or Median,Traffic Lanes Marked,Dry,Interchange Area,On Entrance/Exit Ramp,Yes - Working,Yes,2023,Winter,December,Daytime,6:00am - 8:59am,6,Property Damage Crash,No,No,No,No,No,No,No,No,No,No,No,No,No,Multiple Vehicle Crashes,Fairfax County,,Urban,38.88416,-77.22439,Interstate,I-66E RAMP 64B,66.0,I-66 RAMP,0.0,Interstate,Not at Intersection,,No,0,0,No,0,0,0,0,0,0,0,0,0,0,0,c9720717,0,0,1,Minor
3,2024-12-20,15:43:00,Friday,Rear End,On Roadway,"Blacktop, Asphalt, Bituminous",No Defects,Daylight,Daylight,"Two-Way, Divided, Positive Median Barrier",Not Provided,No Adverse Condition (Clear/Cloud),Straight - Level,Not Provided,No,Not at Intersection,Not Provided,Traffic Lanes Marked,Dry,Interchange Area,Main-Line Roadway,Yes - Working,No,2024,Winter,December,Daytime,3:00pm - 5:59pm,15,Property Damage Crash,No,Yes,No,No,No,No,No,No,No,No,No,No,No,Multiple Vehicle Crashes,Prince William County,,Urban,38.53408,-77.35557,Interstate,I-95N,95.0,I-95,149.21,Interstate,Not at Intersection,,No,0,0,No,0,0,0,0,0,0,0,0,0,0,0,c5153980,0,0,1,Minor
2,2022-05-29,14:11:00,Sunday,Rear End,On Roadway,"Blacktop, Asphalt, Bituminous",No Defects,Daylight,Daylight,"Two-Way, Not Divided",Not Provided,No Adverse Condition (Clear/Cloud),Straight - Level,Not Provided,No,Not at Intersection,Not Provided,Traffic Lanes Marked,Dry,Intersection Area,Non-Intersection,Yes - Working,No,2022,Spring,May,Daytime,Noon - 2:59pm,14,Property Damage Crash,No,No,No,No,No,No,No,No,No,Yes,No,No,No,Multiple Vehicle Crashes,Fauquier County,,Rural,38.59833,-77.73717,Non-Interstate,VA-28S,28.0,CATLETT RD,4.37,Minor Arterial,Not at Intersection,,No,0,0,No,0,0,0,0,0,0,0,0,0,0,0,c0424577,0,0,1,Minor
2,2023-06-29,11:17:00,Thursday,Angle,On Roadway,"Blacktop, Asphalt, Bituminous",No Defects,Daylight,Daylight,"Two-Way, Divided, Unprotected Median",Not Provided,No Adverse Condition (Clear/Cloud),Straight - Level,Not Provided,Yes,Three Approaches,Not Provided,Stop Sign,Dry,Intersection Area,Within Intersection,Yes - Working,No,2023,Summer,June,Daytime,9:00am - 11:59am,11,Property Damage Crash,No,No,No,No,No,No,No,No,Yes,No,No,No,No,Multiple Vehicle Crashes,Newport News City,,Urban,37.07324,-76.4767,Non-Interstate,VA-312W,312.0,J CLYDE MORRIS BLVD,0.99,Minor Arterial,At Intersection,RUGBY RD,Yes,0,0,No,0,0,0,0,0,0,0,0,0,0,0,c4702563,0,0,1,Minor
2,2024-10-15,08:51:00,Tuesday,Sideswipe - Opposite Direction,Shoulder,"Blacktop, Asphalt, Bituminous",No Defects,Daylight,Daylight,"Two-Way, Divided, Positive Median Barrier",Not Provided,No Adverse Condition (Clear/Cloud),Straight - Level,Not Provided,No,Not at Intersection,Not Provided,Traffic Lanes Marked,Dry,Intersection Area,Non-Intersection,Yes - Working,No,2024,Autumn,October,Daytime,6:00am - 8:59am,8,Property Damage Crash,No,No,No,No,No,No,No,No,No,No,Yes,No,No,Multiple Vehicle Crashes,Rockbridge County,,Rural,37.92117,-79.24386,Interstate,I-81N,81.0,I-81,204.48,Interstate,Not at Intersection,,No,0,0,No,0,0,0,0,0,0,0,0,0,0,0,c2804661,0,0,1,Minor
2,2024-11-29,18:30:00,Friday,Rear End,On Roadway,"Blacktop, Asphalt, Bituminous",No Defects,Darkness,Darkness - Road Not Lighted,"Two-Way, Not Divided",Not Provided,No Adverse Condition (Clear/Cloud),Straight - Level,Not Provided,No,Three Approaches,Not Provided,Traffic Signal,Dry,Intersection Area,Intersection Related - Within 150 Feet,Yes - Working,No,2024,Autumn,November,Nighttime,6:00pm - 8:59pm,18,Property Damage Crash,No,No,No,No,No,No,No,No,No,No,No,No,No,Multiple Vehicle Crashes,Henrico County,,Urban,37.65681,-77.62874,Non-Interstate,US-250W,250.0,BROAD ST,152.39,Other Principal Arterial,At Intersection,TOWNE CENTER WEST BLVD,Yes,0,0,No,0,0,0,0,0,0,0,0,0,0,0,c2025746,0,0,1,Minor
2,2024-08-15,08:05:00,Thursday,Angle,On Roadway,"Blacktop, Asphalt, Bituminous",No Defects,Daylight,Daylight,"Two-Way, Not Divided",Not Provided,No Adverse Condition (Clear/Cloud),Straight - Level,Not Provided,Yes,Three Approaches,Not Provided,Stop Sign,Dry,Intersection Area,Intersection Related - Within 150 Feet,Yes - Working,No,2024,Summer,August,Daytime,6:00am - 8:59am,8,Property Damage Crash,No,No,No,No,No,No,No,No,Yes,No,No,No,No,Multiple Vehicle Crashes,Patrick County,,Rural,36.62037,-80.26892,Non-Interstate,VA-8S,8.0,SALEM HWAY,7.47,Minor Arterial,At Intersection,COUGAR LN,Yes,0,0,No,0,0,0,0,0,0,0,0,0,0,0,c9387400,0,0,1,Minor
2,2024-08-16,01:25:00,Friday,Angle,On Roadway,"Blacktop, Asphalt, Bituminous",No Defects,Darkness,Darkness - Road Lighted,"Two-Way, Not Divided",Not Provided,No Adverse Condition (Clear/Cloud),Straight - Level,Not Provided,No,Not at Intersection,Not Provided,No Traffic Control,Dry,Intersection Area,Non-Intersection,No Traffic Control Device Present,No,2024,Summer,August,Nighttime,Midnight - 2:59am,1,Property Damage Crash,No,No,No,No,No,No,No,No,No,No,Yes,No,No,Multiple Vehicle Crashes,Petersburg City,,Urban,37.23133,-77.39259,Non-Interstate,US-301N,301.0,CRATER RD,52.58,Minor Arterial,At Intersection,TAYLOR ST,No,0,0,No,0,0,0,0,0,0,0,0,0,0,0,c7040240,0,0,1,Minor
2,2022-12-21,08:26:00,Wednesday,Angle,On Roadway,"Blacktop, Asphalt, Bituminous",No Defects,Daylight,Daylight,"Two-Way, Not Divided",Not Provided,No Adverse Condition (Clear/Cloud),Straight - Level,Not Provided,No,Four Approaches,Not Provided,Traffic Signal,Dry,Intersection Area,Within Intersection,Yes - Working,No,2022,Winter,December,Daytime,6:00am - 8:59am,8,Property Damage Crash,No,Yes,No,No,No,No,No,No,No,No,No,No,No,Multiple Vehicle Crashes,Albemarle County,,Urban,38.08514,-78.47748,Non-Interstate,SC-631N (ALBEMARLE COUNTY),631.0,RIO RD,14.56,Minor Arterial,At Intersection,BERKMAR DR,No,0,0,No,0,0,0,0,0,0,0,0,0,0,0,c5400230,0,0,1,Minor
2,2023-09-08,22:23:00,Friday,Rear End,On Roadway,"Blacktop, Asphalt, Bituminous",No Defects,Darkness,Darkness - Road Lighted,"Two-Way, Divided, Positive Median Barrier",Not Provided,Rain,Straight - Level,Not Provided,No,Four Approaches,Not Provided,Traffic Signal,Wet,Interchange Area,Main-Line Roadway,Yes - Working,No,2023,Autumn,September,Nighttime,9:00pm - 11:59pm,22,Property Damage Crash,Yes,Yes,No,No,No,No,No,No,No,No,Yes,No,No,Multiple Vehicle Crashes,Fairfax County,,Urban,38.83771,-77.16723,Non-Interstate,VA-244E,244.0,COLUMBIA PIKE,1.67,Other Principal Arterial,At Intersection,WHISPERING LN,No,0,0,No,0,0,0,0,0,0,0,0,0,0,0,c7323027,0,0,1,Minor
2,2023-01-06,12:17:00,Friday,Angle,On Roadway,"Blacktop, Asphalt, Bituminous",No Defects,Daylight,Daylight,"Two-Way, Not Divided",Not Provided,No Adverse Condition (Clear/Cloud),Straight - Level,Not Provided,No,Four Approaches,Not Provided,Stop Sign,Dry,Intersection Area,Within Intersection,Yes - Working,No,2023,Winter,January,Daytime,Noon - 2:59pm,12,Property Damage Crash,No,No,No,No,No,No,No,No,No,No,No,No,No,Multiple Vehicle Crashes,Henrico County,,Urban,37.62851,-77.45596,Non-Interstate,CR-7594E (HENRICO COUNTY),7594.0,WILKINSON RD,0.13,Major Collector,At Intersection,CHAMBERLAYNE AVE,No,0,0,No,0,0,0,0,0,0,0,0,0,0,0,c3839811,0,0,1,Minor
2,2022-05-17,16:25:00,Tuesday,Rear End,On Roadway,Concrete,No Defects,Daylight,Daylight,"Two-Way, Divided, Positive Median Barrier",Not Provided,No Adverse Condition (Clear/Cloud),Straight - Level,Not Provided,No,Not at Intersection,Not Provided,Traffic Lanes Marked,Dry,Interchange Area,Main-Line Roadway,Yes - Working,No,2022,Spring,May,Daytime,3:00pm - 5:59pm,16,Property Damage Crash,No,Yes,No,No,No,No,No,No,No,No,No,No,No,Multiple Vehicle Crashes,Chesapeake City,,Urban,36.76412,-76.26912,Interstate,I-464S,464.0,I-464,0.21,Interstate,Not at Intersection,,No,0,0,No,0,0,0,0,0,0,0,0,0,0,0,c7208268,0,0,1,Minor
2,2023-07-13,07:25:00,Thursday,Rear End,On Roadway,"Blacktop, Asphalt, Bituminous",No Defects,Daylight,Daylight,"Two-Way, Divided, Positive Median Barrier",Not Provided,No Adverse Condition (Clear/Cloud),Straight - Level,Not Provided,No,Not at Intersection,Not Provided,Traffic Lanes Marked,Dry,Interchange Area,Main-Line Roadway,Yes - Working,No,2023,Summer,July,Daytime,6:00am - 8:59am,7,Property Damage Crash,No,Yes,No,No,No,No,No,No,No,No,No,No,No,Multiple Vehicle Crashes,Richmond City,,Urban,37.58104,-77.46941,Interstate,I-95S,95.0,I-95,78.99,Interstate,Not at Intersection,,No,0,0,No,0,0,0,0,0,0,0,0,0,0,0,c2846121,0,0,1,Minor
1,2022-03-17,06:16:00,Thursday,Deer,On Roadway,"Blacktop, Asphalt, Bituminous",No Defects,Darkness,Darkness - Road Lighted,"Two-Way, Not Divided",Not Provided,Rain,Straight - Level,Not Provided,No,Not at Intersection,Not Provided,Traffic Lanes Marked,Wet,Intersection Area,Non-Intersection,Yes - Working,No,2022,Spring,March,Daytime,6:00am - 8:59am,6,Property Damage Crash,No,No,No,No,No,No,No,No,No,No,No,No,No,Single Vehicle Crashes,Salem City,,Urban,37.28389,-80.10194,Non-Interstate,US-11N,11.0,MAIN ST,140.47,Minor Arterial,Not at Intersection,,No,0,0,No,0,0,0,0,0,0,0,0,0,0,0,c7573727,0,0,1,Minor
2,2024-02-18,15:14:00,Sunday,Rear End,On Roadway,"Blacktop, Asphalt, Bituminous",No Defects,Daylight,Daylight,"Two-Way, Divided, Positive Median Barrier",Not Provided,No Adverse Condition (Clear/Cloud),Straight - Level,Not Provided,No,Not at Intersection,Not Provided,Traffic Lanes Marked,Dry,Intersection Area,Non-Intersection,Yes - Working,No,2024,Winter,February,Daytime,3:00pm - 5:59pm,15,Injury Crash,No,Yes,No,No,No,No,No,No,No,No,No,No,No,Multiple Vehicle Crashes,Chesterfield County,,Urban,37.37605,-77.40708,Interstate,I-95N,95.0,I-95,62.92,Interstate,Not at Intersection,,No,0,0,No,0,0,0,0,0,0,0,0,0,0,1,c9399635,0,0,1,Minor
2,2023-03-13,08:21:00,Monday,Rear End,On Roadway,"Blacktop, Asphalt, Bituminous",No Defects,Daylight,Daylight,"Two-Way, Divided, Positive Median Barrier",Not Provided,Rain,Straight - Level,Not Provided,Yes - With School Activity,Not at Intersection,Not Provided,Slow or Warning Sign,Wet,Intersection Area,Non-Intersection,Yes - Working,No,2023,Spring,March,Daytime,6:00am - 8:59am,8,Property Damage Crash,No,No,No,No,No,No,No,No,Yes,No,No,No,No,Multiple Vehicle Crashes,Chesapeake City,,Urban,36.8027,-76.23899,Non-Interstate,PROVIDENCE RD (PR - CITY OF CHESAPEAKE),,PROVIDENCE RD,1.32,Minor Arterial,Not at Intersection,,No,0,0,No,0,0,0,0,0,0,0,0,0,0,0,c6779060,0,0,1,Minor
2,2024-10-05,10:47:00,Saturday,Angle,In Parking Lane or Zone,"Blacktop, Asphalt, Bituminous",No Defects,Daylight,Daylight,"Two-Way, Not Divided",Not Provided,No Adverse Condition (Clear/Cloud),Grade - Curve,Not Provided,No,Three Approaches,Not Provided,No Traffic Control,Dry,Intersection Area,Intersection Related - Within 150 Feet,No Traffic Control Device Present,No,2024,Autumn,October,Daytime,9:00am - 11:59am,10,Injury Crash,No,No,No,No,No,No,No,No,No,No,No,No,No,Multiple Vehicle Crashes,Albemarle County,,Urban,38.07499,-78.4711,,OLD BROOK RD (PR - ALBEMARLE COUNTY),0.0,OLD BROOK RD,0.07,,At Intersection,KNIGHT CT,No,0,0,No,0,0,0,0,0,0,0,0,0,0,1,c5023090,0,0,1,Minor
3,2022-05-15,14:07:00,Sunday,Rear End,On Roadway,"Blacktop, Asphalt, Bituminous",No Defects,Daylight,Daylight,"Two-Way, Divided, Positive Median Barrier",Not Provided,No Adverse Condition (Clear/Cloud),Straight - Level,Not Provided,No,Three Approaches,Not Provided,Traffic Signal,Dry,Intersection Area,Within Intersection,Yes - Working,No,2022,Spring,May,Daytime,Noon - 2:59pm,14,Injury Crash,No,No,No,No,No,No,No,No,No,No,No,No,No,Multiple Vehicle Crashes,Prince William County,,Urban,38.62787,-77.30583,Non-Interstate,SC-784E (PRINCE WILLIAM COUNTY),784.0,DALE BLVD,6.41,Minor Arterial,Not at Intersection,,No,0,0,No,0,0,0,0,0,0,0,0,0,0,2,c4337905,0,1,0,Severe
3,2024-12-23,19:03:00,Monday,Sideswipe - Same Direction,On Roadway,"Blacktop, Asphalt, Bituminous",No Defects,Darkness,Darkness - Road Lighted,"Two-Way, Divided, Positive Median Barrier",Not Provided,No Adverse Condition (Clear/Cloud),Straight - Level,Not Provided,No,Not at Intersection,Not Provided,Traffic Lanes Marked,Dry,Intersection Area,Non-Intersection,Yes - Working,No,2024,Winter,December,Nighttime,6:00pm - 8:59pm,19,Property Damage Crash,No,No,No,No,No,No,No,No,No,No,Yes,No,No,Multiple Vehicle Crashes,Fairfax County,,Urban,38.87848,-77.26186,Interstate,I-66E,66.0,I-66,62.56,Interstate,Not at Intersection,,No,0,0,No,0,0,0,0,0,0,0,0,0,0,0,c5059398,0,0,1,Minor
2,2022-06-10,13:15:00,Friday,Angle,On Roadway,"Blacktop, Asphalt, Bituminous",No Defects,Daylight,Daylight,"Two-Way, Divided, Unprotected Median",Not Provided,No Adverse Condition (Clear/Cloud),Straight - Level,Not Provided,No,Two Approaches,Not Provided,Traffic Lanes Marked,Dry,Interchange Area,Acceleration/Deceleration Lanes,Yes - Working,No,2022,Summer,June,Daytime,Noon - 2:59pm,13,Injury Crash,No,Yes,No,No,No,No,No,No,No,No,No,No,No,Multiple Vehicle Crashes,Chesterfield County,,Urban,37.47814,-77.5168,Non-Interstate,US-360W,360.0,HULL ST RD,134.35,Other Principal Arterial,Not at Intersection,,No,0,0,No,0,0,0,0,0,0,0,0,0,0,2,c5526879,0,1,0,Severe
2,2022-02-19,18:56:00,Saturday,Angle,On Roadway,"Blacktop, Asphalt, Bituminous",No Defects,Darkness,Darkness - Road Lighted,"Two-Way, Not Divided",Not Provided,No Adverse Condition (Clear/Cloud),Straight - Level,Not Provided,No,Four Approaches,Not Provided,Traffic Lanes Marked,Dry,Intersection Area,Within Intersection,No Traffic Control Device Present,No,2022,Winter,February,Nighttime,6:00pm - 8:59pm,18,Property Damage Crash,No,No,No,No,No,No,No,No,No,No,Yes,No,No,Multiple Vehicle Crashes,Winchester City,,Urban,39.18639,-78.16156,Non-Interstate,KENT ST (PR - CITY OF WINCHESTER),,KENT ST,1.07,Local,At Intersection,FAIRFAX LN,No,0,0,No,0,0,0,0,0,0,0,0,0,0,0,c7092158,0,0,1,Minor
2,2023-04-26,22:35:00,Wednesday,Angle,On Roadway,"Blacktop, Asphalt, Bituminous",No Defects,Dawn,Dawn,"Two-Way, Divided, Unprotected Median",Not Provided,No Adverse Condition (Clear/Cloud),Straight - Level,Not Provided,No,Three Approaches,Not Provided,Stop Sign,Dry,Intersection Area,Within Intersection,Yes - Working,No,2023,Spring,April,Nighttime,9:00pm - 11:59pm,22,Property Damage Crash,No,No,No,No,No,No,No,No,No,No,No,No,No,Multiple Vehicle Crashes,Chesterfield County,,Urban,37.34983,-77.37499,Non-Interstate,VA-10W,10.0,HUNDRED RD,19.18,Other Principal Arterial,At Intersection,HARBOUR EAST DR,No,0,0,No,0,0,0,0,0,0,0,0,0,0,0,c2362027,0,0,1,Minor
4,2023-08-17,09:30:00,Thursday,Rear End,On Roadway,"Blacktop, Asphalt, Bituminous",No Defects,Daylight,Daylight,"Two-Way, Divided, Unprotected Median",Not Provided,Rain,Straight - Level,Not Provided,No,Four Approaches,Not Provided,Traffic Signal,Wet,Intersection Area,Intersection Related - Within 150 Feet,Yes - Working,No,2023,Summer,August,Daytime,9:00am - 11:59am,9,Injury Crash,No,No,No,No,No,No,No,No,No,No,No,No,No,Multiple Vehicle Crashes,Norfolk City,,Urban,36.89479,-76.22368,Non-Interstate,VA-165S,165.0,MILITARY HWY,34.23,Other Principal Arterial,At Intersection,NORVIEW AVE,Yes,0,0,No,0,0,0,0,0,0,0,0,0,0,1,c6405894,0,0,1,Minor
2,2022-07-24,04:50:00,Sunday,Angle,On Roadway,"Blacktop, Asphalt, Bituminous",No Defects,Darkness,Darkness - Road Not Lighted,"Two-Way, Not Divided",Not Provided,No Adverse Condition (Clear/Cloud),Straight - Level,Not Provided,No,Not at Intersection,Not Provided,Traffic Lanes Marked,Dry,Intersection Area,Non-Intersection,Yes - Working,No,2022,Summer,July,Nighttime,3:00am - 5:59am,4,Injury Crash,No,No,No,No,No,No,No,No,No,No,No,No,No,Multiple Vehicle Crashes,Amelia County,,Rural,37.34112,-77.88373,Non-Interstate,VA-153N,153.0,MILITARY RD,15.89,Minor Arterial,Not at Intersection,,No,0,0,No,0,0,0,0,0,0,0,0,0,0,2,c7985035,0,1,0,Severe
2,2024-06-09,10:03:00,Sunday,Angle,On Roadway,"Blacktop, Asphalt, Bituminous",No Defects,Daylight,Daylight,"Two-Way, Divided, Positive Median Barrier",Not Provided,No Adverse Condition (Clear/Cloud),Straight - Level,Not Provided,No,Four Approaches,Not Provided,No Traffic Control,Dry,Intersection Area,Intersection Related - Within 150 Feet,No Traffic Control Device Present,No,2024,Summer,June,Daytime,9:00am - 11:59am,10,Property Damage Crash,No,No,No,No,No,No,No,No,No,No,No,No,No,Multiple Vehicle Crashes,Newport News City,,Urban,37.15319,-76.5315,Non-Interstate,VA-143N,143.0,JEFFERSON AVE,21.59,Other Principal Arterial,Not at Intersection,MEADOW CREEK DR,No,0,0,No,0,0,0,0,0,0,0,0,0,0,0,c1245541,0,0,1,Minor