NumberOfVehicles,CrashDate,CrashTime,DayOfWeek,TypeOfCollision,LocationOfFirstHarmfulEvent,RoadwaySurfaceType,RoadwayDefect,LightCondition_Category,LightCondition_Value,RoadwayDescription,WorkZoneLocation,WeatherCondition,RoadwayAlignment,WorkZoneWorkersPresent,SchoolZone,IntersectionType,WorkZoneType,TrafficControlType,RoadwaySurfaceCondition,RelationToRoadway_Category,RelationToRoadway_Value,TrafficControlMechanicalDevice,WorkZoneRelated,Year,Meteorological Season,MonthName,DaytimeNighttime_NHTSA,ThreeHourLabel,Hour,CrashType,AlcoholInvolved,SpeedRelated,CommercialMotorVehiclesInvolved,PedestrianInvolved,BicycleInvolved,MotorcycleInvolved,MopedInvolved,TrainRelated,SchoolZoneInvolved,TeenDriverInvolved,DistractedDriverInvolved,DriverTextingInvolved,DriverUsingCellPhone,Single_Multi_Vehicle,Jurisdiction,TownName,LocationTypeName,Latitude,Longitude,Interstate_NonInterstate,RoadName,RouteNumber,RouteName,MileMarker,FunctionalClassCode,AtIntersection,SecondaryLocation,MatureDriverInvolved,MatureDriverFatalities,MatureDriverInjuries,LargeTruckInvolved,PedestrianFatalities,PedestrianInjuries,MotorcycleFatalities,MotorcycleInjuries,BicycleFatalities,BicycleInjuries,DistractedDriverFatalities,DistractedDriverInjuries,UnrestrainedInjuries,Number_Of_Fatalities,Number_Of_Injuries,Crash_UID,Is_Fatal,Is_Severe,Is_Minor,SeverityLabel
2,2024-08-15,10:35:00,Thursday,Rear End,On Roadway,"Blacktop, Asphalt, Bituminous",No Defects,Daylight,Daylight,"Two-Way, Not Divided",Not Provided,No Adverse Condition (Clear/Cloud),Straight - Level,Not Provided,No,Three Approaches,Not Provided,Traffic Signal,Dry,Intersection Area,Intersection Related - Within 150 Feet,Yes - Working,No,2024,Summer,August,Daytime,9:00am - 11:59am,10,Property Damage Crash,No,No,No,No,No,No,No,No,No,No,Yes,No,No,Multiple Vehicle Crashes,Warren County,Front Royal,Urban,38.94595,-78.1996,Non-Interstate,US-522S,522.0,SHENANDOAH AVE,119.11,Other Principal Arterial,At Intersection,QUADRANT RD,Yes,0,0,No,0,0,0,0,0,0,0,0,0,0,0,c5512924,0,0,1,Minor
2,2023-04-14,13:47:00,Friday,Rear End,On Roadway,"Blacktop, Asphalt, Bituminous",No Defects,Daylight,Daylight,"Two-Way, Divided, Unprotected Median",Not Provided,Rain,Straight - Level,Not Provided,No,Four Approaches,Not Provided,Traffic Signal,Wet,Intersection Area,Intersection Related - Within 150 Feet,Yes - Working,No,2023,Spring,April,Daytime,Noon - 2:59pm,13,Property Damage Crash,No,No,No,No,No,No,No,No,No,No,No,No,No,Multiple Vehicle Crashes,Newport News City,,Urban,37.11275,-76.4999,Non-Interstate,VA-143S,143.0,JEFFERSON AVE,18.4,Other Principal Arterial,At Intersection,FREEDOM WAY,No,0,0,No,0,0,0,0,0,0,0,0,0,0,0,c8319003,0,0,1,Minor
2,2023-08-18,20:39:00,Friday,Angle,On Roadway,"Blacktop, Asphalt, Bituminous",No Defects,Darkness,Darkness - Road Not Lighted,"Two-Way, Divided, Unprotected Median",Not Provided,No Adverse Condition (Clear/Cloud),Straight - Level,Not Provided,No,Four Approaches,Not Provided,Traffic Signal,Dry,Intersection Area,Within Intersection,Yes - Working,No,2023,Summer,August,Nighttime,6:00pm - 8:59pm,20,Injury Crash,No,No,No,No,No,No,No,No,No,No,No,No,No,Multiple Vehicle Crashes,Henrico County,,Urban,37.63089,-77.57764,Non-Interstate,CR-7514S (HENRICO COUNTY),7514.0,GASKINS RD,3.64,Minor Arterial,At Intersection,THREE CHOPT RD,No,0,0,No,0,0,0,0,0,0,0,0,0,0,2,c2163781,0,1,0,Severe
2,2024-02-07,17:15:00,Wednesday,Head On,On Roadway,"Blacktop, Asphalt, Bituminous",No Defects,Daylight,Daylight,"Two-Way, Not Divided",Not Provided,No Adverse Condition (Clear/Cloud),Straight - Level,Not Provided,No,Four Approaches,Not Provided,Traffic Signal,Dry,Intersection Area,Within Intersection,Yes - Working,No,2024,Winter,February,Daytime,3:00pm - 5:59pm,17,Property Damage Crash,No,No,No,No,No,No,No,No,No,No,No,No,No,Multiple Vehicle Crashes,Frederick County,,Urban,39.21036,-78.18029,Non-Interstate,US-522S,522.0,FREDERICK PIKE,139.87,Other Principal Arterial,At Intersection,VA-37 RAMP,No,0,0,No,0,0,0,0,0,0,0,0,0,0,0,c2263143,0,0,1,Minor
1,2023-11-05,05:15:00,Sunday,Fixed Object - Off Road,Shoulder,"Blacktop, Asphalt, Bituminous",No Defects,Darkness,Darkness - Road Not Lighted,"Two-Way, Divided, Positive Median Barrier",Not Provided,No Adverse Condition (Clear/Cloud),Grade - Curve,Not Provided,No,Not at Intersection,Not Provided,No Passing Lines,Dry,Interchange Area,On Entrance/Exit Ramp,Yes - Working,No,2023,Autumn,November,Nighttime,3:00am - 5:59am,5,Property Damage Crash,No,Yes,No,No,No,No,No,No,No,No,No,No,No,Single Vehicle Crashes,Fairfax County,,Urban,38.88358,-77.22487,Interstate,I-66E RAMP 64A,66.0,I-66 RAMP,0.08,Interstate,Not at Intersection,,No,0,0,No,0,0,0,0,0,0,0,0,0,0,0,c3312558,0,0,1,Minor
1,2024-12-09,15:35:00,Monday,Fixed Object - Off Road,On Roadway,Concrete,No Defects,Daylight,Daylight,"Two-Way, Divided, Unprotected Median",Not Provided,No Adverse Condition (Clear/Cloud),Curve - Level,Not Provided,No,Not at Intersection,Not Provided,No Traffic Control,Dry,Interchange Area,Main-Line Roadway,No Traffic Control Device Present,No,2024,Winter,December,Daytime,3:00pm - 5:59pm,15,Injury Crash,No,No,No,No,No,No,No,No,No,No,No,No,No,Single Vehicle Crashes,Richmond City,,Urban,37.54579,-77.55082,Non-Interstate,VA-150S,150.0,CHIPPENHAM PKWAY,11.23,Other Freeways and Expressways,Not at Intersection,,No,0,0,No,0,0,0,0,0,0,0,0,0,0,2,c5467533,0,1,0,Severe
2,2024-07-24,11:33:00,Wednesday,Angle,On Roadway,"Blacktop, Asphalt, Bituminous",No Defects,Daylight,Daylight,"Two-Way, Not Divided",Not Provided,No Adverse Condition (Clear/Cloud),Straight - Level,Not Provided,No,Not at Intersection,Not Provided,No Passing Lines,Dry,Other Location,"Driveway, Alley-Access - Related",Yes - Working,No,2024,Summer,July,Daytime,9:00am - 11:59am,11,Injury Crash,No,No,No,No,No,No,No,No,No,No,No,No,No,Multiple Vehicle Crashes,Rockingham County,,Rural,38.52869,-78.77764,Non-Interstate,US-11N,11.0,VALLEY PIKE,270.66,Minor Arterial,Not at Intersection,,Yes,0,1,No,0,0,0,0,0,0,0,0,1,0,2,c8389295,0,1,0,Severe
2,2024-03-24,16:09:00,Sunday,Angle,On Roadway,"Blacktop, Asphalt, Bituminous",No Defects,Daylight,Daylight,"Two-Way, Divided, Unprotected Median",Activity Area,No Adverse Condition (Clear/Cloud),Straight - Level,No Workers Present,No,Not at Intersection,Lane Closure,Traffic Lanes Marked,Dry,Interchange Area,Main-Line Roadway,Yes - Working,Yes,2024,Spring,March,Daytime,3:00pm - 5:59pm,16,Property Damage Crash,No,No,No,No,No,No,No,No,No,No,No,No,No,Multiple Vehicle Crashes,Fairfax County,,Urban,38.97672,-77.31245,Non-Interstate,VA-7W,7.0,LEESBURG PIKE,53.8,Other Principal Arterial,Not at Intersection,,No,0,0,No,0,0,0,0,0,0,0,0,0,0,0,c1343697,0,0,1,Minor
2,2022-08-29,23:55:00,Monday,Sideswipe - Same Direction,On Roadway,"Blacktop, Asphalt, Bituminous",No Defects,Darkness,Darkness - Road Lighted,"One-Way, Not Divided",Not Provided,No Adverse Condition (Clear/Cloud),Straight - Level,Not Provided,No,Two Approaches,Not Provided,Traffic Lanes Marked,Dry,Intersection Area,Intersection Related - Within 150 Feet,Yes - Working,No,2022,Summer,August,Nighttime,9:00pm - 11:59pm,23,Property Damage Crash,No,No,Yes,No,No,No,No,No,No,No,No,No,No,Multiple Vehicle Crashes,Newport News City,,Urban,36.99597,-76.43681,Non-Interstate,US-60P(3),60.0,WARWICK BLVD,1.15,Other Principal Arterial,At Intersection,51ST ST,No,0,0,No,0,0,0,0,0,0,0,0,0,0,0,c0671038,0,0,1,Minor
1,2023-10-14,02:08:00,Saturday,Fixed Object - Off Road,Roadside,"Blacktop, Asphalt, Bituminous",No Defects,Darkness,Darkness - Road Lighted,"One-Way, Not Divided",Not Provided,No Adverse Condition (Clear/Cloud),Straight - Level,Not Provided,No,Three Approaches,Not Provided,Traffic Signal,Dry,Intersection Area,Intersection Related - Within 150 Feet,Yes - Working,No,2023,Autumn,October,Nighttime,Midnight - 2:59am,2,Property Damage Crash,Yes,Yes,No,No,No,No,No,No,No,No,No,No,No,Single Vehicle Crashes,Arlington County,,Urban,38.84753,-77.08001,Non-Interstate,VA-120E,120.0,GLEBE RD,7.44,Other Principal Arterial,At Intersection,I-395 RAMP,No,0,0,No,0,0,0,0,0,0,0,0,0,0,0,c7797843,0,0,1,Minor
2,2024-05-08,15:48:00,Wednesday,Sideswipe - Same Direction,On Roadway,"Blacktop, Asphalt, Bituminous",No Defects,Daylight,Daylight,"Two-Way, Not Divided",Not Provided,No Adverse Condition (Clear/Cloud),Straight - Level,Not Provided,No,Three Approaches,Not Provided,Traffic Signal,Dry,Intersection Area,Within Intersection,Yes - Working,No,2024,Spring,May,Daytime,3:00pm - 5:59pm,15,Property Damage Crash,No,No,No,No,No,No,No,No,No,No,No,No,No,Multiple Vehicle Crashes,Newport News City,,Urban,36.98863,-76.43706,Non-Interstate,UR-9N (CITY OF NEWPORT NEWS),9.0,WASHINGTON AVE,0.83,Major Collector,At Intersection,42ND ST,No,0,0,No,0,0,0,0,0,0,0,0,0,0,0,c5585499,0,0,1,Minor
1,2022-11-05,18:07:00,Saturday,Fixed Object - Off Road,Shoulder,"Blacktop, Asphalt, Bituminous",No Defects,Daylight,Daylight,"Two-Way, Divided, Unprotected Median",Not Provided,No Adverse Condition (Clear/Cloud),Straight - Level,Not Provided,No,Not at Intersection,Not Provided,Traffic Lanes Marked,Dry,Intersection Area,Non-Intersection,Yes - Working,No,2022,Autumn,November,Nighttime,6:00pm - 8:59pm,18,Property Damage Crash,No,No,No,No,No,No,No,No,No,No,No,No,No,Single Vehicle Crashes,Lynchburg City,,Urban,37.3726,-79.21279,Non-Interstate,US-501N,501.0,US-501 EXT,74.05,Other Freeways and Expressways,Not at Intersection,,Yes,0,0,No,0,0,0,0,0,0,0,0,0,0,0,c4583052,0,0,1,Minor
3,2024-05-30,16:12:00,Thursday,Angle,On Roadway,"Blacktop, Asphalt, Bituminous",No Defects,Daylight,Daylight,"Two-Way, Divided, Unprotected Median",Not Provided,No Adverse Condition (Clear/Cloud),Straight - Level,Not Provided,No,Four Approaches,Not Provided,Stop Sign,Dry,Intersection Area,Within Intersection,Yes - Working,No,2024,Spring,May,Daytime,3:00pm - 5:59pm,16,Injury Crash,No,No,No,No,No,No,No,No,No,No,No,No,No,Multiple Vehicle Crashes,Newport News City,,Urban,36.97691,-76.41829,Non-Interstate,UR-7013W (CITY OF NEWPORT NEWS),,JEFFERSON AVE,0.49,Major Collector,At Intersection,19TH ST,No,0,0,No,0,0,0,0,0,0,0,0,0,0,3,c5980970,0,1,0,Severe
2,2023-10-17,08:00:00,Tuesday,Rear End,On Roadway,"Blacktop, Asphalt, Bituminous",No Defects,Daylight,Daylight,"Two-Way, Divided, Unprotected Median",Not Provided,Rain,Grade - Curve,Not Provided,No,Not at Intersection,Not Provided,Traffic Lanes Marked,Wet,Other Location,"Driveway, Alley-Access - Related",Yes - Working,No,2023,Autumn,October,Daytime,6:00am - 8:59am,8,Property Damage Crash,No,No,Yes,No,No,No,No,No,No,No,No,No,No,Multiple Vehicle Crashes,Lee County,,Rural,36.77861,-82.89965,Non-Interstate,ALT US-58E,58.0,VETERANS MEMORIAL HWY,15.78,Minor Arterial,At Intersection,HIDE AWAY DR,Yes,0,0,Yes,0,0,0,0,0,0,0,0,0,0,0,c6011411,0,0,1,Minor
1,2022-06-28,10:50:00,Tuesday,Deer,On Roadway,"Blacktop, Asphalt, Bituminous",No Defects,Daylight,Daylight,"Two-Way, Divided, Unprotected Median",Not Provided,No Adverse Condition (Clear/Cloud),Straight - Level,Not Provided,No,Not at Intersection,Not Provided,Traffic Lanes Marked,Dry,Intersection Area,Non-Intersection,Yes - Working,No,2022,Summer,June,Daytime,9:00am - 11:59am,10,Property Damage Crash,No,No,No,No,No,No,No,No,No,No,No,No,No,Single Vehicle Crashes,Henry County,,Rural,36.69435,-79.95191,Non-Interstate,US-220N,220.0,WILLIAM F STONE HWY,14.54,Other Freeways and Expressways,Not at Intersection,,Yes,0,0,No,0,0,0,0,0,0,0,0,0,0,0,c8365444,0,0,1,Minor
3,2022-10-08,15:38:00,Saturday,Angle,On Roadway,"Blacktop, Asphalt, Bituminous",No Defects,Daylight,Daylight,"Two-Way, Divided, Unprotected Median",Not Provided,No Adverse Condition (Clear/Cloud),Straight - Level,Not Provided,No,Four Approaches,Not Provided,Traffic Signal,Dry,Intersection Area,Within Intersection,Yes - Working,No,2022,Autumn,October,Daytime,3:00pm - 5:59pm,15,Injury Crash,No,No,No,No,No,No,No,No,No,No,No,No,No,Multiple Vehicle Crashes,Fairfax County,,Urban,38.97352,-77.33375,Non-Interstate,SC-828S (FAIRFAX COUNTY),828.0,WIEHLE AVE,2.06,Minor Arterial,At Intersection,BARON CAMERON AVE,No,0,0,No,0,0,0,0,0,0,0,0,0,0,1,c7732412,0,0,1,Minor
1,2024-12-15,08:50:00,Sunday,Fixed Object - Off Road,On Roadway,"Blacktop, Asphalt, Bituminous",No Defects,Daylight,Daylight,"Two-Way, Divided, Positive Median Barrier",Not Provided,No Adverse Condition (Clear/Cloud),Straight - Level,Not Provided,No,Not at Intersection,Not Provided,Traffic Lanes Marked,Dry,Interchange Area,Main-Line Roadway,Yes - Working,No,2024,Winter,December,Daytime,6:00am - 8:59am,8,Property Damage Crash,No,No,No,No,No,No,No,No,No,No,No,No,No,Single Vehicle Crashes,Culpeper County,,Rural,38.4498,-78.09013,Non-Interstate,US-29S,29.0,JAMES MONROE HWAY,176.5,Other Principal Arterial,At Intersection,WHITE SHOP RD,Yes,0,0,No,0,0,0,0,0,0,0,0,0,0,0,c3611799,0,0,1,Minor
2,2022-08-19,11:00:00,Friday,Head On,On Roadway,"Blacktop, Asphalt, Bituminous",No Defects,Daylight,Daylight,"Two-Way, Not Divided",Not Provided,No Adverse Condition (Clear/Cloud),Curve - Level,Not Provided,No,Not at Intersection,Not Provided,No Traffic Control,Dry,Intersection Area,Non-Intersection,No Traffic Control Device Present,No,2022,Summer,August,Daytime,9:00am - 11:59am,11,Injury Crash,No,No,No,No,No,No,No,No,No,No,No,No,No,Multiple Vehicle Crashes,Pittsylvania County,,Rural,36.54702,-79.69286,Non-Interstate,SC-856S (PITTSYLVANIA COUNTY),856.0,COBBS KNOB RD,0.32,Local,Not at Intersection,,No,0,0,No,0,0,0,0,0,0,0,0,0,0,1,c8510188,0,0,1,Minor
1,2022-03-06,18:55:00,Sunday,Deer,On Roadway,"Blacktop, Asphalt, Bituminous",No Defects,Darkness,Darkness - Road Not Lighted,"Two-Way, Not Divided",Not Provided,No Adverse Condition (Clear/Cloud),Straight - Level,Not Provided,No,Not at Intersection,Not Provided,No Passing Lines,Dry,Intersection Area,Non-Intersection,Yes - Working,No,2022,Spring,March,Nighttime,6:00pm - 8:59pm,18,Injury Crash,No,No,No,No,No,No,No,No,No,No,No,No,No,Single Vehicle Crashes,Greensville County,,Rural,36.59613,-77.6968,Non-Interstate,SC-627N (GREENSVILLE COUNTY),627.0,BRINK RD,4.2,Major Collector,Not at Intersection,,No,0,0,No,0,0,0,0,0,0,0,0,0,0,1,c9005275,0,0,1,Minor
2,2023-04-14,16:12:00,Friday,Rear End,On Roadway,"Blacktop, Asphalt, Bituminous",No Defects,Daylight,Daylight,"Two-Way, Divided, Positive Median Barrier",Not Provided,Rain,Curve - Level,Not Provided,No,Not at Intersection,Not Provided,Traffic Lanes Marked,Wet,Intersection Area,Non-Intersection,Yes - Working,No,2023,Spring,April,Daytime,3:00pm - 5:59pm,16,Property Damage Crash,No,No,No,No,No,No,No,No,No,No,No,No,No,Multiple Vehicle Crashes,Petersburg City,,Urban,37.21946,-77.38975,Interstate,I-85N,85.0,I-85,68.75,Interstate,Not at Intersection,,No,0,0,No,0,0,0,0,0,0,0,0,0,0,0,c0517207,0,0,1,Minor
2,2024-03-09,22:03:00,Saturday,Angle,On Roadway,"Blacktop, Asphalt, Bituminous",No Defects,Darkness,Darkness - Road Lighted,"Two-Way, Not Divided",Not Provided,Rain,Grade - Straight,Not Provided,No,Three Approaches,Not Provided,Stop Sign,Wet,Intersection Area,Within Intersection,Yes - Working,No,2024,Spring,March,Nighttime,9:00pm - 11:59pm,22,Injury Crash,No,No,No,No,No,No,No,No,No,No,No,No,No,Multiple Vehicle Crashes,Halifax County,South Boston,Urban,36.70483,-78.89285,Non-Interstate,VA-34W,34.0,HODGES ST,0.33,Minor Arterial,At Intersection,MARSHALL AVE,Yes,0,0,No,0,0,0,0,0,0,0,0,0,0,1,c3880129,0,0,1,Minor
1,2022-09-14,07:40:00,Wednesday,Fixed Object in Road,Shoulder,"Blacktop, Asphalt, Bituminous",No Defects,Daylight,Daylight,"Two-Way, Divided, Positive Median Barrier",Not Provided,No Adverse Condition (Clear/Cloud),Straight - Level,Not Provided,No,Not at Intersection,Not Provided,Traffic Lanes Marked,Dry,Intersection Area,Non-Intersection,Yes - Working,No,2022,Autumn,September,Daytime,6:00am - 8:59am,7,Injury Crash,No,No,No,No,No,No,No,No,No,No,No,No,No,Single Vehicle Crashes,Newport News City,,Urban,37.14395,-76.53163,Interstate,I-64W,64.0,I-64,253.07,Interstate,Not at Intersection,,No,0,0,No,0,0,0,0,0,0,0,0,0,0,1,c0782471,0,0,1,Minor
2,2024-07-10,16:59:00,Wednesday,Angle,On Roadway,"Blacktop, Asphalt, Bituminous",No Defects,Daylight,Daylight,"Two-Way, Divided, Unprotected Median",Not Provided,No Adverse Condition (Clear/Cloud),Straight - Level,Not Provided,No,Not at Intersection,Not Provided,Traffic Lanes Marked,Dry,Intersection Area,Non-Intersection,Yes - Working,No,2024,Summer,July,Daytime,3:00pm - 5:59pm,16,Injury Crash,No,No,No,No,No,No,No,No,No,No,No,No,No,Multiple Vehicle Crashes,Richmond City,,Urban,37.57312,-77.46432,Non-Interstate,VA-161N,161.0,ARTHUR ASHE BLVD,10.17,Other Principal Arterial,Not at Intersection,,No,0,0,No,0,0,0,0,0,0,0,0,0,0,2,c3396562,0,1,0,Severe
2,2023-06-29,12:34:00,Thursday,Angle,On Roadway,"Blacktop, Asphalt, Bituminous",No Defects,Daylight,Daylight,"Two-Way, Divided, Unprotected Median",Not Provided,No Adverse Condition (Clear/Cloud),Straight - Level,Not Provided,No,Four Approaches,Not Provided,Traffic Signal,Dry,Intersection Area,Within Intersection,Yes - Working,No,2023,Summer,June,Daytime,Noon - 2:59pm,12,Injury Crash,No,No,No,No,No,No,No,No,No,No,No,No,No,Multiple Vehicle Crashes,Chesapeake City,,Urban,36.77847,-76.23331,Non-Interstate,JARMAN RD (PR - CITY OF CHESAPEAKE),,JARMAN RD,0.16,Local,At Intersection,CROSSWAYS BLVD,No,0,0,No,0,0,0,0,0,0,0,0,0,0,2,c8925526,0,1,0,Severe
2,2024-09-27,08:15:00,Friday,Sideswipe - Same Direction,On Roadway,"Blacktop, Asphalt, Bituminous",No Defects,Daylight,Daylight,"Two-Way, Divided, Positive Median Barrier",Not Provided,Rain,Curve - Level,Not Provided,No,Not at Intersection,Not Provided,Traffic Lanes Marked,Wet,Interchange Area,On Entrance/Exit Ramp,Yes - Working,No,2024,Autumn,September,Daytime,6:00am - 8:59am,8,Property Damage Crash,No,Yes,No,No,No,No,No,No,No,No,No,No,No,Multiple Vehicle Crashes,Fairfax County,,Rural,38.91113,-77.21983,Interstate,VA-7E RAMP 60A,7.0,I-495 RAMP,0.04,Interstate,Not at Intersection,,Yes,0,0,No,0,0,0,0,0,0,0,0,0,0,0,c8338679,0,0,1,Minor
1,2024-01-28,17:38:00,Sunday,Fixed Object - Off Road,Roadside,"Blacktop, Asphalt, Bituminous",Slick Pavement,Darkness,Darkness - Road Not Lighted,"Two-Way, Not Divided",Not Provided,Rain,Curve - Level,Not Provided,No,Not at Intersection,Not Provided,Traffic Lanes Marked,Wet,Intersection Area,Non-Intersection,Yes - Working,No,2024,Winter,January,Daytime,3:00pm - 5:59pm,17,Property Damage Crash,No,Yes,No,No,No,No,No,No,No,Yes,No,No,No,Single Vehicle Crashes,Orange County,,Rural,38.16069,-78.01074,Non-Interstate,SC-612S (ORANGE COUNTY),612.0,MONROVIA RD,4.53,Major Collector,Not at Intersection,,No,0,0,No,0,0,0,0,0,0,0,0,0,0,0,c6416836,0,0,1,Minor
1,2024-09-09,00:35:00,Monday,Fixed Object - Off Road,Roadside,"Blacktop, Asphalt, Bituminous",No Defects,Darkness,Darkness - Road Not Lighted,"Two-Way, Not Divided",Not Provided,No Adverse Condition (Clear/Cloud),Straight - Level,Not Provided,No,Not at Intersection,Not Provided,Traffic Lanes Marked,Dry,Intersection Area,Non-Intersection,Yes - Working,No,2024,Autumn,September,Nighttime,Midnight - 2:59am,0,Property Damage Crash,Yes,No,No,No,No,No,No,No,No,No,Yes,No,No,Single Vehicle Crashes,Richmond County,,Rural,37.93999,-76.84209,Non-Interstate,US-360W,360.0,RICHMOND RD,187.4,Other Principal Arterial,Not at Intersection,,No,0,0,No,0,0,0,0,0,0,0,0,0,0,0,c1398408,0,0,1,Minor
1,2024-07-29,13:11:00,Monday,Fixed Object - Off Road,On Roadway,"Blacktop, Asphalt, Bituminous",No Defects,Daylight,Daylight,"Two-Way, Not Divided",Not Provided,Rain,Grade - Curve,Not Provided,No,Not at Intersection,Not Provided,Traffic Lanes Marked,Wet,Intersection Area,Non-Intersection,Yes - Working,No,2024,Summer,July,Daytime,Noon - 2:59pm,13,Injury Crash,No,No,No,No,No,No,No,No,No,No,No,No,No,Single Vehicle Crashes,Rockbridge County,,Rural,37.75623,-79.49045,Non-Interstate,VA-251E,251.0,COLLIERSTOWN RD,7.05,Major Collector,Not at Intersection,,No,0,0,No,0,0,0,0,0,0,0,0,0,0,1,c1954429,0,0,1,Minor
1,2022-04-13,17:42:00,Wednesday,Fixed Object - Off Road,"Off Roadway, Location Unknown","Blacktop, Asphalt, Bituminous",Edge Pavement Drop Off,Daylight,Daylight,"Two-Way, Not Divided",Not Provided,No Adverse Condition (Clear/Cloud),Dip - Curve,Not Provided,No,Not at Intersection,Not Provided,Traffic Lanes Marked,Dry,Intersection Area,Non-Intersection,No Traffic Control Device Present,No,2022,Spring,April,Daytime,3:00pm - 5:59pm,17,Property Damage Crash,Yes,No,No,No,No,No,No,No,No,No,No,No,No,Single Vehicle Crashes,Albemarle County,,Urban,37.99759,-78.52919,Non-Interstate,SC-631S (ALBEMARLE COUNTY),631.0,OLD LYNCHBURG RD,9.69,Major Collector,Not at Intersection,,No,0,0,No,0,0,0,0,0,0,0,0,0,0,0,c3509059,0,0,1,Minor
2,2022-03-04,14:00:00,Friday,Rear End,On Roadway,"Blacktop, Asphalt, Bituminous",No Defects,Daylight,Daylight,"Two-Way, Divided, Positive Median Barrier",Not Provided,No Adverse Condition (Clear/Cloud),Grade - Straight,Not Provided,No,Not at Intersection,Not Provided,Traffic Lanes Marked,Dry,Intersection Area,Non-Intersection,Yes - Working,No,2022,Spring,March,Daytime,Noon - 2:59pm,14,Property Damage Crash,No,No,No,No,No,No,No,No,No,No,No,No,No,Multiple Vehicle Crashes,Henrico County,,Urban,37.63145,-77.51032,Non-Interstate,CR-7518N (HENRICO COUNTY),7518.0,PARHAM RD,6.69,Other Principal Arterial,Not at Intersection,,No,0,0,No,0,0,0,0,0,0,0,0,0,0,0,c9880611,0,0,1,Minor
2,2023-12-23,18:42:00,Saturday,Rear End,On Roadway,"Blacktop, Asphalt, Bituminous",No Defects,Darkness,Darkness - Road Not Lighted,"Two-Way, Divided, Positive Median Barrier",Not Provided,No Adverse Condition (Clear/Cloud),Straight - Level,Not Provided,No,Not at Intersection,Not Provided,Traffic Lanes Marked,Dry,Intersection Area,Non-Intersection,Yes - Working,No,2023,Winter,December,Nighttime,6:00pm - 8:59pm,18,Injury Crash,No,No,No,No,No,Yes,No,No,No,No,No,No,No,Multiple Vehicle Crashes,Fauquier County,,Urban,38.73824,-77.76594,Non-Interstate,US-29S,29.0,LEE HWY,208.88,Other Principal Arterial,Not at Intersection,,No,0,0,No,0,0,0,1,0,0,0,0,0,0,1,c5191859,0,0,1,Minor
3,2024-05-15,13:06:00,Wednesday,Rear End,On Roadway,"Blacktop, Asphalt, Bituminous",No Defects,Daylight,Daylight,Unknown,Not Provided,No Adverse Condition (Clear/Cloud),Straight - Level,Not Provided,No,Three Approaches,Not Provided,Traffic Lanes Marked,Dry,Intersection Area,Within Intersection,Yes - Working,No,2024,Spring,May,Daytime,Noon - 2:59pm,13,Property Damage Crash,No,No,No,No,No,No,No,No,No,No,Yes,No,No,Multiple Vehicle Crashes,Va. Beach City,,Urban,36.79408,-76.17038,Non-Interstate,UR-8590W (CITY OF VIRGINIA BEACH),8590.0,INDIAN RIVER RD,0.34,Minor Arterial,At Intersection,SAND PEBBLES DR,No,0,0,No,0,0,0,0,0,0,0,0,0,0,0,c2110761,0,0,1,Minor
2,2023-04-21,09:44:00,Friday,Rear End,On Roadway,"Blacktop, Asphalt, Bituminous",No Defects,Daylight,Daylight,"Two-Way, Not Divided",Not Provided,No Adverse Condition (Clear/Cloud),Straight - Level,Not Provided,No,Not at Intersection,Not Provided,No Traffic Control,Dry,Interchange Area,Main-Line Roadway,No Traffic Control Device Present,No,2023,Spring,April,Daytime,9:00am - 11:59am,9,Injury Crash,No,No,No,No,No,No,No,No,No,No,Yes,No,No,Multiple Vehicle Crashes,Albemarle County,,Rural,38.02978,-78.78366,Non-Interstate,US-250W,250.0,ROCKFISH GAP,77.74,Minor Arterial,Not at Intersection,,No,0,0,No,0,0,0,0,0,0,0,1,0,0,2,c7337439,0,1,0,Severe
2,2024-01-12,23:13:00,Friday,Other,On Roadway,"Blacktop, Asphalt, Bituminous",No Defects,Darkness,Darkness - Road Lighted,"Two-Way, Divided, Positive Median Barrier",Not Provided,Rain,Straight - Level,Not Provided,No,Four Approaches,Not Provided,Traffic Signal,Wet,Intersection Area,Within Intersection,Yes - Working,No,2024,Winter,January,Nighttime,9:00pm - 11:59pm,23,Property Damage Crash,No,No,No,No,No,No,No,No,No,No,No,No,No,Multiple Vehicle Crashes,Loudoun County,,Urban,39.02756,-77.42531,Non-Interstate,SC-1793E (LOUDOUN COUNTY),1793.0,NOKES BLVD,0.31,Minor Arterial,At Intersection,ATLANTIC BLVD,Yes,0,0,No,0,0,0,0,0,0,0,0,0,0,0,c2154992,0,0,1,Minor
2,2024-06-04,08:08:00,Tuesday,Rear End,On Roadway,"Blacktop, Asphalt, Bituminous",No Defects,Daylight,Daylight,"Two-Way, Not Divided",Not Provided,No Adverse Condition (Clear/Cloud),Straight - Level,Not Provided,No,Not at Intersection,Not Provided,Traffic Lanes Marked,Dry,Intersection Area,Non-Intersection,Yes - Working,No,2024,Summer,June,Daytime,6:00am - 8:59am,8,Property Damage Crash,No,No,No,No,No,No,No,No,No,No,No,No,No,Multiple Vehicle Crashes,Westmoreland County,,Rural,38.18417,-77.04684,Non-Interstate,VA-3W,3.0,KINGS HWAY,62.25,Minor Arterial,Not at Intersection,,No,0,0,No,0,0,0,0,0,0,0,0,0,0,0,c0258156,0,0,1,Minor