NumberOfVehicles,CrashDate,CrashTime,DayOfWeek,TypeOfCollision,LocationOfFirstHarmfulEvent,RoadwaySurfaceType,RoadwayDefect,LightCondition_Category,LightCondition_Value,RoadwayDescription,WorkZoneLocation,WeatherCondition,RoadwayAlignment,WorkZoneWorkersPresent,SchoolZone,IntersectionType,WorkZoneType,TrafficControlType,RoadwaySurfaceCondition,RelationToRoadway_Category,RelationToRoadway_Value,TrafficControlMechanicalDevice,WorkZoneRelated,Year,Meteorological Season,MonthName,DaytimeNighttime_NHTSA,ThreeHourLabel,Hour,CrashType,AlcoholInvolved,SpeedRelated,CommercialMotorVehiclesInvolved,PedestrianInvolved,BicycleInvolved,MotorcycleInvolved,MopedInvolved,TrainRelated,SchoolZoneInvolved,TeenDriverInvolved,DistractedDriverInvolved,DriverTextingInvolved,DriverUsingCellPhone,Single_Multi_Vehicle,Jurisdiction,TownName,LocationTypeName,Latitude,Longitude,Interstate_NonInterstate,RoadName,RouteNumber,RouteName,MileMarker,FunctionalClassCode,AtIntersection,SecondaryLocation,MatureDriverInvolved,MatureDriverFatalities,MatureDriverInjuries,LargeTruckInvolved,PedestrianFatalities,PedestrianInjuries,MotorcycleFatalities,MotorcycleInjuries,BicycleFatalities,BicycleInjuries,DistractedDriverFatalities,DistractedDriverInjuries,UnrestrainedInjuries,Number_Of_Fatalities,Number_Of_Injuries,Crash_UID,Is_Fatal,Is_Severe,Is_Minor,SeverityLabel
1,2024-03-11,02:11:00,Monday,Other,On Roadway,"Blacktop, Asphalt, Bituminous",Roadway Obstructed,Darkness,Darkness - Road Not Lighted,"Two-Way, Not Divided",Not Provided,Severe Crosswinds,Straight - Level,Not Provided,No,Not at Intersection,Not Provided,Traffic Lanes Marked,Natural Debris,Intersection Area,Non-Intersection,Yes - Working,No,2024,Spring,March,Nighttime,Midnight - 2:59am,2,Property Damage Crash,No,Yes,No,No,No,No,No,No,No,No,No,No,No,Single Vehicle Crashes,Roanoke County,,Urban,37.28868,-79.8514,Non-Interstate,SC-651E (ROANOKE COUNTY),651.0,MOUNTAIN VIEW RD,1.69,Minor Collector,Not at Intersection,,No,0,0,No,0,0,0,0,0,0,0,0,0,0,0,c8811694,0,0,1,Minor
2,2024-11-02,20:18:00,Saturday,Sideswipe - Same Direction,On Roadway,"Blacktop, Asphalt, Bituminous",No Defects,Dawn,Dawn,"One-Way, Not Divided",Not Provided,No Adverse Condition (Clear/Cloud),On/Off Ramp,Not Provided,No,Not at Intersection,Not Provided,Traffic Lanes Marked,Dry,Interchange Area,On Entrance/Exit Ramp,Yes - Working,No,2024,Autumn,November,Nighttime,6:00pm - 8:59pm,20,Injury Crash,No,No,No,No,No,No,No,No,No,No,No,No,No,Multiple Vehicle Crashes,Hampton City,,Urban,37.05908,-76.42179,Interstate,HAMPTON ROADS CENTER PKWY RAMP 1A (PR - CITY OF HAMPTON),64.0,I-64 RAMP,0.02,Interstate,Not at Intersection,,No,0,0,No,0,0,0,0,0,0,0,0,0,0,2,c0840478,0,1,0,Severe
2,2022-09-27,11:25:00,Tuesday,Fixed Object - Off Road,On Roadway,"Blacktop, Asphalt, Bituminous",No Defects,Daylight,Daylight,"Two-Way, Divided, Positive Median Barrier",Not Provided,No Adverse Condition (Clear/Cloud),Straight - Level,Not Provided,No,Not at Intersection,Not Provided,Traffic Lanes Marked,Dry,Intersection Area,Non-Intersection,Yes - Working,No,2022,Autumn,September,Daytime,9:00am - 11:59am,11,Property Damage Crash,No,No,No,No,No,No,No,No,No,No,No,No,No,Multiple Vehicle Crashes,Washington County,,Urban,36.65201,-82.08166,Interstate,I-81N,81.0,I-81,10.17,Interstate,Not at Intersection,,No,0,0,No,0,0,0,0,0,0,0,0,0,0,0,c6488711,0,0,1,Minor
2,2024-02-15,13:28:00,Thursday,Rear End,On Roadway,"Blacktop, Asphalt, Bituminous",No Defects,Daylight,Daylight,"Two-Way, Not Divided",Not Provided,No Adverse Condition (Clear/Cloud),Straight - Level,Not Provided,No,Four Approaches,Not Provided,Traffic Signal,Dry,Intersection Area,Intersection Related - Within 150 Feet,Yes - Working,No,2024,Winter,February,Daytime,Noon - 2:59pm,13,Property Damage Crash,No,No,No,No,No,No,No,No,No,No,No,No,No,Multiple Vehicle Crashes,Prince William County,,Urban,38.77995,-77.51041,Non-Interstate,BUS VA-234S (1 CITY OF MANASSAS),234.0,SUDLEY RD,5.66,Minor Arterial,At Intersection,CRESTWOOD DR,No,0,0,No,0,0,0,0,0,0,0,0,0,0,0,c4410629,0,0,1,Minor
3,2023-06-09,19:20:00,Friday,Angle,On Roadway,"Blacktop, Asphalt, Bituminous",No Defects,Daylight,Daylight,"Two-Way, Not Divided",Not Provided,No Adverse Condition (Clear/Cloud),Straight - Level,Not Provided,No,Not at Intersection,Not Provided,Other,Dry,Interchange Area,Main-Line Roadway,Yes - Working,No,2023,Summer,June,Nighttime,6:00pm - 8:59pm,19,Property Damage Crash,No,No,No,No,No,No,No,No,No,No,No,No,No,Multiple Vehicle Crashes,Norfolk City,,Urban,36.83017,-76.26238,Non-Interstate,ALDEN PL (NP - CITY OF NORFOLK),,ALDEN PL,0.01,Local,At Intersection,INDIAN RIVER RD,No,0,0,No,0,0,0,0,0,0,0,0,0,0,0,c4303615,0,0,1,Minor
2,2022-08-11,16:07:00,Thursday,Sideswipe - Same Direction,On Roadway,"Blacktop, Asphalt, Bituminous",No Defects,Daylight,Daylight,"Two-Way, Not Divided",Not Provided,No Adverse Condition (Clear/Cloud),Straight - Level,Not Provided,No,Not at Intersection,Not Provided,Traffic Lanes Marked,Dry,Intersection Area,Non-Intersection,Yes - Working,No,2022,Summer,August,Daytime,3:00pm - 5:59pm,16,Property Damage Crash,No,No,No,No,No,No,No,No,No,No,No,No,No,Multiple Vehicle Crashes,Salem City,,Urban,37.29322,-80.05542,Non-Interstate,US-11S,11.0,MAIN ST,143.17,Other Principal Arterial,At Intersection,COLORADO ST,Yes,0,0,No,0,0,0,0,0,0,0,0,0,0,0,c0766637,0,0,1,Minor
1,2022-06-01,04:00:00,Wednesday,Deer,On Roadway,"Blacktop, Asphalt, Bituminous",No Defects,Darkness,Darkness - Road Not Lighted,"Two-Way, Not Divided",Not Provided,No Adverse Condition (Clear/Cloud),Straight - Level,Not Provided,No,Not at Intersection,Not Provided,Traffic Lanes Marked,Dry,Intersection Area,Non-Intersection,Yes - Working,No,2022,Summer,June,Nighttime,3:00am - 5:59am,4,Property Damage Crash,No,No,No,No,No,No,No,No,No,No,No,No,No,Single Vehicle Crashes,Caroline County,,Urban,38.03638,-77.56784,Non-Interstate,SC-603N (CAROLINE COUNTY),603.0,COUNTYLINE CHURCH RD,6.8,Minor Collector,At Intersection,RATTLETRAP RD,No,0,0,No,0,0,0,0,0,0,0,0,0,0,0,c2720893,0,0,1,Minor
3,2023-03-08,22:20:00,Wednesday,Fixed Object in Road,On Roadway,"Blacktop, Asphalt, Bituminous",No Defects,Darkness,Darkness - Road Not Lighted,"Two-Way, Not Divided",Not Provided,No Adverse Condition (Clear/Cloud),Curve - Level,Not Provided,No,Not at Intersection,Not Provided,No Traffic Control,Dry,Interchange Area,Main-Line Roadway,No Traffic Control Device Present,No,2023,Spring,March,Nighttime,9:00pm - 11:59pm,22,Property Damage Crash,Yes,Yes,No,No,No,No,No,No,No,No,No,No,No,Multiple Vehicle Crashes,Prince William County,,Urban,38.63068,-77.25639,Non-Interstate,SC-1313S (PRINCE WILLIAM COUNTY),1313.0,ARKANSAS ST,0.52,Local,Not at Intersection,,No,0,0,No,0,0,0,0,0,0,0,0,0,0,0,c5581184,0,0,1,Minor
2,2023-05-10,08:02:00,Wednesday,Rear End,On Roadway,"Blacktop, Asphalt, Bituminous",No Defects,Daylight,Daylight,"Two-Way, Divided, Unprotected Median",Not Provided,No Adverse Condition (Clear/Cloud),Straight - Level,Not Provided,No,Four Approaches,Not Provided,Traffic Signal,Dry,Intersection Area,Intersection Related - Within 150 Feet,Yes - Working,No,2023,Spring,May,Daytime,6:00am - 8:59am,8,Property Damage Crash,No,Yes,No,No,No,No,No,No,No,No,No,No,No,Multiple Vehicle Crashes,Prince William County,,Urban,38.674,-77.33937,Non-Interstate,VA-294E,294.0,PRINCE WILLIAM PKWY,10.29,Other Principal Arterial,Not at Intersection,,No,0,0,No,0,0,0,0,0,0,0,0,0,0,0,c6798230,0,0,1,Minor
2,2023-05-01,15:41:00,Monday,Angle,On Roadway,"Blacktop, Asphalt, Bituminous",No Defects,Daylight,Daylight,"Two-Way, Divided, Unprotected Median",Not Provided,No Adverse Condition (Clear/Cloud),Straight - Level,Not Provided,No,Four Approaches,Not Provided,Traffic Signal,Dry,Intersection Area,Within Intersection,Yes - Working,No,2023,Spring,May,Daytime,3:00pm - 5:59pm,15,Injury Crash,No,No,No,No,No,No,No,No,No,No,No,No,No,Multiple Vehicle Crashes,Richmond City,,Urban,37.57788,-77.48903,Non-Interstate,US-33E,33.0,BROAD ST,132.65,Other Principal Arterial,At Intersection,WESTMORELAND ST,Yes,0,1,No,0,0,0,0,0,0,0,0,0,0,2,c2971440,0,1,0,Severe
1,2022-05-03,03:48:00,Tuesday,Fixed Object - Off Road,Shoulder,"Blacktop, Asphalt, Bituminous",No Defects,Darkness,Darkness - Road Lighted,"Two-Way, Divided, Positive Median Barrier",Not Provided,No Adverse Condition (Clear/Cloud),Straight - Level,Not Provided,No,Not at Intersection,Not Provided,Highway Safety Corridor,Dry,Intersection Area,Non-Intersection,Yes - Working,No,2022,Spring,May,Nighttime,3:00am - 5:59am,3,Injury Crash,Yes,Yes,No,No,No,No,No,No,No,No,No,No,No,Single Vehicle Crashes,Prince William County,,Urban,38.63445,-77.29097,Interstate,I-95S,95.0,I-95,157.37,Interstate,Not at Intersection,,No,0,0,No,0,0,0,0,0,0,0,0,0,0,1,c3838129,0,0,1,Minor
2,2022-03-27,01:47:00,Sunday,Rear End,On Roadway,"Blacktop, Asphalt, Bituminous",No Defects,Darkness,Darkness - Road Lighted,"Two-Way, Not Divided",Not Provided,No Adverse Condition (Clear/Cloud),Grade - Straight,Not Provided,No,Three Approaches,Not Provided,Stop Sign,Dry,Interchange Area,Main-Line Roadway,Yes - Working,No,2022,Spring,March,Nighttime,Midnight - 2:59am,1,Property Damage Crash,No,No,No,No,No,No,No,No,No,No,Yes,No,No,Multiple Vehicle Crashes,Richmond City,,Urban,37.53301,-77.42337,,GRACE ST E (PR - CITY OF RICHMOND),,GRACE ST,0.83,,At Intersection,21ST ST,No,0,0,No,0,0,0,0,0,0,0,0,0,0,0,c5064439,0,0,1,Minor
2,2022-12-09,08:57:00,Friday,Angle,On Roadway,"Blacktop, Asphalt, Bituminous",No Defects,Daylight,Daylight,"Two-Way, Divided, Unprotected Median",Not Provided,No Adverse Condition (Clear/Cloud),Curve - Level,Not Provided,No,Three Approaches,Not Provided,Traffic Lanes Marked,Dry,Intersection Area,Within Intersection,Yes - Working,No,2022,Winter,December,Daytime,6:00am - 8:59am,8,Property Damage Crash,No,No,No,No,No,No,No,No,No,No,No,No,No,Multiple Vehicle Crashes,Prince William County,,Urban,38.78058,-77.48451,Non-Interstate,SC-1530E (PRINCE WILLIAM COUNTY),1530.0,LOMOND SOUTH DR,1.93,Minor Arterial,At Intersection,SALEM ST,Yes,0,0,No,0,0,0,0,0,0,0,0,0,0,0,c0486546,0,0,1,Minor
2,2023-02-23,19:19:00,Thursday,Angle,On Roadway,"Blacktop, Asphalt, Bituminous",No Defects,Darkness,Darkness - Road Lighted,"Two-Way, Not Divided",Not Provided,No Adverse Condition (Clear/Cloud),Straight - Level,Not Provided,No,Four Approaches,Not Provided,Traffic Signal,Dry,Intersection Area,Intersection Related - Within 150 Feet,Yes - Working,No,2023,Winter,February,Nighttime,6:00pm - 8:59pm,19,Injury Crash,Yes,No,No,No,No,No,No,No,No,No,No,No,No,Multiple Vehicle Crashes,Suffolk City,,Urban,36.72445,-76.58712,Non-Interstate,BUS US-13N (5 CITY OF SUFFOLK),13.0,CAROLINA RD,1.7,Other Principal Arterial,At Intersection,FAYETTE ST,No,0,0,No,0,0,0,0,0,0,0,0,1,0,2,c6842058,0,1,0,Severe
1,2024-03-16,22:00:00,Saturday,Pedestrian,On Roadway,"Blacktop, Asphalt, Bituminous",No Defects,Darkness,Darkness - Road Not Lighted,"Two-Way, Divided, Unprotected Median",Not Provided,No Adverse Condition (Clear/Cloud),Straight - Level,Not Provided,No,Three Approaches,Not Provided,Traffic Lanes Marked,Dry,Intersection Area,Within Intersection,Yes - Working,No,2024,Spring,March,Nighttime,9:00pm - 11:59pm,22,Fatal Crash,No,No,No,Yes,No,No,No,No,No,No,Yes,No,No,Single Vehicle Crashes,Loudoun County,,Urban,39.04385,-77.45247,Non-Interstate,SC-2276S (LOUDOUN COUNTY),2276.0,MARBLEHEAD DR,1.01,Local,At Intersection,DUXBURY TER,No,0,0,No,1,0,0,0,0,0,0,0,0,1,0,c0548766,1,1,0,Fatal
2,2024-06-12,11:06:00,Wednesday,Angle,On Roadway,"Blacktop, Asphalt, Bituminous",No Defects,Daylight,Daylight,"Two-Way, Not Divided",Not Provided,No Adverse Condition (Clear/Cloud),Hillcrest - Curve,Not Provided,No,Not at Intersection,Not Provided,Traffic Lanes Marked,Dry,Intersection Area,Non-Intersection,Yes - Working,No,2024,Summer,June,Daytime,9:00am - 11:59am,11,Property Damage Crash,No,No,No,No,No,Yes,No,No,No,No,No,No,No,Multiple Vehicle Crashes,Chesterfield County,,Rural,37.46561,-77.57369,Non-Interstate,SC-678S (CHESTERFIELD COUNTY),678.0,PROVIDENCE RD,2.17,Minor Arterial,At Intersection,,No,0,0,No,0,0,0,0,0,0,0,0,0,0,0,c4501376,0,0,1,Minor
2,2023-04-21,15:40:00,Friday,Angle,On Roadway,"Blacktop, Asphalt, Bituminous",No Defects,Daylight,Daylight,"Two-Way, Not Divided",Not Provided,No Adverse Condition (Clear/Cloud),Straight - Level,Not Provided,No,Four Approaches,Not Provided,Stop Sign,Dry,Intersection Area,Within Intersection,Yes - Working,No,2023,Spring,April,Daytime,3:00pm - 5:59pm,15,Injury Crash,No,No,No,No,No,No,No,No,No,Yes,No,No,No,Multiple Vehicle Crashes,Fauquier County,,Rural,38.70316,-77.63758,Non-Interstate,SC-605E (FAUQUIER COUNTY),605.0,DUMFRIES RD,11.03,Major Collector,At Intersection,BURWELL RD,No,0,0,No,0,0,0,0,0,0,0,0,0,0,2,c3208539,0,1,0,Severe
2,2024-05-01,16:16:00,Wednesday,Sideswipe - Same Direction,On Roadway,"Blacktop, Asphalt, Bituminous",No Defects,Daylight,Daylight,"Two-Way, Divided, Unprotected Median",Not Provided,No Adverse Condition (Clear/Cloud),Straight - Level,Not Provided,No,Not at Intersection,Not Provided,Traffic Lanes Marked,Dry,Interchange Area,Main-Line Roadway,No Traffic Control Device Present,No,2024,Spring,May,Daytime,3:00pm - 5:59pm,16,Property Damage Crash,No,No,No,No,No,No,No,No,No,No,No,No,No,Multiple Vehicle Crashes,Norfolk City,,Urban,36.94176,-76.25591,Non-Interstate,VA-168N,168.0,TIDEWATER DR,30.02,Minor Arterial,At Intersection,OLD OCEAN VIEW RD,No,0,0,No,0,0,0,0,0,0,0,0,0,0,0,c4205283,0,0,1,Minor
1,2022-06-16,17:40:00,Thursday,Fixed Object - Off Road,Shoulder,"Blacktop, Asphalt, Bituminous",No Defects,Daylight,Daylight,"Two-Way, Not Divided",Not Provided,No Adverse Condition (Clear/Cloud),Curve - Level,Not Provided,No,Not at Intersection,Not Provided,No Traffic Control,Wet,Interchange Area,Main-Line Roadway,No Traffic Control Device Present,No,2022,Summer,June,Daytime,3:00pm - 5:59pm,17,Property Damage Crash,No,No,No,No,No,No,No,No,No,No,No,No,No,Single Vehicle Crashes,Warren County,,Urban,38.92294,-78.13128,Non-Interstate,SC-647S (WARREN COUNTY),647.0,DISMAL HOLLOW RD,2.14,Local,Not at Intersection,,No,0,0,No,0,0,0,0,0,0,0,0,0,0,0,c0944639,0,0,1,Minor
2,2024-04-22,14:50:00,Monday,Rear End,On Roadway,"Blacktop, Asphalt, Bituminous",No Defects,Daylight,Daylight,"Two-Way, Not Divided",Not Provided,No Adverse Condition (Clear/Cloud),Straight - Level,Not Provided,No,Four Approaches,Not Provided,Traffic Signal,Dry,Intersection Area,Within Intersection,Yes - Working,No,2024,Spring,April,Daytime,Noon - 2:59pm,14,Injury Crash,No,No,No,No,No,No,No,No,No,No,Yes,No,No,Multiple Vehicle Crashes,Fairfax County,,Urban,38.71419,-77.10066,Non-Interstate,VA-235S,235.0,MOUNT VERNON MEMORIAL HWY,2.17,Other Principal Arterial,At Intersection,OLD MILL RD,No,0,0,No,0,0,0,0,0,0,0,0,0,0,1,c1408533,0,0,1,Minor
2,2024-06-20,16:23:00,Thursday,Angle,On Roadway,"Blacktop, Asphalt, Bituminous",No Defects,Daylight,Daylight,"Two-Way, Not Divided",Not Provided,No Adverse Condition (Clear/Cloud),Straight - Level,Not Provided,No,Three Approaches,Not Provided,Stop Sign,Dry,Intersection Area,Within Intersection,Yes - Working,No,2024,Summer,June,Daytime,3:00pm - 5:59pm,16,Injury Crash,No,No,No,No,No,No,No,No,No,No,No,No,No,Multiple Vehicle Crashes,Loudoun County,,Rural,39.01545,-77.37388,,,0.0,COMMUNITY PLZ,,,Not at Intersection,LEESBURG PIKE,No,0,0,No,0,0,0,0,0,0,0,0,0,0,2,c5897097,0,1,0,Severe
1,2023-02-04,08:57:00,Saturday,Fixed Object - Off Road,On Roadway,"Blacktop, Asphalt, Bituminous",No Defects,Daylight,Daylight,"Two-Way, Divided, Positive Median Barrier",Not Provided,No Adverse Condition (Clear/Cloud),Curve - Level,Not Provided,No,Not at Intersection,Not Provided,Traffic Lanes Marked,Dry,Intersection Area,Non-Intersection,Yes - Working,No,2023,Winter,February,Daytime,6:00am - 8:59am,8,Property Damage Crash,No,No,No,No,No,No,No,No,No,No,No,No,No,Single Vehicle Crashes,Fairfax County,,Urban,38.93328,-77.26164,Non-Interstate,VA-267W,267.0,VA-267,23.56,Other Freeways and Expressways,Not at Intersection,,No,0,0,No,0,0,0,0,0,0,0,0,0,0,0,c6779434,0,0,1,Minor
2,2024-09-27,14:43:00,Friday,Angle,On Roadway,"Blacktop, Asphalt, Bituminous",No Defects,Daylight,Daylight,"Two-Way, Not Divided",Not Provided,Rain,Straight - Level,Not Provided,No,Four Approaches,Not Provided,Traffic Signal,Wet,Intersection Area,Within Intersection,Yes - Working,No,2024,Autumn,September,Daytime,Noon - 2:59pm,14,Injury Crash,No,No,No,No,No,No,No,No,No,No,No,No,No,Multiple Vehicle Crashes,Roanoke City,,Urban,37.29533,-79.93644,Non-Interstate,US-11N,11.0,WILLIAMSON RD,153.6,Other Principal Arterial,At Intersection,LIBERTY RD,No,0,0,No,0,0,0,0,0,0,0,0,0,0,2,c7762420,0,1,0,Severe
2,2023-10-22,20:20:00,Sunday,Rear End,On Roadway,"Blacktop, Asphalt, Bituminous",No Defects,Darkness,Darkness - Road Not Lighted,"Two-Way, Divided, Unprotected Median",Not Provided,No Adverse Condition (Clear/Cloud),Straight - Level,Not Provided,No,Not at Intersection,Not Provided,Traffic Lanes Marked,Dry,Intersection Area,Non-Intersection,Yes - Working,No,2023,Autumn,October,Nighttime,6:00pm - 8:59pm,20,Injury Crash,Yes,Yes,No,No,No,No,No,No,No,No,No,No,No,Multiple Vehicle Crashes,Rockingham County,,Urban,38.40483,-78.82386,Non-Interstate,US-33E,33.0,SPOTSWOOD TRL,26.53,Other Principal Arterial,Not at Intersection,,Yes,0,1,No,0,0,0,0,0,0,0,0,0,0,2,c6775484,0,1,0,Severe
2,2023-04-26,12:22:00,Wednesday,Sideswipe - Same Direction,On Roadway,"Blacktop, Asphalt, Bituminous",No Defects,Daylight,Daylight,"Two-Way, Not Divided",Not Provided,No Adverse Condition (Clear/Cloud),Curve - Level,Not Provided,No,Four Approaches,Not Provided,Traffic Lanes Marked,Dry,Intersection Area,Within Intersection,Yes - Working,No,2023,Spring,April,Daytime,Noon - 2:59pm,12,Property Damage Crash,No,No,No,No,No,No,No,No,No,No,No,No,No,Multiple Vehicle Crashes,Wythe County,Wytheville,Urban,36.95387,-81.07789,Non-Interstate,US-11S,11.0,MAIN ST,71.13,Other Principal Arterial,At Intersection,GOODWIN LN,Yes,0,0,No,0,0,0,0,0,0,0,0,0,0,0,c6352723,0,0,1,Minor
2,2022-07-25,12:29:00,Monday,Rear End,In Parking Lane or Zone,"Blacktop, Asphalt, Bituminous",No Defects,Daylight,Daylight,"Two-Way, Not Divided",Not Provided,No Adverse Condition (Clear/Cloud),Straight - Level,Not Provided,No,Not at Intersection,Not Provided,Stop Sign,Dry,Intersection Area,Non-Intersection,Yes - Working,No,2022,Summer,July,Daytime,Noon - 2:59pm,12,Property Damage Crash,No,No,No,No,No,No,No,No,No,No,Yes,No,No,Multiple Vehicle Crashes,Henrico County,,Urban,37.63648,-77.55032,Non-Interstate,US-250E,250.0,BROAD ST,157.01,Other Principal Arterial,At Intersection,TUCKERNUCK DR,No,0,0,No,0,0,0,0,0,0,0,0,0,0,0,c7547059,0,0,1,Minor
2,2024-02-26,19:06:00,Monday,Rear End,On Roadway,"Blacktop, Asphalt, Bituminous",No Defects,Darkness,Darkness - Road Lighted,"Two-Way, Divided, Unprotected Median",Not Provided,Rain,Straight - Level,Not Provided,No,Not at Intersection,Not Provided,Traffic Lanes Marked,Wet,Interchange Area,Main-Line Roadway,Yes - Working,No,2024,Winter,February,Nighttime,6:00pm - 8:59pm,19,Property Damage Crash,No,No,No,No,No,No,No,No,No,Yes,No,No,No,Multiple Vehicle Crashes,Montgomery County,Blacksburg,Urban,37.24007,-80.41938,Non-Interstate,BUS US-460W (8 TOWN OF BLACKSBURG),460.0,MAIN ST,2.36,Minor Arterial,At Intersection,LUCAS DR,No,0,0,No,0,0,0,0,0,0,0,0,0,0,0,c1549758,0,0,1,Minor
2,2022-09-30,19:39:00,Friday,Angle,On Roadway,"Blacktop, Asphalt, Bituminous",No Defects,Darkness,Darkness - Road Lighted,"Two-Way, Divided, Positive Median Barrier",Not Provided,Rain,Straight - Level,Not Provided,No,Not at Intersection,Not Provided,No Traffic Control,Wet,Intersection Area,Intersection Related - Within 150 Feet,No Traffic Control Device Present,No,2022,Autumn,September,Nighttime,6:00pm - 8:59pm,19,Injury Crash,No,No,No,No,Yes,No,No,No,No,No,No,No,No,Multiple Vehicle Crashes,Charlottesville City,,Urban,38.02738,-78.51159,Non-Interstate,BUS US-29N (8 CITY OF CHARLOTTESVILLE),29.0,JEFFERSON PARK AVE,1.01,Other Principal Arterial,Not at Intersection,,No,0,0,No,0,0,0,0,0,1,0,0,0,0,1,c3722038,0,0,1,Minor
2,2024-10-15,12:24:00,Tuesday,Rear End,On Roadway,"Blacktop, Asphalt, Bituminous",No Defects,Daylight,Daylight,"Two-Way, Not Divided",Not Provided,No Adverse Condition (Clear/Cloud),Straight - Level,Not Provided,No,Four Approaches,Not Provided,Traffic Signal,Dry,Intersection Area,Within Intersection,Yes - Working,No,2024,Autumn,October,Daytime,Noon - 2:59pm,12,Injury Crash,No,No,No,No,No,No,No,No,No,No,Yes,No,No,Multiple Vehicle Crashes,Loudoun County,Leesburg,Urban,39.10689,-77.56254,Non-Interstate,UR-4200S (TOWN OF LEESBURG),4200.0,CATOCTIN CIR,1.61,Major Collector,At Intersection,HARRISON ST,Yes,0,1,No,0,0,0,0,0,0,0,0,0,0,1,c5519591,0,0,1,Minor
1,2023-12-26,16:39:00,Tuesday,Fixed Object - Off Road,Roadside,"Blacktop, Asphalt, Bituminous",No Defects,Dusk,Dusk,"Two-Way, Divided, Positive Median Barrier",Not Provided,No Adverse Condition (Clear/Cloud),On/Off Ramp,Not Provided,No,Not at Intersection,Not Provided,Traffic Lanes Marked,Wet,Interchange Area,On Entrance/Exit Ramp,Yes - Working,No,2023,Winter,December,Daytime,3:00pm - 5:59pm,16,Property Damage Crash,No,No,No,No,No,No,No,No,No,No,No,No,No,Single Vehicle Crashes,Fairfax County,,Urban,38.90004,-77.1984,Interstate,I-66W RAMP 66B,66.0,I-66 RAMP,0.2,Interstate,Not at Intersection,,No,0,0,No,0,0,0,0,0,0,0,0,0,0,0,c1681770,0,0,1,Minor
2,2024-10-23,08:03:00,Wednesday,Rear End,On Roadway,"Blacktop, Asphalt, Bituminous",No Defects,Daylight,Daylight,"Two-Way, Divided, Unprotected Median",Not Provided,No Adverse Condition (Clear/Cloud),Straight - Level,Not Provided,Yes - With School Activity,Three Approaches,Not Provided,Traffic Signal,Dry,Intersection Area,Within Intersection,Yes - Working,No,2024,Autumn,October,Daytime,6:00am - 8:59am,8,Injury Crash,No,No,No,No,No,No,No,No,Yes,No,No,No,No,Multiple Vehicle Crashes,Norfolk City,,Urban,36.90673,-76.27622,Non-Interstate,US-460W,460.0,GRANBY ST,403.3,Other Principal Arterial,At Intersection,THOLE ST,No,0,0,No,0,0,0,0,0,0,0,0,0,0,2,c3441959,0,1,0,Severe
1,2023-07-01,01:45:00,Saturday,Fixed Object - Off Road,On Roadway,"Blacktop, Asphalt, Bituminous",No Defects,Darkness,Darkness - Road Not Lighted,"Two-Way, Not Divided",Not Provided,No Adverse Condition (Clear/Cloud),Curve - Level,Not Provided,No,Three Approaches,Not Provided,No Passing Lines,Dry,Intersection Area,Intersection Related - Within 150 Feet,Yes - Working,No,2023,Summer,July,Nighttime,Midnight - 2:59am,1,Injury Crash,No,Yes,No,No,No,Yes,No,No,No,Yes,No,No,No,Single Vehicle Crashes,Franklin County,,Rural,36.94535,-79.88419,Non-Interstate,SC-619E (FRANKLIN COUNTY),619.0,PLEASANT HILL RD,5.17,Minor Collector,At Intersection,CLARK RD,No,0,0,No,0,0,0,2,0,0,0,0,0,0,2,c0907483,0,1,0,Severe
1,2022-08-18,00:21:00,Thursday,Fixed Object - Off Road,Roadside,Concrete,No Defects,Darkness,Darkness - Road Not Lighted,"Two-Way, Not Divided",Not Provided,No Adverse Condition (Clear/Cloud),Straight - Level,Not Provided,No,Not at Intersection,Not Provided,Traffic Lanes Marked,Dry,Intersection Area,Non-Intersection,Yes - Working,No,2022,Summer,August,Nighttime,Midnight - 2:59am,0,Property Damage Crash,Yes,Yes,No,No,No,No,No,No,No,No,No,No,No,Single Vehicle Crashes,York County,,Rural,37.30271,-76.68203,Interstate,I-64W RAMP 238A,64.0,I-64 RAMP,0.06,Interstate,Not at Intersection,,No,0,0,No,0,0,0,0,0,0,0,0,0,0,0,c4499870,0,0,1,Minor
1,2024-10-29,15:50:00,Tuesday,Deer,On Roadway,"Blacktop, Asphalt, Bituminous",No Defects,Daylight,Daylight,"Two-Way, Not Divided",Not Provided,No Adverse Condition (Clear/Cloud),Straight - Level,Not Provided,Yes,Not at Intersection,Not Provided,Traffic Lanes Marked,Dry,Interchange Area,Main-Line Roadway,No Traffic Control Device Present,No,2024,Autumn,October,Daytime,3:00pm - 5:59pm,15,Property Damage Crash,No,No,No,No,No,No,No,No,Yes,No,No,No,No,Single Vehicle Crashes,Frederick County,,Urban,39.09135,-78.16512,Non-Interstate,SC-636S (FREDERICK COUNTY),636.0,WHITE OAK RD,10.92,Local,Not at Intersection,,Yes,0,0,No,0,0,0,0,0,0,0,0,0,0,0,c2608243,0,0,1,Minor