NumberOfVehicles,CrashDate,CrashTime,DayOfWeek,TypeOfCollision,LocationOfFirstHarmfulEvent,RoadwaySurfaceType,RoadwayDefect,LightCondition_Category,LightCondition_Value,RoadwayDescription,WorkZoneLocation,WeatherCondition,RoadwayAlignment,WorkZoneWorkersPresent,SchoolZone,IntersectionType,WorkZoneType,TrafficControlType,RoadwaySurfaceCondition,RelationToRoadway_Category,RelationToRoadway_Value,TrafficControlMechanicalDevice,WorkZoneRelated,Year,Meteorological Season,MonthName,DaytimeNighttime_NHTSA,ThreeHourLabel,Hour,CrashType,AlcoholInvolved,SpeedRelated,CommercialMotorVehiclesInvolved,PedestrianInvolved,BicycleInvolved,MotorcycleInvolved,MopedInvolved,TrainRelated,SchoolZoneInvolved,TeenDriverInvolved,DistractedDriverInvolved,DriverTextingInvolved,DriverUsingCellPhone,Single_Multi_Vehicle,Jurisdiction,TownName,LocationTypeName,Latitude,Longitude,Interstate_NonInterstate,RoadName,RouteNumber,RouteName,MileMarker,FunctionalClassCode,AtIntersection,SecondaryLocation,MatureDriverInvolved,MatureDriverFatalities,MatureDriverInjuries,LargeTruckInvolved,PedestrianFatalities,PedestrianInjuries,MotorcycleFatalities,MotorcycleInjuries,BicycleFatalities,BicycleInjuries,DistractedDriverFatalities,DistractedDriverInjuries,UnrestrainedInjuries,Number_Of_Fatalities,Number_Of_Injuries,Crash_UID,Is_Fatal,Is_Severe,Is_Minor,SeverityLabel
2,2023-10-15,15:53:00,Sunday,Other,On Roadway,"Blacktop, Asphalt, Bituminous",No Defects,Daylight,Daylight,"Two-Way, Not Divided",Not Provided,No Adverse Condition (Clear/Cloud),Straight - Level,Not Provided,No,Four Approaches,Not Provided,Stop Sign,Dry,Intersection Area,Intersection Related - Within 150 Feet,Yes - Working,No,2023,Autumn,October,Daytime,3:00pm - 5:59pm,15,Property Damage Crash,Yes,No,No,No,No,No,No,No,No,No,No,No,No,Multiple Vehicle Crashes,Colonial Heights City,,Urban,37.25051,-77.40513,Non-Interstate,UR-9024W (CITY OF COLONIAL HEIGHTS),,WESTOVER AVE,0.3,Minor Arterial,At Intersection,HAMILTON AVE,No,0,0,No,0,0,0,0,0,0,0,0,0,0,0,c3278199,0,0,1,Minor
2,2022-10-08,19:20:00,Saturday,Rear End,On Roadway,"Blacktop, Asphalt, Bituminous",No Defects,Darkness,Darkness - Road Lighted,"Two-Way, Divided, Positive Median Barrier",Not Provided,No Adverse Condition (Clear/Cloud),Straight - Level,Not Provided,No,Three Approaches,Not Provided,Traffic Signal,Dry,Intersection Area,Intersection Related - Within 150 Feet,Yes - Working,No,2022,Autumn,October,Nighttime,6:00pm - 8:59pm,19,Property Damage Crash,Yes,No,No,No,No,No,No,No,No,No,Yes,No,No,Multiple Vehicle Crashes,Prince William County,,Urban,38.67132,-77.2534,Non-Interstate,VA-123S,123.0,GORDON BLVD,0.74,Other Principal Arterial,Not at Intersection,,No,0,0,No,0,0,0,0,0,0,0,0,0,0,0,c6648436,0,0,1,Minor
1,2023-08-11,13:28:00,Friday,Fixed Object - Off Road,Shoulder,"Blacktop, Asphalt, Bituminous",No Defects,Daylight,Daylight,"Two-Way, Not Divided",Not Provided,No Adverse Condition (Clear/Cloud),Straight - Level,Not Provided,No,Not at Intersection,Not Provided,Traffic Lanes Marked,Dry,Intersection Area,Non-Intersection,Yes - Working,No,2023,Summer,August,Daytime,Noon - 2:59pm,13,Injury Crash,No,Yes,No,No,No,No,No,No,No,No,Yes,No,No,Single Vehicle Crashes,Fluvanna County,,Rural,37.7605,-78.26417,Non-Interstate,US-15S,15.0,JAMES MADISON HWY,103.2,Minor Arterial,Not at Intersection,,Yes,0,1,No,0,0,0,0,0,0,0,1,0,0,1,c6008262,0,0,1,Minor
2,2023-05-12,13:29:00,Friday,Angle,On Roadway,"Blacktop, Asphalt, Bituminous",No Defects,Daylight,Daylight,"Two-Way, Not Divided",Not Provided,No Adverse Condition (Clear/Cloud),Straight - Level,Not Provided,No,Three Approaches,Not Provided,Stop Sign,Dry,Intersection Area,Intersection Related - Within 150 Feet,Yes - Working,No,2023,Spring,May,Daytime,Noon - 2:59pm,13,Property Damage Crash,No,No,No,No,No,No,No,No,No,No,No,No,No,Multiple Vehicle Crashes,Va. Beach City,,Urban,36.82884,-76.069,Non-Interstate,VIKING DR (PR - CITY OF VIRGINIA BEACH),,VIKING DR,0.27,Local,At Intersection,PHOENIX DR,No,0,0,No,0,0,0,0,0,0,0,0,0,0,0,c3031890,0,0,1,Minor
2,2023-12-21,13:03:00,Thursday,Rear End,On Roadway,"Blacktop, Asphalt, Bituminous",No Defects,Daylight,Daylight,"Two-Way, Divided, Positive Median Barrier",Not Provided,No Adverse Condition (Clear/Cloud),Straight - Level,Not Provided,No,Not at Intersection,Not Provided,Traffic Lanes Marked,Dry,Intersection Area,Non-Intersection,Yes - Working,No,2023,Winter,December,Daytime,Noon - 2:59pm,13,Injury Crash,No,Yes,Yes,No,No,No,No,No,No,No,Yes,No,Yes,Multiple Vehicle Crashes,Botetourt County,,Rural,37.49711,-79.75231,Interstate,I-81N,81.0,I-81,162.22,Interstate,Not at Intersection,,No,0,0,Yes,0,0,0,0,0,0,0,1,0,0,1,c6776126,0,0,1,Minor
2,2023-12-05,10:50:00,Tuesday,Angle,On Roadway,"Blacktop, Asphalt, Bituminous",No Defects,Daylight,Daylight,"Two-Way, Divided, Unprotected Median",Not Provided,No Adverse Condition (Clear/Cloud),Straight - Level,Not Provided,No,Three Approaches,Not Provided,Traffic Lanes Marked,Dry,Intersection Area,Within Intersection,Yes - Working,No,2023,Winter,December,Daytime,9:00am - 11:59am,10,Property Damage Crash,No,No,No,No,No,No,No,No,No,No,No,No,No,Multiple Vehicle Crashes,Chesterfield County,,Urban,37.52103,-77.61438,Non-Interstate,VA-147E,147.0,HUGUENOT RD,1.13,Other Principal Arterial,At Intersection,ACCESS,Yes,0,0,No,0,0,0,0,0,0,0,0,0,0,0,c2536385,0,0,1,Minor
2,2023-12-11,14:15:00,Monday,Angle,On Roadway,"Blacktop, Asphalt, Bituminous",No Defects,Daylight,Daylight,"Two-Way, Divided, Unprotected Median",Not Provided,No Adverse Condition (Clear/Cloud),Straight - Level,Not Provided,Yes,Four Approaches,Not Provided,Traffic Lanes Marked,Dry,Interchange Area,Main-Line Roadway,Yes - Working,No,2023,Winter,December,Daytime,Noon - 2:59pm,14,Property Damage Crash,No,No,No,No,No,No,No,No,Yes,No,Yes,No,No,Multiple Vehicle Crashes,Fairfax County,,Urban,38.90897,-77.42233,Non-Interstate,SC-657S (FAIRFAX COUNTY),657.0,CENTREVILLE RD,4.52,Minor Arterial,Not at Intersection,,No,0,0,No,0,0,0,0,0,0,0,0,0,0,0,c7247317,0,0,1,Minor
3,2023-11-27,11:25:00,Monday,Rear End,On Roadway,"Blacktop, Asphalt, Bituminous",No Defects,Daylight,Daylight,"Two-Way, Not Divided",Not Provided,No Adverse Condition (Clear/Cloud),Straight - Level,Not Provided,No,Three Approaches,Not Provided,Traffic Lanes Marked,Dry,Intersection Area,Within Intersection,Yes - Working,No,2023,Autumn,November,Daytime,9:00am - 11:59am,11,Property Damage Crash,No,No,Yes,No,No,No,No,No,No,No,No,No,No,Multiple Vehicle Crashes,Bedford County,,Rural,37.20717,-79.5822,Non-Interstate,VA-122N,122.0,MONETA RD,24.0,Minor Arterial,At Intersection,STONY FORK RD,Yes,0,0,No,0,0,0,0,0,0,0,0,0,0,0,c7269199,0,0,1,Minor
2,2024-12-03,09:08:00,Tuesday,Rear End,On Roadway,"Blacktop, Asphalt, Bituminous",No Defects,Daylight,Daylight,"Two-Way, Not Divided",Not Provided,No Adverse Condition (Clear/Cloud),Straight - Level,Not Provided,No,Not at Intersection,Not Provided,Traffic Lanes Marked,Dry,Intersection Area,Non-Intersection,Yes - Working,No,2024,Winter,December,Daytime,9:00am - 11:59am,9,Property Damage Crash,No,No,No,No,No,No,No,No,No,No,No,No,No,Multiple Vehicle Crashes,Isle of Wight County,Smithfield,Urban,36.96946,-76.62555,,VA-10E,10.0,VA-10 BYP,75.11,,Not at Intersection,,No,0,0,No,0,0,0,0,0,0,0,0,0,0,0,c5954347,0,0,1,Minor
2,2022-10-02,18:02:00,Sunday,Head On,On Roadway,Concrete,Slick Pavement,Darkness,Darkness - Road Lighted,"Two-Way, Not Divided",Not Provided,Rain,Curve - Level,Not Provided,No,Three Approaches,Not Provided,Traffic Signal,Wet,Intersection Area,Within Intersection,Yes - Working,No,2022,Autumn,October,Nighttime,6:00pm - 8:59pm,18,Property Damage Crash,No,No,No,No,No,No,No,No,No,No,No,No,No,Multiple Vehicle Crashes,Norfolk City,,Urban,36.95779,-76.25622,Non-Interstate,MASON CREEK RD (PR - CITY OF NORFOLK),,MASON CREEK RD,0.83,Local,At Intersection,OCEAN VIEW AVE,No,0,0,No,0,0,0,0,0,0,0,0,0,0,0,c3606126,0,0,1,Minor
2,2023-10-21,00:01:00,Saturday,Rear End,On Roadway,"Blacktop, Asphalt, Bituminous",No Defects,Darkness,Darkness - Road Lighted,"Two-Way, Not Divided",Not Provided,Rain,Straight - Level,Not Provided,No,Four Approaches,Not Provided,Traffic Signal,Wet,Intersection Area,Intersection Related - Within 150 Feet,Yes - Working,No,2023,Autumn,October,Nighttime,Midnight - 2:59am,0,Injury Crash,No,No,No,No,No,No,No,No,No,No,No,No,No,Multiple Vehicle Crashes,Portsmouth City,,Urban,36.86442,-76.3964,Non-Interstate,UR-8528W (CITY OF PORTSMOUTH),,CHURCHLAND BLVD,0.03,Minor Arterial,At Intersection,NORFOLK RD,No,0,0,No,0,0,0,0,0,0,0,0,0,0,1,c7324864,0,0,1,Minor
2,2024-01-24,07:55:00,Wednesday,Angle,On Roadway,"Blacktop, Asphalt, Bituminous",No Defects,Daylight,Daylight,"Two-Way, Divided, Unprotected Median",Not Provided,No Adverse Condition (Clear/Cloud),Straight - Level,Not Provided,No,Four Approaches,Not Provided,No Traffic Control,Dry,Intersection Area,Intersection Related - Within 150 Feet,No Traffic Control Device Present,No,2024,Winter,January,Daytime,6:00am - 8:59am,7,Injury Crash,No,No,No,No,No,No,No,No,No,No,No,No,No,Multiple Vehicle Crashes,Hampton City,,Urban,37.02076,-76.319,Non-Interstate,VA-169N,169.0,MALLORY ST,0.18,Minor Arterial,At Intersection,SEWELL AVE,No,0,0,No,0,0,0,0,0,0,0,0,0,0,1,c0649252,0,0,1,Minor
1,2023-08-28,16:05:00,Monday,Fixed Object - Off Road,"Off Roadway, Location Unknown","Blacktop, Asphalt, Bituminous",No Defects,Daylight,Daylight,"Two-Way, Not Divided",Not Provided,Rain,Grade - Curve,Not Provided,No,Not at Intersection,Not Provided,Traffic Lanes Marked,Wet,Intersection Area,Non-Intersection,Yes - Working,No,2023,Summer,August,Daytime,3:00pm - 5:59pm,16,Injury Crash,No,No,No,No,No,No,No,No,No,No,No,No,No,Single Vehicle Crashes,Hanover County,,Rural,37.73123,-77.59043,Non-Interstate,SC-623W (HANOVER COUNTY),623.0,ASHLAND RD,3.33,Minor Arterial,Not at Intersection,,No,0,0,No,0,0,0,0,0,0,0,0,1,0,1,c6890785,0,0,1,Minor
1,2022-10-24,11:54:00,Monday,Fixed Object - Off Road,Shoulder,"Blacktop, Asphalt, Bituminous",No Defects,Daylight,Daylight,"Two-Way, Not Divided",Not Provided,No Adverse Condition (Clear/Cloud),Straight - Level,Not Provided,No,Not at Intersection,Not Provided,No Traffic Control,Dry,Interchange Area,Main-Line Roadway,No Traffic Control Device Present,No,2022,Autumn,October,Daytime,9:00am - 11:59am,11,Injury Crash,No,No,No,No,No,No,No,No,No,No,No,No,No,Single Vehicle Crashes,Stafford County,,Rural,38.32165,-77.39922,Non-Interstate,SC-605N (STAFFORD COUNTY),605.0,NEW HOPE CHURCH RD,0.77,Local,At Intersection,BROOKE RD,No,0,0,No,0,0,0,0,0,0,0,0,0,0,1,c6558595,0,0,1,Minor
1,2024-09-14,21:34:00,Saturday,Fixed Object - Off Road,Median,"Blacktop, Asphalt, Bituminous",No Defects,Darkness,Darkness - Road Lighted,"Two-Way, Divided, Positive Median Barrier",Not Provided,No Adverse Condition (Clear/Cloud),Straight - Level,Not Provided,No,Not at Intersection,Not Provided,Traffic Lanes Marked,Dry,Interchange Area,Main-Line Roadway,Yes - Working,No,2024,Autumn,September,Nighttime,9:00pm - 11:59pm,21,Injury Crash,Yes,No,No,No,No,No,No,No,No,No,No,No,No,Single Vehicle Crashes,Henrico County,,Urban,37.55493,-77.40774,Interstate,I-64E,64.0,I-64,192.78,Interstate,Not at Intersection,,No,0,0,No,0,0,0,0,0,0,0,0,0,0,3,c1799317,0,1,0,Severe
1,2023-10-23,07:20:00,Monday,Other,Shoulder,"Blacktop, Asphalt, Bituminous",No Defects,Dawn,Dawn,"Two-Way, Not Divided",Not Provided,No Adverse Condition (Clear/Cloud),Curve - Level,Not Provided,No,Not at Intersection,Not Provided,Traffic Lanes Marked,Dry,Interchange Area,Main-Line Roadway,No Traffic Control Device Present,No,2023,Autumn,October,Daytime,6:00am - 8:59am,7,Property Damage Crash,No,No,No,No,No,No,No,No,No,Yes,No,No,No,Single Vehicle Crashes,Isle of Wight County,,Rural,36.93483,-76.60681,Non-Interstate,SC-644W (ISLE OF WIGHT COUNTY),644.0,TURNER DR,15.17,Major Collector,Not at Intersection,,No,0,0,No,0,0,0,0,0,0,0,0,0,0,0,c4290376,0,0,1,Minor
2,2023-07-18,05:30:00,Tuesday,Sideswipe - Same Direction,Shoulder,"Blacktop, Asphalt, Bituminous",No Defects,Dawn,Dawn,"Two-Way, Divided, Positive Median Barrier",Not Provided,No Adverse Condition (Clear/Cloud),Straight - Level,Not Provided,No,Not at Intersection,Not Provided,Traffic Lanes Marked,Dry,Intersection Area,Non-Intersection,Yes - Working,No,2023,Summer,July,Nighttime,3:00am - 5:59am,5,Injury Crash,No,No,No,No,Yes,No,No,No,No,No,No,No,No,Multiple Vehicle Crashes,Loudoun County,,Urban,39.00704,-77.44404,Non-Interstate,SC-625W (LOUDOUN COUNTY),625.0,WAXPOOL RD,8.77,Minor Arterial,Not at Intersection,,No,0,0,No,0,0,0,0,0,1,0,0,0,0,1,c7392213,0,0,1,Minor
1,2023-09-23,08:40:00,Saturday,Fixed Object - Off Road,Roadside,"Blacktop, Asphalt, Bituminous",No Defects,Daylight,Daylight,"Two-Way, Divided, Positive Median Barrier",Not Provided,Rain,Curve - Level,Not Provided,No,Not at Intersection,Not Provided,Traffic Lanes Marked,Wet,Intersection Area,Non-Intersection,Yes - Working,No,2023,Autumn,September,Daytime,6:00am - 8:59am,8,Property Damage Crash,No,Yes,No,No,No,No,No,No,No,No,No,No,No,Single Vehicle Crashes,Southampton County,,Rural,36.68153,-76.9961,Non-Interstate,US-58E,58.0,SOUTHAMPTON PKWY,444.61,Other Principal Arterial,Not at Intersection,,No,0,0,No,0,0,0,0,0,0,0,0,0,0,0,c0957349,0,0,1,Minor
2,2022-03-05,15:39:00,Saturday,Rear End,On Roadway,Concrete,No Defects,Daylight,Daylight,"Two-Way, Divided, Positive Median Barrier",Not Provided,No Adverse Condition (Clear/Cloud),Straight - Level,Not Provided,No,Not at Intersection,Not Provided,Traffic Lanes Marked,Dry,Intersection Area,Non-Intersection,Yes - Working,No,2022,Spring,March,Daytime,3:00pm - 5:59pm,15,Property Damage Crash,No,No,No,No,No,No,No,No,No,No,No,No,No,Multiple Vehicle Crashes,Fairfax County,,Urban,38.80095,-77.08445,Interstate,I-95N,95.0,I-95,175.86,Interstate,Not at Intersection,,No,0,0,No,0,0,0,0,0,0,0,0,0,0,0,c9767331,0,0,1,Minor
2,2022-12-13,16:04:00,Tuesday,Rear End,On Roadway,"Blacktop, Asphalt, Bituminous",No Defects,Daylight,Daylight,"Two-Way, Divided, Unprotected Median",Not Provided,No Adverse Condition (Clear/Cloud),Grade - Straight,Not Provided,No,Not at Intersection,Not Provided,Traffic Signal,Dry,Interchange Area,Main-Line Roadway,Yes - Working,No,2022,Winter,December,Daytime,3:00pm - 5:59pm,16,Property Damage Crash,No,No,No,No,No,No,No,No,No,Yes,No,No,No,Multiple Vehicle Crashes,Fairfax County,,Urban,38.70644,-77.20468,Non-Interstate,US-1S,1.0,RICHMOND HWY,180.12,Other Principal Arterial,Not at Intersection,,No,0,0,No,0,0,0,0,0,0,0,0,0,0,0,c0013538,0,0,1,Minor
2,2024-11-24,02:43:00,Sunday,Sideswipe - Same Direction,In Parking Lane or Zone,"Blacktop, Asphalt, Bituminous",No Defects,Darkness,Darkness - Road Lighted,"Two-Way, Divided, Unprotected Median",Not Provided,No Adverse Condition (Clear/Cloud),Hillcrest - Straight,Not Provided,No,Not at Intersection,Not Provided,No Traffic Control,Dry,Interchange Area,Main-Line Roadway,No Traffic Control Device Present,No,2024,Autumn,November,Nighttime,Midnight - 2:59am,2,Property Damage Crash,Yes,No,No,No,No,No,No,No,No,No,No,No,No,Multiple Vehicle Crashes,Charlottesville City,,Urban,38.04386,-78.49297,Non-Interstate,UR-3431N (CITY OF CHARLOTTESVILLE),0.0,PRESTON AVE,0.38,Minor Arterial,At Intersection,CABELL AVE,No,0,0,No,0,0,0,0,0,0,0,0,0,0,0,c4753970,0,0,1,Minor
2,2023-05-30,17:24:00,Tuesday,Angle,On Roadway,"Blacktop, Asphalt, Bituminous",No Defects,Daylight,Daylight,"Two-Way, Divided, Positive Median Barrier",Not Provided,Rain,Straight - Level,Not Provided,No,Four Approaches,Not Provided,Traffic Signal,Wet,Intersection Area,Within Intersection,Yes - Working,No,2023,Spring,May,Daytime,3:00pm - 5:59pm,17,Property Damage Crash,No,No,No,No,No,No,No,No,No,No,Yes,No,No,Multiple Vehicle Crashes,Newport News City,,Urban,37.11066,-76.517,Non-Interstate,US-60E,60.0,WARWICK BLVD,256.79,Other Principal Arterial,At Intersection,MENCHVILLE RD,No,0,0,No,0,0,0,0,0,0,0,0,0,0,0,c2124478,0,0,1,Minor
1,2023-10-10,13:44:00,Tuesday,Fixed Object in Road,Shoulder,"Blacktop, Asphalt, Bituminous",No Defects,Daylight,Daylight,"Two-Way, Not Divided",Not Provided,No Adverse Condition (Clear/Cloud),Curve - Level,Not Provided,No,Not at Intersection,Not Provided,Traffic Lanes Marked,Dry,Intersection Area,Non-Intersection,Yes - Working,No,2023,Autumn,October,Daytime,Noon - 2:59pm,13,Injury Crash,No,No,No,No,No,No,Yes,No,No,No,No,No,No,Single Vehicle Crashes,Va. Beach City,,Urban,36.86771,-76.1617,Non-Interstate,BROAD MEADOWS BLVD (PR - CITY OF VIRGINIA BEACH),,BROAD MEADOWS BLVD,0.13,Local,Not at Intersection,,No,0,0,No,0,0,0,0,0,0,0,0,0,0,1,c2253612,0,0,1,Minor
1,2023-08-10,15:30:00,Thursday,Fixed Object - Off Road,Shoulder,"Blacktop, Asphalt, Bituminous",No Defects,Daylight,Daylight,"Two-Way, Divided, Unprotected Median",Not Provided,Rain,Straight - Level,Not Provided,No,Not at Intersection,Not Provided,Traffic Lanes Marked,Wet,Intersection Area,Non-Intersection,Yes - Working,No,2023,Summer,August,Daytime,3:00pm - 5:59pm,15,Injury Crash,No,No,No,No,No,No,No,No,No,No,No,No,No,Single Vehicle Crashes,Lee County,,Rural,36.82861,-82.82488,Non-Interstate,ALT US-58W,58.0,VETERANS MEMORIAL HWY,22.0,Minor Arterial,Not at Intersection,,No,0,0,No,0,0,0,0,0,0,0,0,0,0,1,c2252248,0,0,1,Minor
2,2023-06-21,07:50:00,Wednesday,Angle,On Roadway,"Blacktop, Asphalt, Bituminous",No Defects,Daylight,Daylight,"Two-Way, Divided, Positive Median Barrier",Not Provided,Rain,Grade - Curve,Not Provided,No,Not at Intersection,Not Provided,Traffic Lanes Marked,Wet,Intersection Area,Non-Intersection,Yes - Working,No,2023,Summer,June,Daytime,6:00am - 8:59am,7,Property Damage Crash,No,Yes,No,No,No,No,No,No,No,No,No,No,No,Multiple Vehicle Crashes,Va. Beach City,,Urban,36.83613,-76.06542,Interstate,I-264W,264.0,I-264,20.69,Interstate,Not at Intersection,,No,0,0,No,0,0,0,0,0,0,0,0,0,0,0,c0745857,0,0,1,Minor
2,2024-08-09,05:32:00,Friday,Sideswipe - Same Direction,On Roadway,"Blacktop, Asphalt, Bituminous",No Defects,Dawn,Dawn,"Two-Way, Divided, Positive Median Barrier",Not Provided,Rain,Straight - Level,Not Provided,No,Four Approaches,Not Provided,Traffic Lanes Marked,Wet,Intersection Area,Intersection Related - Within 150 Feet,Yes - Working,No,2024,Summer,August,Nighttime,3:00am - 5:59am,5,Property Damage Crash,No,No,No,No,No,No,No,No,No,No,No,No,No,Multiple Vehicle Crashes,Winchester City,,Urban,39.18478,-78.13882,Non-Interstate,VA-7E,7.0,BERRYVILLE AVE,1.75,Other Principal Arterial,At Intersection,I-81 RAMP,No,0,0,No,0,0,0,0,0,0,0,0,0,0,0,c1347301,0,0,1,Minor
1,2022-05-07,00:38:00,Saturday,Fixed Object - Off Road,Shoulder,"Blacktop, Asphalt, Bituminous",No Defects,Darkness,Darkness - Road Lighted,"Two-Way, Divided, Positive Median Barrier",Not Provided,No Adverse Condition (Clear/Cloud),Curve - Level,Not Provided,No,Not at Intersection,Not Provided,Traffic Lanes Marked,Wet,Intersection Area,Non-Intersection,Yes - Working,No,2022,Spring,May,Nighttime,Midnight - 2:59am,0,Property Damage Crash,No,Yes,No,No,No,No,No,No,No,No,No,No,No,Single Vehicle Crashes,Va. Beach City,,Urban,36.83709,-76.15727,Interstate,I-264E,264.0,I-264,15.25,Interstate,Not at Intersection,,No,0,0,No,0,0,0,0,0,0,0,0,0,0,0,c4808240,0,0,1,Minor
3,2024-06-29,06:00:00,Saturday,Rear End,Shoulder,"Blacktop, Asphalt, Bituminous",No Defects,Dawn,Dawn,"Two-Way, Not Divided",Not Provided,No Adverse Condition (Clear/Cloud),Straight - Level,Not Provided,No,Not at Intersection,Not Provided,No Traffic Control,Dry,Interchange Area,Main-Line Roadway,No Traffic Control Device Present,No,2024,Summer,June,Daytime,6:00am - 8:59am,6,Property Damage Crash,No,No,No,No,No,No,No,No,No,No,No,No,No,Multiple Vehicle Crashes,Petersburg City,,Urban,37.23321,-77.39397,Non-Interstate,US-301N,301.0,CRATER RD,52.73,Minor Arterial,At Intersection,BANK ST,No,0,0,No,0,0,0,0,0,0,0,0,0,0,0,c9671828,0,0,1,Minor
2,2022-02-09,07:45:00,Wednesday,Sideswipe - Same Direction,On Roadway,"Blacktop, Asphalt, Bituminous",No Defects,Dawn,Dawn,"Two-Way, Divided, Positive Median Barrier",Not Provided,No Adverse Condition (Clear/Cloud),Straight - Level,Not Provided,No,Not at Intersection,Not Provided,Traffic Lanes Marked,Dry,Interchange Area,Main-Line Roadway,Yes - Working,No,2022,Winter,February,Daytime,6:00am - 8:59am,7,Property Damage Crash,No,No,No,No,No,No,No,No,No,No,No,No,No,Multiple Vehicle Crashes,Isle of Wight County,,Urban,36.94186,-76.54666,,US-258E,258.0,BREWERS NECK BLVD,51.3,,At Intersection,ACCESS,No,0,0,No,0,0,0,0,0,0,0,0,0,0,0,c4162272,0,0,1,Minor
2,2023-12-26,17:54:00,Tuesday,Angle,On Roadway,"Blacktop, Asphalt, Bituminous",No Defects,Darkness,Darkness - Road Lighted,"Two-Way, Divided, Unprotected Median",Not Provided,No Adverse Condition (Clear/Cloud),Straight - Level,Not Provided,No,Three Approaches,Not Provided,No Traffic Control,Dry,Intersection Area,Within Intersection,No Traffic Control Device Present,No,2023,Winter,December,Daytime,3:00pm - 5:59pm,17,Property Damage Crash,No,No,No,No,No,Yes,No,No,No,No,Yes,No,No,Multiple Vehicle Crashes,Va. Beach City,,Urban,36.9071,-76.17061,Non-Interstate,US-60E,60.0,SHORE DR,288.2,Other Principal Arterial,At Intersection,POINT HOLLOW CT,No,0,0,No,0,0,0,0,0,0,0,0,0,0,0,c9203616,0,0,1,Minor
2,2023-12-12,22:59:00,Tuesday,Rear End,On Roadway,"Blacktop, Asphalt, Bituminous",No Defects,Darkness,Darkness - Road Not Lighted,"Two-Way, Not Divided",Not Provided,No Adverse Condition (Clear/Cloud),Straight - Level,Not Provided,No,Not at Intersection,Not Provided,Traffic Lanes Marked,Dry,Interchange Area,Main-Line Roadway,Yes - Working,No,2023,Winter,December,Nighttime,9:00pm - 11:59pm,22,Injury Crash,Yes,No,No,No,No,No,No,No,No,No,No,No,No,Multiple Vehicle Crashes,Montgomery County,,Rural,37.0802,-80.45269,Non-Interstate,VA-8S,8.0,RINER RD,51.39,Minor Arterial,Not at Intersection,,No,0,0,No,0,0,0,0,0,0,0,0,0,0,1,c7281680,0,0,1,Minor
2,2024-10-07,13:25:00,Monday,Angle,On Roadway,"Blacktop, Asphalt, Bituminous",No Defects,Daylight,Daylight,"Two-Way, Divided, Unprotected Median",Not Provided,No Adverse Condition (Clear/Cloud),Straight - Level,Not Provided,Yes,Three Approaches,Not Provided,Traffic Lanes Marked,Dry,Intersection Area,Within Intersection,Yes - Working,No,2024,Autumn,October,Daytime,Noon - 2:59pm,13,Fatal Crash,No,Yes,No,No,No,No,No,No,Yes,No,No,No,No,Multiple Vehicle Crashes,Mecklenburg County,,Rural,36.67154,-78.28851,Non-Interstate,US-58E,58.0,US-58,365.42,Other Principal Arterial,At Intersection,WOODEN BRIDGE RD,Yes,1,0,No,0,0,0,0,0,0,0,0,0,1,1,c1419963,1,1,0,Fatal
2,2022-11-09,05:30:00,Wednesday,Angle,On Roadway,Concrete,No Defects,Dawn,Dawn,"One-Way, Not Divided",Not Provided,No Adverse Condition (Clear/Cloud),Straight - Level,Not Provided,No,Not at Intersection,Not Provided,Traffic Lanes Marked,Dry,Intersection Area,Non-Intersection,Yes - Working,No,2022,Autumn,November,Nighttime,3:00am - 5:59am,5,Property Damage Crash,No,No,No,No,No,No,No,No,No,No,No,No,No,Multiple Vehicle Crashes,Newport News City,,Urban,36.98807,-76.43191,Non-Interstate,US-60P(3),60.0,WARWICK BLVD,1.75,Other Principal Arterial,At Intersection,38TH ST,No,0,0,No,0,0,0,0,0,0,0,0,0,0,0,c9903318,0,0,1,Minor
1,2023-05-30,00:59:00,Tuesday,Fixed Object - Off Road,On Roadway,"Blacktop, Asphalt, Bituminous",No Defects,Darkness,Darkness - Road Not Lighted,"Two-Way, Divided, Positive Median Barrier",Not Provided,Rain,Straight - Level,Not Provided,No,Four Approaches,Not Provided,Traffic Signal,Wet,Intersection Area,Intersection Related - Within 150 Feet,Yes - Working,No,2023,Spring,May,Nighttime,Midnight - 2:59am,0,Property Damage Crash,No,No,No,No,No,No,No,No,No,No,No,No,No,Single Vehicle Crashes,Richmond City,,Urban,37.49889,-77.47048,Non-Interstate,VA-161N,161.0,BELT BLVD,4.13,Other Principal Arterial,At Intersection,BROAD ROCK BLVD,No,0,0,No,0,0,0,0,0,0,0,0,0,0,0,c9477381,0,0,1,Minor
2,2022-06-25,22:57:00,Saturday,Angle,On Roadway,"Blacktop, Asphalt, Bituminous",No Defects,Darkness,Darkness - Road Not Lighted,"Two-Way, Not Divided",Not Provided,No Adverse Condition (Clear/Cloud),Straight - Level,Not Provided,No,Not at Intersection,Not Provided,No Traffic Control,Dry,Intersection Area,Non-Intersection,No Traffic Control Device Present,No,2022,Summer,June,Nighttime,9:00pm - 11:59pm,22,Property Damage Crash,Yes,Yes,No,No,No,No,No,No,No,No,Yes,No,Yes,Multiple Vehicle Crashes,Prince William County,,Urban,38.79381,-77.52006,Non-Interstate,SC-1596E (PRINCE WILLIAM COUNTY),1596.0,COVERSTONE DR,0.75,Major Collector,Not at Intersection,,No,0,0,No,0,0,0,0,0,0,0,0,0,0,0,c7087640,0,0,1,Minor