NumberOfVehicles,CrashDate,CrashTime,DayOfWeek,TypeOfCollision,LocationOfFirstHarmfulEvent,RoadwaySurfaceType,RoadwayDefect,LightCondition_Category,LightCondition_Value,RoadwayDescription,WorkZoneLocation,WeatherCondition,RoadwayAlignment,WorkZoneWorkersPresent,SchoolZone,IntersectionType,WorkZoneType,TrafficControlType,RoadwaySurfaceCondition,RelationToRoadway_Category,RelationToRoadway_Value,TrafficControlMechanicalDevice,WorkZoneRelated,Year,Meteorological Season,MonthName,DaytimeNighttime_NHTSA,ThreeHourLabel,Hour,CrashType,AlcoholInvolved,SpeedRelated,CommercialMotorVehiclesInvolved,PedestrianInvolved,BicycleInvolved,MotorcycleInvolved,MopedInvolved,TrainRelated,SchoolZoneInvolved,TeenDriverInvolved,DistractedDriverInvolved,DriverTextingInvolved,DriverUsingCellPhone,Single_Multi_Vehicle,Jurisdiction,TownName,LocationTypeName,Latitude,Longitude,Interstate_NonInterstate,RoadName,RouteNumber,RouteName,MileMarker,FunctionalClassCode,AtIntersection,SecondaryLocation,MatureDriverInvolved,MatureDriverFatalities,MatureDriverInjuries,LargeTruckInvolved,PedestrianFatalities,PedestrianInjuries,MotorcycleFatalities,MotorcycleInjuries,BicycleFatalities,BicycleInjuries,DistractedDriverFatalities,DistractedDriverInjuries,UnrestrainedInjuries,Number_Of_Fatalities,Number_Of_Injuries,Crash_UID,Is_Fatal,Is_Severe,Is_Minor,SeverityLabel
2,2023-09-18,07:00:00,Monday,Angle,On Roadway,"Blacktop, Asphalt, Bituminous",No Defects,Dawn,Dawn,"Two-Way, Not Divided",Not Provided,Other,Straight - Level,Not Provided,No,Four Approaches,Not Provided,Traffic Lanes Marked,Dry,Interchange Area,Main-Line Roadway,Yes - Working,No,2023,Autumn,September,Daytime,6:00am - 8:59am,7,Injury Crash,No,No,No,No,Yes,No,No,No,No,Yes,No,No,No,Multiple Vehicle Crashes,Va. Beach City,,Urban,36.80611,-76.11751,Non-Interstate,UR-8734S (CITY OF VIRGINIA BEACH),8734.0,WINDSOR OAKS BLVD,0.83,Local,At Intersection,INDEPENDENCE BLVD,No,0,0,No,0,0,0,0,0,1,0,0,0,0,2,c1569019,0,1,0,Severe
2,2022-03-08,10:18:00,Tuesday,Rear End,On Roadway,"Blacktop, Asphalt, Bituminous",No Defects,Daylight,Daylight,"Two-Way, Divided, Positive Median Barrier",Not Provided,No Adverse Condition (Clear/Cloud),Straight - Level,Not Provided,No,Four Approaches,Not Provided,Traffic Signal,Dry,Intersection Area,Intersection Related - Within 150 Feet,Yes - Working,No,2022,Spring,March,Daytime,9:00am - 11:59am,10,Property Damage Crash,No,No,No,No,No,No,No,No,No,No,No,No,No,Multiple Vehicle Crashes,Va. Beach City,,Urban,36.78506,-76.07999,,DAM NECK RD (NP - CITY OF VIRGINIA BEACH),,DAM NECK RD,6.85,,Not at Intersection,,No,0,0,No,0,0,0,0,0,0,0,0,0,0,0,c8942475,0,0,1,Minor
2,2023-11-03,19:11:00,Friday,Sideswipe - Same Direction,On Roadway,"Blacktop, Asphalt, Bituminous",No Defects,Darkness,Darkness - Road Not Lighted,"Two-Way, Not Divided",Not Provided,No Adverse Condition (Clear/Cloud),Straight - Level,Not Provided,No,Four Approaches,Not Provided,Traffic Signal,Dry,Intersection Area,Within Intersection,Yes - Working,No,2023,Autumn,November,Nighttime,6:00pm - 8:59pm,19,Property Damage Crash,No,No,No,No,No,No,No,No,No,No,No,No,No,Multiple Vehicle Crashes,Loudoun County,,Urban,39.00117,-77.52904,Non-Interstate,SC-659N (LOUDOUN COUNTY),659.0,BELMONT RIDGE RD,10.85,Minor Arterial,At Intersection,CROSON LN,No,0,0,No,0,0,0,0,0,0,0,0,0,0,0,c5621720,0,0,1,Minor
2,2022-06-01,10:30:00,Wednesday,Sideswipe - Same Direction,On Roadway,Concrete,No Defects,Daylight,Daylight,"Two-Way, Divided, Positive Median Barrier",Activity Area,No Adverse Condition (Clear/Cloud),Straight - Level,With Law Enforcement,No,Not at Intersection,Work on Shoulder or Median,Yield Sign,Dry,Intersection Area,Non-Intersection,Yes - Working,Yes,2022,Summer,June,Daytime,9:00am - 11:59am,10,Injury Crash,No,No,Yes,No,No,No,No,No,No,No,No,No,No,Multiple Vehicle Crashes,Hampton City,,Urban,37.01212,-76.32341,Interstate,I-64E,64.0,I-64,268.7,Interstate,Not at Intersection,,No,0,0,Yes,0,0,0,0,0,0,0,0,1,0,1,c7141132,0,0,1,Minor
2,2024-10-12,04:15:00,Saturday,Other,On Roadway,Concrete,No Defects,Darkness,Darkness - Road Not Lighted,"Two-Way, Divided, Positive Median Barrier",Not Provided,No Adverse Condition (Clear/Cloud),Straight - Level,Not Provided,No,Not at Intersection,Not Provided,No Traffic Control,Dry,Intersection Area,Non-Intersection,No Traffic Control Device Present,No,2024,Autumn,October,Nighttime,3:00am - 5:59am,4,Property Damage Crash,No,No,No,No,No,Yes,No,No,No,No,No,No,No,Multiple Vehicle Crashes,Rockingham County,,Rural,38.34576,-78.93356,Interstate,I-81S,81.0,I-81,239.31,Interstate,Not at Intersection,,No,0,0,No,0,0,0,0,0,0,0,0,0,0,0,c5176308,0,0,1,Minor
3,2023-06-13,16:45:00,Tuesday,Rear End,On Roadway,"Blacktop, Asphalt, Bituminous",No Defects,Daylight,Daylight,"Two-Way, Divided, Unprotected Median",Not Provided,No Adverse Condition (Clear/Cloud),Grade - Straight,Not Provided,No,Four Approaches,Not Provided,Traffic Signal,Dry,Intersection Area,Within Intersection,Yes - Working,No,2023,Summer,June,Daytime,3:00pm - 5:59pm,16,Property Damage Crash,No,No,No,No,No,No,No,No,No,No,No,No,No,Multiple Vehicle Crashes,Wise County,,Urban,36.95874,-82.60593,Non-Interstate,US-23N,23.0,ORBY CANTRELL HWY,44.83,Other Freeways and Expressways,At Intersection,WISE NORTON RD,No,0,0,No,0,0,0,0,0,0,0,0,0,0,0,c6971538,0,0,1,Minor
1,2022-11-19,12:50:00,Saturday,Fixed Object - Off Road,Outside Right-of-Way,"Blacktop, Asphalt, Bituminous",Restricted Width,Daylight,Daylight,"Two-Way, Not Divided",Not Provided,No Adverse Condition (Clear/Cloud),Curve - Level,Not Provided,No,Not at Intersection,Not Provided,No Traffic Control,Dry,Intersection Area,Non-Intersection,No Traffic Control Device Present,No,2022,Autumn,November,Daytime,Noon - 2:59pm,12,Property Damage Crash,No,Yes,No,No,No,No,No,No,No,Yes,No,No,No,Single Vehicle Crashes,Smyth County,,Rural,36.79271,-81.65292,Non-Interstate,SC-638N (SMYTH COUNTY),638.0,TATTLE BRANCH RD,2.22,Local,Not at Intersection,,No,0,0,No,0,0,0,0,0,0,0,0,0,0,0,c8417360,0,0,1,Minor
2,2022-11-13,17:55:00,Sunday,Head On,On Roadway,"Blacktop, Asphalt, Bituminous",No Defects,Darkness,Darkness - Road Not Lighted,"One-Way, Not Divided",Not Provided,No Adverse Condition (Clear/Cloud),Straight - Level,Not Provided,No,Two Approaches,Not Provided,No Traffic Control,Dry,Intersection Area,Within Intersection,No Traffic Control Device Present,No,2022,Autumn,November,Daytime,3:00pm - 5:59pm,17,Injury Crash,No,No,No,No,No,No,No,No,No,No,No,No,No,Multiple Vehicle Crashes,Petersburg City,,Urban,37.2037,-77.37506,Non-Interstate,WARREN ST (NP - CITY OF PETERSBURG),,WARREN ST,0.24,Local,At Intersection,MORTON AVE,No,0,0,No,0,0,0,0,0,0,0,0,0,0,1,c6274970,0,0,1,Minor
1,2023-11-06,08:24:00,Monday,Deer,On Roadway,"Blacktop, Asphalt, Bituminous",No Defects,Daylight,Daylight,"Two-Way, Divided, Unprotected Median",Not Provided,No Adverse Condition (Clear/Cloud),Grade - Straight,Not Provided,No,Not at Intersection,Not Provided,Traffic Lanes Marked,Dry,Intersection Area,Non-Intersection,Yes - Working,No,2023,Autumn,November,Daytime,6:00am - 8:59am,8,Property Damage Crash,No,No,No,No,No,No,No,No,No,Yes,No,No,No,Single Vehicle Crashes,Giles County,,Rural,37.34969,-80.77507,Non-Interstate,US-460W,460.0,VIRGINIA AVE,89.83,Other Principal Arterial,Not at Intersection,,No,0,0,No,0,0,0,0,0,0,0,0,0,0,0,c4905209,0,0,1,Minor
4,2024-11-11,15:02:00,Monday,Rear End,On Roadway,"Blacktop, Asphalt, Bituminous",No Defects,Daylight,Daylight,"Two-Way, Divided, Unprotected Median",Not Provided,No Adverse Condition (Clear/Cloud),Straight - Level,Not Provided,No,Four Approaches,Not Provided,Traffic Signal,Dry,Intersection,Intersection Related - Outside 150 Feet,Yes - Working,No,2024,Autumn,November,Daytime,3:00pm - 5:59pm,15,Injury Crash,No,No,No,No,No,No,No,No,No,Yes,Yes,No,No,Multiple Vehicle Crashes,Fredericksburg City,,Urban,38.31401,-77.47493,Non-Interstate,US-1N,1.0,EMANCIPATION HWAY,148.08,Other Principal Arterial,At Intersection,FALL HILL AVE,No,0,0,No,0,0,0,0,0,0,0,1,1,0,5,c4063441,0,1,0,Severe
2,2023-11-16,07:33:00,Thursday,Head On,On Roadway,"Blacktop, Asphalt, Bituminous",No Defects,Dawn,Dawn,"Two-Way, Not Divided",Not Provided,No Adverse Condition (Clear/Cloud),Curve - Level,Not Provided,No,Three Approaches,Not Provided,Traffic Lanes Marked,Dry,Intersection Area,Within Intersection,Yes - Working,No,2023,Autumn,November,Daytime,6:00am - 8:59am,7,Property Damage Crash,No,No,No,No,No,No,No,No,No,Yes,No,No,No,Multiple Vehicle Crashes,Chesterfield County,,Urban,37.367,-77.39974,Non-Interstate,SC-732S (CHESTERFIELD COUNTY),732.0,OLD STAGE RD,1.76,Major Collector,At Intersection,OSBORNE RD,No,0,0,No,0,0,0,0,0,0,0,0,0,0,0,c5588818,0,0,1,Minor
2,2022-02-28,10:20:00,Monday,Angle,On Roadway,"Blacktop, Asphalt, Bituminous",No Defects,Daylight,Daylight,"Two-Way, Divided, Unprotected Median",Not Provided,No Adverse Condition (Clear/Cloud),Grade - Straight,Not Provided,No,Not at Intersection,Not Provided,Traffic Lanes Marked,Dry,Intersection Area,Non-Intersection,Yes - Working,No,2022,Winter,February,Daytime,9:00am - 11:59am,10,Injury Crash,No,Yes,Yes,No,No,No,No,No,No,No,Yes,No,Yes,Multiple Vehicle Crashes,Fauquier County,,Urban,38.74479,-77.75725,Non-Interstate,US-29S,29.0,LEE HWY,209.53,Other Principal Arterial,Not at Intersection,,No,0,0,No,0,0,0,0,0,0,0,1,0,0,2,c6491255,0,1,0,Severe
1,2024-08-15,01:28:00,Thursday,Fixed Object - Off Road,Median,"Blacktop, Asphalt, Bituminous",No Defects,Darkness,Darkness - Road Lighted,"Two-Way, Divided, Unprotected Median",Not Provided,No Adverse Condition (Clear/Cloud),Straight - Level,Not Provided,No,Four Approaches,Not Provided,Traffic Signal,Dry,Intersection Area,Intersection Related - Within 150 Feet,Yes - Working,No,2024,Summer,August,Nighttime,Midnight - 2:59am,1,Injury Crash,No,No,No,No,No,No,No,No,No,No,No,No,No,Single Vehicle Crashes,Norfolk City,,Rural,36.86613,-76.21086,Non-Interstate,US-13S,13.0,MILITARY HWAY,48.88,Other Principal Arterial,At Intersection,,No,0,0,No,0,0,0,0,0,0,0,0,0,0,1,c1616595,0,0,1,Minor
2,2022-05-31,13:00:00,Tuesday,Angle,On Roadway,"Blacktop, Asphalt, Bituminous",No Defects,Daylight,Daylight,"Two-Way, Divided, Unprotected Median",Not Provided,No Adverse Condition (Clear/Cloud),Straight - Level,Not Provided,No,Not at Intersection,Not Provided,Traffic Lanes Marked,Dry,Intersection Area,Non-Intersection,Yes - Working,No,2022,Spring,May,Daytime,Noon - 2:59pm,13,Property Damage Crash,No,No,No,No,No,No,No,No,No,Yes,No,No,No,Multiple Vehicle Crashes,Chesterfield County,,Urban,37.50379,-77.61089,Non-Interstate,SC-653N (CHESTERFIELD COUNTY),653.0,COURTHOUSE RD,16.39,Other Principal Arterial,Not at Intersection,,Yes,0,0,No,0,0,0,0,0,0,0,0,0,0,0,c9921117,0,0,1,Minor
1,2022-10-09,16:30:00,Sunday,Non-Collision,Roadside,"Blacktop, Asphalt, Bituminous",No Defects,Daylight,Daylight,"Two-Way, Divided, Positive Median Barrier",Not Provided,No Adverse Condition (Clear/Cloud),Straight - Level,Not Provided,No,Not at Intersection,Not Provided,Traffic Lanes Marked,Dry,Interchange Area,Main-Line Roadway,Yes - Working,No,2022,Autumn,October,Daytime,3:00pm - 5:59pm,16,Property Damage Crash,No,Yes,Yes,No,No,No,No,No,No,No,No,No,No,Single Vehicle Crashes,Shenandoah County,Strasburg,Urban,39.0078,-78.37236,Interstate,I-81N,81.0,I-81,296.76,Interstate,Not at Intersection,,No,0,0,Yes,0,0,0,0,0,0,0,0,0,0,0,c1818652,0,0,1,Minor
1,2023-03-29,23:48:00,Wednesday,Fixed Object - Off Road,"Off Roadway, Location Unknown","Blacktop, Asphalt, Bituminous",No Defects,Darkness,Darkness - Road Not Lighted,"Two-Way, Divided, Unprotected Median",Not Provided,No Adverse Condition (Clear/Cloud),Straight - Level,Not Provided,No,Not at Intersection,Not Provided,No Traffic Control,Dry,Interchange Area,Main-Line Roadway,No Traffic Control Device Present,No,2023,Spring,March,Nighttime,9:00pm - 11:59pm,23,Injury Crash,No,No,No,No,No,No,No,No,No,No,No,No,No,Single Vehicle Crashes,Southampton County,,Rural,36.68618,-77.38136,Non-Interstate,US-58E,58.0,SOUTHAMPTON PKWY,422.39,Other Principal Arterial,Not at Intersection,,No,0,0,No,0,0,0,0,0,0,0,0,0,0,1,c8835586,0,0,1,Minor
3,2022-11-04,20:25:00,Friday,Sideswipe - Same Direction,In Parking Lane or Zone,"Blacktop, Asphalt, Bituminous",No Defects,Darkness,Darkness - Road Not Lighted,"Two-Way, Not Divided",Not Provided,No Adverse Condition (Clear/Cloud),Straight - Level,Not Provided,No,Not at Intersection,Not Provided,Traffic Lanes Marked,Dry,Interchange Area,Main-Line Roadway,No Traffic Control Device Present,No,2022,Autumn,November,Nighttime,6:00pm - 8:59pm,20,Property Damage Crash,No,No,No,No,No,No,No,No,No,No,Yes,No,No,Multiple Vehicle Crashes,Montgomery County,Blacksburg,Urban,37.2403,-80.40789,Non-Interstate,UR-3165S (TOWN OF BLACKSBURG),,PATRICK HENRY DR,0.2,Major Collector,At Intersection,ELLIOTT DR,No,0,0,No,0,0,0,0,0,0,0,0,0,0,0,c2091622,0,0,1,Minor
1,2022-06-15,16:35:00,Wednesday,Fixed Object - Off Road,Shoulder,"Blacktop, Asphalt, Bituminous",No Defects,Daylight,Daylight,"Two-Way, Divided, Positive Median Barrier",Not Provided,No Adverse Condition (Clear/Cloud),Grade - Straight,Not Provided,No,Three Approaches,Not Provided,Traffic Signal,Dry,Intersection Area,Intersection Related - Within 150 Feet,Yes - Working,No,2022,Summer,June,Daytime,3:00pm - 5:59pm,16,Injury Crash,No,No,No,No,No,No,No,No,No,No,No,No,No,Single Vehicle Crashes,Stafford County,,Urban,38.46727,-77.41852,Non-Interstate,SC-684S (STAFFORD COUNTY),684.0,MINE RD,3.25,Major Collector,At Intersection,MIDPOINT LN,Yes,0,1,No,0,0,0,0,0,0,0,0,0,0,1,c5638176,0,0,1,Minor
2,2024-11-17,12:36:00,Sunday,Rear End,On Roadway,"Blacktop, Asphalt, Bituminous",No Defects,Daylight,Daylight,"Two-Way, Not Divided",Not Provided,No Adverse Condition (Clear/Cloud),Straight - Level,Not Provided,No,Not at Intersection,Not Provided,Traffic Lanes Marked,Dry,Intersection Area,Non-Intersection,Yes - Working,No,2024,Autumn,November,Daytime,Noon - 2:59pm,12,Injury Crash,No,Yes,No,No,No,No,No,No,No,No,No,No,No,Multiple Vehicle Crashes,Loudoun County,,Urban,38.94877,-77.62222,Non-Interstate,US-15N,15.0,JAMES MONROE HWAY,205.05,Other Principal Arterial,Not at Intersection,,No,0,0,No,0,0,0,0,0,0,0,0,0,0,1,c8844173,0,0,1,Minor
2,2022-05-07,21:15:00,Saturday,Angle,On Roadway,"Blacktop, Asphalt, Bituminous",No Defects,Darkness,Darkness - Road Lighted,"Two-Way, Not Divided",Not Provided,Rain,Straight - Level,Not Provided,No,Four Approaches,Not Provided,Traffic Signal,Wet,Intersection Area,Within Intersection,Yes - Working,No,2022,Spring,May,Nighttime,9:00pm - 11:59pm,21,Property Damage Crash,No,No,No,No,No,No,No,No,No,No,Yes,No,No,Multiple Vehicle Crashes,Norfolk City,,Urban,36.87713,-76.30191,Non-Interstate,VA-337E,337.0,HAMPTON BLVD,30.11,Other Principal Arterial,At Intersection,27TH ST,No,0,0,No,0,0,0,0,0,0,0,0,0,0,0,c8912931,0,0,1,Minor
2,2022-12-27,15:28:00,Tuesday,Angle,On Roadway,"Blacktop, Asphalt, Bituminous",No Defects,Daylight,Daylight,"Two-Way, Not Divided",Not Provided,No Adverse Condition (Clear/Cloud),Straight - Level,Not Provided,No,Not at Intersection,Not Provided,Traffic Lanes Marked,Dry,Interchange Area,Main-Line Roadway,Yes - Working,No,2022,Winter,December,Daytime,3:00pm - 5:59pm,15,Property Damage Crash,No,No,No,No,No,No,No,No,No,No,No,No,No,Multiple Vehicle Crashes,Stafford County,,Urban,38.46741,-77.40306,Non-Interstate,US-1S,1.0,JEFFERSON DAVIS HWY,160.07,Other Principal Arterial,Not at Intersection,,Yes,0,0,No,0,0,0,0,0,0,0,0,0,0,0,c4182941,0,0,1,Minor
2,2024-11-07,01:21:00,Thursday,Sideswipe - Same Direction,On Roadway,"Blacktop, Asphalt, Bituminous",No Defects,Darkness,Darkness - Road Not Lighted,"Two-Way, Divided, Positive Median Barrier",Activity Area,No Adverse Condition (Clear/Cloud),Straight - Level,With Law Enforcement,No,Not at Intersection,Lane Closure,Traffic Lanes Marked,Dry,Intersection Area,Non-Intersection,Yes - Working,Yes,2024,Autumn,November,Nighttime,Midnight - 2:59am,1,Property Damage Crash,No,No,No,No,No,No,No,No,No,No,No,No,No,Multiple Vehicle Crashes,Stafford County,,Rural,38.38515,-77.44999,Interstate,I-95S,95.0,I-95,137.62,Interstate,Not at Intersection,,Yes,0,0,Yes,0,0,0,0,0,0,0,0,0,0,0,c7061728,0,0,1,Minor
2,2022-03-31,12:18:00,Thursday,Angle,On Roadway,"Blacktop, Asphalt, Bituminous",No Defects,Daylight,Daylight,"Two-Way, Divided, Unprotected Median",Not Provided,Rain,Grade - Straight,Not Provided,No,Not at Intersection,Not Provided,No Traffic Control,Wet,Intersection Area,Non-Intersection,No Traffic Control Device Present,No,2022,Spring,March,Daytime,Noon - 2:59pm,12,Property Damage Crash,No,No,No,No,No,No,No,No,No,No,Yes,No,No,Multiple Vehicle Crashes,Franklin County,Rocky Mount,Urban,36.99867,-79.89146,Non-Interstate,CLAIBORNE ST (NP - TOWN OF ROCKY MOUNT),,CLAIBORNE AVE,0.06,Local,Not at Intersection,,No,0,0,No,0,0,0,0,0,0,0,0,0,0,0,c3165671,0,0,1,Minor
2,2024-02-28,07:00:00,Wednesday,Rear End,On Roadway,"Blacktop, Asphalt, Bituminous",No Defects,Dawn,Dawn,"Two-Way, Not Divided",Not Provided,No Adverse Condition (Clear/Cloud),Hillcrest - Straight,Not Provided,No,Not at Intersection,Not Provided,Traffic Lanes Marked,Dry,Intersection Area,Non-Intersection,No Traffic Control Device Present,No,2024,Winter,February,Daytime,6:00am - 8:59am,7,Property Damage Crash,No,No,No,No,No,No,No,No,No,No,No,No,No,Multiple Vehicle Crashes,Warren County,Front Royal,Urban,38.92722,-78.17593,Non-Interstate,UR-4006E (TOWN OF FRONT ROYAL),,HAPPY CREEK RD,1.28,Major Collector,Not at Intersection,,No,0,0,No,0,0,0,0,0,0,0,0,0,0,0,c9485562,0,0,1,Minor
2,2024-01-11,00:14:00,Thursday,Rear End,On Roadway,"Blacktop, Asphalt, Bituminous",No Defects,Darkness,Darkness - Road Not Lighted,"Two-Way, Not Divided",Not Provided,No Adverse Condition (Clear/Cloud),Straight - Level,Not Provided,No,Not at Intersection,Not Provided,No Traffic Control,Dry,Intersection Area,Non-Intersection,No Traffic Control Device Present,No,2024,Winter,January,Nighttime,Midnight - 2:59am,0,Property Damage Crash,No,No,No,No,No,No,No,No,No,No,Yes,No,No,Multiple Vehicle Crashes,Va. Beach City,,Urban,36.79888,-76.14339,Non-Interstate,CANDLEWOOD DR (PR - CITY OF VIRGINIA BEACH),,CANDLEWOOD DR,0.36,Local,Not at Intersection,,No,0,0,No,0,0,0,0,0,0,0,0,0,0,0,c1331944,0,0,1,Minor
2,2024-03-27,16:15:00,Wednesday,Rear End,On Roadway,"Blacktop, Asphalt, Bituminous",No Defects,Daylight,Daylight,"Two-Way, Divided, Unprotected Median",Not Provided,No Adverse Condition (Clear/Cloud),Straight - Level,Not Provided,No,Three Approaches,Not Provided,Traffic Lanes Marked,Dry,Intersection,Intersection Related - Outside 150 Feet,Yes - Working,No,2024,Spring,March,Daytime,3:00pm - 5:59pm,16,Property Damage Crash,No,No,No,No,No,No,No,No,No,Yes,Yes,No,No,Multiple Vehicle Crashes,Chesapeake City,,Urban,36.7359,-76.23467,Non-Interstate,VA-190W,190.0,KEMPSVILLE RD,4.1,Minor Arterial,At Intersection,SHADOW BROOKE DR,No,0,0,No,0,0,0,0,0,0,0,0,0,0,0,c6059769,0,0,1,Minor
2,2022-02-10,16:18:00,Thursday,Angle,On Roadway,"Blacktop, Asphalt, Bituminous",No Defects,Daylight,Daylight,"Two-Way, Divided, Unprotected Median",Not Provided,No Adverse Condition (Clear/Cloud),Straight - Level,Not Provided,No,Four Approaches,Not Provided,Traffic Signal,Dry,Intersection Area,Within Intersection,Yes - Working,No,2022,Winter,February,Daytime,3:00pm - 5:59pm,16,Injury Crash,No,No,No,No,No,No,No,No,No,No,No,No,No,Multiple Vehicle Crashes,Staunton City,,Urban,38.14033,-79.05037,Non-Interstate,US-250W,250.0,RICHMOND AVE,58.89,Other Principal Arterial,At Intersection,POWELL ST,Yes,0,2,No,0,0,0,0,0,0,0,0,0,0,3,c9734779,0,1,0,Severe
1,2023-09-05,00:44:00,Tuesday,Fixed Object - Off Road,Separator,"Blacktop, Asphalt, Bituminous",No Defects,Darkness,Darkness - Road Lighted,"Two-Way, Divided, Positive Median Barrier",Not Provided,No Adverse Condition (Clear/Cloud),Curve - Level,Not Provided,No,Not at Intersection,Not Provided,Traffic Lanes Marked,Dry,Interchange Area,On Entrance/Exit Ramp,Yes - Working,No,2023,Autumn,September,Nighttime,Midnight - 2:59am,0,Property Damage Crash,Yes,Yes,No,No,No,No,No,No,No,No,No,No,No,Single Vehicle Crashes,Fairfax County,,Urban,38.88943,-77.21502,Interstate,I-66W RAMP 64A,66.0,I-66 RAMP,0.09,Interstate,Not at Intersection,,No,0,0,No,0,0,0,0,0,0,0,0,0,0,0,c0547641,0,0,1,Minor
2,2023-02-14,07:07:00,Tuesday,Angle,On Roadway,"Blacktop, Asphalt, Bituminous",No Defects,Daylight,Daylight,"Two-Way, Not Divided",Not Provided,No Adverse Condition (Clear/Cloud),Straight - Level,Not Provided,No,Three Approaches,Not Provided,Stop Sign,Dry,Intersection Area,Within Intersection,Yes - Working,No,2023,Winter,February,Daytime,6:00am - 8:59am,7,Property Damage Crash,No,No,No,No,No,No,No,No,No,Yes,No,No,No,Multiple Vehicle Crashes,Prince William County,,Urban,38.78279,-77.61347,Non-Interstate,SC-2958E (PRINCE WILLIAM COUNTY),2958.0,CLUBHOUSE RD,0.66,Local,At Intersection,STERLING POINT DR,No,0,0,No,0,0,0,0,0,0,0,0,0,0,0,c4988834,0,0,1,Minor
1,2024-07-08,11:51:00,Monday,Fixed Object - Off Road,On Roadway,"Blacktop, Asphalt, Bituminous",No Defects,Daylight,Daylight,"Two-Way, Not Divided",Not Provided,No Adverse Condition (Clear/Cloud),Straight - Level,Not Provided,No,Not at Intersection,Not Provided,Traffic Lanes Marked,Dry,Intersection Area,Non-Intersection,Yes - Working,No,2024,Summer,July,Daytime,9:00am - 11:59am,11,Property Damage Crash,No,No,No,No,No,No,No,No,No,No,Yes,No,No,Single Vehicle Crashes,Fauquier County,,Rural,38.44766,-77.69409,Non-Interstate,SC-615W (FAUQUIER COUNTY),615.0,SILVER HILL RD,3.02,Local,At Intersection,SUMERDUCK RD,Yes,0,0,No,0,0,0,0,0,0,0,0,0,0,0,c5075076,0,0,1,Minor
1,2022-08-01,23:31:00,Monday,Fixed Object - Off Road,On Roadway,"Blacktop, Asphalt, Bituminous",No Defects,Darkness,Darkness - Road Not Lighted,"Two-Way, Not Divided",Not Provided,No Adverse Condition (Clear/Cloud),Straight - Level,Not Provided,No,Not at Intersection,Not Provided,Traffic Lanes Marked,Dry,Intersection Area,Non-Intersection,Yes - Working,No,2022,Summer,August,Nighttime,9:00pm - 11:59pm,23,Injury Crash,No,Yes,No,No,No,No,No,No,No,No,No,No,No,Single Vehicle Crashes,Prince William County,,Urban,38.79352,-77.64852,Non-Interstate,SC-703N (PRINCE WILLIAM COUNTY),703.0,OLD CAROLINA RD,0.57,Major Collector,Not at Intersection,,No,0,0,No,0,0,0,0,0,0,0,0,0,0,1,c5735944,0,0,1,Minor
3,2024-10-17,19:24:00,Thursday,Angle,On Roadway,"Blacktop, Asphalt, Bituminous",No Defects,Darkness,Darkness - Road Lighted,"Two-Way, Divided, Positive Median Barrier",Not Provided,No Adverse Condition (Clear/Cloud),Straight - Level,Not Provided,No,Three Approaches,Not Provided,Traffic Lanes Marked,Dry,Intersection Area,Within Intersection,No Traffic Control Device Present,No,2024,Autumn,October,Nighttime,6:00pm - 8:59pm,19,Injury Crash,No,No,No,No,No,No,No,No,No,No,No,No,No,Multiple Vehicle Crashes,Prince William County,,Urban,38.58706,-77.3332,Non-Interstate,VA-234S,234.0,DUMFRIES RD,1.33,Other Principal Arterial,At Intersection,TALON DR,No,0,0,No,0,0,0,0,0,0,0,0,0,0,3,c4222871,0,1,0,Severe
1,2022-05-23,17:12:00,Monday,Fixed Object - Off Road,Shoulder,"Blacktop, Asphalt, Bituminous",No Defects,Daylight,Daylight,"Two-Way, Not Divided",Not Provided,Rain,Straight - Level,Not Provided,No,Not at Intersection,Not Provided,No Passing Lines,Wet,Intersection Area,Non-Intersection,Yes - Working,No,2022,Spring,May,Daytime,3:00pm - 5:59pm,17,Property Damage Crash,No,No,No,No,No,No,No,No,No,No,No,No,No,Single Vehicle Crashes,Pittsylvania County,,Rural,36.63762,-79.35886,Non-Interstate,VA-360E,360.0,OLD RICHMOND RD,3.99,Minor Arterial,Not at Intersection,,No,0,0,No,0,0,0,0,0,0,0,0,0,0,0,c7893623,0,0,1,Minor
2,2022-12-21,13:10:00,Wednesday,Angle,On Roadway,"Blacktop, Asphalt, Bituminous",No Defects,Daylight,Daylight,"Two-Way, Divided, Unprotected Median",Not Provided,No Adverse Condition (Clear/Cloud),Grade - Curve,Not Provided,No,Four Approaches,Not Provided,Stop Sign,Dry,Intersection Area,Within Intersection,Yes - Working,No,2022,Winter,December,Daytime,Noon - 2:59pm,13,Property Damage Crash,No,No,No,No,No,No,No,No,No,Yes,No,No,No,Multiple Vehicle Crashes,Spotsylvania County,,Urban,38.23555,-77.50648,Non-Interstate,SC-711S (SPOTSYLVANIA COUNTY),711.0,SOUTHPOINT PKWY,0.26,Major Collector,At Intersection,ACCESS,No,0,0,No,0,0,0,0,0,0,0,0,0,0,0,c9140094,0,0,1,Minor
1,2024-10-09,19:42:00,Wednesday,Fixed Object - Off Road,On Roadway,"Blacktop, Asphalt, Bituminous",No Defects,Darkness,Darkness - Road Not Lighted,"Two-Way, Divided, Unprotected Median",Not Provided,No Adverse Condition (Clear/Cloud),Straight - Level,Not Provided,No,Not at Intersection,Not Provided,No Traffic Control,Dry,Intersection Area,Non-Intersection,No Traffic Control Device Present,No,2024,Autumn,October,Nighttime,6:00pm - 8:59pm,19,Injury Crash,No,No,No,No,No,No,No,No,No,No,No,No,No,Single Vehicle Crashes,Albemarle County,,Rural,37.99766,-78.58172,Non-Interstate,US-29S,29.0,MONACAN TRAIL RD,132.11,Other Principal Arterial,At Intersection,CLEMENTS HOLLOW LN,No,0,0,No,0,0,0,0,0,0,0,0,1,0,1,c3012467,0,0,1,Minor