NumberOfVehicles,CrashDate,CrashTime,DayOfWeek,TypeOfCollision,LocationOfFirstHarmfulEvent,RoadwaySurfaceType,RoadwayDefect,LightCondition_Category,LightCondition_Value,RoadwayDescription,WorkZoneLocation,WeatherCondition,RoadwayAlignment,WorkZoneWorkersPresent,SchoolZone,IntersectionType,WorkZoneType,TrafficControlType,RoadwaySurfaceCondition,RelationToRoadway_Category,RelationToRoadway_Value,TrafficControlMechanicalDevice,WorkZoneRelated,Year,Meteorological Season,MonthName,DaytimeNighttime_NHTSA,ThreeHourLabel,Hour,CrashType,AlcoholInvolved,SpeedRelated,CommercialMotorVehiclesInvolved,PedestrianInvolved,BicycleInvolved,MotorcycleInvolved,MopedInvolved,TrainRelated,SchoolZoneInvolved,TeenDriverInvolved,DistractedDriverInvolved,DriverTextingInvolved,DriverUsingCellPhone,Single_Multi_Vehicle,Jurisdiction,TownName,LocationTypeName,Latitude,Longitude,Interstate_NonInterstate,RoadName,RouteNumber,RouteName,MileMarker,FunctionalClassCode,AtIntersection,SecondaryLocation,MatureDriverInvolved,MatureDriverFatalities,MatureDriverInjuries,LargeTruckInvolved,PedestrianFatalities,PedestrianInjuries,MotorcycleFatalities,MotorcycleInjuries,BicycleFatalities,BicycleInjuries,DistractedDriverFatalities,DistractedDriverInjuries,UnrestrainedInjuries,Number_Of_Fatalities,Number_Of_Injuries,Crash_UID,Is_Fatal,Is_Severe,Is_Minor,SeverityLabel
1,2024-12-29,12:35:00,Sunday,Fixed Object - Off Road,Roadside,"Blacktop, Asphalt, Bituminous",Slick Pavement,Daylight,Daylight,"Two-Way, Divided, Positive Median Barrier",Not Provided,Rain,Grade - Curve,Not Provided,No,Not at Intersection,Not Provided,Traffic Lanes Marked,Wet,Intersection Area,Non-Intersection,Yes - Working,No,2024,Winter,December,Daytime,Noon - 2:59pm,12,Property Damage Crash,No,Yes,No,No,No,No,No,No,No,Yes,No,No,No,Single Vehicle Crashes,Franklin County,,Rural,36.87923,-79.87072,Non-Interstate,US-220S,220.0,VIRGIL H GOODE HWAY,30.43,Other Principal Arterial,Not at Intersection,,No,0,0,No,0,0,0,0,0,0,0,0,0,0,0,c0693604,0,0,1,Minor
2,2023-04-25,17:50:00,Tuesday,Angle,On Roadway,"Blacktop, Asphalt, Bituminous",No Defects,Daylight,Daylight,"Two-Way, Not Divided",Not Provided,No Adverse Condition (Clear/Cloud),Straight - Level,Not Provided,No,Not at Intersection,Not Provided,Stop Sign,Dry,Other Location,"Driveway, Alley-Access - Related",Yes - Working,No,2023,Spring,April,Daytime,3:00pm - 5:59pm,17,Property Damage Crash,No,No,No,No,No,No,No,No,No,No,No,No,No,Multiple Vehicle Crashes,Frederick County,,Urban,39.20668,-78.176,Non-Interstate,SC-1318N (FREDERICK COUNTY),1318.0,WESTMINSTER-CANTERBURY DR,0.13,Local,At Intersection,WESTBURY PL,No,0,0,No,0,0,0,0,0,0,0,0,0,0,0,c9903913,0,0,1,Minor
1,2024-08-07,03:41:00,Wednesday,Fixed Object - Off Road,Roadside,"Blacktop, Asphalt, Bituminous",No Defects,Darkness,Darkness - Road Lighted,"Two-Way, Not Divided",Not Provided,No Adverse Condition (Clear/Cloud),Hillcrest - Curve,Not Provided,No,Two Approaches,Not Provided,No Traffic Control,Dry,Other Location,"Driveway, Alley-Access - Related",No Traffic Control Device Present,No,2024,Summer,August,Nighttime,3:00am - 5:59am,3,Property Damage Crash,No,No,No,No,No,No,No,No,No,No,Yes,No,No,Single Vehicle Crashes,Fairfax County,,Urban,38.76121,-77.05093,Non-Interstate,SC-1517N (FAIRFAX COUNTY),1517.0,PARK TERRACE DR,1.21,Local,At Intersection,REGENT DR,Yes,0,0,No,0,0,0,0,0,0,0,0,0,0,0,c5965033,0,0,1,Minor
2,2022-03-08,18:59:00,Tuesday,Rear End,On Roadway,"Blacktop, Asphalt, Bituminous",No Defects,Darkness,Darkness - Road Not Lighted,"Two-Way, Divided, Positive Median Barrier",Not Provided,No Adverse Condition (Clear/Cloud),Straight - Level,Not Provided,No,Four Approaches,Not Provided,Traffic Signal,Dry,Intersection Area,Within Intersection,Yes - Working,No,2022,Spring,March,Nighttime,6:00pm - 8:59pm,18,Property Damage Crash,No,No,No,No,No,No,No,No,No,No,No,No,No,Multiple Vehicle Crashes,James City County,,Urban,37.2472,-76.6822,Non-Interstate,VA-199W,199.0,HUMELSINE PKWY,10.92,Other Freeways and Expressways,At Intersection,QUARTERPATH RD,No,0,0,No,0,0,0,0,0,0,0,0,0,0,0,c7456661,0,0,1,Minor
2,2023-09-26,08:49:00,Tuesday,Angle,On Roadway,"Blacktop, Asphalt, Bituminous",No Defects,Daylight,Daylight,"Two-Way, Divided, Unprotected Median",Not Provided,Mist,Straight - Level,Not Provided,No,Four Approaches,Not Provided,Traffic Signal,Wet,Intersection Area,Within Intersection,Yes - Working,No,2023,Autumn,September,Daytime,6:00am - 8:59am,8,Injury Crash,No,No,No,No,No,No,No,No,No,No,No,No,No,Multiple Vehicle Crashes,Spotsylvania County,,Rural,38.21949,-77.49628,Non-Interstate,SC-628S (SPOTSYLVANIA COUNTY),628.0,SPOTSYLVANIA PKWY,0.18,Major Collector,At Intersection,ACCESS,Yes,0,1,No,0,0,0,0,0,0,0,0,0,0,2,c8318669,0,1,0,Severe
2,2024-10-23,15:47:00,Wednesday,Angle,On Roadway,"Blacktop, Asphalt, Bituminous",No Defects,Daylight,Daylight,"Two-Way, Divided, Unprotected Median",Not Provided,No Adverse Condition (Clear/Cloud),Straight - Level,Not Provided,No,Three Approaches,Not Provided,Traffic Signal,Dry,Intersection Area,Intersection Related - Within 150 Feet,Yes - Working,No,2024,Autumn,October,Daytime,3:00pm - 5:59pm,15,Property Damage Crash,No,No,No,No,No,No,No,No,No,Yes,No,No,No,Multiple Vehicle Crashes,Fairfax County,,Rural,38.78165,-77.07895,,,0.0,NORTH KINGS HWAY,,,At Intersection,,No,0,0,No,0,0,0,0,0,0,0,0,0,0,0,c6209602,0,0,1,Minor
2,2024-03-20,07:00:00,Wednesday,Angle,On Roadway,"Blacktop, Asphalt, Bituminous",No Defects,Daylight,Daylight,"Two-Way, Divided, Positive Median Barrier",Not Provided,No Adverse Condition (Clear/Cloud),Straight - Level,Not Provided,No,Four Approaches,Not Provided,Traffic Signal,Dry,Interchange Area,Main-Line Roadway,Yes - Working,No,2024,Spring,March,Daytime,6:00am - 8:59am,7,Property Damage Crash,No,No,No,No,No,No,No,No,No,No,No,No,No,Multiple Vehicle Crashes,Fairfax County,,Urban,38.92706,-77.37255,Non-Interstate,SC-602S (FAIRFAX COUNTY),602.0,RESTON PKWY,1.28,Minor Arterial,At Intersection,FOX MILL RD,No,0,0,No,0,0,0,0,0,0,0,0,0,0,0,c6296471,0,0,1,Minor
2,2024-10-21,08:20:00,Monday,Rear End,On Roadway,"Blacktop, Asphalt, Bituminous",No Defects,Daylight,Daylight,"Two-Way, Divided, Unprotected Median",Not Provided,No Adverse Condition (Clear/Cloud),Straight - Level,Not Provided,No,Not at Intersection,Not Provided,Traffic Lanes Marked,Dry,Intersection Area,Non-Intersection,Yes - Working,No,2024,Autumn,October,Daytime,6:00am - 8:59am,8,Property Damage Crash,No,No,No,No,No,No,No,No,No,Yes,No,No,No,Multiple Vehicle Crashes,Rockingham County,,Urban,38.38994,-78.80705,Non-Interstate,US-33W,33.0,SPOTSWOOD TRL,27.93,Other Principal Arterial,Not at Intersection,,No,0,0,No,0,0,0,0,0,0,0,0,0,0,0,c4618716,0,0,1,Minor
1,2023-07-12,18:46:00,Wednesday,Fixed Object - Off Road,On Roadway,"Blacktop, Asphalt, Bituminous",No Defects,Daylight,Daylight,"Two-Way, Not Divided",Not Provided,No Adverse Condition (Clear/Cloud),Grade - Straight,Not Provided,No,Not at Intersection,Not Provided,No Passing Lines,Dry,Intersection Area,Non-Intersection,Yes - Working,No,2023,Summer,July,Nighttime,6:00pm - 8:59pm,18,Injury Crash,No,No,No,No,No,No,No,No,No,No,No,No,No,Single Vehicle Crashes,Henry County,,Urban,36.65658,-79.87097,Non-Interstate,SC-966S (HENRY COUNTY),966.0,RIVES RD,0.3,Minor Arterial,Not at Intersection,,No,0,0,No,0,0,0,0,0,0,0,0,1,0,1,c9649157,0,0,1,Minor
4,2023-07-29,04:57:00,Saturday,Rear End,On Roadway,"Blacktop, Asphalt, Bituminous",No Defects,Darkness,Darkness - Road Lighted,"Two-Way, Divided, Positive Median Barrier",Activity Area,No Adverse Condition (Clear/Cloud),Straight - Level,With Law Enforcement,No,Not at Intersection,Work on Shoulder or Median,Traffic Lanes Marked,Dry,Intersection Area,Non-Intersection,Yes - Working,Yes,2023,Summer,July,Nighttime,3:00am - 5:59am,4,Property Damage Crash,No,No,No,No,No,No,No,No,No,Yes,No,No,No,Multiple Vehicle Crashes,Hampton City,,Urban,37.02173,-76.32846,Interstate,I-64W,64.0,I-64,268.07,Interstate,Not at Intersection,,No,0,0,No,0,0,0,0,0,0,0,0,0,0,0,c6508953,0,0,1,Minor
2,2024-08-08,09:45:00,Thursday,Angle,On Roadway,"Blacktop, Asphalt, Bituminous",No Defects,Daylight,Daylight,"Two-Way, Not Divided",Not Provided,No Adverse Condition (Clear/Cloud),Straight - Level,Not Provided,No,Four Approaches,Not Provided,Traffic Signal,Dry,Intersection Area,Within Intersection,Yes - Working,No,2024,Summer,August,Daytime,9:00am - 11:59am,9,Property Damage Crash,No,No,No,No,No,No,No,No,No,No,No,No,No,Multiple Vehicle Crashes,Va. Beach City,,Urban,36.87913,-75.98492,Non-Interstate,US-60W,60.0,ATLANTIC AVE,300.58,Other Principal Arterial,At Intersection,52ND ST,No,0,0,No,0,0,0,0,0,0,0,0,0,0,0,c6186290,0,0,1,Minor
1,2023-08-10,11:39:00,Thursday,Fixed Object - Off Road,On Roadway,"Blacktop, Asphalt, Bituminous",No Defects,Daylight,Daylight,"Two-Way, Not Divided",Not Provided,Rain,Curve - Level,Not Provided,No,Not at Intersection,Not Provided,Traffic Lanes Marked,Wet,Interchange Area,Main-Line Roadway,Yes - Working,No,2023,Summer,August,Daytime,9:00am - 11:59am,11,Injury Crash,No,No,No,No,No,No,No,No,No,No,No,No,No,Single Vehicle Crashes,Montgomery County,,Rural,37.26591,-80.32813,Non-Interstate,SC-785E (MONTGOMERY COUNTY),785.0,CATAWBA RD,5.3,Major Collector,At Intersection,NORTH FORK FARMS,No,0,0,No,0,0,0,0,0,0,0,0,1,0,1,c5026377,0,0,1,Minor
1,2023-05-30,01:40:00,Tuesday,Other Animal,On Roadway,"Blacktop, Asphalt, Bituminous",No Defects,Darkness,Darkness - Road Not Lighted,"Two-Way, Not Divided",Not Provided,No Adverse Condition (Clear/Cloud),Straight - Level,Not Provided,No,Not at Intersection,Not Provided,Traffic Lanes Marked,Dry,Intersection Area,Non-Intersection,Yes - Working,No,2023,Spring,May,Nighttime,Midnight - 2:59am,1,Property Damage Crash,No,No,No,No,No,No,No,No,No,Yes,No,No,No,Single Vehicle Crashes,Wythe County,,Rural,36.91283,-81.26224,Non-Interstate,US-11S,11.0,WEST LEE HWY,60.2,Minor Arterial,Not at Intersection,,No,0,0,No,0,0,0,0,0,0,0,0,0,0,0,c4904390,0,0,1,Minor
1,2024-10-09,13:06:00,Wednesday,Fixed Object in Road,On Roadway,"Blacktop, Asphalt, Bituminous",No Defects,Daylight,Daylight,"Two-Way, Divided, Unprotected Median",Not Provided,No Adverse Condition (Clear/Cloud),Straight - Level,Not Provided,No,Four Approaches,Not Provided,Traffic Signal,Dry,Intersection Area,Within Intersection,Yes - Working,No,2024,Autumn,October,Daytime,Noon - 2:59pm,13,Property Damage Crash,No,No,No,No,No,No,No,No,No,No,No,No,No,Single Vehicle Crashes,Arlington County,,Urban,38.86516,-77.05661,Non-Interstate,CR-6725N (ARLINGTON COUNTY),6725.0,FERN ST,0.82,Major Collector,At Intersection,ARMY NAVY DR,No,0,0,No,0,0,0,0,0,0,0,0,0,0,0,c1386281,0,0,1,Minor
1,2023-11-08,05:20:00,Wednesday,Fixed Object - Off Road,On Roadway,"Blacktop, Asphalt, Bituminous",No Defects,Dawn,Dawn,"Two-Way, Divided, Positive Median Barrier",Not Provided,No Adverse Condition (Clear/Cloud),Curve - Level,Not Provided,No,Not at Intersection,Not Provided,Traffic Lanes Marked,Dry,Interchange Area,Main-Line Roadway,Yes - Working,No,2023,Autumn,November,Nighttime,3:00am - 5:59am,5,Injury Crash,No,No,No,No,No,Yes,No,No,No,No,No,No,No,Single Vehicle Crashes,Roanoke City,,Urban,37.23674,-79.97556,Non-Interstate,US-220S,220.0,US-220,60.24,Other Freeways and Expressways,Not at Intersection,,No,0,0,No,0,0,0,1,0,0,0,0,0,0,1,c4974640,0,0,1,Minor
2,2023-06-05,22:30:00,Monday,Rear End,On Roadway,"Blacktop, Asphalt, Bituminous",No Defects,Darkness,Darkness - Road Lighted,"Two-Way, Divided, Unprotected Median",Not Provided,No Adverse Condition (Clear/Cloud),Grade - Straight,Not Provided,No,Not at Intersection,Not Provided,Traffic Lanes Marked,Dry,Intersection Area,Non-Intersection,Yes - Working,No,2023,Summer,June,Nighttime,9:00pm - 11:59pm,22,Property Damage Crash,No,No,No,No,No,No,No,No,No,Yes,Yes,No,No,Multiple Vehicle Crashes,Fairfax County,,Urban,38.82441,-77.30499,Non-Interstate,SC-620E (FAIRFAX COUNTY),620.0,BRADDOCK RD,12.33,Minor Arterial,At Intersection,CARRIAGEPARK RD,No,0,0,No,0,0,0,0,0,0,0,0,0,0,0,c8253369,0,0,1,Minor
2,2024-07-26,23:03:00,Friday,Head On,On Roadway,Concrete,No Defects,Darkness,Darkness - Road Lighted,"Two-Way, Divided, Unprotected Median",Not Provided,No Adverse Condition (Clear/Cloud),Straight - Level,Not Provided,No,Not at Intersection,Not Provided,No Traffic Control,Dry,Interchange Area,Main-Line Roadway,No Traffic Control Device Present,No,2024,Summer,July,Nighttime,9:00pm - 11:59pm,23,Injury Crash,No,No,No,No,No,Yes,No,No,No,No,No,No,No,Multiple Vehicle Crashes,Norfolk City,,Urban,36.89621,-76.25677,Non-Interstate,VA-168S,168.0,TIDEWATER DR,26.73,Other Principal Arterial,Not at Intersection,,No,0,0,No,0,0,0,1,0,0,0,0,0,0,1,c6666333,0,0,1,Minor
1,2023-08-23,02:20:00,Wednesday,Non-Collision,Roadside,"Blacktop, Asphalt, Bituminous",No Defects,Darkness,Darkness - Road Not Lighted,"Two-Way, Divided, Positive Median Barrier",Not Provided,No Adverse Condition (Clear/Cloud),Straight - Level,Not Provided,No,Not at Intersection,Not Provided,Traffic Lanes Marked,Dry,Intersection Area,Non-Intersection,Yes - Working,No,2023,Summer,August,Nighttime,Midnight - 2:59am,2,Injury Crash,No,No,No,No,No,No,No,No,No,No,Yes,No,No,Single Vehicle Crashes,Brunswick County,,Rural,36.88537,-77.81292,Interstate,I-85S,85.0,I-85,34.15,Interstate,Not at Intersection,,No,0,0,No,0,0,0,0,0,0,0,1,0,0,2,c4169219,0,1,0,Severe
2,2024-10-30,16:45:00,Wednesday,Angle,On Roadway,"Blacktop, Asphalt, Bituminous",No Defects,Daylight,Daylight,"Two-Way, Divided, Unprotected Median",Not Provided,No Adverse Condition (Clear/Cloud),Straight - Level,Not Provided,No,Four Approaches,Not Provided,Traffic Signal,Dry,Intersection Area,Within Intersection,Yes - Working,No,2024,Autumn,October,Daytime,3:00pm - 5:59pm,16,Injury Crash,No,No,No,No,No,No,No,No,No,Yes,No,No,No,Multiple Vehicle Crashes,Suffolk City,,Urban,36.7779,-76.5833,Non-Interstate,VA-10E,10.0,GODWIN BLVD,90.05,Other Principal Arterial,At Intersection,CORPORATE LN,No,0,0,No,0,0,0,0,0,0,0,0,0,0,1,c1591253,0,0,1,Minor
2,2024-12-22,18:19:00,Sunday,Rear End,On Roadway,"Blacktop, Asphalt, Bituminous",No Defects,Darkness,Darkness - Road Lighted,"Two-Way, Divided, Positive Median Barrier",Not Provided,No Adverse Condition (Clear/Cloud),On/Off Ramp,Not Provided,No,Not at Intersection,Not Provided,Traffic Lanes Marked,Dry,Interchange Area,On Entrance/Exit Ramp,Yes - Working,No,2024,Winter,December,Nighttime,6:00pm - 8:59pm,18,Property Damage Crash,No,No,No,No,No,No,No,No,No,No,No,No,No,Multiple Vehicle Crashes,Alexandria City,,Urban,38.79216,-77.05586,Interstate,US-1N RAMP 191A,95.0,I-95  RAMP,0.08,Interstate,Not at Intersection,,No,0,0,No,0,0,0,0,0,0,0,0,0,0,0,c3007282,0,0,1,Minor
1,2023-10-12,03:37:00,Thursday,Fixed Object - Off Road,Median,"Blacktop, Asphalt, Bituminous",No Defects,Darkness,Darkness - Road Not Lighted,"Two-Way, Divided, Unprotected Median",Not Provided,No Adverse Condition (Clear/Cloud),Straight - Level,Not Provided,No,Not at Intersection,Not Provided,No Traffic Control,Dry,Intersection Area,Non-Intersection,No Traffic Control Device Present,No,2023,Autumn,October,Nighttime,3:00am - 5:59am,3,Injury Crash,Yes,No,No,No,No,No,No,No,No,No,Yes,No,No,Single Vehicle Crashes,James City County,,Urban,37.27355,-76.7524,Non-Interstate,VA-199E,199.0,HUMELSINE PKWY,6.22,Other Freeways and Expressways,Not at Intersection,,No,0,0,No,0,0,0,0,0,0,0,1,0,0,1,c4195276,0,0,1,Minor
3,2023-01-13,21:36:00,Friday,Rear End,On Roadway,"Blacktop, Asphalt, Bituminous",No Defects,Darkness,Darkness - Road Lighted,"Two-Way, Divided, Unprotected Median",Not Provided,No Adverse Condition (Clear/Cloud),Straight - Level,Not Provided,No,Four Approaches,Not Provided,Traffic Lanes Marked,Dry,Intersection,Intersection Related - Outside 150 Feet,No Traffic Control Device Present,No,2023,Winter,January,Nighttime,9:00pm - 11:59pm,21,Property Damage Crash,Yes,No,No,No,No,No,No,No,No,No,Yes,No,No,Multiple Vehicle Crashes,Prince William County,,Urban,38.64617,-77.33747,Non-Interstate,SC-784E (PRINCE WILLIAM COUNTY),784.0,DALE BLVD,4.13,Minor Arterial,At Intersection,MINNIEVILLE RD,No,0,0,No,0,0,0,0,0,0,0,0,0,0,0,c7059196,0,0,1,Minor
1,2023-01-02,07:25:00,Monday,Other Animal,On Roadway,"Blacktop, Asphalt, Bituminous",No Defects,Daylight,Daylight,"Two-Way, Not Divided",Not Provided,Fog,Straight - Level,Not Provided,No,Three Approaches,Not Provided,No Traffic Control,Dry,Intersection Area,Within Intersection,No Traffic Control Device Present,No,2023,Winter,January,Daytime,6:00am - 8:59am,7,Property Damage Crash,No,No,No,No,No,No,No,No,No,No,No,No,No,Single Vehicle Crashes,King and Queen County,,Rural,37.90578,-77.03849,Non-Interstate,SC-623W (KING AND QUEEN COUNTY),623.0,INDIAN NECK RD,5.39,Minor Collector,At Intersection,HILLS FOX HUNT DR,No,0,0,No,0,0,0,0,0,0,0,0,0,0,0,c6526522,0,0,1,Minor
1,2024-12-16,22:45:00,Monday,Fixed Object - Off Road,On Roadway,"Blacktop, Asphalt, Bituminous",No Defects,Darkness,Darkness - Road Not Lighted,"Two-Way, Divided, Positive Median Barrier",Not Provided,Fog,Straight - Level,Not Provided,No,Not at Intersection,Not Provided,Traffic Lanes Marked,Wet,Interchange Area,Main-Line Roadway,Yes - Working,No,2024,Winter,December,Nighttime,9:00pm - 11:59pm,22,Injury Crash,Yes,No,No,No,No,No,No,No,No,No,No,No,No,Single Vehicle Crashes,Roanoke City,,Urban,37.29516,-79.95394,Interstate,I-581S,581.0,I-581,2.46,Interstate,Not at Intersection,,No,0,0,No,0,0,0,0,0,0,0,0,0,0,1,c6168333,0,0,1,Minor
1,2024-06-01,01:43:00,Saturday,Fixed Object - Off Road,On Roadway,"Blacktop, Asphalt, Bituminous",No Defects,Darkness,Darkness - Road Not Lighted,"Two-Way, Not Divided",Not Provided,No Adverse Condition (Clear/Cloud),Curve - Level,Not Provided,No,Not at Intersection,Not Provided,Traffic Lanes Marked,Dry,Intersection Area,Non-Intersection,No Traffic Control Device Present,No,2024,Summer,June,Nighttime,Midnight - 2:59am,1,Property Damage Crash,No,No,No,No,No,No,No,No,No,No,Yes,No,No,Single Vehicle Crashes,Lancaster County,Kilmarnock,Rural,37.71859,-76.39256,Non-Interstate,SC-688S (LANCASTER COUNTY),688.0,JAMES B JONES MEMORIAL HWAY,1.04,Major Collector,Not at Intersection,,No,0,0,No,0,0,0,0,0,0,0,0,0,0,0,c7683633,0,0,1,Minor
1,2023-07-29,17:14:00,Saturday,Fixed Object - Off Road,Shoulder,"Blacktop, Asphalt, Bituminous",No Defects,Daylight,Daylight,"Two-Way, Divided, Positive Median Barrier",Not Provided,Rain,Straight - Level,Not Provided,No,Not at Intersection,Not Provided,Traffic Lanes Marked,Wet,Interchange Area,Main-Line Roadway,Yes - Working,No,2023,Summer,July,Daytime,3:00pm - 5:59pm,17,Property Damage Crash,No,No,No,No,No,No,No,No,No,No,No,No,No,Single Vehicle Crashes,Bristol City,,Urban,36.62989,-82.12289,Interstate,I-81S,81.0,I-81,7.76,Interstate,Not at Intersection,,No,0,0,No,0,0,0,0,0,0,0,0,0,0,0,c3739332,0,0,1,Minor
2,2022-06-26,12:11:00,Sunday,Fixed Object - Off Road,Roadside,"Blacktop, Asphalt, Bituminous",No Defects,Daylight,Daylight,"Two-Way, Not Divided",Not Provided,No Adverse Condition (Clear/Cloud),Straight - Level,Not Provided,No,Not at Intersection,Not Provided,Traffic Lanes Marked,Dry,Intersection Area,Non-Intersection,Yes - Working,No,2022,Summer,June,Daytime,Noon - 2:59pm,12,Injury Crash,No,Yes,No,No,No,Yes,No,No,No,No,No,No,No,Multiple Vehicle Crashes,Rockingham County,,Rural,38.77134,-78.90612,Non-Interstate,VA-259S,259.0,BROCKS GAP RD,20.79,Major Collector,Not at Intersection,,Yes,0,0,No,0,0,0,1,0,0,0,0,0,0,1,c9370472,0,0,1,Minor
2,2024-04-29,13:06:00,Monday,Angle,On Roadway,"Blacktop, Asphalt, Bituminous",No Defects,Daylight,Daylight,"Two-Way, Not Divided",Not Provided,No Adverse Condition (Clear/Cloud),Straight - Level,Not Provided,No,Three Approaches,Not Provided,Traffic Signal,Dry,Intersection Area,Within Intersection,Yes - Working,No,2024,Spring,April,Daytime,Noon - 2:59pm,13,Property Damage Crash,No,No,No,No,No,No,No,No,No,No,No,No,No,Multiple Vehicle Crashes,Fairfax City,,Urban,38.86219,-77.2936,Non-Interstate,US-29S,29.0,FAIRFAX BLVD,236.22,Other Principal Arterial,At Intersection,PLANTATION PKWY,No,0,0,No,0,0,0,0,0,0,0,0,0,0,0,c8188680,0,0,1,Minor
2,2023-03-06,13:33:00,Monday,Angle,On Roadway,"Blacktop, Asphalt, Bituminous",No Defects,Daylight,Daylight,"Two-Way, Divided, Unprotected Median",Not Provided,No Adverse Condition (Clear/Cloud),Straight - Level,Not Provided,No,Four Approaches,Not Provided,Stop Sign,Dry,Intersection Area,Within Intersection,Yes - Working,No,2023,Spring,March,Daytime,Noon - 2:59pm,13,Injury Crash,No,No,No,No,No,No,No,No,No,No,No,No,No,Multiple Vehicle Crashes,Portsmouth City,,Urban,36.83134,-76.34253,Non-Interstate,S ST (NP - CITY OF PORTSMOUTH),,SOUTH ST,1.51,Local,At Intersection,AIRLINE BLVD,No,0,0,No,0,0,0,0,0,0,0,0,0,0,2,c6412946,0,1,0,Severe
2,2024-11-27,13:24:00,Wednesday,Angle,On Roadway,"Blacktop, Asphalt, Bituminous",No Defects,Daylight,Daylight,"Two-Way, Not Divided",Not Provided,No Adverse Condition (Clear/Cloud),Straight - Level,Not Provided,No,Three Approaches,Not Provided,Traffic Signal,Dry,Interchange Area,Main-Line Roadway,Yes - Working,No,2024,Autumn,November,Daytime,Noon - 2:59pm,13,Property Damage Crash,No,No,No,No,No,No,No,No,No,No,No,No,No,Multiple Vehicle Crashes,Petersburg City,,Urban,37.23791,-77.37694,Non-Interstate,VA-36E,36.0,WASHINGTON ST,8.96,Other Principal Arterial,At Intersection,SLAGLE AVE,No,0,0,No,0,0,0,0,0,0,0,0,0,0,0,c2817921,0,0,1,Minor
2,2023-07-01,11:36:00,Saturday,Rear End,On Roadway,"Blacktop, Asphalt, Bituminous",No Defects,Daylight,Daylight,"Two-Way, Divided, Positive Median Barrier",Activity Area,No Adverse Condition (Clear/Cloud),Straight - Level,With Law Enforcement,No,Not at Intersection,Intermittent or Moving Work,Traffic Lanes Marked,Dry,Intersection Area,Non-Intersection,Yes - Working,Yes,2023,Summer,July,Daytime,9:00am - 11:59am,11,Property Damage Crash,No,No,No,No,No,No,No,No,No,Yes,No,No,No,Multiple Vehicle Crashes,Chesapeake City,,Urban,36.77159,-76.36417,Interstate,I-64E,64.0,I-64,298.34,Interstate,Not at Intersection,,No,0,0,No,0,0,0,0,0,0,0,0,0,0,0,c6899141,0,0,1,Minor
3,2024-02-23,10:50:00,Friday,Rear End,On Roadway,"Blacktop, Asphalt, Bituminous",No Defects,Daylight,Daylight,"Two-Way, Divided, Positive Median Barrier",Not Provided,Rain,Straight - Level,Not Provided,No,Not at Intersection,Not Provided,Traffic Signal,Wet,Interchange Area,Main-Line Roadway,Yes - Working,No,2024,Winter,February,Daytime,9:00am - 11:59am,10,Injury Crash,No,No,No,No,No,No,No,No,No,No,Yes,No,No,Multiple Vehicle Crashes,Alexandria City,,Urban,38.81647,-77.13941,Non-Interstate,VA-236E,236.0,DUKE ST,10.41,Other Principal Arterial,At Intersection,I-395 RAMP,Yes,0,1,No,0,0,0,0,0,0,0,0,0,0,1,c9497889,0,0,1,Minor
2,2024-03-20,23:56:00,Wednesday,Head On,On Roadway,"Blacktop, Asphalt, Bituminous",No Defects,Darkness,Darkness - Road Not Lighted,"Two-Way, Divided, Unprotected Median",Not Provided,No Adverse Condition (Clear/Cloud),Straight - Level,Not Provided,No,Four Approaches,Not Provided,Traffic Signal,Dry,Intersection Area,Intersection Related - Within 150 Feet,Yes - Working,No,2024,Spring,March,Nighttime,9:00pm - 11:59pm,23,Injury Crash,No,No,No,No,No,No,No,No,No,Yes,No,No,No,Multiple Vehicle Crashes,James City County,,Urban,37.2731,-76.75211,Non-Interstate,VA-321E,321.0,MONTICELLO AVE,0.08,Minor Arterial,At Intersection,HUMELSINE PKWY,No,0,0,No,0,0,0,0,0,0,0,0,0,0,2,c8055818,0,1,0,Severe
1,2022-07-01,21:12:00,Friday,Fixed Object - Off Road,Roadside,"Blacktop, Asphalt, Bituminous",No Defects,Darkness,Darkness - Road Not Lighted,"Two-Way, Not Divided",Not Provided,No Adverse Condition (Clear/Cloud),Straight - Level,Not Provided,No,Not at Intersection,Not Provided,Traffic Lanes Marked,Dry,Intersection Area,Non-Intersection,Yes - Working,No,2022,Summer,July,Nighttime,9:00pm - 11:59pm,21,Property Damage Crash,No,Yes,No,No,No,No,No,No,No,No,No,No,No,Single Vehicle Crashes,Spotsylvania County,,Rural,38.094,-77.65824,Non-Interstate,SC-738N (SPOTSYLVANIA COUNTY),738.0,PARTLOW RD,6.85,Major Collector,At Intersection,QUIET WOODS LN,No,0,0,No,0,0,0,0,0,0,0,0,0,0,0,c8143349,0,0,1,Minor
2,2022-05-23,12:02:00,Monday,Sideswipe - Same Direction,On Roadway,"Blacktop, Asphalt, Bituminous",No Defects,Daylight,Daylight,"Two-Way, Divided, Positive Median Barrier",Not Provided,No Adverse Condition (Clear/Cloud),Straight - Level,Not Provided,No,Not at Intersection,Not Provided,Traffic Lanes Marked,Dry,Intersection Area,Non-Intersection,Yes - Working,No,2022,Spring,May,Daytime,Noon - 2:59pm,12,Injury Crash,No,No,No,No,No,No,No,No,No,No,No,No,No,Multiple Vehicle Crashes,Hampton City,,Urban,37.03811,-76.40555,Non-Interstate,US-258W,258.0,MERCURY BLVD,62.01,Other Principal Arterial,Not at Intersection,,No,0,0,No,0,0,0,0,0,0,0,0,0,0,1,c3984871,0,0,1,Minor