NumberOfVehicles,CrashDate,CrashTime,DayOfWeek,TypeOfCollision,LocationOfFirstHarmfulEvent,RoadwaySurfaceType,RoadwayDefect,LightCondition_Category,LightCondition_Value,RoadwayDescription,WorkZoneLocation,WeatherCondition,RoadwayAlignment,WorkZoneWorkersPresent,SchoolZone,IntersectionType,WorkZoneType,TrafficControlType,RoadwaySurfaceCondition,RelationToRoadway_Category,RelationToRoadway_Value,TrafficControlMechanicalDevice,WorkZoneRelated,Year,Meteorological Season,MonthName,DaytimeNighttime_NHTSA,ThreeHourLabel,Hour,CrashType,AlcoholInvolved,SpeedRelated,CommercialMotorVehiclesInvolved,PedestrianInvolved,BicycleInvolved,MotorcycleInvolved,MopedInvolved,TrainRelated,SchoolZoneInvolved,TeenDriverInvolved,DistractedDriverInvolved,DriverTextingInvolved,DriverUsingCellPhone,Single_Multi_Vehicle,Jurisdiction,TownName,LocationTypeName,Latitude,Longitude,Interstate_NonInterstate,RoadName,RouteNumber,RouteName,MileMarker,FunctionalClassCode,AtIntersection,SecondaryLocation,MatureDriverInvolved,MatureDriverFatalities,MatureDriverInjuries,LargeTruckInvolved,PedestrianFatalities,PedestrianInjuries,MotorcycleFatalities,MotorcycleInjuries,BicycleFatalities,BicycleInjuries,DistractedDriverFatalities,DistractedDriverInjuries,UnrestrainedInjuries,Number_Of_Fatalities,Number_Of_Injuries,Crash_UID,Is_Fatal,Is_Severe,Is_Minor,SeverityLabel
2,2024-01-22,07:52:00,Monday,Rear End,On Roadway,"Blacktop, Asphalt, Bituminous",No Defects,Daylight,Daylight,"Two-Way, Divided, Positive Median Barrier",Not Provided,No Adverse Condition (Clear/Cloud),Straight - Level,Not Provided,No,Not at Intersection,Not Provided,Traffic Lanes Marked,Dry,Interchange Area,Main-Line Roadway,Yes - Working,No,2024,Winter,January,Daytime,6:00am - 8:59am,7,Property Damage Crash,No,Yes,No,No,No,No,No,No,No,No,No,No,No,Multiple Vehicle Crashes,Chesapeake City,,Urban,36.84911,-76.43316,Interstate,I-664S,664.0,I-664,14.58,Interstate,Not at Intersection,,Yes,0,0,No,0,0,0,0,0,0,0,0,0,0,0,c7388802,0,0,1,Minor
2,2024-04-22,19:05:00,Monday,Angle,On Roadway,"Blacktop, Asphalt, Bituminous",No Defects,Daylight,Daylight,"Two-Way, Not Divided",Not Provided,No Adverse Condition (Clear/Cloud),Straight - Level,Not Provided,No,Three Approaches,Not Provided,Stop Sign,Dry,Intersection Area,Within Intersection,Yes - Working,No,2024,Spring,April,Nighttime,6:00pm - 8:59pm,19,Property Damage Crash,No,No,No,No,No,No,No,No,No,No,No,No,No,Multiple Vehicle Crashes,Chesterfield County,,Urban,37.4405,-77.50325,Non-Interstate,SC-5275W (CHESTERFIELD COUNTY),5275.0,ZION RIDGE DR,0.13,Local,At Intersection,ZION RIDGE TER,No,0,0,No,0,0,0,0,0,0,0,0,0,0,0,c9592495,0,0,1,Minor
4,2023-03-09,18:20:00,Thursday,Other,On Roadway,Concrete,No Defects,Darkness,Darkness - Road Lighted,"Two-Way, Not Divided",Not Provided,No Adverse Condition (Clear/Cloud),Straight - Level,Not Provided,No,Not at Intersection,Not Provided,Traffic Lanes Marked,Dry,Intersection Area,Non-Intersection,Yes - Working,No,2023,Spring,March,Nighttime,6:00pm - 8:59pm,18,Property Damage Crash,No,No,No,No,No,No,No,No,No,No,No,No,No,Multiple Vehicle Crashes,Richmond City,,Urban,37.56927,-77.47454,,ROSENEATH RD (NP - CITY OF RICHMOND),,ROSENEATH RD,0.93,,At Intersection,CLAY ST,No,0,0,No,0,0,0,0,0,0,0,0,0,0,0,c2913013,0,0,1,Minor
1,2022-09-10,19:46:00,Saturday,Other,Median,"Blacktop, Asphalt, Bituminous",No Defects,Darkness,Darkness - Road Not Lighted,"Two-Way, Divided, Unprotected Median",Not Provided,Rain,Straight - Level,Not Provided,No,Not at Intersection,Not Provided,Traffic Lanes Marked,Wet,Intersection Area,Non-Intersection,Yes - Working,No,2022,Autumn,September,Nighttime,6:00pm - 8:59pm,19,Fatal Crash,No,No,No,No,No,No,No,No,No,No,No,No,No,Single Vehicle Crashes,Pittsylvania County,,Urban,36.7199,-79.38287,Non-Interstate,US-29N,29.0,US-29,17.54,Other Principal Arterial,Not at Intersection,,No,0,0,No,0,0,0,0,0,0,0,0,1,1,1,c9957276,1,1,0,Fatal
1,2023-05-02,23:43:00,Tuesday,Fixed Object in Road,On Roadway,"Blacktop, Asphalt, Bituminous",No Defects,Darkness,Darkness - Road Not Lighted,"Two-Way, Divided, Positive Median Barrier",Transition Area,No Adverse Condition (Clear/Cloud),Curve - Level,With Law Enforcement,No,Not at Intersection,Lane Closure,Traffic Lanes Marked,Dry,Intersection Area,Non-Intersection,Yes - Working,Yes,2023,Spring,May,Nighttime,9:00pm - 11:59pm,23,Property Damage Crash,No,No,No,No,No,No,No,No,No,Yes,Yes,No,No,Single Vehicle Crashes,New Kent County,,Rural,37.44914,-76.86637,Interstate,I-64E,64.0,I-64,224.36,Interstate,Not at Intersection,,No,0,0,No,0,0,0,0,0,0,0,0,0,0,0,c8833977,0,0,1,Minor
3,2024-12-06,20:51:00,Friday,Rear End,On Roadway,"Blacktop, Asphalt, Bituminous",No Defects,Darkness,Darkness - Road Not Lighted,"Two-Way, Divided, Positive Median Barrier",Not Provided,No Adverse Condition (Clear/Cloud),Straight - Level,Not Provided,No,Not at Intersection,Not Provided,No Traffic Control,Dry,Intersection Area,Non-Intersection,No Traffic Control Device Present,No,2024,Winter,December,Nighttime,6:00pm - 8:59pm,20,Injury Crash,No,No,No,No,No,No,No,No,No,Yes,No,No,No,Multiple Vehicle Crashes,Prince William County,,Urban,38.65754,-77.32123,Non-Interstate,VA-294W,294.0,PRINCE WILLIAM PKWAY,11.82,Other Principal Arterial,Not at Intersection,,No,0,0,No,0,0,0,0,0,0,0,0,0,0,3,c6884201,0,1,0,Severe
3,2024-09-05,23:18:00,Thursday,Rear End,On Roadway,"Blacktop, Asphalt, Bituminous",No Defects,Darkness,Darkness - Road Lighted,"Two-Way, Divided, Unprotected Median",Not Provided,No Adverse Condition (Clear/Cloud),Straight - Level,Not Provided,No,Four Approaches,Not Provided,Traffic Signal,Dry,Intersection Area,Intersection Related - Within 150 Feet,Yes - Working,No,2024,Autumn,September,Nighttime,9:00pm - 11:59pm,23,Property Damage Crash,No,No,No,No,No,No,No,No,No,Yes,Yes,No,Yes,Multiple Vehicle Crashes,Newport News City,,Urban,37.10378,-76.5119,Non-Interstate,US-60W,60.0,WARWICK BLVD,257.35,Other Principal Arterial,At Intersection,OYSTER POINT RD,No,0,0,No,0,0,0,0,0,0,0,0,0,0,0,c3506723,0,0,1,Minor
2,2022-08-12,06:35:00,Friday,Sideswipe - Same Direction,On Roadway,"Blacktop, Asphalt, Bituminous",No Defects,Daylight,Daylight,"Two-Way, Divided, Positive Median Barrier",Not Provided,No Adverse Condition (Clear/Cloud),On/Off Ramp,Not Provided,No,Not at Intersection,Not Provided,Highway Safety Corridor,Dry,Interchange Area,On Entrance/Exit Ramp,Yes - Working,No,2022,Summer,August,Daytime,6:00am - 8:59am,6,Injury Crash,No,No,No,No,No,No,No,No,No,No,No,No,No,Multiple Vehicle Crashes,Richmond City,,Urban,37.58243,-77.46995,Interstate,I-95S,95.0,I-95,79.1,Interstate,Not at Intersection,,No,0,0,No,0,0,0,0,0,0,0,0,0,0,1,c0884803,0,0,1,Minor
2,2023-11-03,07:11:00,Friday,Rear End,On Roadway,"Blacktop, Asphalt, Bituminous",No Defects,Dawn,Dawn,"Two-Way, Divided, Unprotected Median",Not Provided,No Adverse Condition (Clear/Cloud),Straight - Level,Not Provided,No,Not at Intersection,Not Provided,No Traffic Control,Dry,Intersection Area,Non-Intersection,No Traffic Control Device Present,No,2023,Autumn,November,Daytime,6:00am - 8:59am,7,Property Damage Crash,No,No,No,No,No,No,No,No,No,No,No,No,No,Multiple Vehicle Crashes,Henrico County,,Urban,37.6448,-77.46008,Non-Interstate,US-1S,1.0,BROOK RD,100.64,Other Principal Arterial,Not at Intersection,,Yes,0,0,No,0,0,0,0,0,0,0,0,0,0,0,c9951615,0,0,1,Minor
2,2022-06-21,02:43:00,Tuesday,Rear End,On Roadway,"Blacktop, Asphalt, Bituminous",No Defects,Daylight,Daylight,"Two-Way, Divided, Unprotected Median",Not Provided,No Adverse Condition (Clear/Cloud),Straight - Level,Not Provided,No,Not at Intersection,Not Provided,Traffic Signal,Dry,Intersection Area,Non-Intersection,Yes - Working,No,2022,Summer,June,Nighttime,Midnight - 2:59am,2,Injury Crash,No,No,No,No,No,No,No,No,No,No,No,No,No,Multiple Vehicle Crashes,Washington County,Abingdon,Urban,36.71776,-81.94837,Non-Interstate,US-11N,11.0,MAIN ST,17.47,Minor Arterial,At Intersection,HILLMAN HWY,No,0,0,No,0,0,0,0,0,0,0,0,0,0,1,c0485403,0,0,1,Minor
1,2024-10-30,21:11:00,Wednesday,Fixed Object - Off Road,"Off Roadway, Location Unknown","Blacktop, Asphalt, Bituminous",No Defects,Darkness,Darkness - Road Not Lighted,"Two-Way, Divided, Unprotected Median",Not Provided,No Adverse Condition (Clear/Cloud),Straight - Level,Not Provided,No,Not at Intersection,Not Provided,Traffic Lanes Marked,Dry,Intersection Area,Non-Intersection,Yes - Working,No,2024,Autumn,October,Nighttime,9:00pm - 11:59pm,21,Property Damage Crash,No,Yes,No,No,No,No,No,No,No,Yes,No,No,No,Single Vehicle Crashes,King William County,,Rural,37.57129,-76.8367,Non-Interstate,VA-30E,30.0,KING WILLIAM RD,42.37,Minor Arterial,Not at Intersection,,No,0,0,No,0,0,0,0,0,0,0,0,0,0,0,c6501445,0,0,1,Minor
1,2024-11-09,11:00:00,Saturday,Fixed Object - Off Road,Roadside,"Blacktop, Asphalt, Bituminous",No Defects,Daylight,Daylight,"Two-Way, Not Divided",Not Provided,No Adverse Condition (Clear/Cloud),Straight - Level,Not Provided,No,Not at Intersection,Not Provided,Traffic Lanes Marked,Dry,Intersection Area,Non-Intersection,Yes - Working,No,2024,Autumn,November,Daytime,9:00am - 11:59am,11,Property Damage Crash,No,No,No,No,No,No,No,No,No,No,No,No,No,Single Vehicle Crashes,Nottoway County,,Rural,37.08204,-78.0191,Non-Interstate,SC-665W (NOTTOWAY COUNTY),665.0,COLE HARBOR RD,0.25,Local,Not at Intersection,,No,0,0,No,0,0,0,0,0,0,0,0,0,0,0,c4494960,0,0,1,Minor
2,2023-01-08,00:48:00,Sunday,Angle,On Roadway,"Blacktop, Asphalt, Bituminous",No Defects,Darkness,Darkness - Road Lighted,"Two-Way, Divided, Unprotected Median",Not Provided,No Adverse Condition (Clear/Cloud),Straight - Level,Not Provided,No,Four Approaches,Not Provided,Traffic Signal,Dry,Intersection Area,Within Intersection,Yes - Working,No,2023,Winter,January,Nighttime,Midnight - 2:59am,0,Injury Crash,No,Yes,No,No,No,Yes,No,No,No,No,No,No,No,Multiple Vehicle Crashes,Fairfax County,,Urban,38.92855,-77.24094,Non-Interstate,SC-684S (FAIRFAX COUNTY),684.0,SPRING HILL RD,0.23,Major Collector,At Intersection,LEESBURG PIKE,No,0,0,No,0,0,0,1,0,0,0,0,0,0,1,c5658202,0,0,1,Minor
2,2023-01-07,22:07:00,Saturday,Rear End,On Roadway,"Blacktop, Asphalt, Bituminous",No Defects,Darkness,Darkness - Road Not Lighted,"Two-Way, Not Divided",Not Provided,No Adverse Condition (Clear/Cloud),Straight - Level,Not Provided,No,Not at Intersection,Not Provided,No Passing Lines,Dry,Intersection Area,Non-Intersection,Yes - Working,No,2023,Winter,January,Nighttime,9:00pm - 11:59pm,22,Property Damage Crash,No,No,No,No,No,No,No,No,No,Yes,No,No,No,Multiple Vehicle Crashes,Carroll County,,Rural,36.70131,-80.94527,Non-Interstate,SC-721W (CARROLL COUNTY),721.0,FRIES RD,1.35,Major Collector,Not at Intersection,,No,0,0,No,0,0,0,0,0,0,0,0,0,0,0,c5115523,0,0,1,Minor
1,2023-05-02,09:14:00,Tuesday,Other,Roadside,"Blacktop, Asphalt, Bituminous",No Defects,Daylight,Daylight,"Two-Way, Divided, Unprotected Median",Not Provided,No Adverse Condition (Clear/Cloud),Grade - Straight,Not Provided,No,Not at Intersection,Not Provided,Traffic Lanes Marked,Dry,Interchange Area,Main-Line Roadway,Yes - Working,No,2023,Spring,May,Daytime,9:00am - 11:59am,9,Injury Crash,No,No,Yes,No,No,No,No,No,No,No,Yes,No,No,Single Vehicle Crashes,Franklin County,,Rural,36.85079,-79.88132,Non-Interstate,US-220S,220.0,VIRGIL H GOODE HWY,28.21,Other Principal Arterial,Not at Intersection,,No,0,0,No,0,0,0,0,0,0,0,1,0,0,1,c8367847,0,0,1,Minor
1,2023-10-04,14:28:00,Wednesday,Fixed Object - Off Road,Roadside,"Blacktop, Asphalt, Bituminous",No Defects,Daylight,Daylight,"Two-Way, Divided, Unprotected Median",Not Provided,No Adverse Condition (Clear/Cloud),Straight - Level,Not Provided,No,Not at Intersection,Not Provided,Traffic Lanes Marked,Dry,Intersection Area,Non-Intersection,Yes - Working,No,2023,Autumn,October,Daytime,Noon - 2:59pm,14,Fatal Crash,No,Yes,Yes,No,No,No,No,No,No,No,No,No,No,Single Vehicle Crashes,Fauquier County,,Rural,38.48471,-77.68116,Non-Interstate,US-17N,17.0,MARSH RD,197.14,Other Principal Arterial,Not at Intersection,,No,0,0,No,0,0,0,0,0,0,0,0,0,1,0,c0566967,1,1,0,Fatal
2,2022-08-17,17:37:00,Wednesday,Angle,On Roadway,"Blacktop, Asphalt, Bituminous",No Defects,Daylight,Daylight,"Two-Way, Not Divided",Not Provided,No Adverse Condition (Clear/Cloud),Straight - Level,Not Provided,Yes,Four Approaches,Not Provided,No Traffic Control,Dry,Intersection Area,Within Intersection,No Traffic Control Device Present,No,2022,Summer,August,Daytime,3:00pm - 5:59pm,17,Property Damage Crash,No,No,No,No,No,No,No,No,Yes,Yes,No,No,No,Multiple Vehicle Crashes,Richmond City,,Urban,37.59739,-77.44832,Non-Interstate,OLD BROOK RD (PR - CITY OF RICHMOND),,OLD BROOK RD,0.62,Local,At Intersection,WESTBROOK AVE,No,0,0,No,0,0,0,0,0,0,0,0,0,0,0,c5382675,0,0,1,Minor
1,2024-10-01,16:38:00,Tuesday,Fixed Object - Off Road,On Roadway,"Blacktop, Asphalt, Bituminous",No Defects,Daylight,Daylight,"Two-Way, Divided, Unprotected Median",Not Provided,Rain,Straight - Level,Not Provided,No,Not at Intersection,Not Provided,Traffic Lanes Marked,Wet,Intersection Area,Non-Intersection,Yes - Working,No,2024,Autumn,October,Daytime,3:00pm - 5:59pm,16,Property Damage Crash,No,No,No,No,No,No,No,No,No,No,No,No,No,Single Vehicle Crashes,Chesterfield County,,Urban,37.40468,-77.45465,Non-Interstate,SC-611E (CHESTERFIELD COUNTY),611.0,KINGSLAND RD,2.78,Major Collector,Not at Intersection,,No,0,0,No,0,0,0,0,0,0,0,0,0,0,0,c6473809,0,0,1,Minor
1,2023-11-26,02:31:00,Sunday,Fixed Object - Off Road,Roadside,"Blacktop, Asphalt, Bituminous",No Defects,Darkness,Darkness - Road Not Lighted,"Two-Way, Divided, Unprotected Median",Not Provided,No Adverse Condition (Clear/Cloud),Straight - Level,Not Provided,No,Not at Intersection,Not Provided,Traffic Lanes Marked,Dry,Intersection Area,Non-Intersection,Yes - Working,No,2023,Autumn,November,Nighttime,Midnight - 2:59am,2,Injury Crash,Yes,Yes,No,No,No,No,No,No,No,No,No,No,No,Single Vehicle Crashes,Spotsylvania County,,Urban,38.24655,-77.48616,Non-Interstate,SC-636E (SPOTSYLVANIA COUNTY),636.0,MINE RD,1.57,Major Collector,At Intersection,CAMPBELL DR,No,0,0,No,0,0,0,0,0,0,0,0,0,0,1,c5150308,0,0,1,Minor
2,2023-10-24,13:58:00,Tuesday,Rear End,On Roadway,"Blacktop, Asphalt, Bituminous",No Defects,Daylight,Daylight,"Two-Way, Not Divided",Not Provided,No Adverse Condition (Clear/Cloud),Hillcrest - Straight,Not Provided,No,Not at Intersection,Not Provided,Traffic Lanes Marked,Dry,Interchange Area,Main-Line Roadway,Yes - Working,No,2023,Autumn,October,Daytime,Noon - 2:59pm,13,Property Damage Crash,No,No,No,No,No,No,No,No,No,No,No,No,No,Multiple Vehicle Crashes,Williamsburg City,,Urban,37.27348,-76.69148,,CAPITOL LANDING RD (NP - CITY OF WILLIAMSBURG),,CAPITOL LANDING RD,0.0,,At Intersection,LAFAYETTE ST,No,0,0,No,0,0,0,0,0,0,0,0,0,0,0,c9915062,0,0,1,Minor
2,2022-01-22,19:53:00,Saturday,Angle,On Roadway,"Blacktop, Asphalt, Bituminous",No Defects,Darkness,Darkness - Road Lighted,"Two-Way, Divided, Positive Median Barrier",Not Provided,No Adverse Condition (Clear/Cloud),Straight - Level,Not Provided,No,Four Approaches,Not Provided,Traffic Signal,Dry,Intersection Area,Within Intersection,Yes - Working,No,2022,Winter,January,Nighttime,6:00pm - 8:59pm,19,Property Damage Crash,No,No,No,No,No,No,No,No,No,Yes,No,No,No,Multiple Vehicle Crashes,Fairfax County,,Urban,38.86016,-77.40546,Non-Interstate,SC-645E (FAIRFAX COUNTY),645.0,STRINGFELLOW RD,4.52,Minor Arterial,At Intersection,NORTHBOURNE DR,No,0,0,No,0,0,0,0,0,0,0,0,0,0,0,c2110152,0,0,1,Minor
3,2022-11-07,11:09:00,Monday,Rear End,On Roadway,"Blacktop, Asphalt, Bituminous",No Defects,Daylight,Daylight,"Two-Way, Divided, Unprotected Median",Not Provided,No Adverse Condition (Clear/Cloud),Straight - Level,Not Provided,No,Four Approaches,Not Provided,Traffic Signal,Dry,Intersection Area,Intersection Related - Within 150 Feet,Yes - Working,No,2022,Autumn,November,Daytime,9:00am - 11:59am,11,Property Damage Crash,No,No,No,No,No,No,No,No,No,No,No,No,No,Multiple Vehicle Crashes,Henrico County,,Urban,37.60764,-77.56466,Non-Interstate,CR-7518S (HENRICO COUNTY),7518.0,PARHAM RD,2.83,Other Principal Arterial,At Intersection,FARGO RD,No,0,0,No,0,0,0,0,0,0,0,0,0,0,0,c5940095,0,0,1,Minor
3,2024-06-28,15:41:00,Friday,Angle,On Roadway,"Blacktop, Asphalt, Bituminous",No Defects,Daylight,Daylight,"Two-Way, Divided, Positive Median Barrier",Activity Area,No Adverse Condition (Clear/Cloud),Straight - Level,With No Law Enforcement,No,Not at Intersection,Work on Shoulder or Median,Traffic Lanes Marked,Dry,Intersection Area,Non-Intersection,Yes - Working,Yes,2024,Summer,June,Daytime,3:00pm - 5:59pm,15,Property Damage Crash,No,No,Yes,No,No,No,No,No,No,No,No,No,No,Multiple Vehicle Crashes,Fairfax County,,Urban,38.94611,-77.20247,Interstate,I-495S,495.0,I-495,13.46,Interstate,Not at Intersection,,No,0,0,No,0,0,0,0,0,0,0,0,0,0,0,c3982105,0,0,1,Minor
2,2024-07-18,14:30:00,Thursday,Rear End,On Roadway,"Blacktop, Asphalt, Bituminous",No Defects,Daylight,Daylight,"Two-Way, Divided, Unprotected Median",Not Provided,No Adverse Condition (Clear/Cloud),Grade - Straight,Not Provided,No,Not at Intersection,Not Provided,Traffic Lanes Marked,Dry,Intersection Area,Non-Intersection,Yes - Working and Obscured,No,2024,Summer,July,Daytime,Noon - 2:59pm,14,Property Damage Crash,No,Yes,No,No,No,No,No,No,No,No,No,No,No,Multiple Vehicle Crashes,Albemarle County,,Rural,38.02204,-78.55802,Interstate,I-64W,64.0,I-64,116.98,Interstate,Not at Intersection,,No,0,0,No,0,0,0,0,0,0,0,0,0,0,0,c9089002,0,0,1,Minor
2,2023-02-16,19:01:00,Thursday,Angle,On Roadway,Concrete,No Defects,Darkness,Darkness - Road Lighted,"Two-Way, Divided, Positive Median Barrier",Not Provided,No Adverse Condition (Clear/Cloud),Straight - Level,Not Provided,No,Not at Intersection,Not Provided,Traffic Lanes Marked,Dry,Intersection Area,Non-Intersection,Yes - Working,No,2023,Winter,February,Nighttime,6:00pm - 8:59pm,19,Property Damage Crash,No,No,No,No,No,No,No,No,No,No,No,No,No,Multiple Vehicle Crashes,Richmond City,,Urban,37.55387,-77.42618,Interstate,I-64W,64.0,I-64,191.38,Interstate,Not at Intersection,,No,0,0,No,0,0,0,0,0,0,0,0,0,0,0,c3422159,0,0,1,Minor
1,2023-12-30,09:00:00,Saturday,Fixed Object - Off Road,On Roadway,"Blacktop, Asphalt, Bituminous",Slick Pavement,Daylight,Daylight,"Two-Way, Divided, Positive Median Barrier",Not Provided,Rain,Straight - Level,Not Provided,No,Not at Intersection,Not Provided,Traffic Lanes Marked,Wet,Intersection Area,Non-Intersection,Yes - Working,No,2023,Winter,December,Daytime,9:00am - 11:59am,9,Property Damage Crash,No,No,No,No,No,No,No,No,No,No,No,No,No,Single Vehicle Crashes,Roanoke City,,Urban,37.23374,-79.97511,Non-Interstate,BUS US-220S RAMP 0B (2 CITY OF ROANOKE),220.0,US-220 RAMP,0.12,Other Freeways and Expressways,Not at Intersection,,No,0,0,No,0,0,0,0,0,0,0,0,0,0,0,c1707786,0,0,1,Minor
1,2023-03-11,07:07:00,Saturday,Fixed Object - Off Road,Roadside,"Blacktop, Asphalt, Bituminous",No Defects,Daylight,Daylight,"Two-Way, Divided, Unprotected Median",Not Provided,No Adverse Condition (Clear/Cloud),Dip - Curve,Not Provided,No,Not at Intersection,Not Provided,Traffic Lanes Marked,Dry,Interchange Area,"Other interchange area (median, shoulder & roadside)",No Traffic Control Device Present,No,2023,Spring,March,Daytime,6:00am - 8:59am,7,Property Damage Crash,No,Yes,No,No,No,No,No,No,No,No,Yes,No,No,Single Vehicle Crashes,Nottoway County,Crewe,Urban,37.18194,-78.13269,Non-Interstate,US-460E,460.0,VIRGINIA AVE,273.5,Other Principal Arterial,At Intersection,GRAVES ST,No,0,0,No,0,0,0,0,0,0,0,0,0,0,0,c6928988,0,0,1,Minor
1,2024-09-29,23:49:00,Sunday,Deer,On Roadway,"Blacktop, Asphalt, Bituminous",No Defects,Darkness,Darkness - Road Not Lighted,"Two-Way, Divided, Positive Median Barrier",Not Provided,No Adverse Condition (Clear/Cloud),Straight - Level,Not Provided,No,Not at Intersection,Not Provided,Traffic Lanes Marked,Dry,Intersection Area,Non-Intersection,Yes - Working,No,2024,Autumn,September,Nighttime,9:00pm - 11:59pm,23,Property Damage Crash,No,Yes,No,No,No,No,No,No,No,No,No,No,No,Single Vehicle Crashes,Roanoke County,,Urban,37.21066,-79.9563,Non-Interstate,US-220S,220.0,FRANKLIN RD,58.11,Other Principal Arterial,Not at Intersection,,No,0,0,No,0,0,0,0,0,0,0,0,0,0,0,c2983170,0,0,1,Minor
1,2024-04-30,16:05:00,Tuesday,Fixed Object in Road,On Roadway,"Blacktop, Asphalt, Bituminous",No Defects,Daylight,Daylight,"Two-Way, Divided, Positive Median Barrier",Not Provided,No Adverse Condition (Clear/Cloud),Grade - Straight,Not Provided,No,Not at Intersection,Not Provided,Traffic Lanes Marked,Dry,Intersection Area,Non-Intersection,Yes - Working,No,2024,Spring,April,Daytime,3:00pm - 5:59pm,16,Property Damage Crash,No,No,No,No,No,No,No,No,No,No,No,No,No,Single Vehicle Crashes,Bland County,,Rural,37.12535,-81.12059,Interstate,I-77N,77.0,I-77,54.87,Interstate,Not at Intersection,,No,0,0,No,0,0,0,0,0,0,0,0,0,0,0,c6085650,0,0,1,Minor
3,2022-10-20,08:45:00,Thursday,Rear End,On Roadway,"Blacktop, Asphalt, Bituminous",No Defects,Daylight,Daylight,"Two-Way, Divided, Positive Median Barrier",Not Provided,No Adverse Condition (Clear/Cloud),Straight - Level,Not Provided,No,Not at Intersection,Not Provided,Highway Safety Corridor,Dry,Intersection Area,Non-Intersection,Yes - Working,No,2022,Autumn,October,Daytime,6:00am - 8:59am,8,Property Damage Crash,No,Yes,No,No,No,No,No,No,No,No,No,No,No,Multiple Vehicle Crashes,Richmond City,,Urban,37.5543,-77.44599,Interstate,I-95N,95.0,I-95,76.5,Interstate,Not at Intersection,,No,0,0,No,0,0,0,0,0,0,0,0,0,0,0,c1998732,0,0,1,Minor
3,2024-09-17,18:50:00,Tuesday,Rear End,On Roadway,"Blacktop, Asphalt, Bituminous",No Defects,Darkness,Darkness - Road Not Lighted,"Two-Way, Divided, Unprotected Median",Not Provided,Rain,Straight - Level,Not Provided,No,Not at Intersection,Not Provided,Traffic Lanes Marked,Wet,Interchange Area,Main-Line Roadway,Yes - Working,No,2024,Autumn,September,Nighttime,6:00pm - 8:59pm,18,Property Damage Crash,No,No,No,No,No,No,No,No,No,No,No,No,No,Multiple Vehicle Crashes,Loudoun County,,Urban,38.91877,-77.51801,Non-Interstate,SC-606W (LOUDOUN COUNTY),606.0,LOUDOUN COUNTY PKWAY,1.34,Major Collector,Not at Intersection,,No,0,0,No,0,0,0,0,0,0,0,0,0,0,0,c6601809,0,0,1,Minor
2,2023-06-05,07:12:00,Monday,Sideswipe - Same Direction,On Roadway,"Blacktop, Asphalt, Bituminous",No Defects,Daylight,Daylight,"Two-Way, Not Divided",Not Provided,No Adverse Condition (Clear/Cloud),Straight - Level,Not Provided,Yes,Not at Intersection,Not Provided,No Traffic Control,Dry,Intersection Area,Non-Intersection,No Traffic Control Device Present,No,2023,Summer,June,Daytime,6:00am - 8:59am,7,Property Damage Crash,No,No,No,No,No,No,No,No,Yes,No,No,No,No,Multiple Vehicle Crashes,Fairfax County,,Urban,38.85172,-77.21498,Non-Interstate,SC-650N (FAIRFAX COUNTY),650.0,GALLOWS RD,1.91,Minor Arterial,At Intersection,HEMLOCK DR,No,0,0,No,0,0,0,0,0,0,0,0,0,0,0,c4902328,0,0,1,Minor
2,2023-04-09,11:10:00,Sunday,Fixed Object - Off Road,Shoulder,"Blacktop, Asphalt, Bituminous",No Defects,Daylight,Daylight,"Two-Way, Divided, Positive Median Barrier",Not Provided,No Adverse Condition (Clear/Cloud),Straight - Level,Not Provided,No,Not at Intersection,Not Provided,Traffic Lanes Marked,Dry,Intersection Area,Non-Intersection,Yes - Working,No,2023,Spring,April,Daytime,9:00am - 11:59am,11,Injury Crash,No,No,No,No,No,No,No,No,No,No,No,No,No,Multiple Vehicle Crashes,Campbell County,,Rural,37.3863,-79.05719,Non-Interstate,US-460W,460.0,RICHMOND HWY,211.64,Other Principal Arterial,Not at Intersection,,Yes,0,1,No,0,0,0,0,0,0,0,0,0,0,2,c9761320,0,1,0,Severe
2,2024-12-06,14:15:00,Friday,Train,On Roadway,Concrete,No Defects,Daylight,Daylight,"Two-Way, Not Divided",Not Provided,No Adverse Condition (Clear/Cloud),Straight - Level,Not Provided,No,Three Approaches,Not Provided,Traffic Lanes Marked,Dry,Intersection Area,Intersection Related - Within 150 Feet,Yes - Working,No,2024,Winter,December,Daytime,Noon - 2:59pm,14,Injury Crash,No,No,No,No,No,No,No,Yes,No,No,No,No,No,Multiple Vehicle Crashes,Hampton City,,Urban,37.05875,-76.32062,Non-Interstate,VA-169S,169.0,FOX HILL RD,5.46,Minor Arterial,At Intersection,PAGE DR,No,0,0,No,0,0,0,0,0,0,0,0,0,0,1,c7029660,0,0,1,Minor
2,2024-10-08,16:26:00,Tuesday,Rear End,On Roadway,"Blacktop, Asphalt, Bituminous",No Defects,Daylight,Daylight,"Two-Way, Divided, Positive Median Barrier",Not Provided,No Adverse Condition (Clear/Cloud),Straight - Level,Not Provided,No,Not at Intersection,Not Provided,Traffic Lanes Marked,Dry,Intersection Area,Non-Intersection,Yes - Working,No,2024,Autumn,October,Daytime,3:00pm - 5:59pm,16,Property Damage Crash,No,Yes,No,No,No,No,No,No,No,No,No,No,No,Multiple Vehicle Crashes,Fairfax County,,Urban,38.79459,-77.14611,Interstate,I-95N,95.0,I-95,172.34,Interstate,Not at Intersection,,No,0,0,No,0,0,0,0,0,0,0,0,0,0,0,c1189069,0,0,1,Minor