NumberOfVehicles,CrashDate,CrashTime,DayOfWeek,TypeOfCollision,LocationOfFirstHarmfulEvent,RoadwaySurfaceType,RoadwayDefect,LightCondition_Category,LightCondition_Value,RoadwayDescription,WorkZoneLocation,WeatherCondition,RoadwayAlignment,WorkZoneWorkersPresent,SchoolZone,IntersectionType,WorkZoneType,TrafficControlType,RoadwaySurfaceCondition,RelationToRoadway_Category,RelationToRoadway_Value,TrafficControlMechanicalDevice,WorkZoneRelated,Year,Meteorological Season,MonthName,DaytimeNighttime_NHTSA,ThreeHourLabel,Hour,CrashType,AlcoholInvolved,SpeedRelated,CommercialMotorVehiclesInvolved,PedestrianInvolved,BicycleInvolved,MotorcycleInvolved,MopedInvolved,TrainRelated,SchoolZoneInvolved,TeenDriverInvolved,DistractedDriverInvolved,DriverTextingInvolved,DriverUsingCellPhone,Single_Multi_Vehicle,Jurisdiction,TownName,LocationTypeName,Latitude,Longitude,Interstate_NonInterstate,RoadName,RouteNumber,RouteName,MileMarker,FunctionalClassCode,AtIntersection,SecondaryLocation,MatureDriverInvolved,MatureDriverFatalities,MatureDriverInjuries,LargeTruckInvolved,PedestrianFatalities,PedestrianInjuries,MotorcycleFatalities,MotorcycleInjuries,BicycleFatalities,BicycleInjuries,DistractedDriverFatalities,DistractedDriverInjuries,UnrestrainedInjuries,Number_Of_Fatalities,Number_Of_Injuries,Crash_UID,Is_Fatal,Is_Severe,Is_Minor,SeverityLabel
3,2022-05-25,12:04:00,Wednesday,Rear End,On Roadway,"Blacktop, Asphalt, Bituminous",No Defects,Daylight,Daylight,"Two-Way, Divided, Positive Median Barrier",Not Provided,No Adverse Condition (Clear/Cloud),Straight - Level,Not Provided,No,Four Approaches,Not Provided,Traffic Signal,Dry,Intersection Area,Intersection Related - Within 150 Feet,Yes - Working,No,2022,Spring,May,Daytime,Noon - 2:59pm,12,Property Damage Crash,No,No,No,No,No,No,No,No,No,No,Yes,No,No,Multiple Vehicle Crashes,Stafford County,,Urban,38.34695,-77.50061,Non-Interstate,US-17S,17.0,WARRENTON RD,182.81,Other Principal Arterial,At Intersection,FALLS RUN DR,Yes,0,0,No,0,0,0,0,0,0,0,0,0,0,0,c2660935,0,0,1,Minor
2,2022-07-24,12:52:00,Sunday,Rear End,On Roadway,"Blacktop, Asphalt, Bituminous",No Defects,Daylight,Daylight,"Two-Way, Not Divided",Not Provided,No Adverse Condition (Clear/Cloud),Grade - Straight,Not Provided,No,Not at Intersection,Not Provided,Traffic Lanes Marked,Dry,Intersection Area,Non-Intersection,Yes - Working,No,2022,Summer,July,Daytime,Noon - 2:59pm,12,Injury Crash,No,No,No,No,No,No,No,No,No,Yes,No,No,No,Multiple Vehicle Crashes,Pulaski County,,Urban,37.14293,-80.58016,Non-Interstate,US-11N,11.0,LEE HWY,107.7,Other Principal Arterial,At Intersection,WARREN NEWCOMB DR,No,0,0,No,0,0,0,0,0,0,0,0,0,0,1,c0024572,0,0,1,Minor
3,2022-01-02,12:19:00,Sunday,Rear End,On Roadway,"Blacktop, Asphalt, Bituminous",No Defects,Daylight,Daylight,"Two-Way, Divided, Unprotected Median",Not Provided,No Adverse Condition (Clear/Cloud),Straight - Level,Not Provided,No,Not at Intersection,Not Provided,No Traffic Control,Wet,Interchange Area,Main-Line Roadway,No Traffic Control Device Present,No,2022,Winter,January,Daytime,Noon - 2:59pm,12,Injury Crash,Yes,No,No,No,No,No,No,No,No,No,Yes,No,No,Multiple Vehicle Crashes,Hampton City,,Urban,37.03953,-76.39841,Non-Interstate,US-258E,258.0,MERCURY BLVD,62.43,Other Principal Arterial,At Intersection,POWER PLANT WAY,Yes,0,1,No,0,0,0,0,0,0,0,1,0,0,3,c6906331,0,1,0,Severe
3,2022-08-27,14:29:00,Saturday,Rear End,On Roadway,"Blacktop, Asphalt, Bituminous",No Defects,Daylight,Daylight,"Two-Way, Divided, Unprotected Median",Not Provided,No Adverse Condition (Clear/Cloud),Straight - Level,Not Provided,No,Not at Intersection,Not Provided,Traffic Lanes Marked,Dry,Interchange Area,Main-Line Roadway,Yes - Working,No,2022,Summer,August,Daytime,Noon - 2:59pm,14,Injury Crash,No,No,No,No,No,No,No,No,No,No,No,No,No,Multiple Vehicle Crashes,Loudoun County,,Urban,39.02478,-77.39071,Non-Interstate,VA-7W,7.0,HARRY BYRD HWY,48.37,Other Principal Arterial,Not at Intersection,,Yes,0,0,No,0,0,0,0,0,0,0,0,0,0,1,c9088916,0,0,1,Minor
2,2022-08-31,20:46:00,Wednesday,Sideswipe - Same Direction,On Roadway,"Blacktop, Asphalt, Bituminous",No Defects,Darkness,Darkness - Road Lighted,"Two-Way, Divided, Positive Median Barrier",Not Provided,No Adverse Condition (Clear/Cloud),Straight - Level,Not Provided,No,Not at Intersection,Not Provided,Traffic Lanes Marked,Dry,Intersection Area,Non-Intersection,Yes - Working,No,2022,Summer,August,Nighttime,6:00pm - 8:59pm,20,Injury Crash,Yes,Yes,No,No,No,No,No,No,No,No,No,No,No,Multiple Vehicle Crashes,Norfolk City,,Urban,36.88589,-76.2264,Interstate,I-64W,64.0,I-64,280.67,Interstate,Not at Intersection,,No,0,0,No,0,0,0,0,0,0,0,0,0,0,1,c9815512,0,0,1,Minor
1,2023-07-04,22:57:00,Tuesday,Fixed Object - Off Road,Roadside,"Blacktop, Asphalt, Bituminous",No Defects,Darkness,Darkness - Road Lighted,"Two-Way, Divided, Unprotected Median",Not Provided,No Adverse Condition (Clear/Cloud),Straight - Level,Not Provided,No,Not at Intersection,Not Provided,Traffic Lanes Marked,Dry,Intersection Area,Non-Intersection,Yes - Working,No,2023,Summer,July,Nighttime,9:00pm - 11:59pm,22,Property Damage Crash,No,No,No,No,No,No,No,No,No,No,No,No,No,Single Vehicle Crashes,Arlington County,,Urban,38.86144,-77.09129,Non-Interstate,CR-23W (ARLINGTON COUNTY),23.0,COLUMBIA PIKE,1.71,Other Principal Arterial,Not at Intersection,,No,0,0,No,0,0,0,0,0,0,0,0,0,0,0,c0902342,0,0,1,Minor
2,2022-10-19,20:08:00,Wednesday,Rear End,On Roadway,"Blacktop, Asphalt, Bituminous",No Defects,Darkness,Darkness - Road Not Lighted,"Two-Way, Divided, Unprotected Median",Not Provided,No Adverse Condition (Clear/Cloud),Straight - Level,Not Provided,No,Not at Intersection,Not Provided,Traffic Lanes Marked,Dry,Intersection Area,Non-Intersection,Yes - Working,No,2022,Autumn,October,Nighttime,6:00pm - 8:59pm,20,Injury Crash,No,Yes,No,No,No,No,No,No,No,No,No,No,No,Multiple Vehicle Crashes,Lee County,,Rural,36.67244,-83.1784,Non-Interstate,US-58E,58.0,WILDERNESS RD,29.36,Minor Arterial,Not at Intersection,,Yes,0,1,No,0,0,0,0,0,0,0,0,1,0,1,c0789368,0,0,1,Minor
2,2022-07-06,09:35:00,Wednesday,Rear End,On Roadway,"Blacktop, Asphalt, Bituminous",No Defects,Daylight,Daylight,"Two-Way, Divided, Positive Median Barrier",Not Provided,No Adverse Condition (Clear/Cloud),Straight - Level,Not Provided,No,Three Approaches,Not Provided,Traffic Lanes Marked,Dry,Intersection Area,Intersection Related - Within 150 Feet,Yes - Working,No,2022,Summer,July,Daytime,9:00am - 11:59am,9,Property Damage Crash,No,No,No,No,No,No,No,No,No,No,No,No,No,Multiple Vehicle Crashes,Fairfax County,,Urban,38.95314,-77.35593,Non-Interstate,SC-602N (FAIRFAX COUNTY),602.0,RESTON PKWY,3.3,Minor Arterial,At Intersection,VA-267,No,0,0,No,0,0,0,0,0,0,0,0,0,0,0,c9849483,0,0,1,Minor
2,2024-02-05,14:35:00,Monday,Rear End,On Roadway,"Blacktop, Asphalt, Bituminous",No Defects,Daylight,Daylight,"Two-Way, Divided, Unprotected Median",Not Provided,No Adverse Condition (Clear/Cloud),Straight - Level,Not Provided,No,Not at Intersection,Not Provided,Traffic Lanes Marked,Dry,Interchange Area,Main-Line Roadway,Yes - Working,No,2024,Winter,February,Daytime,Noon - 2:59pm,14,Injury Crash,No,No,No,No,No,No,No,No,No,No,No,No,No,Multiple Vehicle Crashes,Montgomery County,Christiansburg,Urban,37.16836,-80.41627,Non-Interstate,US-460E,460.0,US-460 BYP,121.2,Other Freeways and Expressways,Not at Intersection,,No,0,0,No,0,0,0,0,0,0,0,0,0,0,1,c7622720,0,0,1,Minor
2,2022-11-30,11:53:00,Wednesday,Head On,On Roadway,"Blacktop, Asphalt, Bituminous",No Defects,Daylight,Daylight,"Two-Way, Divided, Positive Median Barrier",Not Provided,Rain,Straight - Level,Not Provided,No,Not at Intersection,Not Provided,Traffic Lanes Marked,Wet,Interchange Area,Main-Line Roadway,Yes - Working,No,2022,Autumn,November,Daytime,9:00am - 11:59am,11,Property Damage Crash,No,Yes,No,No,No,No,No,No,No,No,No,No,No,Multiple Vehicle Crashes,Richmond City,,Urban,37.57646,-77.47712,Interstate,I-195N,195.0,I-195,2.13,Interstate,Not at Intersection,,Yes,0,0,No,0,0,0,0,0,0,0,0,0,0,0,c0045224,0,0,1,Minor
2,2024-12-08,18:50:00,Sunday,Angle,On Roadway,"Blacktop, Asphalt, Bituminous",No Defects,Darkness,Darkness - Road Lighted,"Two-Way, Divided, Unprotected Median",Not Provided,No Adverse Condition (Clear/Cloud),Straight - Level,Not Provided,No,Three Approaches,Not Provided,Traffic Lanes Marked,Dry,Intersection Area,Intersection Related - Within 150 Feet,Yes - Working,No,2024,Winter,December,Nighttime,6:00pm - 8:59pm,18,Injury Crash,No,No,No,No,No,No,No,No,No,No,No,No,No,Multiple Vehicle Crashes,York County,,Urban,37.25255,-76.66276,Non-Interstate,VA-143N,143.0,MERRIMAC TRL,32.06,Other Principal Arterial,At Intersection,HUMELSINE PKWAY,No,0,0,No,0,0,0,0,0,0,0,0,0,0,2,c4242975,0,1,0,Severe
1,2023-10-23,06:45:00,Monday,Deer,On Roadway,"Blacktop, Asphalt, Bituminous",No Defects,Darkness,Darkness - Road Not Lighted,"Two-Way, Divided, Unprotected Median",Not Provided,No Adverse Condition (Clear/Cloud),Straight - Level,Not Provided,No,Not at Intersection,Not Provided,Traffic Lanes Marked,Dry,Intersection Area,Non-Intersection,Yes - Working,No,2023,Autumn,October,Daytime,6:00am - 8:59am,6,Injury Crash,No,No,No,No,No,No,No,No,No,No,No,No,No,Single Vehicle Crashes,Giles County,,Rural,37.30586,-80.5736,Non-Interstate,US-460E,460.0,VIRGINIA AVE,102.57,Other Principal Arterial,At Intersection,APACHE RD,No,0,0,No,0,0,0,0,0,0,0,0,0,0,1,c4010011,0,0,1,Minor
2,2022-03-13,21:36:00,Sunday,Angle,On Roadway,"Blacktop, Asphalt, Bituminous",No Defects,Darkness,Darkness - Road Lighted,"Two-Way, Divided, Unprotected Median",Not Provided,No Adverse Condition (Clear/Cloud),Straight - Level,Not Provided,No,Four Approaches,Not Provided,Traffic Signal,Dry,Intersection Area,Within Intersection,Yes - Working,No,2022,Spring,March,Nighttime,9:00pm - 11:59pm,21,Property Damage Crash,No,No,No,No,No,No,No,No,No,No,Yes,No,No,Multiple Vehicle Crashes,Richmond City,,Urban,37.47305,-77.44379,Non-Interstate,US-1S,1.0,RICHMOND HWY,88.15,Other Principal Arterial,At Intersection,BELLS RD,No,0,0,No,0,0,0,0,0,0,0,0,0,0,0,c9939854,0,0,1,Minor
2,2022-12-23,15:10:00,Friday,Rear End,On Roadway,"Blacktop, Asphalt, Bituminous",No Defects,Daylight,Daylight,"Two-Way, Not Divided",Not Provided,No Adverse Condition (Clear/Cloud),Straight - Level,Not Provided,No,Three Approaches,Not Provided,No Passing Lines,Dry,Intersection Area,Within Intersection,Yes - Working,No,2022,Winter,December,Daytime,3:00pm - 5:59pm,15,Property Damage Crash,No,No,No,No,No,No,No,No,No,No,No,No,No,Multiple Vehicle Crashes,Henry County,Ridgeway,Urban,36.57996,-79.85748,Non-Interstate,BUS US-220N (5 TOWN OF RIDGEWAY),220.0,MAIN ST,1.05,Major Collector,At Intersection,ANTIOCH CHURCH ST,No,0,0,No,0,0,0,0,0,0,0,0,0,0,0,c1475342,0,0,1,Minor
2,2022-04-06,13:15:00,Wednesday,Rear End,On Roadway,"Blacktop, Asphalt, Bituminous",No Defects,Daylight,Daylight,"Two-Way, Divided, Positive Median Barrier",Not Provided,No Adverse Condition (Clear/Cloud),Straight - Level,Not Provided,No,Not at Intersection,Not Provided,Traffic Lanes Marked,Dry,Intersection Area,Non-Intersection,No Traffic Control Device Present,No,2022,Spring,April,Daytime,Noon - 2:59pm,13,Property Damage Crash,No,No,No,No,No,No,No,No,No,No,Yes,No,No,Multiple Vehicle Crashes,Roanoke City,,Urban,37.2711,-79.92147,Non-Interstate,VA-24E,24.0,JAMISON AVE,1.12,Minor Arterial,At Intersection,13TH ST,Yes,0,0,No,0,0,0,0,0,0,0,0,0,0,0,c2134163,0,0,1,Minor
1,2024-07-13,19:45:00,Saturday,Pedestrian,On Roadway,"Blacktop, Asphalt, Bituminous",No Defects,Daylight,Daylight,"Two-Way, Not Divided",Not Provided,No Adverse Condition (Clear/Cloud),Straight - Level,Not Provided,No,Not at Intersection,Not Provided,Traffic Lanes Marked,Dry,Intersection Area,Non-Intersection,Yes - Working,No,2024,Summer,July,Nighttime,6:00pm - 8:59pm,19,Injury Crash,No,No,No,Yes,No,No,No,No,No,Yes,No,No,No,Single Vehicle Crashes,Fairfax County,,Urban,38.73074,-77.2091,Non-Interstate,SC-638S (FAIRFAX COUNTY),638.0,ROLLING RD,1.74,Minor Arterial,At Intersection,NORTHUMBERLAND RD,No,0,0,No,0,1,0,0,0,0,0,0,0,0,1,c2704999,0,0,1,Minor
2,2024-02-03,09:27:00,Saturday,Angle,On Roadway,"Blacktop, Asphalt, Bituminous",No Defects,Daylight,Daylight,"Two-Way, Not Divided",Not Provided,No Adverse Condition (Clear/Cloud),Straight - Level,Not Provided,No,Three Approaches,Not Provided,Traffic Lanes Marked,Dry,Intersection Area,Intersection Related - Within 150 Feet,No Traffic Control Device Present,No,2024,Winter,February,Daytime,9:00am - 11:59am,9,Property Damage Crash,No,No,No,No,No,No,No,No,No,No,No,No,No,Multiple Vehicle Crashes,Henrico County,,Urban,37.55098,-77.3421,Non-Interstate,VA-33W,33.0,NINE MILE RD,6.66,Minor Arterial,At Intersection,BARKER AVE,No,0,0,No,0,0,0,0,0,0,0,0,0,0,0,c4538170,0,0,1,Minor
2,2024-08-17,20:36:00,Saturday,Angle,On Roadway,"Blacktop, Asphalt, Bituminous",No Defects,Darkness,Darkness - Road Lighted,"Two-Way, Not Divided",Not Provided,No Adverse Condition (Clear/Cloud),Straight - Level,Not Provided,No,Four Approaches,Not Provided,No Traffic Control,Dry,Intersection Area,Intersection Related - Within 150 Feet,No Traffic Control Device Present,No,2024,Summer,August,Nighttime,6:00pm - 8:59pm,20,Property Damage Crash,No,No,No,No,No,No,No,No,No,No,No,No,No,Multiple Vehicle Crashes,Manassas City,,Urban,38.76858,-77.46932,Non-Interstate,WEEMS RD (PR - CITY OF MANASSAS),0.0,WEEMS RD,0.45,Local,At Intersection,KIRBY ST,No,0,0,No,0,0,0,0,0,0,0,0,0,0,0,c2021755,0,0,1,Minor
1,2022-04-18,12:26:00,Monday,Other,On Roadway,"Blacktop, Asphalt, Bituminous",No Defects,Daylight,Daylight,"Two-Way, Not Divided",Not Provided,Snow,Grade - Curve,Not Provided,No,Three Approaches,Not Provided,No Traffic Control,Snowy,Interchange Area,Main-Line Roadway,No Traffic Control Device Present,No,2022,Spring,April,Daytime,Noon - 2:59pm,12,Property Damage Crash,No,No,No,No,No,No,No,No,No,Yes,No,No,No,Single Vehicle Crashes,Warren County,,Rural,38.97621,-78.12588,Non-Interstate,SC-624N (WARREN COUNTY),624.0,MORGAN FORD RD,3.83,Major Collector,At Intersection,SHANNON HILL LN,No,0,0,No,0,0,0,0,0,0,0,0,0,0,0,c6441715,0,0,1,Minor
2,2022-02-14,07:00:00,Monday,Other,On Roadway,"Blacktop, Asphalt, Bituminous",No Defects,Daylight,Daylight,"Two-Way, Not Divided",Not Provided,No Adverse Condition (Clear/Cloud),Straight - Level,Not Provided,No,Two Approaches,Not Provided,No Traffic Control,Dry,Interchange Area,Main-Line Roadway,No Traffic Control Device Present,No,2022,Winter,February,Daytime,6:00am - 8:59am,7,Property Damage Crash,No,No,No,No,No,No,No,No,No,No,Yes,No,No,Multiple Vehicle Crashes,Fairfax County,,Urban,38.68968,-77.2205,Non-Interstate,US-1S,1.0,RICHMOND HWY,178.67,Other Principal Arterial,At Intersection,MIMS ST,No,0,0,Yes,0,0,0,0,0,0,0,0,0,0,0,c5803841,0,0,1,Minor
2,2022-03-07,17:43:00,Monday,Rear End,On Roadway,"Blacktop, Asphalt, Bituminous",No Defects,Daylight,Daylight,"Two-Way, Divided, Positive Median Barrier",Not Provided,No Adverse Condition (Clear/Cloud),Straight - Level,Not Provided,No,Not at Intersection,Not Provided,Traffic Lanes Marked,Dry,Intersection Area,Non-Intersection,Yes - Working,No,2022,Spring,March,Daytime,3:00pm - 5:59pm,17,Property Damage Crash,No,Yes,No,No,No,No,No,No,No,Yes,No,No,No,Multiple Vehicle Crashes,Va. Beach City,,Urban,36.83938,-76.16075,Interstate,I-264E,264.0,I-264,14.92,Interstate,Not at Intersection,,No,0,0,No,0,0,0,0,0,0,0,0,0,0,0,c4983458,0,0,1,Minor
2,2024-07-27,16:17:00,Saturday,Angle,On Roadway,"Blacktop, Asphalt, Bituminous",No Defects,Daylight,Daylight,"Two-Way, Divided, Unprotected Median",Not Provided,No Adverse Condition (Clear/Cloud),Curve - Level,Not Provided,No,Not at Intersection,Not Provided,Traffic Lanes Marked,Dry,Intersection Area,Non-Intersection,Yes - Working,No,2024,Summer,July,Daytime,3:00pm - 5:59pm,16,Property Damage Crash,No,No,No,No,No,No,No,No,No,No,No,No,No,Multiple Vehicle Crashes,Hanover County,,Urban,37.71241,-77.41622,Non-Interstate,SC-656S (HANOVER COUNTY),656.0,SLIDING HILL RD,3.37,Minor Arterial,Not at Intersection,,Yes,0,0,No,0,0,0,0,0,0,0,0,0,0,0,c2371913,0,0,1,Minor
1,2023-04-18,14:30:00,Tuesday,Fixed Object - Off Road,Shoulder,"Blacktop, Asphalt, Bituminous",No Defects,Daylight,Daylight,"Two-Way, Divided, Unprotected Median",Not Provided,No Adverse Condition (Clear/Cloud),Straight - Level,Not Provided,No,Not at Intersection,Not Provided,Traffic Lanes Marked,Dry,Intersection Area,Non-Intersection,No Traffic Control Device Present,No,2023,Spring,April,Daytime,Noon - 2:59pm,14,Property Damage Crash,No,No,Yes,No,No,No,No,No,No,No,Yes,No,No,Single Vehicle Crashes,Southampton County,,Rural,36.75957,-77.08541,Non-Interstate,VA-35N,35.0,PLANK RD,18.59,Minor Arterial,Not at Intersection,,No,0,0,Yes,0,0,0,0,0,0,0,0,0,0,0,c4011534,0,0,1,Minor
1,2022-08-18,17:33:00,Thursday,Fixed Object - Off Road,On Roadway,"Blacktop, Asphalt, Bituminous",No Defects,Daylight,Daylight,"Two-Way, Not Divided",Not Provided,No Adverse Condition (Clear/Cloud),Curve - Level,Not Provided,No,Not at Intersection,Not Provided,Traffic Lanes Marked,Dry,Interchange Area,Main-Line Roadway,Yes - Working,No,2022,Summer,August,Daytime,3:00pm - 5:59pm,17,Property Damage Crash,No,Yes,No,No,No,No,No,No,No,No,No,No,No,Single Vehicle Crashes,Radford City,,Urban,37.13313,-80.52284,Non-Interstate,US-11N,11.0,MAIN ST,111.3,Other Principal Arterial,Not at Intersection,,No,0,0,No,0,0,0,0,0,0,0,0,0,0,0,c0279482,0,0,1,Minor
1,2022-10-11,10:50:00,Tuesday,Deer,On Roadway,"Blacktop, Asphalt, Bituminous",No Defects,Daylight,Daylight,"Two-Way, Not Divided",Not Provided,No Adverse Condition (Clear/Cloud),Curve - Level,Not Provided,No,Not at Intersection,Not Provided,No Passing Lines,Dry,Intersection Area,Non-Intersection,Yes - Working,No,2022,Autumn,October,Daytime,9:00am - 11:59am,10,Property Damage Crash,No,No,No,No,No,No,No,No,No,No,No,No,No,Single Vehicle Crashes,King and Queen County,,Rural,37.49193,-76.71411,Non-Interstate,SC-605W (KING AND QUEEN COUNTY),605.0,YORK RIVER RD,5.67,Major Collector,Not at Intersection,,No,0,0,No,0,0,0,0,0,0,0,0,0,0,0,c0181795,0,0,1,Minor
2,2024-12-04,15:18:00,Wednesday,Sideswipe - Same Direction,On Roadway,"Blacktop, Asphalt, Bituminous",No Defects,Daylight,Daylight,"Two-Way, Divided, Positive Median Barrier",Not Provided,No Adverse Condition (Clear/Cloud),Straight - Level,Not Provided,No,Not at Intersection,Not Provided,Traffic Lanes Marked,Dry,Intersection Area,Non-Intersection,Yes - Working,No,2024,Winter,December,Daytime,3:00pm - 5:59pm,15,Property Damage Crash,No,Yes,No,No,No,No,No,No,No,No,No,No,No,Multiple Vehicle Crashes,Va. Beach City,,Urban,36.83891,-76.08902,Interstate,I-264W,264.0,I-264,19.3,Interstate,Not at Intersection,,No,0,0,No,0,0,0,0,0,0,0,0,0,0,0,c6291113,0,0,1,Minor
2,2022-02-05,10:36:00,Saturday,Angle,On Roadway,"Blacktop, Asphalt, Bituminous",No Defects,Daylight,Daylight,"Two-Way, Not Divided",Not Provided,No Adverse Condition (Clear/Cloud),Curve - Level,Not Provided,No,Two Approaches,Not Provided,Stop Sign,Dry,Intersection Area,Within Intersection,Yes - Working,No,2022,Winter,February,Daytime,9:00am - 11:59am,10,Property Damage Crash,No,Yes,No,No,No,No,No,No,No,Yes,No,No,No,Multiple Vehicle Crashes,Montgomery County,,Urban,37.20801,-80.4981,Non-Interstate,SC-736W (MONTGOMERY COUNTY),736.0,TUCKER RD,0.0,Local,At Intersection,MCCOY RD,No,0,0,No,0,0,0,0,0,0,0,0,0,0,0,c0983227,0,0,1,Minor
2,2024-06-10,08:28:00,Monday,Angle,On Roadway,"Blacktop, Asphalt, Bituminous",No Defects,Daylight,Daylight,"Two-Way, Divided, Unprotected Median",Not Provided,No Adverse Condition (Clear/Cloud),Straight - Level,Not Provided,No,Not at Intersection,Not Provided,Officer or Flagger,Dry,Intersection Area,Non-Intersection,Yes - Working,No,2024,Summer,June,Daytime,6:00am - 8:59am,8,Property Damage Crash,No,No,No,No,No,No,No,No,No,No,No,No,No,Multiple Vehicle Crashes,Richmond City,,Urban,37.5691,-77.45693,Non-Interstate,HARDY ST (PR - CITY OF RICHMOND),,HARDY ST,0.14,Local,At Intersection,CUMMINGS DR,No,0,0,No,0,0,0,0,0,0,0,0,0,0,0,c1817670,0,0,1,Minor
2,2024-08-26,10:45:00,Monday,Angle,On Roadway,"Blacktop, Asphalt, Bituminous",No Defects,Daylight,Daylight,"Two-Way, Divided, Unprotected Median",Not Provided,No Adverse Condition (Clear/Cloud),Grade - Curve,Not Provided,No,Not at Intersection,Not Provided,Traffic Lanes Marked,Dry,Other Location,Crossover Related,Yes - Working,No,2024,Summer,August,Daytime,9:00am - 11:59am,10,Injury Crash,No,No,No,No,No,No,No,No,No,No,No,No,No,Multiple Vehicle Crashes,Alleghany County,Clifton Forge,Urban,37.8305,-79.82414,Interstate,I-64W,64.0,I-64,26.04,Interstate,Not at Intersection,,No,0,0,No,0,0,0,0,0,0,0,0,0,0,2,c4139273,0,1,0,Severe
2,2023-10-27,14:39:00,Friday,Rear End,On Roadway,"Blacktop, Asphalt, Bituminous",No Defects,Daylight,Daylight,"Two-Way, Divided, Unprotected Median",Not Provided,No Adverse Condition (Clear/Cloud),Straight - Level,Not Provided,No,Not at Intersection,Not Provided,Traffic Lanes Marked,Dry,Intersection Area,Non-Intersection,Yes - Working,No,2023,Autumn,October,Daytime,Noon - 2:59pm,14,Injury Crash,No,No,No,No,No,No,No,No,No,No,No,No,No,Multiple Vehicle Crashes,Newport News City,,Urban,37.1044,-76.48421,Non-Interstate,VA-171E,171.0,OYSTER POINT RD,0.52,Other Principal Arterial,Not at Intersection,,No,0,0,No,0,0,0,0,0,0,0,0,0,0,2,c4476352,0,1,0,Severe
2,2024-10-23,06:37:00,Wednesday,Rear End,On Roadway,"Blacktop, Asphalt, Bituminous",No Defects,Darkness,Darkness - Road Not Lighted,"Two-Way, Divided, Positive Median Barrier",Not Provided,No Adverse Condition (Clear/Cloud),Straight - Level,Not Provided,No,Not at Intersection,Not Provided,Traffic Lanes Marked,Dry,Intersection Area,Non-Intersection,Yes - Working,No,2024,Autumn,October,Daytime,6:00am - 8:59am,6,Injury Crash,No,Yes,No,No,No,No,No,No,No,No,No,No,No,Multiple Vehicle Crashes,Petersburg City,,Urban,37.19938,-77.42565,Interstate,I-85S,85.0,I-85,66.14,Interstate,Not at Intersection,,No,0,0,No,0,0,0,0,0,0,0,0,0,0,2,c0597898,0,1,0,Severe
1,2024-07-05,15:55:00,Friday,Fixed Object - Off Road,Median,"Blacktop, Asphalt, Bituminous",No Defects,Daylight,Daylight,"Two-Way, Divided, Unprotected Median",Not Provided,No Adverse Condition (Clear/Cloud),Straight - Level,Not Provided,No,Not at Intersection,Not Provided,Traffic Lanes Marked,Dry,Interchange Area,Main-Line Roadway,Yes - Working,No,2024,Summer,July,Daytime,3:00pm - 5:59pm,15,Property Damage Crash,No,No,No,No,No,No,No,No,No,No,No,No,No,Single Vehicle Crashes,York County,,Urban,37.17835,-76.51871,Non-Interstate,VA-105E,105.0,FORT EUSTIS BLVD,2.99,Other Principal Arterial,Not at Intersection,,No,0,0,No,0,0,0,0,0,0,0,0,0,0,0,c2039810,0,0,1,Minor
1,2022-11-20,15:59:00,Sunday,Fixed Object - Off Road,"Off Roadway, Location Unknown","Blacktop, Asphalt, Bituminous",No Defects,Daylight,Daylight,"Two-Way, Not Divided",Not Provided,No Adverse Condition (Clear/Cloud),Curve - Level,Not Provided,No,Not at Intersection,Not Provided,Other,Dry,Intersection Area,Non-Intersection,No Traffic Control Device Present,No,2022,Autumn,November,Daytime,3:00pm - 5:59pm,15,Property Damage Crash,No,Yes,No,No,No,No,No,No,No,Yes,No,No,No,Single Vehicle Crashes,Va. Beach City,,Urban,36.82042,-76.10738,Non-Interstate,FOREST GLEN RD (PR - CITY OF VIRGINIA BEACH),,FOREST GLEN RD,0.91,Local,Not at Intersection,,No,0,0,No,0,0,0,0,0,0,0,0,0,0,0,c3103715,0,0,1,Minor
2,2022-10-22,15:18:00,Saturday,Rear End,On Roadway,"Blacktop, Asphalt, Bituminous",No Defects,Daylight,Daylight,"Two-Way, Not Divided",Not Provided,No Adverse Condition (Clear/Cloud),Straight - Level,Not Provided,No,Not at Intersection,Not Provided,No Traffic Control,Dry,Intersection Area,Non-Intersection,No Traffic Control Device Present,No,2022,Autumn,October,Daytime,3:00pm - 5:59pm,15,Property Damage Crash,No,No,No,No,No,No,No,No,No,No,No,No,No,Multiple Vehicle Crashes,York County,,Rural,37.3441,-76.73961,,E ROCHAMBEAU DR (NP - YORK COUNTY),,ROCHAMBEAU DR,5.71,,Not at Intersection,,No,0,0,No,0,0,0,0,0,0,0,0,0,0,0,c8805337,0,0,1,Minor
1,2022-07-11,22:10:00,Monday,Fixed Object - Off Road,On Roadway,"Blacktop, Asphalt, Bituminous",No Defects,Darkness,Darkness - Road Not Lighted,"Two-Way, Not Divided",Not Provided,No Adverse Condition (Clear/Cloud),Straight - Level,Not Provided,No,Four Approaches,Not Provided,Yield Sign,Dry,Intersection Area,Within Intersection,Yes - Working,No,2022,Summer,July,Nighttime,9:00pm - 11:59pm,22,Property Damage Crash,No,Yes,No,No,No,No,No,No,No,No,No,No,No,Single Vehicle Crashes,Henrico County,,Urban,37.5616,-77.39883,,HOBSON LN (NP - HENRICO COUNTY),,HOBSON LN,0.25,,At Intersection,HARTMAN ST,No,0,0,No,0,0,0,0,0,0,0,0,0,0,0,c2669720,0,0,1,Minor