NumberOfVehicles,CrashDate,CrashTime,DayOfWeek,TypeOfCollision,LocationOfFirstHarmfulEvent,RoadwaySurfaceType,RoadwayDefect,LightCondition_Category,LightCondition_Value,RoadwayDescription,WorkZoneLocation,WeatherCondition,RoadwayAlignment,WorkZoneWorkersPresent,SchoolZone,IntersectionType,WorkZoneType,TrafficControlType,RoadwaySurfaceCondition,RelationToRoadway_Category,RelationToRoadway_Value,TrafficControlMechanicalDevice,WorkZoneRelated,Year,Meteorological Season,MonthName,DaytimeNighttime_NHTSA,ThreeHourLabel,Hour,CrashType,AlcoholInvolved,SpeedRelated,CommercialMotorVehiclesInvolved,PedestrianInvolved,BicycleInvolved,MotorcycleInvolved,MopedInvolved,TrainRelated,SchoolZoneInvolved,TeenDriverInvolved,DistractedDriverInvolved,DriverTextingInvolved,DriverUsingCellPhone,Single_Multi_Vehicle,Jurisdiction,TownName,LocationTypeName,Latitude,Longitude,Interstate_NonInterstate,RoadName,RouteNumber,RouteName,MileMarker,FunctionalClassCode,AtIntersection,SecondaryLocation,MatureDriverInvolved,MatureDriverFatalities,MatureDriverInjuries,LargeTruckInvolved,PedestrianFatalities,PedestrianInjuries,MotorcycleFatalities,MotorcycleInjuries,BicycleFatalities,BicycleInjuries,DistractedDriverFatalities,DistractedDriverInjuries,UnrestrainedInjuries,Number_Of_Fatalities,Number_Of_Injuries,Crash_UID,Is_Fatal,Is_Severe,Is_Minor,SeverityLabel
1,2024-02-24,00:32:00,Saturday,Fixed Object - Off Road,"Off Roadway, Location Unknown","Blacktop, Asphalt, Bituminous",No Defects,Darkness,Darkness - Road Lighted,"Two-Way, Not Divided",Not Provided,No Adverse Condition (Clear/Cloud),Straight - Level,Not Provided,No,Not at Intersection,Not Provided,No Traffic Control,Dry,Intersection Area,Non-Intersection,No Traffic Control Device Present,No,2024,Winter,February,Nighttime,Midnight - 2:59am,0,Property Damage Crash,No,No,No,No,No,No,No,No,No,No,Yes,No,No,Single Vehicle Crashes,Wise County,Big Stone Gap,Urban,36.8714,-82.77464,,E BOULEVARD ST N (NP - WISE COUNTY),,BOULEVARD ST,0.04,,Not at Intersection,,No,0,0,No,0,0,0,0,0,0,0,0,0,0,0,c4813253,0,0,1,Minor
2,2024-06-17,14:25:00,Monday,Rear End,On Roadway,"Blacktop, Asphalt, Bituminous",No Defects,Daylight,Daylight,"Two-Way, Not Divided",Not Provided,No Adverse Condition (Clear/Cloud),Hillcrest - Straight,Not Provided,No,Four Approaches,Not Provided,Traffic Signal,Dry,Intersection Area,Within Intersection,Yes - Working,No,2024,Summer,June,Daytime,Noon - 2:59pm,14,Property Damage Crash,No,No,No,No,No,No,No,No,No,No,No,No,No,Multiple Vehicle Crashes,Mecklenburg County,South Hill,Urban,36.72647,-78.12892,Non-Interstate,BUS US-58E (10 TOWN OF SOUTH HILL),58.0,ATLANTIC ST,3.0,Minor Arterial,At Intersection,MECKLENBURG AVE,Yes,0,0,No,0,0,0,0,0,0,0,0,0,0,0,c0207487,0,0,1,Minor
1,2022-10-14,17:36:00,Friday,Fixed Object - Off Road,Shoulder,"Blacktop, Asphalt, Bituminous",No Defects,Daylight,Daylight,"Two-Way, Not Divided",Not Provided,No Adverse Condition (Clear/Cloud),Straight - Level,Not Provided,No,Not at Intersection,Not Provided,Traffic Lanes Marked,Dry,Intersection Area,Non-Intersection,Yes - Working,No,2022,Autumn,October,Daytime,3:00pm - 5:59pm,17,Property Damage Crash,No,No,No,No,No,No,No,No,No,No,No,No,No,Single Vehicle Crashes,King William County,,Rural,37.75852,-77.12938,Non-Interstate,SC-611E (KING WILLIAM COUNTY),611.0,VENTER RD,4.01,Major Collector,Not at Intersection,,No,0,0,No,0,0,0,0,0,0,0,0,0,0,0,c6863100,0,0,1,Minor
2,2022-12-20,08:01:00,Tuesday,Sideswipe - Same Direction,On Roadway,"Blacktop, Asphalt, Bituminous",No Defects,Daylight,Daylight,"Two-Way, Divided, Unprotected Median",Not Provided,No Adverse Condition (Clear/Cloud),Grade - Straight,Not Provided,No,Not at Intersection,Not Provided,Traffic Lanes Marked,Dry,Intersection Area,Non-Intersection,Yes - Working,No,2022,Winter,December,Daytime,6:00am - 8:59am,8,Property Damage Crash,No,No,No,No,No,No,No,No,No,No,No,No,No,Multiple Vehicle Crashes,Albemarle County,,Rural,38.04636,-78.76764,Interstate,I-64E,64.0,I-64,105.08,Interstate,Not at Intersection,,Yes,0,0,No,0,0,0,0,0,0,0,0,0,0,0,c4340169,0,0,1,Minor
1,2024-10-26,19:10:00,Saturday,Deer,On Roadway,"Blacktop, Asphalt, Bituminous",No Defects,Darkness,Darkness - Road Not Lighted,"Two-Way, Divided, Unprotected Median",Not Provided,No Adverse Condition (Clear/Cloud),Straight - Level,Not Provided,No,Not at Intersection,Not Provided,Traffic Lanes Marked,Dry,Intersection Area,Non-Intersection,Yes - Working,No,2024,Autumn,October,Nighttime,6:00pm - 8:59pm,19,Property Damage Crash,No,No,No,No,No,No,No,No,No,No,No,No,No,Single Vehicle Crashes,Rockingham County,,Urban,38.41036,-78.84844,Non-Interstate,VA-280W,280.0,STONE SPRING RD,4.12,Minor Arterial,Not at Intersection,,No,0,0,No,0,0,0,0,0,0,0,0,0,0,0,c8081483,0,0,1,Minor
1,2024-07-03,23:05:00,Wednesday,Fixed Object - Off Road,Shoulder,"Blacktop, Asphalt, Bituminous",No Defects,Darkness,Darkness - Road Lighted,"Two-Way, Not Divided",Not Provided,No Adverse Condition (Clear/Cloud),Straight - Level,Not Provided,No,Not at Intersection,Not Provided,Traffic Lanes Marked,Dry,Intersection Area,Non-Intersection,Yes - Working,No,2024,Summer,July,Nighttime,9:00pm - 11:59pm,23,Injury Crash,No,No,No,No,No,Yes,No,No,No,No,No,No,No,Single Vehicle Crashes,Mecklenburg County,South Hill,Urban,36.7336,-78.1227,Non-Interstate,US-1N,1.0,MECKLENBURG AVE,16.02,Minor Arterial,At Intersection,FERRELL ST,No,0,0,No,0,0,0,1,0,0,0,0,0,0,1,c4966466,0,0,1,Minor
2,2024-05-17,07:38:00,Friday,Angle,On Roadway,"Blacktop, Asphalt, Bituminous",No Defects,Daylight,Daylight,"Two-Way, Not Divided",Not Provided,No Adverse Condition (Clear/Cloud),Straight - Level,Not Provided,No,Two Approaches,Not Provided,Traffic Lanes Marked,Dry,Intersection Area,Within Intersection,Yes - Working,No,2024,Spring,May,Daytime,6:00am - 8:59am,7,Property Damage Crash,No,No,No,No,No,No,No,No,No,No,No,No,No,Multiple Vehicle Crashes,Newport News City,,Urban,37.21256,-76.57321,Non-Interstate,MUSKET RD (NP - CITY OF NEWPORT NEWS),,MUSKET RD,0.01,Local,At Intersection,LEBANON CHURCH RD,No,0,0,No,0,0,0,0,0,0,0,0,0,0,0,c4684346,0,0,1,Minor
1,2022-09-03,05:32:00,Saturday,Fixed Object - Off Road,Median,"Blacktop, Asphalt, Bituminous",No Defects,Dawn,Dawn,"Two-Way, Divided, Positive Median Barrier",Not Provided,No Adverse Condition (Clear/Cloud),Hillcrest - Straight,Not Provided,No,Three Approaches,Not Provided,Traffic Lanes Marked,Dry,Intersection Area,Intersection Related - Within 150 Feet,Yes - Working,No,2022,Autumn,September,Nighttime,3:00am - 5:59am,5,Property Damage Crash,No,No,No,No,No,No,No,No,No,No,Yes,No,No,Single Vehicle Crashes,Arlington County,,Urban,38.89633,-77.08538,Non-Interstate,US-29P,29.0,LEE HWY,0.06,Other Principal Arterial,At Intersection,UHLE ST,No,0,0,No,0,0,0,0,0,0,0,0,0,0,0,c0304205,0,0,1,Minor
1,2022-01-03,06:54:00,Monday,Fixed Object - Off Road,On Roadway,"Blacktop, Asphalt, Bituminous",Slick Pavement,Darkness,Darkness - Road Lighted,"Two-Way, Divided, Unprotected Median",Not Provided,Snow,Straight - Level,Not Provided,No,Not at Intersection,Not Provided,Traffic Lanes Marked,Snowy,Intersection Area,Non-Intersection,Yes - Working,No,2022,Winter,January,Daytime,6:00am - 8:59am,6,Injury Crash,No,No,No,No,No,No,No,No,No,No,Yes,No,No,Single Vehicle Crashes,King William County,,Rural,37.73034,-77.14064,Non-Interstate,SC-1210E (KING WILLIAM COUNTY),1210.0,OXFORD LN,0.33,Local,At Intersection,RICHMOND TAPPAHANNOCK HWY,Yes,0,1,No,0,0,0,0,0,0,0,1,0,0,3,c2048555,0,1,0,Severe
2,2023-09-20,17:55:00,Wednesday,Angle,On Roadway,"Blacktop, Asphalt, Bituminous",No Defects,Daylight,Daylight,"Two-Way, Not Divided",Not Provided,No Adverse Condition (Clear/Cloud),Straight - Level,Not Provided,No,Not at Intersection,Not Provided,Traffic Lanes Marked,Dry,Intersection Area,Non-Intersection,Yes - Working,No,2023,Autumn,September,Daytime,3:00pm - 5:59pm,17,Property Damage Crash,No,No,Yes,No,No,No,No,No,No,No,No,No,No,Multiple Vehicle Crashes,Powhatan County,,Rural,37.55634,-77.94099,Non-Interstate,US-522S,522.0,MAIDENS RD,0.07,Minor Arterial,Not at Intersection,,No,0,0,No,0,0,0,0,0,0,0,0,0,0,0,c4324092,0,0,1,Minor
1,2024-09-30,14:20:00,Monday,Fixed Object - Off Road,On Roadway,"Blacktop, Asphalt, Bituminous",No Defects,Daylight,Daylight,"Two-Way, Not Divided",Not Provided,Rain,Curve - Level,Not Provided,No,Not at Intersection,Not Provided,No Traffic Control,Wet,Intersection Area,Non-Intersection,No Traffic Control Device Present,No,2024,Autumn,September,Daytime,Noon - 2:59pm,14,Property Damage Crash,No,No,Yes,No,No,No,No,No,No,No,No,No,No,Single Vehicle Crashes,Lunenburg County,,Rural,36.83641,-78.03385,Non-Interstate,SC-602S (LUNENBURG COUNTY),602.0,LONGVIEW DR,4.71,Local,Not at Intersection,,No,0,0,Yes,0,0,0,0,0,0,0,0,0,0,0,c3305404,0,0,1,Minor
2,2023-05-27,08:30:00,Saturday,Backed Into,On Roadway,"Blacktop, Asphalt, Bituminous",No Defects,Daylight,Daylight,"Two-Way, Divided, Unprotected Median",Not Provided,No Adverse Condition (Clear/Cloud),Straight - Level,Not Provided,No,Not at Intersection,Not Provided,Traffic Lanes Marked,Dry,Other Location,"Driveway, Alley-Access - Related",Yes - Working,No,2023,Spring,May,Daytime,6:00am - 8:59am,8,Property Damage Crash,No,No,No,No,No,No,No,No,No,No,No,No,No,Multiple Vehicle Crashes,Shenandoah County,Edinburg,Urban,38.82161,-78.56021,Non-Interstate,US-11S,11.0,MAIN ST,295.11,Major Collector,Not at Intersection,,Yes,0,0,No,0,0,0,0,0,0,0,0,0,0,0,c7298584,0,0,1,Minor
2,2022-12-14,19:50:00,Wednesday,Rear End,On Roadway,"Blacktop, Asphalt, Bituminous",No Defects,Darkness,Darkness - Road Lighted,"Two-Way, Not Divided",Not Provided,No Adverse Condition (Clear/Cloud),Straight - Level,Not Provided,No,Four Approaches,Not Provided,Traffic Signal,Dry,Intersection Area,Intersection Related - Within 150 Feet,Yes - Working,No,2022,Winter,December,Nighttime,6:00pm - 8:59pm,19,Property Damage Crash,No,No,No,No,No,No,No,No,No,No,No,No,No,Multiple Vehicle Crashes,Fairfax County,,Urban,38.88872,-77.37773,Non-Interstate,SC-6985E (FAIRFAX COUNTY),6985.0,OX TRL,0.29,Major Collector,At Intersection,WEST OX RD,No,0,0,No,0,0,0,0,0,0,0,0,0,0,0,c2801210,0,0,1,Minor
2,2022-12-14,01:12:00,Wednesday,Rear End,On Roadway,"Blacktop, Asphalt, Bituminous",No Defects,Darkness,Darkness - Road Lighted,"Two-Way, Not Divided",Not Provided,No Adverse Condition (Clear/Cloud),Straight - Level,Not Provided,No,Two Approaches,Not Provided,No Traffic Control,Dry,Intersection,Intersection Related - Outside 150 Feet,No Traffic Control Device Present,No,2022,Winter,December,Nighttime,Midnight - 2:59am,1,Property Damage Crash,Yes,No,No,No,No,No,No,No,No,No,Yes,No,No,Multiple Vehicle Crashes,Va. Beach City,,Urban,36.80895,-76.20903,Non-Interstate,AMHERST LN (NP - CITY OF VIRGINIA BEACH),,AMHERST LN,0.1,Local,Not at Intersection,,No,0,0,No,0,0,0,0,0,0,0,0,0,0,0,c8393804,0,0,1,Minor
1,2022-05-09,02:22:00,Monday,Fixed Object in Road,On Roadway,"Blacktop, Asphalt, Bituminous",No Defects,Darkness,Darkness - Road Lighted,"Two-Way, Not Divided",Not Provided,No Adverse Condition (Clear/Cloud),Straight - Level,Not Provided,No,Four Approaches,Not Provided,No Traffic Control,Dry,Intersection Area,Within Intersection,No Traffic Control Device Present,No,2022,Spring,May,Nighttime,Midnight - 2:59am,2,Property Damage Crash,Yes,No,No,No,No,No,No,No,No,No,Yes,No,No,Single Vehicle Crashes,Arlington County,,Urban,38.87957,-77.09832,,N JACKSON ST (NP - ARLINGTON COUNTY),,JACKSON ST,0.6,,At Intersection,6TH ST,No,0,0,No,0,0,0,0,0,0,0,0,0,0,0,c8352974,0,0,1,Minor
2,2024-01-02,11:41:00,Tuesday,Rear End,On Roadway,"Blacktop, Asphalt, Bituminous",No Defects,Daylight,Daylight,"Two-Way, Divided, Unprotected Median",Not Provided,No Adverse Condition (Clear/Cloud),Straight - Level,Not Provided,No,Four Approaches,Not Provided,Traffic Signal,Dry,Intersection Area,Within Intersection,Yes - Working,No,2024,Winter,January,Daytime,9:00am - 11:59am,11,Injury Crash,No,No,No,No,No,No,No,No,No,No,No,No,No,Multiple Vehicle Crashes,Newport News City,,Urban,37.08032,-76.4611,Non-Interstate,US-17S,17.0,J CLYDE MORRIS BLVD,56.33,Other Principal Arterial,At Intersection,SAN JOSE DR,No,0,0,No,0,0,0,0,0,0,0,0,0,0,1,c9524405,0,0,1,Minor
2,2022-08-21,10:05:00,Sunday,Angle,On Roadway,"Blacktop, Asphalt, Bituminous",No Defects,Daylight,Daylight,"Two-Way, Divided, Unprotected Median",Not Provided,No Adverse Condition (Clear/Cloud),Grade - Straight,Not Provided,No,Four Approaches,Not Provided,Traffic Signal,Dry,Intersection Area,Within Intersection,Yes - Working,No,2022,Summer,August,Daytime,9:00am - 11:59am,10,Injury Crash,No,No,No,No,No,No,No,No,No,No,Yes,No,No,Multiple Vehicle Crashes,Spotsylvania County,,Urban,38.22036,-77.50451,Non-Interstate,SC-628S (SPOTSYLVANIA COUNTY),628.0,SPOTSYLVANIA PKWY,0.63,Minor Collector,At Intersection,MONROE PASS RD,No,0,0,No,0,0,0,0,0,0,0,0,0,0,1,c3746325,0,0,1,Minor
2,2024-09-11,09:28:00,Wednesday,Angle,On Roadway,"Blacktop, Asphalt, Bituminous",No Defects,Daylight,Daylight,"One-Way, Not Divided",Not Provided,No Adverse Condition (Clear/Cloud),Straight - Level,Not Provided,No,Not at Intersection,Not Provided,Traffic Lanes Marked,Dry,Intersection Area,Non-Intersection,Yes - Working,No,2024,Autumn,September,Daytime,9:00am - 11:59am,9,Property Damage Crash,No,No,No,No,No,No,No,No,No,No,No,No,No,Multiple Vehicle Crashes,Manassas City,,Urban,38.75092,-77.4737,Non-Interstate,VA-28N,28.0,CENTER ST,23.04,Other Principal Arterial,At Intersection,WEST ST,Yes,0,0,No,0,0,0,0,0,0,0,0,0,0,0,c4567154,0,0,1,Minor
2,2023-12-08,13:49:00,Friday,Rear End,On Roadway,"Blacktop, Asphalt, Bituminous",No Defects,Dawn,Dawn,"Two-Way, Divided, Unprotected Median",Not Provided,No Adverse Condition (Clear/Cloud),Straight - Level,Not Provided,No,Three Approaches,Not Provided,Stop Sign,Dry,Intersection Area,Within Intersection,Yes - Working,No,2023,Winter,December,Daytime,Noon - 2:59pm,13,Property Damage Crash,No,No,No,No,No,No,No,No,No,No,Yes,No,No,Multiple Vehicle Crashes,Winchester City,,Urban,39.18563,-78.15816,Non-Interstate,VA-7W,7.0,NATIONAL AVE,0.65,Other Principal Arterial,At Intersection,SMITHFIELD AVE,No,0,0,No,0,0,0,0,0,0,0,0,0,0,0,c6324229,0,0,1,Minor
1,2024-04-07,08:30:00,Sunday,Deer,On Roadway,"Blacktop, Asphalt, Bituminous",No Defects,Daylight,Daylight,"Two-Way, Divided, Positive Median Barrier",Termination Area,No Adverse Condition (Clear/Cloud),Grade - Straight,No Workers Present,No,Not at Intersection,Work on Shoulder or Median,Traffic Lanes Marked,Dry,Intersection Area,Non-Intersection,Yes - Working,Yes,2024,Spring,April,Daytime,6:00am - 8:59am,8,Property Damage Crash,No,No,No,No,No,No,No,No,No,No,No,No,No,Single Vehicle Crashes,Washington County,,Rural,36.78863,-81.71161,Interstate,I-81N,81.0,I-81,33.49,Interstate,Not at Intersection,,No,0,0,No,0,0,0,0,0,0,0,0,0,0,0,c6393807,0,0,1,Minor
2,2022-02-17,16:00:00,Thursday,Rear End,On Roadway,"Blacktop, Asphalt, Bituminous",No Defects,Daylight,Daylight,"Two-Way, Not Divided",Not Provided,No Adverse Condition (Clear/Cloud),Hillcrest - Straight,Not Provided,No,Four Approaches,Not Provided,Traffic Signal,Dry,Intersection Area,Intersection Related - Within 150 Feet,Yes - Working,No,2022,Winter,February,Daytime,3:00pm - 5:59pm,16,Property Damage Crash,No,No,No,No,No,No,No,No,No,No,No,No,No,Multiple Vehicle Crashes,Dinwiddie County,,Urban,37.196,-77.46737,Non-Interstate,US-1N,1.0,BOYDTON PLANK RD,66.0,Minor Arterial,At Intersection,SIMPSON RD,No,0,0,No,0,0,0,0,0,0,0,0,0,0,0,c6807363,0,0,1,Minor
1,2022-05-09,00:47:00,Monday,Non-Collision,Shoulder,"Blacktop, Asphalt, Bituminous",No Defects,Darkness,Darkness - Road Not Lighted,"Two-Way, Not Divided",Not Provided,No Adverse Condition (Clear/Cloud),Grade - Curve,Not Provided,No,Not at Intersection,Not Provided,No Passing Lines,Dry,Intersection Area,Non-Intersection,Yes - Working,No,2022,Spring,May,Nighttime,Midnight - 2:59am,0,Injury Crash,No,No,Yes,No,No,No,No,No,No,No,No,No,No,Single Vehicle Crashes,Wise County,,Rural,37.04428,-82.50333,Non-Interstate,SC-640S (WISE COUNTY),640.0,DUNCAN GAP RD,7.6,Local,Not at Intersection,,No,0,0,No,0,0,0,0,0,0,0,0,0,0,1,c7629368,0,0,1,Minor
1,2023-06-22,17:20:00,Thursday,Other,On Roadway,"Blacktop, Asphalt, Bituminous",No Defects,Daylight,Daylight,"Two-Way, Divided, Unprotected Median",Not Provided,Mist,Straight - Level,Not Provided,No,Not at Intersection,Not Provided,Traffic Lanes Marked,Wet,Intersection Area,Non-Intersection,Yes - Working,No,2023,Summer,June,Daytime,3:00pm - 5:59pm,17,Property Damage Crash,No,No,No,No,No,No,No,No,No,No,No,No,No,Single Vehicle Crashes,Dinwiddie County,,Rural,36.95,-77.72428,Interstate,I-85S,85.0,I-85,40.79,Interstate,Not at Intersection,,No,0,0,No,0,0,0,0,0,0,0,0,0,0,0,c9751931,0,0,1,Minor
2,2022-01-25,11:10:00,Tuesday,Sideswipe - Same Direction,On Roadway,"Blacktop, Asphalt, Bituminous",No Defects,Daylight,Daylight,"Two-Way, Divided, Unprotected Median",Not Provided,No Adverse Condition (Clear/Cloud),Straight - Level,Not Provided,No,Not at Intersection,Not Provided,Traffic Lanes Marked,Dry,Intersection Area,Non-Intersection,Yes - Working,No,2022,Winter,January,Daytime,9:00am - 11:59am,11,Property Damage Crash,No,No,No,No,No,No,No,No,No,No,No,No,No,Multiple Vehicle Crashes,Loudoun County,Leesburg,Urban,39.08386,-77.56345,,COMPASS CREEK PKWY (PR - TOWN OF LEESBURG),,COMPASS CREEK PKWY,0.23,,At Intersection,COMPASS POINT PLZ,Yes,0,0,No,0,0,0,0,0,0,0,0,0,0,0,c8827137,0,0,1,Minor
2,2023-05-14,14:04:00,Sunday,Rear End,On Roadway,"Blacktop, Asphalt, Bituminous",No Defects,Daylight,Daylight,"Two-Way, Not Divided",Not Provided,No Adverse Condition (Clear/Cloud),Grade - Straight,Not Provided,No,Not at Intersection,Not Provided,No Passing Lines,Dry,Intersection Area,Non-Intersection,Yes - Working,No,2023,Spring,May,Daytime,Noon - 2:59pm,14,Injury Crash,No,Yes,No,No,No,Yes,No,No,No,No,No,No,No,Multiple Vehicle Crashes,Buckingham County,,Rural,37.68745,-78.51529,Non-Interstate,VA-20S,20.0,CONSTITUTION RTE,11.06,Minor Arterial,Not at Intersection,,No,0,0,No,0,0,0,2,0,0,0,0,0,0,2,c2272569,0,1,0,Severe
2,2024-04-21,03:20:00,Sunday,Rear End,On Roadway,"Blacktop, Asphalt, Bituminous",No Defects,Darkness,Darkness - Road Not Lighted,"One-Way, Not Divided",Not Provided,No Adverse Condition (Clear/Cloud),Straight - Level,Not Provided,No,Not at Intersection,Not Provided,No Traffic Control,Dry,Intersection Area,Non-Intersection,No Traffic Control Device Present,No,2024,Spring,April,Nighttime,3:00am - 5:59am,3,Property Damage Crash,No,No,No,No,No,No,No,No,No,No,Yes,No,No,Multiple Vehicle Crashes,Prince William County,,Urban,38.76003,-77.57051,Non-Interstate,SC-3360N (PRINCE WILLIAM COUNTY),3360.0,VICTORY LAKES LOOP,0.92,Local,At Intersection,LENOIR PARK WAY,No,0,0,No,0,0,0,0,0,0,0,0,0,0,0,c9285184,0,0,1,Minor
2,2023-12-20,16:57:00,Wednesday,Rear End,On Roadway,"Blacktop, Asphalt, Bituminous",No Defects,Dusk,Dusk,"Two-Way, Divided, Positive Median Barrier",Not Provided,No Adverse Condition (Clear/Cloud),Grade - Straight,Not Provided,No,Not at Intersection,Not Provided,Traffic Lanes Marked,Dry,Intersection Area,Non-Intersection,Yes - Working,No,2023,Winter,December,Daytime,3:00pm - 5:59pm,16,Property Damage Crash,No,Yes,Yes,No,No,No,No,No,No,No,No,No,No,Multiple Vehicle Crashes,Botetourt County,,Rural,37.52594,-79.70346,Interstate,I-81S,81.0,I-81,165.94,Interstate,Not at Intersection,,No,0,0,No,0,0,0,0,0,0,0,0,0,0,0,c2089288,0,0,1,Minor
2,2022-11-22,01:30:00,Tuesday,Rear End,On Roadway,"Blacktop, Asphalt, Bituminous",No Defects,Darkness,Darkness - Road Not Lighted,"Two-Way, Divided, Positive Median Barrier",Not Provided,No Adverse Condition (Clear/Cloud),Straight - Level,Not Provided,No,Not at Intersection,Not Provided,Traffic Lanes Marked,Dry,Intersection Area,Non-Intersection,Yes - Working,No,2022,Autumn,November,Nighttime,Midnight - 2:59am,1,Injury Crash,No,Yes,No,No,No,No,No,No,No,No,No,No,No,Multiple Vehicle Crashes,Brunswick County,,Rural,36.78943,-78.00393,Interstate,I-85S,85.0,I-85,21.2,Interstate,Not at Intersection,,No,0,0,No,0,0,0,0,0,0,0,0,0,0,3,c4619825,0,1,0,Severe
2,2022-04-02,18:19:00,Saturday,Sideswipe - Same Direction,On Roadway,"Blacktop, Asphalt, Bituminous",No Defects,Darkness,Darkness - Road Lighted,"One-Way, Not Divided",Not Provided,No Adverse Condition (Clear/Cloud),Straight - Level,Not Provided,No,Three Approaches,Not Provided,Traffic Signal,Dry,Intersection Area,Within Intersection,Yes - Working,No,2022,Spring,April,Nighttime,6:00pm - 8:59pm,18,Injury Crash,No,No,No,No,No,No,No,No,No,No,No,No,No,Multiple Vehicle Crashes,Norfolk City,,Urban,36.87505,-76.29479,Non-Interstate,VA-247P,247.0,27TH ST,0.39,Minor Arterial,At Intersection,COLLEY AVE,No,0,0,No,0,0,0,0,0,0,0,0,0,0,1,c2453075,0,0,1,Minor
2,2022-11-15,18:00:00,Tuesday,Angle,On Roadway,"Blacktop, Asphalt, Bituminous",No Defects,Darkness,Darkness - Road Not Lighted,"Two-Way, Not Divided",Not Provided,Rain,Straight - Level,Not Provided,No,Four Approaches,Not Provided,Traffic Signal,Wet,Intersection Area,Within Intersection,Yes - Working,No,2022,Autumn,November,Nighttime,6:00pm - 8:59pm,18,Injury Crash,No,No,No,No,No,No,No,No,No,No,No,No,No,Multiple Vehicle Crashes,Chesterfield County,,Urban,37.35228,-77.48056,Non-Interstate,VA-10E,10.0,IRON BRIDGE RD,13.01,Other Principal Arterial,At Intersection,CHALKLEY RD,No,0,0,No,0,0,0,0,0,0,0,0,0,0,4,c6435021,0,1,0,Severe
2,2023-12-06,16:30:00,Wednesday,Sideswipe - Same Direction,On Roadway,"Blacktop, Asphalt, Bituminous",No Defects,Daylight,Daylight,"One-Way, Not Divided",Not Provided,No Adverse Condition (Clear/Cloud),On/Off Ramp,Not Provided,No,Roundabout,Not Provided,Traffic Lanes Marked,Dry,Intersection Area,Within Intersection,Yes - Working,No,2023,Winter,December,Daytime,3:00pm - 5:59pm,16,Property Damage Crash,No,No,No,No,No,No,No,No,No,No,No,No,No,Multiple Vehicle Crashes,Stafford County,,Urban,38.47497,-77.4065,Non-Interstate,SC-2277W (STAFFORD COUNTY),2277.0,WOODSTREAM BLVD,0.35,Local,At Intersection,PIKE PL,No,0,0,No,0,0,0,0,0,0,0,0,0,0,0,c6124833,0,0,1,Minor
2,2022-04-29,20:13:00,Friday,Angle,On Roadway,"Blacktop, Asphalt, Bituminous",No Defects,Dusk,Dusk,"Two-Way, Divided, Unprotected Median",Not Provided,No Adverse Condition (Clear/Cloud),Straight - Level,Not Provided,No,Not at Intersection,Not Provided,Traffic Lanes Marked,Dry,Intersection Area,Non-Intersection,Yes - Working,No,2022,Spring,April,Nighttime,6:00pm - 8:59pm,20,Property Damage Crash,No,No,No,No,No,No,No,No,No,No,No,No,No,Multiple Vehicle Crashes,Chesterfield County,,Urban,37.35472,-77.41041,Non-Interstate,VA-10E,10.0,HUNDRED RD,17.2,Other Principal Arterial,Not at Intersection,,No,0,0,No,0,0,0,0,0,0,0,0,0,0,0,c4427970,0,0,1,Minor
1,2024-05-05,05:20:00,Sunday,Fixed Object - Off Road,On Roadway,"Blacktop, Asphalt, Bituminous",No Defects,Dawn,Dawn,"Two-Way, Not Divided",Not Provided,No Adverse Condition (Clear/Cloud),Curve - Level,Not Provided,No,Not at Intersection,Not Provided,Traffic Lanes Marked,Dry,Interchange Area,Main-Line Roadway,Yes - Working,No,2024,Spring,May,Nighttime,3:00am - 5:59am,5,Injury Crash,Yes,Yes,No,No,No,No,No,No,No,Yes,No,No,No,Single Vehicle Crashes,Va. Beach City,,Rural,36.74279,-75.95403,Non-Interstate,UR-8673N (CITY OF VIRGINIA BEACH),8673.0,SANDBRIDGE RD,15.19,Major Collector,Not at Intersection,,No,0,0,No,0,0,0,0,0,0,0,0,0,0,1,c5719767,0,0,1,Minor
2,2022-12-20,18:18:00,Tuesday,Rear End,On Roadway,"Blacktop, Asphalt, Bituminous",No Defects,Darkness,Darkness - Road Lighted,"Two-Way, Divided, Unprotected Median",Not Provided,No Adverse Condition (Clear/Cloud),Straight - Level,Not Provided,No,Four Approaches,Not Provided,Traffic Lanes Marked,Dry,Intersection Area,Within Intersection,Yes - Working,No,2022,Winter,December,Nighttime,6:00pm - 8:59pm,18,Property Damage Crash,No,No,No,No,No,No,No,No,No,No,No,No,No,Multiple Vehicle Crashes,Va. Beach City,,Urban,36.81385,-76.16796,Non-Interstate,UR-10W (CITY OF VIRGINIA BEACH),10.0,PROVIDENCE RD,2.89,Minor Arterial,At Intersection,FAIRFIELD SC,No,0,0,No,0,0,0,0,0,0,0,0,0,0,0,c8702805,0,0,1,Minor
2,2024-10-31,15:26:00,Thursday,Sideswipe - Same Direction,On Roadway,"Blacktop, Asphalt, Bituminous",No Defects,Daylight,Daylight,"Two-Way, Divided, Unprotected Median",Not Provided,No Adverse Condition (Clear/Cloud),Straight - Level,Not Provided,No,Four Approaches,Not Provided,Traffic Lanes Marked,Dry,Intersection Area,Within Intersection,Yes - Working,No,2024,Autumn,October,Daytime,3:00pm - 5:59pm,15,Property Damage Crash,No,No,No,No,No,No,No,No,No,Yes,No,No,No,Multiple Vehicle Crashes,Va. Beach City,,Urban,36.84545,-76.15653,Non-Interstate,VA-190E,190.0,WITCHDUCK RD,13.44,Minor Arterial,At Intersection,VIRGINIA BEACH BLVD,No,0,0,No,0,0,0,0,0,0,0,0,0,0,0,c4603736,0,0,1,Minor