NumberOfVehicles,CrashDate,CrashTime,DayOfWeek,TypeOfCollision,LocationOfFirstHarmfulEvent,RoadwaySurfaceType,RoadwayDefect,LightCondition_Category,LightCondition_Value,RoadwayDescription,WorkZoneLocation,WeatherCondition,RoadwayAlignment,WorkZoneWorkersPresent,SchoolZone,IntersectionType,WorkZoneType,TrafficControlType,RoadwaySurfaceCondition,RelationToRoadway_Category,RelationToRoadway_Value,TrafficControlMechanicalDevice,WorkZoneRelated,Year,Meteorological Season,MonthName,DaytimeNighttime_NHTSA,ThreeHourLabel,Hour,CrashType,AlcoholInvolved,SpeedRelated,CommercialMotorVehiclesInvolved,PedestrianInvolved,BicycleInvolved,MotorcycleInvolved,MopedInvolved,TrainRelated,SchoolZoneInvolved,TeenDriverInvolved,DistractedDriverInvolved,DriverTextingInvolved,DriverUsingCellPhone,Single_Multi_Vehicle,Jurisdiction,TownName,LocationTypeName,Latitude,Longitude,Interstate_NonInterstate,RoadName,RouteNumber,RouteName,MileMarker,FunctionalClassCode,AtIntersection,SecondaryLocation,MatureDriverInvolved,MatureDriverFatalities,MatureDriverInjuries,LargeTruckInvolved,PedestrianFatalities,PedestrianInjuries,MotorcycleFatalities,MotorcycleInjuries,BicycleFatalities,BicycleInjuries,DistractedDriverFatalities,DistractedDriverInjuries,UnrestrainedInjuries,Number_Of_Fatalities,Number_Of_Injuries,Crash_UID,Is_Fatal,Is_Severe,Is_Minor,SeverityLabel
4,2022-04-09,23:30:00,Saturday,Sideswipe - Opposite Direction,In Parking Lane or Zone,"Blacktop, Asphalt, Bituminous",No Defects,Darkness,Darkness - Road Lighted,"Two-Way, Not Divided",Not Provided,No Adverse Condition (Clear/Cloud),Curve - Level,Not Provided,No,Not at Intersection,Not Provided,Traffic Signal,Dry,Intersection Area,Non-Intersection,Yes - Working,No,2022,Spring,April,Nighttime,9:00pm - 11:59pm,23,Property Damage Crash,Yes,Yes,No,No,No,No,No,No,No,No,No,No,No,Multiple Vehicle Crashes,Sussex County,Waverly,Rural,37.03456,-77.11673,Non-Interstate,SC-651W (SUSSEX COUNTY),651.0,LOBBS SHOP RD,1.61,Local,At Intersection,SUSIE LN,No,0,0,No,0,0,0,0,0,0,0,0,0,0,0,c0453503,0,0,1,Minor
3,2024-02-14,06:33:00,Wednesday,Rear End,On Roadway,"Blacktop, Asphalt, Bituminous",No Defects,Dawn,Dawn,"Two-Way, Not Divided",Not Provided,No Adverse Condition (Clear/Cloud),Straight - Level,Not Provided,No,Three Approaches,Not Provided,Traffic Lanes Marked,Dry,Intersection Area,Within Intersection,Yes - Working,No,2024,Winter,February,Daytime,6:00am - 8:59am,6,Injury Crash,No,No,No,No,No,No,No,No,No,No,No,No,No,Multiple Vehicle Crashes,Culpeper County,,Rural,38.43384,-77.98505,Non-Interstate,US-522S,522.0,ZACHARY TAYLOR HWY,70.57,Minor Arterial,At Intersection,CEDAR GROVE RD,No,0,0,No,0,0,0,0,0,0,0,0,0,0,1,c1861869,0,0,1,Minor
1,2023-09-19,15:42:00,Tuesday,Fixed Object - Off Road,Roadside,"Blacktop, Asphalt, Bituminous",No Defects,Daylight,Daylight,"Two-Way, Not Divided",Not Provided,No Adverse Condition (Clear/Cloud),Curve - Level,Not Provided,No,Not at Intersection,Not Provided,No Traffic Control,Dry,Interchange Area,Main-Line Roadway,No Traffic Control Device Present,No,2023,Autumn,September,Daytime,3:00pm - 5:59pm,15,Injury Crash,No,No,No,No,No,No,No,No,No,No,No,No,No,Single Vehicle Crashes,Frederick County,,Rural,39.27219,-78.17733,Non-Interstate,SC-730N (FREDERICK COUNTY),730.0,BABBS MOUNTAIN RD,0.18,Local,Not at Intersection,,No,0,0,No,0,0,0,0,0,0,0,0,0,0,1,c2418016,0,0,1,Minor
3,2024-07-29,07:30:00,Monday,Rear End,On Roadway,Concrete,No Defects,Daylight,Daylight,"Two-Way, Divided, Positive Median Barrier",Activity Area,No Adverse Condition (Clear/Cloud),Straight - Level,With No Law Enforcement,No,Not at Intersection,Work on Shoulder or Median,Traffic Lanes Marked,Dry,Intersection Area,Non-Intersection,Yes - Working,Yes,2024,Summer,July,Daytime,6:00am - 8:59am,7,Property Damage Crash,No,Yes,No,No,No,No,No,No,No,No,No,No,No,Multiple Vehicle Crashes,Newport News City,,Urban,37.11733,-76.50641,Interstate,I-64W,64.0,I-64,255.42,Interstate,Not at Intersection,,No,0,0,No,0,0,0,0,0,0,0,0,0,0,0,c0920745,0,0,1,Minor
2,2022-10-01,22:57:00,Saturday,Angle,On Roadway,"Blacktop, Asphalt, Bituminous",No Defects,Darkness,Darkness - Road Not Lighted,"Two-Way, Divided, Unprotected Median",Not Provided,Rain,Straight - Level,Not Provided,No,Three Approaches,Not Provided,Stop Sign,Wet,Intersection Area,Intersection Related - Within 150 Feet,Yes - Working,No,2022,Autumn,October,Nighttime,9:00pm - 11:59pm,22,Injury Crash,Yes,No,No,No,No,No,No,No,No,No,No,No,No,Multiple Vehicle Crashes,Fauquier County,,Rural,38.64303,-77.80464,Non-Interstate,US-15N,15.0,JAMES MADISON HWY,179.27,Other Principal Arterial,At Intersection,LEES MILL RD,No,0,0,No,0,0,0,0,0,0,0,0,0,0,1,c8785774,0,0,1,Minor
1,2024-10-03,15:05:00,Thursday,Fixed Object - Off Road,Shoulder,"Blacktop, Asphalt, Bituminous",No Defects,Daylight,Daylight,"Two-Way, Not Divided",Not Provided,No Adverse Condition (Clear/Cloud),Straight - Level,Not Provided,No,Not at Intersection,Not Provided,No Traffic Control,Dry,Intersection Area,Non-Intersection,No Traffic Control Device Present,No,2024,Autumn,October,Daytime,3:00pm - 5:59pm,15,Injury Crash,No,Yes,No,No,No,No,No,No,No,Yes,No,No,No,Single Vehicle Crashes,Halifax County,,Rural,36.78694,-79.12033,Non-Interstate,SC-665N (HALIFAX COUNTY),665.0,NUNNLEYS BRIDGE RD,1.34,Local,Not at Intersection,,No,0,0,No,0,0,0,0,0,0,0,0,1,0,1,c6003301,0,0,1,Minor
2,2023-01-01,12:15:00,Sunday,Angle,On Roadway,"Blacktop, Asphalt, Bituminous",No Defects,Daylight,Daylight,"Two-Way, Not Divided",Not Provided,No Adverse Condition (Clear/Cloud),Straight - Level,Not Provided,No,Three Approaches,Not Provided,Stop Sign,Dry,Intersection Area,Within Intersection,Yes - Working,No,2023,Winter,January,Daytime,Noon - 2:59pm,12,Injury Crash,No,No,No,No,No,No,No,No,No,No,No,No,No,Multiple Vehicle Crashes,Lynchburg City,,Urban,37.39408,-79.15861,Non-Interstate,UR-6037S (CITY OF LYNCHBURG),6037.0,STADIUM RD,0.27,Minor Arterial,At Intersection,GORDON ST,Yes,0,0,No,0,0,0,0,0,0,0,0,0,0,1,c3346404,0,0,1,Minor
2,2022-09-01,08:49:00,Thursday,Angle,"Off Roadway, Location Unknown","Blacktop, Asphalt, Bituminous",No Defects,Daylight,Daylight,"Two-Way, Not Divided",Not Provided,No Adverse Condition (Clear/Cloud),Straight - Level,Not Provided,No,Not at Intersection,Not Provided,No Traffic Control,Dry,Interchange Area,"Other interchange area (median, shoulder & roadside)",No Traffic Control Device Present,No,2022,Autumn,September,Daytime,6:00am - 8:59am,8,Property Damage Crash,No,No,No,No,No,No,No,No,No,No,No,No,No,Multiple Vehicle Crashes,Richmond City,,Urban,37.51156,-77.44844,,,,RICHMOND HWY,,,Not at Intersection,,No,0,0,No,0,0,0,0,0,0,0,0,0,0,0,c4390942,0,0,1,Minor
1,2024-01-15,13:00:00,Monday,Fixed Object - Off Road,On Roadway,"Blacktop, Asphalt, Bituminous",Slick Pavement,Daylight,Daylight,"Two-Way, Divided, Unprotected Median",Not Provided,Snow,Grade - Curve,Not Provided,No,Not at Intersection,Not Provided,No Traffic Control,Icy,Interchange Area,Main-Line Roadway,No Traffic Control Device Present,No,2024,Winter,January,Daytime,Noon - 2:59pm,13,Property Damage Crash,No,No,No,No,No,No,No,No,No,No,No,No,No,Single Vehicle Crashes,Dickenson County,Haysi,Rural,37.2156,-82.27814,Non-Interstate,VA-80N,80.0,BREAKS PARK RD,57.46,Major Collector,Not at Intersection,,No,0,0,No,0,0,0,0,0,0,0,0,0,0,0,c8281745,0,0,1,Minor
2,2024-11-08,12:51:00,Friday,Rear End,On Roadway,"Blacktop, Asphalt, Bituminous",No Defects,Daylight,Daylight,"Two-Way, Divided, Unprotected Median",Not Provided,No Adverse Condition (Clear/Cloud),Straight - Level,Not Provided,No,Four Approaches,Not Provided,Traffic Signal,Dry,Intersection Area,Within Intersection,Yes - Working,No,2024,Autumn,November,Daytime,Noon - 2:59pm,12,Injury Crash,No,No,No,No,No,No,No,No,No,No,Yes,No,No,Multiple Vehicle Crashes,Gloucester County,,Urban,37.253,-76.49896,Non-Interstate,US-17N,17.0,GEORGE WASHINGTON MEMORIAL HWAY,69.64,Other Principal Arterial,At Intersection,LAFAYETTE HEIGHTS DR,No,0,0,No,0,0,0,0,0,0,0,0,0,0,2,c4974861,0,1,0,Severe
2,2022-07-20,18:09:00,Wednesday,Angle,On Roadway,"Blacktop, Asphalt, Bituminous",No Defects,Daylight,Daylight,"Two-Way, Not Divided",Not Provided,No Adverse Condition (Clear/Cloud),Straight - Level,Not Provided,No,Four Approaches,Not Provided,Stop Sign,Dry,Intersection Area,Within Intersection,Yes - Working,No,2022,Summer,July,Nighttime,6:00pm - 8:59pm,18,Injury Crash,No,Yes,No,No,No,No,No,No,No,No,No,No,No,Multiple Vehicle Crashes,Chesterfield County,,Urban,37.36272,-77.41608,Non-Interstate,US-1N,1.0,JEFFERSON DAVIS HWY,80.42,Other Principal Arterial,At Intersection,MOORES LAKE RD,No,0,0,No,0,0,0,0,0,0,0,0,1,0,3,c4739637,0,1,0,Severe
2,2024-07-11,14:05:00,Thursday,Rear End,On Roadway,"Blacktop, Asphalt, Bituminous",No Defects,Daylight,Daylight,"Two-Way, Divided, Positive Median Barrier",Not Provided,No Adverse Condition (Clear/Cloud),Straight - Level,Not Provided,No,Not at Intersection,Not Provided,Traffic Lanes Marked,Wet,Intersection Area,Non-Intersection,Yes - Working,No,2024,Summer,July,Daytime,Noon - 2:59pm,14,Property Damage Crash,No,No,Yes,No,No,No,No,No,No,Yes,Yes,No,No,Multiple Vehicle Crashes,Suffolk City,,Rural,36.66319,-76.80732,Non-Interstate,US-58W,58.0,SOUTH QUAY RD,455.57,Other Principal Arterial,Not at Intersection,,No,0,0,Yes,0,0,0,0,0,0,0,0,0,0,0,c1723199,0,0,1,Minor
1,2023-11-17,14:32:00,Friday,Pedestrian,On Roadway,"Blacktop, Asphalt, Bituminous",No Defects,Daylight,Daylight,"Two-Way, Not Divided",Not Provided,No Adverse Condition (Clear/Cloud),Straight - Level,Not Provided,No,Three Approaches,Not Provided,Traffic Lanes Marked,Dry,Intersection Area,Within Intersection,Yes - Working,No,2023,Autumn,November,Daytime,Noon - 2:59pm,14,Injury Crash,Yes,No,No,Yes,No,No,No,No,No,No,No,No,No,Single Vehicle Crashes,Pittsylvania County,,Urban,36.64208,-79.39992,Non-Interstate,VA-41N,41.0,FRANKLIN TPKE,2.77,Minor Arterial,At Intersection,ORPHANAGE RD,Yes,0,0,No,0,1,0,0,0,0,0,0,0,0,1,c3746855,0,0,1,Minor
2,2023-03-19,01:21:00,Sunday,Rear End,On Roadway,"Blacktop, Asphalt, Bituminous",No Defects,Darkness,Darkness - Road Lighted,"Two-Way, Divided, Positive Median Barrier",Not Provided,No Adverse Condition (Clear/Cloud),Straight - Level,Not Provided,No,Four Approaches,Not Provided,Traffic Signal,Dry,Intersection Area,Intersection Related - Within 150 Feet,Yes - Working,No,2023,Spring,March,Nighttime,Midnight - 2:59am,1,Injury Crash,No,No,No,No,No,No,No,No,No,Yes,No,No,No,Multiple Vehicle Crashes,Chesapeake City,,Urban,36.86551,-76.41535,Non-Interstate,US-17N,17.0,WESTERN BRANCH BLVD,33.32,Other Principal Arterial,Not at Intersection,,No,0,0,No,0,0,0,0,0,0,0,0,0,0,2,c2822438,0,1,0,Severe
2,2023-11-08,12:19:00,Wednesday,Angle,On Roadway,"Blacktop, Asphalt, Bituminous",No Defects,Daylight,Daylight,"Two-Way, Divided, Unprotected Median",Not Provided,No Adverse Condition (Clear/Cloud),Straight - Level,Not Provided,No,Four Approaches,Not Provided,Traffic Signal,Dry,Intersection Area,Within Intersection,Yes - Working,No,2023,Autumn,November,Daytime,Noon - 2:59pm,12,Injury Crash,No,No,Yes,No,No,No,No,No,No,No,No,No,No,Multiple Vehicle Crashes,Hanover County,Ashland,Urban,37.75841,-77.46808,Non-Interstate,VA-54W,54.0,ENGLAND ST,12.54,Minor Arterial,At Intersection,COTTAGE GREENE DR,Yes,0,1,No,0,0,0,0,0,0,0,0,0,0,1,c4291679,0,0,1,Minor
3,2024-02-28,05:45:00,Wednesday,Rear End,On Roadway,"Blacktop, Asphalt, Bituminous",No Defects,Darkness,Darkness - Road Lighted,"Two-Way, Divided, Positive Median Barrier",Not Provided,No Adverse Condition (Clear/Cloud),Straight - Level,Not Provided,No,Not at Intersection,Not Provided,Traffic Lanes Marked,Dry,Intersection Area,Non-Intersection,Yes - Working,No,2024,Winter,February,Nighttime,3:00am - 5:59am,5,Property Damage Crash,No,Yes,No,No,No,No,No,No,No,No,No,No,No,Multiple Vehicle Crashes,Prince William County,,Urban,38.80082,-77.52774,Interstate,I-66E,66.0,I-66,46.83,Interstate,Not at Intersection,,No,0,0,No,0,0,0,0,0,0,0,0,0,0,0,c1373727,0,0,1,Minor
1,2023-09-12,17:25:00,Tuesday,Fixed Object - Off Road,Roadside,"Blacktop, Asphalt, Bituminous",No Defects,Daylight,Daylight,"Two-Way, Divided, Unprotected Median",Not Provided,No Adverse Condition (Clear/Cloud),Straight - Level,Not Provided,No,Not at Intersection,Not Provided,Traffic Lanes Marked,Dry,Intersection Area,Non-Intersection,Yes - Working,No,2023,Autumn,September,Daytime,3:00pm - 5:59pm,17,Injury Crash,No,No,No,No,No,No,No,No,No,No,No,No,No,Single Vehicle Crashes,Frederick County,,Urban,39.11309,-78.19762,Interstate,I-81S,81.0,I-81,310.37,Interstate,Not at Intersection,,No,0,0,No,0,0,0,0,0,0,0,0,1,0,1,c3867021,0,0,1,Minor
2,2023-05-21,17:03:00,Sunday,Angle,On Roadway,"Blacktop, Asphalt, Bituminous",No Defects,Daylight,Daylight,"Two-Way, Not Divided",Not Provided,No Adverse Condition (Clear/Cloud),Hillcrest - Straight,Not Provided,No,Four Approaches,Not Provided,Stop Sign,Dry,Intersection Area,Within Intersection,Yes - Working,No,2023,Spring,May,Daytime,3:00pm - 5:59pm,17,Property Damage Crash,No,No,No,No,No,No,No,No,No,Yes,No,No,No,Multiple Vehicle Crashes,Tazewell County,Tazewell,Urban,37.13643,-81.49101,Non-Interstate,MARKET ST (PR - TOWN OF TAZEWELL),,MARKET ST,0.25,Minor Collector,At Intersection,PROFESSIONAL DR,No,0,0,No,0,0,0,0,0,0,0,0,0,0,0,c4895240,0,0,1,Minor
1,2023-10-01,14:20:00,Sunday,Fixed Object - Off Road,Shoulder,"Blacktop, Asphalt, Bituminous",No Defects,Daylight,Daylight,"Two-Way, Not Divided",Not Provided,No Adverse Condition (Clear/Cloud),Straight - Level,Not Provided,No,Not at Intersection,Not Provided,Traffic Lanes Marked,Dry,Intersection Area,Non-Intersection,Yes - Working,No,2023,Autumn,October,Daytime,Noon - 2:59pm,14,Property Damage Crash,No,No,No,No,No,No,No,No,No,No,No,No,No,Single Vehicle Crashes,Chesterfield County,,Urban,37.32981,-77.43904,Non-Interstate,SC-619N (CHESTERFIELD COUNTY),619.0,HAPPY HILL RD,3.78,Minor Arterial,At Intersection,SUNSET AVE,No,0,0,No,0,0,0,0,0,0,0,0,0,0,0,c5652992,0,0,1,Minor
3,2023-07-27,10:55:00,Thursday,Rear End,On Roadway,"Blacktop, Asphalt, Bituminous",No Defects,Daylight,Daylight,"Two-Way, Not Divided",Not Provided,No Adverse Condition (Clear/Cloud),Straight - Level,Not Provided,No,Three Approaches,Not Provided,Traffic Signal,Dry,Intersection Area,Intersection Related - Within 150 Feet,Yes - Working,No,2023,Summer,July,Daytime,9:00am - 11:59am,10,Property Damage Crash,No,No,No,No,No,No,No,No,No,No,No,No,No,Multiple Vehicle Crashes,Washington County,,Rural,36.7139,-81.9349,Non-Interstate,US-11S,11.0,LEE HWY,18.28,Other Principal Arterial,Not at Intersection,,Yes,0,0,No,0,0,0,0,0,0,0,0,0,0,0,c6017058,0,0,1,Minor
1,2022-01-15,23:40:00,Saturday,Fixed Object - Off Road,On Roadway,"Blacktop, Asphalt, Bituminous",No Defects,Darkness,Darkness - Road Not Lighted,"Two-Way, Not Divided",Not Provided,No Adverse Condition (Clear/Cloud),Straight - Level,Not Provided,No,Not at Intersection,Not Provided,Traffic Lanes Marked,Dry,Intersection Area,Non-Intersection,Yes - Working,No,2022,Winter,January,Nighttime,9:00pm - 11:59pm,23,Property Damage Crash,No,No,No,No,No,No,No,No,No,No,No,No,No,Single Vehicle Crashes,Chesterfield County,,Urban,37.39331,-77.44538,Non-Interstate,VA-145W,145.0,CHESTER RD,3.84,Minor Arterial,Not at Intersection,,No,0,0,No,0,0,0,0,0,0,0,0,0,0,0,c8712560,0,0,1,Minor
1,2024-06-27,09:00:00,Thursday,Fixed Object in Road,On Roadway,"Blacktop, Asphalt, Bituminous",No Defects,Daylight,Daylight,"Two-Way, Divided, Unprotected Median",Not Provided,No Adverse Condition (Clear/Cloud),Straight - Level,Not Provided,No,Not at Intersection,Not Provided,Traffic Lanes Marked,Dry,Intersection Area,Non-Intersection,Yes - Working,No,2024,Summer,June,Daytime,9:00am - 11:59am,9,Property Damage Crash,No,No,No,No,No,No,No,No,No,No,No,No,No,Single Vehicle Crashes,Richmond City,,Urban,37.46876,-77.43519,Non-Interstate,VA-161N,161.0,BELLS RD,0.71,Minor Arterial,Not at Intersection,,No,0,0,No,0,0,0,0,0,0,0,0,0,0,0,c5364763,0,0,1,Minor
1,2023-09-01,06:31:00,Friday,Non-Collision,On Roadway,"Blacktop, Asphalt, Bituminous",No Defects,Daylight,Daylight,"Two-Way, Divided, Unprotected Median",Not Provided,No Adverse Condition (Clear/Cloud),Straight - Level,Not Provided,No,Not at Intersection,Not Provided,Traffic Lanes Marked,Dry,Interchange Area,Main-Line Roadway,Yes - Working,No,2023,Autumn,September,Daytime,6:00am - 8:59am,6,Property Damage Crash,No,No,No,No,No,No,No,No,No,No,No,No,No,Single Vehicle Crashes,Chesterfield County,,Urban,37.44916,-77.4864,Non-Interstate,VA-10W,10.0,IRON BRIDGE RD,4.6,Other Principal Arterial,Not at Intersection,,No,0,0,No,0,0,0,0,0,0,0,0,0,0,0,c5078939,0,0,1,Minor
2,2024-01-20,17:45:00,Saturday,Angle,On Roadway,"Blacktop, Asphalt, Bituminous",No Defects,Darkness,Darkness - Road Not Lighted,"Two-Way, Divided, Unprotected Median",Not Provided,No Adverse Condition (Clear/Cloud),Straight - Level,Not Provided,No,Two Approaches,Not Provided,Traffic Lanes Marked,Dry,Intersection Area,Within Intersection,Yes - Working,No,2024,Winter,January,Daytime,3:00pm - 5:59pm,17,Property Damage Crash,No,No,No,No,No,No,No,No,No,No,No,No,No,Multiple Vehicle Crashes,Richmond City,,Urban,37.5568,-77.40967,Non-Interstate,US-360W,360.0,MECHANICSVILLE TPKE,143.21,Other Principal Arterial,At Intersection,I-64 RAMP,Yes,0,0,No,0,0,0,0,0,0,0,0,0,0,0,c5263214,0,0,1,Minor
2,2023-07-11,08:30:00,Tuesday,Rear End,On Roadway,"Blacktop, Asphalt, Bituminous",No Defects,Daylight,Daylight,"One-Way, Not Divided",Not Provided,No Adverse Condition (Clear/Cloud),Straight - Level,Not Provided,No,Not at Intersection,Not Provided,Traffic Lanes Marked,Dry,Interchange Area,On Entrance/Exit Ramp,Yes - Working,No,2023,Summer,July,Daytime,6:00am - 8:59am,8,Injury Crash,No,Yes,No,No,No,No,No,No,No,No,No,No,No,Multiple Vehicle Crashes,Fairfax County,,Urban,38.85293,-77.39406,Interstate,I-66E DIST/COLL AT MP55,66.0,I-66 RAMP,0.15,Interstate,Not at Intersection,,No,0,0,No,0,0,0,0,0,0,0,0,0,0,1,c0535902,0,0,1,Minor
2,2024-03-16,13:12:00,Saturday,Rear End,On Roadway,"Blacktop, Asphalt, Bituminous",No Defects,Daylight,Daylight,"Two-Way, Divided, Unprotected Median",Not Provided,No Adverse Condition (Clear/Cloud),Straight - Level,Not Provided,No,Not at Intersection,Not Provided,Traffic Signal,Dry,Intersection Area,Non-Intersection,Yes - Working,No,2024,Spring,March,Daytime,Noon - 2:59pm,13,Property Damage Crash,No,No,No,No,No,No,No,No,No,No,No,No,No,Multiple Vehicle Crashes,Henrico County,,Urban,37.5949,-77.5663,Non-Interstate,CR-7518S (HENRICO COUNTY),7518.0,PARHAM RD,1.92,Other Principal Arterial,At Intersection,PATTERSON AVE,No,0,0,No,0,0,0,0,0,0,0,0,0,0,0,c6800949,0,0,1,Minor
1,2024-09-19,18:58:00,Thursday,Deer,On Roadway,"Blacktop, Asphalt, Bituminous",No Defects,Daylight,Daylight,"Two-Way, Not Divided",Not Provided,No Adverse Condition (Clear/Cloud),Curve - Level,Not Provided,No,Three Approaches,Not Provided,Traffic Lanes Marked,Dry,Interchange Area,Main-Line Roadway,Yes - Working,No,2024,Autumn,September,Nighttime,6:00pm - 8:59pm,18,Property Damage Crash,No,No,No,No,No,No,No,No,No,No,No,No,No,Single Vehicle Crashes,Louisa County,Louisa,Rural,38.00763,-77.98412,Non-Interstate,US-33W,33.0,JEFFERSON HWAY,88.8,Minor Arterial,Not at Intersection,,No,0,0,No,0,0,0,0,0,0,0,0,0,0,0,c6447663,0,0,1,Minor
1,2022-07-19,00:30:00,Tuesday,Fixed Object in Road,On Roadway,"Blacktop, Asphalt, Bituminous",No Defects,Darkness,Darkness - Road Not Lighted,"Two-Way, Not Divided",Not Provided,Rain,Grade - Straight,Not Provided,No,Not at Intersection,Not Provided,No Passing Lines,Wet,Intersection Area,Non-Intersection,Yes - Working,No,2022,Summer,July,Nighttime,Midnight - 2:59am,0,Property Damage Crash,No,No,No,No,No,No,No,No,No,No,No,No,No,Single Vehicle Crashes,Pittsylvania County,,Rural,36.82055,-79.37762,Non-Interstate,VA-57E,57.0,HALIFAX RD,61.53,Major Collector,Not at Intersection,,No,0,0,No,0,0,0,0,0,0,0,0,0,0,0,c6481895,0,0,1,Minor
2,2024-12-30,12:57:00,Monday,Angle,On Roadway,"Blacktop, Asphalt, Bituminous",No Defects,Daylight,Daylight,"Two-Way, Divided, Positive Median Barrier",Not Provided,No Adverse Condition (Clear/Cloud),Straight - Level,Not Provided,No,Four Approaches,Not Provided,Traffic Lanes Marked,Dry,Intersection Area,Intersection Related - Within 150 Feet,Yes - Working,No,2024,Winter,December,Daytime,Noon - 2:59pm,12,Injury Crash,No,No,No,No,No,No,No,No,No,No,No,No,No,Multiple Vehicle Crashes,Va. Beach City,,Urban,36.88643,-76.17876,Non-Interstate,UR-8N (CITY OF VIRGINIA BEACH),8.0,DIAMOND SPRINGS RD,1.59,Minor Arterial,At Intersection,NORTHAMPTON BLVD,No,0,0,No,0,0,0,0,0,0,0,0,0,0,2,c3484383,0,1,0,Severe
2,2023-04-10,17:23:00,Monday,Sideswipe - Same Direction,On Roadway,"Blacktop, Asphalt, Bituminous",No Defects,Daylight,Daylight,"Two-Way, Divided, Positive Median Barrier",Not Provided,No Adverse Condition (Clear/Cloud),Straight - Level,Not Provided,No,Four Approaches,Not Provided,Traffic Signal,Dry,Intersection Area,Within Intersection,Yes - Working,No,2023,Spring,April,Daytime,3:00pm - 5:59pm,17,Property Damage Crash,No,No,No,No,No,No,No,No,No,No,Yes,No,No,Multiple Vehicle Crashes,Portsmouth City,,Urban,36.80845,-76.35678,Interstate,I-264W RAMP 3A,264.0,I-264 RAMP,0.18,Interstate,At Intersection,VICTORY BLVD,No,0,0,Yes,0,0,0,0,0,0,0,0,0,0,0,c1707560,0,0,1,Minor
2,2023-02-27,08:54:00,Monday,Rear End,On Roadway,"Blacktop, Asphalt, Bituminous",No Defects,Daylight,Daylight,"Two-Way, Divided, Unprotected Median",Not Provided,No Adverse Condition (Clear/Cloud),Straight - Level,Not Provided,No,Three Approaches,Not Provided,Traffic Signal,Dry,Intersection Area,Intersection Related - Within 150 Feet,Yes - Working,No,2023,Winter,February,Daytime,6:00am - 8:59am,8,Property Damage Crash,No,No,No,No,No,No,No,No,No,No,No,No,No,Multiple Vehicle Crashes,Hampton City,,Urban,37.02359,-76.32704,Non-Interstate,UR-7049S (CITY OF HAMPTON),,WOODLAND RD,0.01,Other Principal Arterial,At Intersection,COUNTY ST,Yes,0,0,No,0,0,0,0,0,0,0,0,0,0,0,c7871438,0,0,1,Minor
2,2024-08-21,15:00:00,Wednesday,Sideswipe - Same Direction,On Roadway,"Blacktop, Asphalt, Bituminous",No Defects,Daylight,Daylight,"Two-Way, Divided, Positive Median Barrier",Not Provided,No Adverse Condition (Clear/Cloud),Straight - Level,Not Provided,No,Four Approaches,Not Provided,Traffic Signal,Dry,Interchange Area,Main-Line Roadway,Yes - Working,No,2024,Summer,August,Daytime,3:00pm - 5:59pm,15,Property Damage Crash,No,No,No,No,No,No,No,No,No,Yes,No,No,No,Multiple Vehicle Crashes,Fairfax County,,Urban,38.86589,-77.36623,Non-Interstate,SC-608N (FAIRFAX COUNTY),608.0,WEST OX RD,1.52,Minor Arterial,At Intersection,LEGATO RD,No,0,0,No,0,0,0,0,0,0,0,0,0,0,0,c8063639,0,0,1,Minor
2,2022-05-08,21:40:00,Sunday,Angle,On Roadway,"Blacktop, Asphalt, Bituminous",No Defects,Darkness,Darkness - Road Lighted,"Two-Way, Not Divided",Not Provided,No Adverse Condition (Clear/Cloud),Straight - Level,Not Provided,No,Four Approaches,Not Provided,Traffic Signal,Dry,Intersection Area,Within Intersection,Yes - Working,No,2022,Spring,May,Nighttime,9:00pm - 11:59pm,21,Injury Crash,No,No,No,No,No,No,No,No,No,No,No,No,No,Multiple Vehicle Crashes,Harrisonburg City,,Urban,38.42221,-78.89178,Non-Interstate,US-11N,11.0,MAIN ST,260.58,Minor Arterial,At Intersection,STONE SPRING RD,No,0,0,No,0,0,0,0,0,0,0,0,0,0,1,c0092460,0,0,1,Minor
1,2023-11-01,07:30:00,Wednesday,Deer,On Roadway,Concrete,No Defects,Daylight,Daylight,"Two-Way, Divided, Unprotected Median",Not Provided,No Adverse Condition (Clear/Cloud),Grade - Straight,Not Provided,No,Not at Intersection,Not Provided,Traffic Lanes Marked,Dry,Interchange Area,Main-Line Roadway,Yes - Working,No,2023,Autumn,November,Daytime,6:00am - 8:59am,7,Property Damage Crash,No,Yes,No,No,No,No,No,No,No,No,No,No,No,Single Vehicle Crashes,Amherst County,,Rural,37.6096,-79.01941,Non-Interstate,US-29N,29.0,AMHERST HWY,92.0,Other Principal Arterial,At Intersection,AIRSPORTS DR,No,0,0,No,0,0,0,0,0,0,0,0,0,0,0,c0316132,0,0,1,Minor
1,2023-02-16,14:20:00,Thursday,Fixed Object - Off Road,Roadside,"Blacktop, Asphalt, Bituminous",No Defects,Daylight,Daylight,"Two-Way, Not Divided",Not Provided,Rain,Curve - Level,Not Provided,No,Not at Intersection,Not Provided,Traffic Lanes Marked,Wet,Intersection Area,Non-Intersection,Yes - Working,No,2023,Winter,February,Daytime,Noon - 2:59pm,14,Injury Crash,No,No,No,No,No,No,No,No,No,No,No,No,No,Single Vehicle Crashes,Shenandoah County,,Urban,38.91826,-78.47229,Non-Interstate,US-11S,11.0,OLD VALLEY PIKE,303.4,Major Collector,Not at Intersection,,No,0,0,No,0,0,0,0,0,0,0,0,1,0,1,c3755379,0,0,1,Minor