NumberOfVehicles,CrashDate,CrashTime,DayOfWeek,TypeOfCollision,LocationOfFirstHarmfulEvent,RoadwaySurfaceType,RoadwayDefect,LightCondition_Category,LightCondition_Value,RoadwayDescription,WorkZoneLocation,WeatherCondition,RoadwayAlignment,WorkZoneWorkersPresent,SchoolZone,IntersectionType,WorkZoneType,TrafficControlType,RoadwaySurfaceCondition,RelationToRoadway_Category,RelationToRoadway_Value,TrafficControlMechanicalDevice,WorkZoneRelated,Year,Meteorological Season,MonthName,DaytimeNighttime_NHTSA,ThreeHourLabel,Hour,CrashType,AlcoholInvolved,SpeedRelated,CommercialMotorVehiclesInvolved,PedestrianInvolved,BicycleInvolved,MotorcycleInvolved,MopedInvolved,TrainRelated,SchoolZoneInvolved,TeenDriverInvolved,DistractedDriverInvolved,DriverTextingInvolved,DriverUsingCellPhone,Single_Multi_Vehicle,Jurisdiction,TownName,LocationTypeName,Latitude,Longitude,Interstate_NonInterstate,RoadName,RouteNumber,RouteName,MileMarker,FunctionalClassCode,AtIntersection,SecondaryLocation,MatureDriverInvolved,MatureDriverFatalities,MatureDriverInjuries,LargeTruckInvolved,PedestrianFatalities,PedestrianInjuries,MotorcycleFatalities,MotorcycleInjuries,BicycleFatalities,BicycleInjuries,DistractedDriverFatalities,DistractedDriverInjuries,UnrestrainedInjuries,Number_Of_Fatalities,Number_Of_Injuries,Crash_UID,Is_Fatal,Is_Severe,Is_Minor,SeverityLabel
2,2023-03-25,04:28:00,Saturday,Sideswipe - Same Direction,On Roadway,"Blacktop, Asphalt, Bituminous",No Defects,Darkness,Darkness - Road Lighted,"Two-Way, Divided, Positive Median Barrier",Not Provided,No Adverse Condition (Clear/Cloud),Straight - Level,Not Provided,No,Not at Intersection,Not Provided,Traffic Lanes Marked,Dry,Intersection Area,Non-Intersection,Yes - Working,No,2023,Spring,March,Nighttime,3:00am - 5:59am,4,Injury Crash,Yes,Yes,No,No,No,No,No,No,No,No,No,No,No,Multiple Vehicle Crashes,Hampton City,,Urban,37.04063,-76.39474,Interstate,I-64W,64.0,I-64,263.76,Interstate,Not at Intersection,,No,0,0,No,0,0,0,0,0,0,0,0,0,0,1,c5400453,0,0,1,Minor
2,2024-08-15,20:40:00,Thursday,Angle,On Roadway,"Blacktop, Asphalt, Bituminous",No Defects,Darkness,Darkness - Road Not Lighted,"Two-Way, Divided, Unprotected Median",Not Provided,No Adverse Condition (Clear/Cloud),Straight - Level,Not Provided,No,Four Approaches,Not Provided,Traffic Signal,Dry,Intersection Area,Within Intersection,Yes - Working,No,2024,Summer,August,Nighttime,6:00pm - 8:59pm,20,Property Damage Crash,Yes,No,No,No,No,No,No,No,No,Yes,No,No,No,Multiple Vehicle Crashes,Loudoun County,,Urban,38.93168,-77.5409,Non-Interstate,SC-2200E (LOUDOUN COUNTY),2200.0,TALL CEDARS PKWAY,1.18,Minor Collector,At Intersection,GUM SPRING RD,No,0,0,No,0,0,0,0,0,0,0,0,0,0,0,c0319704,0,0,1,Minor
1,2023-01-15,09:42:00,Sunday,Fixed Object - Off Road,On Roadway,"Blacktop, Asphalt, Bituminous",No Defects,Daylight,Daylight,"Two-Way, Divided, Positive Median Barrier",Not Provided,No Adverse Condition (Clear/Cloud),Straight - Level,Not Provided,No,Not at Intersection,Not Provided,Traffic Lanes Marked,Dry,Interchange Area,Acceleration/Deceleration Lanes,Yes - Working,No,2023,Winter,January,Daytime,9:00am - 11:59am,9,Property Damage Crash,No,No,No,No,No,No,No,No,No,Yes,No,No,No,Single Vehicle Crashes,Henrico County,,Urban,37.67462,-77.44851,Interstate,I-95N,95.0,I-95,86.07,Interstate,Not at Intersection,,No,0,0,No,0,0,0,0,0,0,0,0,0,0,0,c0790376,0,0,1,Minor
1,2022-12-09,22:52:00,Friday,Fixed Object - Off Road,On Roadway,"Blacktop, Asphalt, Bituminous",No Defects,Darkness,Darkness - Road Lighted,"Two-Way, Not Divided",Not Provided,No Adverse Condition (Clear/Cloud),Grade - Straight,Not Provided,No,Not at Intersection,Not Provided,No Traffic Control,Dry,Interchange Area,"Other interchange area (median, shoulder & roadside)",No Traffic Control Device Present,No,2022,Winter,December,Nighttime,9:00pm - 11:59pm,22,Property Damage Crash,No,No,No,No,No,No,No,No,No,No,No,No,No,Single Vehicle Crashes,Arlington County,,Urban,38.90407,-77.12734,Non-Interstate,CR-6771E (ARLINGTON COUNTY),6771.0,YORKTOWN BLVD,1.64,Major Collector,Not at Intersection,,No,0,0,No,0,0,0,0,0,0,0,0,0,0,0,c3278494,0,0,1,Minor
2,2023-05-23,20:26:00,Tuesday,Other,On Roadway,"Blacktop, Asphalt, Bituminous",No Defects,Darkness,Darkness - Road Not Lighted,"Two-Way, Divided, Unprotected Median",Not Provided,No Adverse Condition (Clear/Cloud),Straight - Level,Not Provided,No,Not at Intersection,Not Provided,Traffic Lanes Marked,Dry,Intersection Area,Non-Intersection,Yes - Working,No,2023,Spring,May,Nighttime,6:00pm - 8:59pm,20,Injury Crash,No,No,No,No,No,No,No,No,No,No,No,No,No,Multiple Vehicle Crashes,Roanoke County,,Rural,37.1478,-79.96474,Non-Interstate,US-220N,220.0,FRANKLIN RD,52.63,Other Principal Arterial,Not at Intersection,,No,0,0,No,0,0,0,0,0,0,0,0,0,0,1,c0730670,0,0,1,Minor
2,2022-12-10,23:38:00,Saturday,Rear End,On Roadway,"Blacktop, Asphalt, Bituminous",No Defects,Darkness,Darkness - Road Lighted,"Two-Way, Divided, Positive Median Barrier",Not Provided,No Adverse Condition (Clear/Cloud),Straight - Level,Not Provided,No,Four Approaches,Not Provided,Traffic Signal,Dry,Intersection Area,Within Intersection,Yes - Working,No,2022,Winter,December,Nighttime,9:00pm - 11:59pm,23,Injury Crash,No,No,No,No,No,No,No,No,No,No,No,No,No,Multiple Vehicle Crashes,Hopewell City,,Urban,37.2603,-77.32679,Non-Interstate,VA-36W,36.0,OAKLAWN BLVD,12.28,Other Principal Arterial,At Intersection,TRI CITY DR,No,0,0,No,0,0,0,0,0,0,0,0,0,0,1,c2391446,0,0,1,Minor
3,2023-10-07,00:44:00,Saturday,Rear End,Roadside,"Blacktop, Asphalt, Bituminous",No Defects,Darkness,Darkness - Road Lighted,"Two-Way, Not Divided",Not Provided,No Adverse Condition (Clear/Cloud),Straight - Level,Not Provided,No,Four Approaches,Not Provided,Stop Sign,Dry,Intersection Area,Within Intersection,Yes - Working,No,2023,Autumn,October,Nighttime,Midnight - 2:59am,0,Property Damage Crash,No,Yes,No,No,No,No,No,No,No,No,No,No,No,Multiple Vehicle Crashes,Hampton City,,Urban,37.01827,-76.32015,Non-Interstate,HOPE ST S (PR - CITY OF HAMPTON),,HOPE ST,0.36,Local,At Intersection,COUNTY ST,No,0,0,No,0,0,0,0,0,0,0,0,0,0,0,c5610716,0,0,1,Minor
3,2024-10-07,14:26:00,Monday,Rear End,On Roadway,"Blacktop, Asphalt, Bituminous",No Defects,Daylight,Daylight,"Two-Way, Not Divided",Not Provided,No Adverse Condition (Clear/Cloud),Straight - Level,Not Provided,Yes - With School Activity,Not at Intersection,Not Provided,Traffic Signal,Dry,Intersection Area,Non-Intersection,Yes - Working,No,2024,Autumn,October,Daytime,Noon - 2:59pm,14,Injury Crash,No,No,No,No,No,No,No,No,Yes,Yes,No,No,No,Multiple Vehicle Crashes,Prince William County,,Urban,38.72861,-77.57713,Non-Interstate,SC-656N (PRINCE WILLIAM COUNTY),656.0,KETTLE RUN RD,2.09,Local,Not at Intersection,,No,0,0,No,0,0,0,0,0,0,0,0,0,0,1,c2850004,0,0,1,Minor
1,2023-04-30,17:04:00,Sunday,Fixed Object - Off Road,On Roadway,"Blacktop, Asphalt, Bituminous",No Defects,Daylight,Daylight,"Two-Way, Not Divided",Not Provided,No Adverse Condition (Clear/Cloud),Curve - Level,Not Provided,No,Not at Intersection,Not Provided,Traffic Lanes Marked,Wet,Intersection Area,Non-Intersection,Yes - Working,No,2023,Spring,April,Daytime,3:00pm - 5:59pm,17,Injury Crash,No,No,No,No,No,No,No,No,No,No,No,No,No,Single Vehicle Crashes,Fauquier County,,Rural,38.50286,-77.68807,Non-Interstate,SC-806N (FAUQUIER COUNTY),806.0,ELK RUN RD,0.29,Major Collector,Not at Intersection,,No,0,0,No,0,0,0,0,0,0,0,0,0,0,1,c5688062,0,0,1,Minor
2,2023-07-09,19:04:00,Sunday,Sideswipe - Opposite Direction,On Roadway,"Blacktop, Asphalt, Bituminous",No Defects,Daylight,Daylight,"Two-Way, Divided, Unprotected Median",Not Provided,No Adverse Condition (Clear/Cloud),Straight - Level,Not Provided,No,Four Approaches,Not Provided,Traffic Lanes Marked,Dry,Intersection Area,Within Intersection,Yes - Working,No,2023,Summer,July,Nighttime,6:00pm - 8:59pm,19,Property Damage Crash,No,No,No,No,No,No,No,No,No,No,No,No,No,Multiple Vehicle Crashes,Henrico County,,Urban,37.59887,-77.57208,,STARLING DR (NP - HENRICO COUNTY),,STARLING DR,0.36,,At Intersection,WELDON DR,Yes,0,0,No,0,0,0,0,0,0,0,0,0,0,0,c0770413,0,0,1,Minor
2,2024-10-15,17:10:00,Tuesday,Rear End,On Roadway,"Blacktop, Asphalt, Bituminous",No Defects,Daylight,Daylight,"Two-Way, Divided, Unprotected Median",Not Provided,No Adverse Condition (Clear/Cloud),Straight - Level,Not Provided,No,Four Approaches,Not Provided,Traffic Signal,Wet,Intersection Area,Intersection Related - Within 150 Feet,Yes - Working,No,2024,Autumn,October,Daytime,3:00pm - 5:59pm,17,Injury Crash,No,No,No,No,No,No,No,No,No,No,No,No,No,Multiple Vehicle Crashes,Roanoke County,,Urban,37.3114,-79.88526,Non-Interstate,US-221S,460.0,CHALLENGER AVE,102.88,Other Principal Arterial,At Intersection,WEST RURITAN RD,No,0,0,No,0,0,0,0,0,0,0,0,0,0,2,c5634127,0,1,0,Severe
2,2022-06-13,17:40:00,Monday,Angle,On Roadway,"Blacktop, Asphalt, Bituminous",No Defects,Daylight,Daylight,"Two-Way, Divided, Positive Median Barrier",Not Provided,No Adverse Condition (Clear/Cloud),Straight - Level,Not Provided,No,Four Approaches,Not Provided,Traffic Signal,Dry,Interchange Area,Main-Line Roadway,Yes - Working,No,2022,Summer,June,Daytime,3:00pm - 5:59pm,17,Property Damage Crash,No,No,No,No,No,No,No,No,No,No,No,No,No,Multiple Vehicle Crashes,Stafford County,,Urban,38.4686,-77.41189,Non-Interstate,SC-610W (STAFFORD COUNTY),610.0,GARRISONVILLE RD,10.36,Major Collector,At Intersection,STAFFORD MARKET PL,No,0,0,No,0,0,0,0,0,0,0,0,0,0,0,c7925901,0,0,1,Minor
1,2022-02-26,20:30:00,Saturday,Deer,On Roadway,"Blacktop, Asphalt, Bituminous",No Defects,Darkness,Darkness - Road Not Lighted,"Two-Way, Not Divided",Not Provided,No Adverse Condition (Clear/Cloud),Curve - Level,Not Provided,No,Not at Intersection,Not Provided,No Traffic Control,Dry,Intersection Area,Non-Intersection,No Traffic Control Device Present,No,2022,Winter,February,Nighttime,6:00pm - 8:59pm,20,Property Damage Crash,No,No,No,No,No,No,No,No,No,No,No,No,No,Single Vehicle Crashes,Halifax County,South Boston,Rural,36.72401,-78.86641,Non-Interstate,SC-716W (HALIFAX COUNTY),716.0,DAN RIVER CHURCH RD,2.52,Major Collector,Not at Intersection,,No,0,0,No,0,0,0,0,0,0,0,0,0,0,0,c1188976,0,0,1,Minor
1,2023-09-14,11:15:00,Thursday,Fixed Object - Off Road,Roadside,"Blacktop, Asphalt, Bituminous",No Defects,Daylight,Daylight,"Two-Way, Not Divided",Not Provided,No Adverse Condition (Clear/Cloud),Grade - Curve,Not Provided,No,Not at Intersection,Not Provided,Traffic Lanes Marked,Dry,Intersection Area,Non-Intersection,Yes - Working,No,2023,Autumn,September,Daytime,9:00am - 11:59am,11,Property Damage Crash,No,No,No,No,No,No,No,No,No,Yes,No,No,No,Single Vehicle Crashes,Spotsylvania County,,Rural,38.21813,-77.70588,Non-Interstate,SC-608E (SPOTSYLVANIA COUNTY),608.0,ROBERT  LEE DR,7.73,Major Collector,Not at Intersection,,No,0,0,No,0,0,0,0,0,0,0,0,0,0,0,c7288600,0,0,1,Minor
1,2024-09-24,19:52:00,Tuesday,Deer,On Roadway,"Blacktop, Asphalt, Bituminous",No Defects,Darkness,Darkness - Road Not Lighted,"Two-Way, Not Divided",Not Provided,Mist,Curve - Level,Not Provided,No,Not at Intersection,Not Provided,No Traffic Control,Wet,Intersection Area,Non-Intersection,No Traffic Control Device Present,No,2024,Autumn,September,Nighttime,6:00pm - 8:59pm,19,Property Damage Crash,No,No,No,No,No,No,No,No,No,No,No,No,No,Single Vehicle Crashes,Dinwiddie County,,Rural,37.11007,-77.76191,Non-Interstate,SC-700W (DINWIDDIE COUNTY),700.0,BOZE RD,1.56,Local,Not at Intersection,,No,0,0,No,0,0,0,0,0,0,0,0,0,0,0,c6720551,0,0,1,Minor
1,2024-02-28,17:59:00,Wednesday,Fixed Object - Off Road,Shoulder,"Blacktop, Asphalt, Bituminous",No Defects,Darkness,Darkness - Road Not Lighted,"Two-Way, Divided, Unprotected Median",Not Provided,Rain,Straight - Level,Not Provided,No,Not at Intersection,Not Provided,Traffic Lanes Marked,Wet,Intersection Area,Non-Intersection,Yes - Working,No,2024,Winter,February,Daytime,3:00pm - 5:59pm,17,Injury Crash,No,Yes,No,No,No,No,No,No,No,No,Yes,No,Yes,Single Vehicle Crashes,Halifax County,,Rural,36.75215,-78.84023,Non-Interstate,US-360E,360.0,JAMES D HAGOOD HWY,36.16,Other Principal Arterial,Not at Intersection,,No,0,0,No,0,0,0,0,0,0,0,1,0,0,1,c2115877,0,0,1,Minor
2,2024-12-17,16:49:00,Tuesday,Angle,On Roadway,"Blacktop, Asphalt, Bituminous",No Defects,Dusk,Dusk,"Two-Way, Divided, Unprotected Median",Not Provided,No Adverse Condition (Clear/Cloud),Straight - Level,Not Provided,No,Four Approaches,Not Provided,Stop Sign,Dry,Intersection Area,Within Intersection,Yes - Working,No,2024,Winter,December,Daytime,3:00pm - 5:59pm,16,Injury Crash,No,Yes,No,No,No,No,No,No,No,No,No,No,No,Multiple Vehicle Crashes,Essex County,,Rural,37.8296,-76.94197,Non-Interstate,US-360W,360.0,RICHMOND HWAY,177.25,Other Principal Arterial,At Intersection,DUNBROOKE RD,No,0,0,No,0,0,0,0,0,0,0,0,0,0,2,c5738389,0,1,0,Severe
2,2022-09-21,21:47:00,Wednesday,Rear End,On Roadway,"Blacktop, Asphalt, Bituminous",No Defects,Darkness,Darkness - Road Not Lighted,"Two-Way, Divided, Unprotected Median",Transition Area,No Adverse Condition (Clear/Cloud),Straight - Level,With Law Enforcement,No,Not at Intersection,Lane Closure,Traffic Lanes Marked,Dry,Intersection Area,Non-Intersection,Yes - Working,Yes,2022,Autumn,September,Nighttime,9:00pm - 11:59pm,21,Injury Crash,No,No,Yes,No,No,No,No,No,No,No,Yes,No,No,Multiple Vehicle Crashes,Rockingham County,,Rural,38.61285,-78.7081,Interstate,I-81N,81.0,I-81,262.64,Interstate,Not at Intersection,,No,0,0,No,0,0,0,0,0,0,0,0,0,0,2,c8593688,0,1,0,Severe
2,2023-11-05,00:00:00,Sunday,Head On,On Roadway,"Blacktop, Asphalt, Bituminous",No Defects,Darkness,Darkness - Road Lighted,"Two-Way, Divided, Positive Median Barrier",Not Provided,No Adverse Condition (Clear/Cloud),Straight - Level,Not Provided,No,Four Approaches,Not Provided,No Traffic Control,Dry,Interchange Area,Main-Line Roadway,No Traffic Control Device Present,No,2023,Autumn,November,Nighttime,Midnight - 2:59am,0,Property Damage Crash,No,No,No,No,No,No,No,No,No,No,Yes,No,No,Multiple Vehicle Crashes,Fairfax County,,Urban,38.75128,-77.08331,Non-Interstate,US-1S,1.0,RICHMOND HWY,188.02,Other Principal Arterial,At Intersection,WOODLAWN TRL,No,0,0,No,0,0,0,0,0,0,0,0,0,0,0,c5479630,0,0,1,Minor
2,2022-03-25,10:16:00,Friday,Sideswipe - Same Direction,On Roadway,"Blacktop, Asphalt, Bituminous",No Defects,Daylight,Daylight,"Two-Way, Not Divided",Not Provided,No Adverse Condition (Clear/Cloud),Straight - Level,Not Provided,No,Not at Intersection,Not Provided,Traffic Lanes Marked,Dry,Interchange Area,Main-Line Roadway,Yes - Working,No,2022,Spring,March,Daytime,9:00am - 11:59am,10,Property Damage Crash,No,No,No,No,No,No,No,No,No,No,No,No,No,Multiple Vehicle Crashes,Waynesboro City,,Urban,38.07269,-78.898,Non-Interstate,US-250E,250.0,BROAD ST,68.68,Other Principal Arterial,At Intersection,POPLAR AVE,Yes,0,0,No,0,0,0,0,0,0,0,0,0,0,0,c1045870,0,0,1,Minor
1,2022-08-26,00:35:00,Friday,Fixed Object - Off Road,Shoulder,"Blacktop, Asphalt, Bituminous",No Defects,Darkness,Darkness - Road Not Lighted,"Two-Way, Not Divided",Not Provided,No Adverse Condition (Clear/Cloud),Hillcrest - Curve,Not Provided,No,Not at Intersection,Not Provided,Traffic Lanes Marked,Dry,Intersection Area,Non-Intersection,Yes - Working,No,2022,Summer,August,Nighttime,Midnight - 2:59am,0,Property Damage Crash,No,Yes,No,No,No,No,No,No,No,Yes,No,No,No,Single Vehicle Crashes,Hanover County,,Rural,37.77111,-77.68015,Non-Interstate,SC-691S (HANOVER COUNTY),691.0,CANTERBURY RD,0.31,Local,Not at Intersection,,No,0,0,No,0,0,0,0,0,0,0,0,0,0,0,c6403676,0,0,1,Minor
2,2024-05-12,14:57:00,Sunday,Rear End,On Roadway,"Blacktop, Asphalt, Bituminous",No Defects,Daylight,Daylight,"Two-Way, Not Divided",Not Provided,No Adverse Condition (Clear/Cloud),Hillcrest - Straight,Not Provided,No,Three Approaches,Not Provided,Traffic Lanes Marked,Dry,Intersection Area,Within Intersection,Yes - Working,No,2024,Spring,May,Daytime,Noon - 2:59pm,14,Property Damage Crash,No,No,No,No,No,No,No,No,No,Yes,No,No,No,Multiple Vehicle Crashes,Caroline County,,Urban,38.01611,-77.54147,Non-Interstate,SC-639W (CAROLINE COUNTY),639.0,LADYSMITH RD,3.25,Major Collector,At Intersection,BRIDLEWOOD LN,Yes,0,0,No,0,0,0,0,0,0,0,0,0,0,0,c1060439,0,0,1,Minor
2,2022-06-02,16:40:00,Thursday,Rear End,On Roadway,"Blacktop, Asphalt, Bituminous",No Defects,Daylight,Daylight,"Two-Way, Divided, Positive Median Barrier",Not Provided,No Adverse Condition (Clear/Cloud),Straight - Level,Not Provided,No,Not at Intersection,Not Provided,Highway Safety Corridor,Dry,Intersection Area,Non-Intersection,Yes - Working,No,2022,Summer,June,Daytime,3:00pm - 5:59pm,16,Injury Crash,No,No,No,No,No,No,No,No,No,No,No,No,No,Multiple Vehicle Crashes,Richmond City,,Urban,37.55076,-77.43736,Interstate,I-95N,95.0,I-95,75.96,Interstate,Not at Intersection,,No,0,0,No,0,0,0,0,0,0,0,0,0,0,1,c3975636,0,0,1,Minor
1,2023-02-05,00:50:00,Sunday,Fixed Object - Off Road,Shoulder,"Blacktop, Asphalt, Bituminous",No Defects,Darkness,Darkness - Road Not Lighted,"Two-Way, Not Divided",Not Provided,No Adverse Condition (Clear/Cloud),Curve - Level,Not Provided,No,Not at Intersection,Not Provided,No Passing Lines,Dry,Intersection Area,Non-Intersection,Yes - Working,No,2023,Winter,February,Nighttime,Midnight - 2:59am,0,Property Damage Crash,Yes,No,No,No,No,No,No,No,No,No,No,No,No,Single Vehicle Crashes,Pittsylvania County,,Rural,36.58261,-79.54391,Non-Interstate,US-311N,311.0,BERRY HILL RD,5.63,Major Collector,Not at Intersection,,No,0,0,No,0,0,0,0,0,0,0,0,0,0,0,c8980061,0,0,1,Minor
1,2022-02-04,12:50:00,Friday,Fixed Object - Off Road,Median,"Blacktop, Asphalt, Bituminous",No Defects,Daylight,Daylight,"Two-Way, Divided, Positive Median Barrier",Not Provided,Rain,Straight - Level,Not Provided,No,Not at Intersection,Not Provided,Traffic Lanes Marked,Wet,Intersection Area,Non-Intersection,Yes - Working,No,2022,Winter,February,Daytime,Noon - 2:59pm,12,Property Damage Crash,No,Yes,No,No,No,No,No,No,No,No,No,No,No,Single Vehicle Crashes,Albemarle County,,Rural,38.01979,-78.53479,Interstate,I-64W,64.0,I-64,118.27,Interstate,Not at Intersection,,No,0,0,No,0,0,0,0,0,0,0,0,0,0,0,c6349999,0,0,1,Minor
2,2022-07-28,10:22:00,Thursday,Angle,On Roadway,"Blacktop, Asphalt, Bituminous",No Defects,Daylight,Daylight,"Two-Way, Divided, Unprotected Median",Not Provided,No Adverse Condition (Clear/Cloud),Straight - Level,Not Provided,No,Four Approaches,Not Provided,Traffic Signal,Dry,Intersection Area,Within Intersection,Yes - Working,No,2022,Summer,July,Daytime,9:00am - 11:59am,10,Property Damage Crash,No,No,No,No,No,No,No,No,No,Yes,Yes,No,No,Multiple Vehicle Crashes,Fairfax County,,Urban,38.87775,-77.38856,Non-Interstate,US-50W,50.0,LEE JACKSON MEMORIAL HWY,66.78,Minor Arterial,At Intersection,RUGBY RD,Yes,0,0,No,0,0,0,0,0,0,0,0,0,0,0,c1251822,0,0,1,Minor
2,2022-03-27,16:33:00,Sunday,Angle,On Roadway,"Blacktop, Asphalt, Bituminous",No Defects,Daylight,Daylight,"Two-Way, Not Divided",Not Provided,No Adverse Condition (Clear/Cloud),Straight - Level,Not Provided,No,Four Approaches,Not Provided,Traffic Signal,Dry,Intersection Area,Within Intersection,Yes - Working,No,2022,Spring,March,Daytime,3:00pm - 5:59pm,16,Property Damage Crash,Yes,No,No,No,No,No,No,No,No,No,No,No,No,Multiple Vehicle Crashes,Va. Beach City,,Urban,36.82774,-76.07773,Non-Interstate,UR-8750W (CITY OF VIRGINIA BEACH),8750.0,LYNNHAVEN RD,0.99,Major Collector,At Intersection,SILINA DR,No,0,0,No,0,0,0,0,0,0,0,0,0,0,0,c8813409,0,0,1,Minor
2,2024-11-05,17:10:00,Tuesday,Angle,On Roadway,"Blacktop, Asphalt, Bituminous",No Defects,Darkness,Darkness - Road Not Lighted,"Two-Way, Not Divided",Not Provided,No Adverse Condition (Clear/Cloud),Straight - Level,Not Provided,No,Four Approaches,Not Provided,Traffic Lanes Marked,Dry,Intersection Area,Within Intersection,Yes - Working,No,2024,Autumn,November,Daytime,3:00pm - 5:59pm,17,Injury Crash,No,No,No,No,No,No,No,No,No,No,No,No,No,Multiple Vehicle Crashes,Chesterfield County,,Urban,37.3322,-77.32736,Non-Interstate,SC-746N (CHESTERFIELD COUNTY),746.0,ENON CHURCH RD,5.85,Minor Arterial,At Intersection,RIVER HAVEN AVE,Yes,0,1,No,0,0,0,0,0,0,0,0,0,0,2,c9248948,0,1,0,Severe
2,2024-07-19,20:45:00,Friday,Angle,On Roadway,"Blacktop, Asphalt, Bituminous",No Defects,Darkness,Darkness - Road Lighted,"Two-Way, Divided, Unprotected Median",Not Provided,No Adverse Condition (Clear/Cloud),Straight - Level,Not Provided,No,Four Approaches,Not Provided,Traffic Signal,Dry,Intersection Area,Within Intersection,Yes - Working,No,2024,Summer,July,Nighttime,6:00pm - 8:59pm,20,Injury Crash,No,No,No,No,No,No,No,No,No,Yes,No,No,No,Multiple Vehicle Crashes,Suffolk City,,Urban,36.87009,-76.44305,Non-Interstate,UR-2284N (CITY OF SUFFOLK),0.0,HARBOUR VIEW BLVD,0.5,Minor Arterial,At Intersection,BON SECOURS DR,No,0,0,No,0,0,0,0,0,0,0,0,0,0,1,c0927118,0,0,1,Minor
2,2024-12-04,06:30:00,Wednesday,Angle,On Roadway,"Blacktop, Asphalt, Bituminous",No Defects,Darkness,Darkness - Road Lighted,"Two-Way, Divided, Positive Median Barrier",Not Provided,No Adverse Condition (Clear/Cloud),Straight - Level,Not Provided,No,Three Approaches,Not Provided,Traffic Signal,Dry,Intersection Area,Within Intersection,Yes - Working,No,2024,Winter,December,Daytime,6:00am - 8:59am,6,Property Damage Crash,No,No,No,No,No,No,No,No,No,Yes,No,No,No,Multiple Vehicle Crashes,Fairfax County,Herndon,Urban,38.95851,-77.37033,Non-Interstate,VA-286S,286.0,FAIRFAX COUNTY PKWAY,27.77,Other Principal Arterial,At Intersection,SPRING ST RAMP,Yes,0,0,No,0,0,0,0,0,0,0,0,0,0,0,c1296388,0,0,1,Minor
1,2024-06-09,07:05:00,Sunday,Fixed Object - Off Road,On Roadway,"Blacktop, Asphalt, Bituminous",No Defects,Daylight,Daylight,"Two-Way, Not Divided",Not Provided,No Adverse Condition (Clear/Cloud),Curve - Level,Not Provided,No,Not at Intersection,Not Provided,No Traffic Control,Dry,Intersection Area,Non-Intersection,No Traffic Control Device Present,No,2024,Summer,June,Daytime,6:00am - 8:59am,7,Property Damage Crash,No,Yes,No,No,No,No,No,No,No,No,No,No,No,Single Vehicle Crashes,Middlesex County,,Rural,37.66536,-76.68044,Non-Interstate,SC-612N (MIDDLESEX COUNTY),612.0,EDGEHILL RD,1.65,Local,Not at Intersection,,No,0,0,No,0,0,0,0,0,0,0,0,0,0,0,c0018076,0,0,1,Minor
1,2024-02-23,11:57:00,Friday,Fixed Object - Off Road,On Roadway,"Blacktop, Asphalt, Bituminous",No Defects,Daylight,Daylight,"Two-Way, Divided, Positive Median Barrier",Not Provided,Rain,Straight - Level,Not Provided,No,Not at Intersection,Not Provided,Traffic Lanes Marked,Wet,Intersection Area,Non-Intersection,Yes - Working,No,2024,Winter,February,Daytime,9:00am - 11:59am,11,Property Damage Crash,No,Yes,No,No,No,No,No,No,No,No,No,No,No,Single Vehicle Crashes,Richmond City,,Urban,37.58111,-77.47363,Interstate,I-195N,195.0,I-195,2.56,Interstate,Not at Intersection,,No,0,0,No,0,0,0,0,0,0,0,0,0,0,0,c0664476,0,0,1,Minor
2,2023-10-19,07:11:00,Thursday,Rear End,On Roadway,"Blacktop, Asphalt, Bituminous",No Defects,Dawn,Dawn,"Two-Way, Not Divided",Not Provided,No Adverse Condition (Clear/Cloud),Straight - Level,Not Provided,No,Not at Intersection,Not Provided,Traffic Lanes Marked,Dry,Intersection Area,Non-Intersection,Yes - Working and Obscured,No,2023,Autumn,October,Daytime,6:00am - 8:59am,7,Property Damage Crash,No,No,No,No,No,No,No,No,No,No,No,No,No,Multiple Vehicle Crashes,Rockingham County,,Urban,38.46464,-78.84615,Non-Interstate,US-11S,11.0,VALLEY PIKE,264.55,Minor Arterial,Not at Intersection,,No,0,0,No,0,0,0,0,0,0,0,0,0,0,0,c1187667,0,0,1,Minor
3,2022-11-23,14:25:00,Wednesday,Rear End,On Roadway,"Blacktop, Asphalt, Bituminous",No Defects,Daylight,Daylight,"Two-Way, Not Divided",Not Provided,No Adverse Condition (Clear/Cloud),Straight - Level,Not Provided,No,Not at Intersection,Not Provided,Traffic Lanes Marked,Dry,Intersection Area,Non-Intersection,Yes - Working,No,2022,Autumn,November,Daytime,Noon - 2:59pm,14,Property Damage Crash,No,No,No,No,No,No,No,No,No,No,No,No,No,Multiple Vehicle Crashes,Roanoke County,,Urban,37.22556,-80.01187,Non-Interstate,BRAMBLETON AVE (PR - ROANOKE COUNTY),221.0,BRAMBLETON AVE,1.68,Minor Arterial,Not at Intersection,,No,0,0,No,0,0,0,0,0,0,0,0,0,0,0,c8093246,0,0,1,Minor