NumberOfVehicles,CrashDate,CrashTime,DayOfWeek,TypeOfCollision,LocationOfFirstHarmfulEvent,RoadwaySurfaceType,RoadwayDefect,LightCondition_Category,LightCondition_Value,RoadwayDescription,WorkZoneLocation,WeatherCondition,RoadwayAlignment,WorkZoneWorkersPresent,SchoolZone,IntersectionType,WorkZoneType,TrafficControlType,RoadwaySurfaceCondition,RelationToRoadway_Category,RelationToRoadway_Value,TrafficControlMechanicalDevice,WorkZoneRelated,Year,Meteorological Season,MonthName,DaytimeNighttime_NHTSA,ThreeHourLabel,Hour,CrashType,AlcoholInvolved,SpeedRelated,CommercialMotorVehiclesInvolved,PedestrianInvolved,BicycleInvolved,MotorcycleInvolved,MopedInvolved,TrainRelated,SchoolZoneInvolved,TeenDriverInvolved,DistractedDriverInvolved,DriverTextingInvolved,DriverUsingCellPhone,Single_Multi_Vehicle,Jurisdiction,TownName,LocationTypeName,Latitude,Longitude,Interstate_NonInterstate,RoadName,RouteNumber,RouteName,MileMarker,FunctionalClassCode,AtIntersection,SecondaryLocation,MatureDriverInvolved,MatureDriverFatalities,MatureDriverInjuries,LargeTruckInvolved,PedestrianFatalities,PedestrianInjuries,MotorcycleFatalities,MotorcycleInjuries,BicycleFatalities,BicycleInjuries,DistractedDriverFatalities,DistractedDriverInjuries,UnrestrainedInjuries,Number_Of_Fatalities,Number_Of_Injuries,Crash_UID,Is_Fatal,Is_Severe,Is_Minor,SeverityLabel
2,2022-05-09,14:44:00,Monday,Rear End,On Roadway,"Blacktop, Asphalt, Bituminous",No Defects,Daylight,Daylight,"Two-Way, Not Divided",Not Provided,No Adverse Condition (Clear/Cloud),Straight - Level,Not Provided,No,Not at Intersection,Not Provided,Traffic Lanes Marked,Dry,Intersection Area,Non-Intersection,Yes - Working,No,2022,Spring,May,Daytime,Noon - 2:59pm,14,Property Damage Crash,No,Yes,No,No,No,No,No,No,No,No,No,No,No,Multiple Vehicle Crashes,Augusta County,,Urban,38.01318,-79.03174,Non-Interstate,SC-610E (AUGUSTA COUNTY),610.0,HOWARDSVILLE TPKE,0.03,Major Collector,Not at Intersection,,Yes,0,0,No,0,0,0,0,0,0,0,0,0,0,0,c6653685,0,0,1,Minor
2,2024-03-20,21:00:00,Wednesday,Rear End,On Roadway,"Blacktop, Asphalt, Bituminous",No Defects,Darkness,Darkness - Road Not Lighted,"Two-Way, Divided, Unprotected Median",Not Provided,No Adverse Condition (Clear/Cloud),Straight - Level,Not Provided,No,Three Approaches,Not Provided,Traffic Signal,Dry,Intersection Area,Within Intersection,Yes - Working,No,2024,Spring,March,Nighttime,9:00pm - 11:59pm,21,Property Damage Crash,No,No,No,No,No,No,No,No,No,No,No,No,No,Multiple Vehicle Crashes,Prince William County,,Urban,38.85415,-77.63786,Non-Interstate,US-15N,15.0,JAMES MADISON HWY,198.56,Other Principal Arterial,Not at Intersection,,Yes,0,0,No,0,0,0,0,0,0,0,0,0,0,0,c3165936,0,0,1,Minor
3,2023-06-08,22:35:00,Thursday,Angle,On Roadway,"Blacktop, Asphalt, Bituminous",No Defects,Darkness,Darkness - Road Not Lighted,"Two-Way, Divided, Unprotected Median",Not Provided,No Adverse Condition (Clear/Cloud),Dip - Straight,Not Provided,No,Three Approaches,Not Provided,No Traffic Control,Dry,Intersection,Intersection Related - Outside 150 Feet,No Traffic Control Device Present,No,2023,Summer,June,Nighttime,9:00pm - 11:59pm,22,Property Damage Crash,No,No,No,No,No,No,No,No,No,No,No,No,No,Multiple Vehicle Crashes,Prince William County,,Urban,38.69246,-77.3253,Non-Interstate,SC-2410S (PRINCE WILLIAM COUNTY),2410.0,SPRINGWOODS DR,0.92,Local,At Intersection,SALEMTOWN DR,No,0,0,No,0,0,0,0,0,0,0,0,0,0,0,c3974073,0,0,1,Minor
3,2023-10-17,21:08:00,Tuesday,Rear End,On Roadway,"Blacktop, Asphalt, Bituminous",No Defects,Darkness,Darkness - Road Not Lighted,"Two-Way, Divided, Positive Median Barrier",Advance Warning Area,No Adverse Condition (Clear/Cloud),Straight - Level,With No Law Enforcement,No,Not at Intersection,Lane Closure,Traffic Lanes Marked,Dry,Intersection Area,Non-Intersection,Yes - Working,Yes,2023,Autumn,October,Nighttime,9:00pm - 11:59pm,21,Property Damage Crash,No,No,No,No,No,No,No,No,No,No,No,No,No,Multiple Vehicle Crashes,Harrisonburg City,,Urban,38.39751,-78.91026,Interstate,I-81N,81.0,I-81,243.6,Interstate,Not at Intersection,,No,0,0,No,0,0,0,0,0,0,0,0,0,0,0,c6063336,0,0,1,Minor
2,2024-01-12,18:58:00,Friday,Rear End,On Roadway,Concrete,No Defects,Darkness,Darkness - Road Lighted,"Two-Way, Divided, Positive Median Barrier",Not Provided,Rain,Straight - Level,Not Provided,No,Not at Intersection,Not Provided,Traffic Lanes Marked,Wet,Intersection Area,Non-Intersection,Yes - Working,No,2024,Winter,January,Nighttime,6:00pm - 8:59pm,18,Property Damage Crash,No,Yes,No,No,No,No,No,No,No,Yes,No,No,No,Multiple Vehicle Crashes,Richmond City,,Urban,37.55167,-77.42799,Interstate,I-64W,64.0,I-64,191.2,Interstate,Not at Intersection,,No,0,0,No,0,0,0,0,0,0,0,0,0,0,0,c4520542,0,0,1,Minor
2,2022-03-11,07:35:00,Friday,Angle,On Roadway,"Blacktop, Asphalt, Bituminous",No Defects,Daylight,Daylight,"Two-Way, Divided, Unprotected Median",Not Provided,No Adverse Condition (Clear/Cloud),Straight - Level,Not Provided,No,Four Approaches,Not Provided,Traffic Signal,Dry,Intersection Area,Intersection Related - Within 150 Feet,Yes - Working,No,2022,Spring,March,Daytime,6:00am - 8:59am,7,Injury Crash,No,No,No,No,Yes,No,No,No,No,No,Yes,No,No,Multiple Vehicle Crashes,Prince William County,,Urban,38.77576,-77.50407,Non-Interstate,BUS VA-234S (1 CITY OF MANASSAS),234.0,SUDLEY RD,5.17,Minor Arterial,At Intersection,IRONGATE WAY,No,0,0,No,0,0,0,0,0,1,0,0,0,0,1,c7735849,0,0,1,Minor
2,2023-07-22,15:48:00,Saturday,Rear End,On Roadway,"Blacktop, Asphalt, Bituminous",No Defects,Daylight,Daylight,"Two-Way, Divided, Unprotected Median",Not Provided,No Adverse Condition (Clear/Cloud),Straight - Level,Not Provided,No,Four Approaches,Not Provided,Traffic Signal,Dry,Intersection Area,Within Intersection,Yes - Working,No,2023,Summer,July,Daytime,3:00pm - 5:59pm,15,Property Damage Crash,No,No,No,No,No,No,No,No,No,No,No,No,No,Multiple Vehicle Crashes,Chesapeake City,,Urban,36.77943,-76.25764,Non-Interstate,VA-168S,168.0,BATTLEFIELD BLVD,18.03,Other Principal Arterial,At Intersection,DEBAUN AVE,Yes,0,0,No,0,0,0,0,0,0,0,0,0,0,0,c3314101,0,0,1,Minor
1,2022-01-29,12:18:00,Saturday,Fixed Object - Off Road,On Roadway,Concrete,Slick Pavement,Daylight,Daylight,"Two-Way, Not Divided",Not Provided,Snow,Straight - Level,Not Provided,No,Four Approaches,Not Provided,No Traffic Control,Icy,Interchange Area,Main-Line Roadway,No Traffic Control Device Present,No,2022,Winter,January,Daytime,Noon - 2:59pm,12,Property Damage Crash,No,No,No,No,No,No,No,No,No,Yes,Yes,No,No,Single Vehicle Crashes,Fairfax County,,Urban,38.85033,-77.4544,Non-Interstate,SC-7346E (FAIRFAX COUNTY),7346.0,SULLY PARK DR,0.91,Minor Collector,At Intersection,WINTERFIELD DR,No,0,0,No,0,0,0,0,0,0,0,0,0,0,0,c7099281,0,0,1,Minor
2,2022-04-19,15:50:00,Tuesday,Rear End,On Roadway,"Blacktop, Asphalt, Bituminous",No Defects,Daylight,Daylight,"Two-Way, Divided, Unprotected Median",Not Provided,No Adverse Condition (Clear/Cloud),Straight - Level,Not Provided,No,Four Approaches,Not Provided,Traffic Signal,Dry,Intersection Area,Intersection Related - Within 150 Feet,Yes - Working,No,2022,Spring,April,Daytime,3:00pm - 5:59pm,15,Property Damage Crash,No,No,No,No,No,No,No,No,No,No,No,No,No,Multiple Vehicle Crashes,Va. Beach City,,Urban,36.79703,-76.14886,Non-Interstate,FERRELL PKWY (NP - CITY OF VIRGINIA BEACH),,FERRELL PKWY,1.44,Other Principal Arterial,At Intersection,PLEASANT VALLEY RD,No,0,0,No,0,0,0,0,0,0,0,0,0,0,0,c9872063,0,0,1,Minor
1,2023-02-12,14:45:00,Sunday,Fixed Object - Off Road,On Roadway,"Blacktop, Asphalt, Bituminous",No Defects,Daylight,Daylight,"Two-Way, Not Divided",Not Provided,Rain,Straight - Level,Not Provided,No,Three Approaches,Not Provided,Traffic Lanes Marked,Wet,Intersection Area,Intersection Related - Within 150 Feet,Yes - Working,No,2023,Winter,February,Daytime,Noon - 2:59pm,14,Property Damage Crash,No,Yes,No,No,No,No,No,No,No,No,No,No,No,Single Vehicle Crashes,Spotsylvania County,,Urban,38.2879,-77.52972,Non-Interstate,SC-1118W (SPOTSYLVANIA COUNTY),1118.0,NORRIS DR,0.05,Local,At Intersection,GLAZEBROOK DR,No,0,0,No,0,0,0,0,0,0,0,0,0,0,0,c2337224,0,0,1,Minor
1,2023-07-20,06:00:00,Thursday,Deer,On Roadway,"Blacktop, Asphalt, Bituminous",No Defects,Dawn,Dawn,"Two-Way, Not Divided",Not Provided,No Adverse Condition (Clear/Cloud),Straight - Level,Not Provided,No,Not at Intersection,Not Provided,Traffic Lanes Marked,Dry,Intersection Area,Non-Intersection,Yes - Working,No,2023,Summer,July,Daytime,6:00am - 8:59am,6,Property Damage Crash,No,No,No,No,No,No,No,No,No,No,No,No,No,Single Vehicle Crashes,Spotsylvania County,,Rural,38.29969,-77.71172,Non-Interstate,SC-621E (SPOTSYLVANIA COUNTY),621.0,ORANGE PLANK RD,4.7,Major Collector,Not at Intersection,,No,0,0,No,0,0,0,0,0,0,0,0,0,0,0,c6347320,0,0,1,Minor
2,2023-08-11,08:40:00,Friday,Sideswipe - Same Direction,On Roadway,"Blacktop, Asphalt, Bituminous",No Defects,Daylight,Daylight,"Two-Way, Divided, Positive Median Barrier",Not Provided,No Adverse Condition (Clear/Cloud),Straight - Level,Not Provided,No,Not at Intersection,Not Provided,Traffic Lanes Marked,Dry,Intersection Area,Non-Intersection,Yes - Working,No,2023,Summer,August,Daytime,6:00am - 8:59am,8,Property Damage Crash,No,No,No,No,No,No,No,No,No,No,No,No,No,Multiple Vehicle Crashes,Fairfax County,,Urban,38.86825,-77.21988,Interstate,I-495N,495.0,I-495,7.67,Interstate,Not at Intersection,,No,0,0,No,0,0,0,0,0,0,0,0,0,0,0,c4487672,0,0,1,Minor
2,2023-04-28,11:00:00,Friday,Angle,On Roadway,"Blacktop, Asphalt, Bituminous",No Defects,Daylight,Daylight,"Two-Way, Not Divided",Not Provided,Rain,Straight - Level,Not Provided,No,Four Approaches,Not Provided,Traffic Signal,Wet,Interchange Area,Main-Line Roadway,Yes - Working,No,2023,Spring,April,Daytime,9:00am - 11:59am,11,Property Damage Crash,No,No,No,No,No,No,No,No,No,No,No,No,No,Multiple Vehicle Crashes,Va. Beach City,,Urban,36.85111,-75.98985,Non-Interstate,BARBERTON DR (NP - CITY OF VIRGINIA BEACH),,BARBERTON DR,0.22,Local,At Intersection,24TH ST,Yes,0,0,No,0,0,0,0,0,0,0,0,0,0,0,c3226280,0,0,1,Minor
1,2022-01-16,14:35:00,Sunday,Fixed Object - Off Road,Median,"Blacktop, Asphalt, Bituminous",No Defects,Daylight,Daylight,"Two-Way, Divided, Unprotected Median",Not Provided,Snow,Straight - Level,Not Provided,No,Three Approaches,Not Provided,Stop Sign,Snowy,Intersection,Intersection Related - Outside 150 Feet,Yes - Working,No,2022,Winter,January,Daytime,Noon - 2:59pm,14,Property Damage Crash,No,No,No,No,No,No,No,No,No,No,No,No,No,Single Vehicle Crashes,Clarke County,,Rural,39.04697,-78.00838,Non-Interstate,US-50W,50.0,JOHN MOSBY HWY,29.88,Minor Arterial,At Intersection,MILLWOOD RD,No,0,0,No,0,0,0,0,0,0,0,0,0,0,0,c6061962,0,0,1,Minor
2,2023-01-13,08:18:00,Friday,Angle,On Roadway,"Blacktop, Asphalt, Bituminous",No Defects,Daylight,Daylight,"Two-Way, Divided, Positive Median Barrier",Not Provided,No Adverse Condition (Clear/Cloud),Straight - Level,Not Provided,No,Two Approaches,Not Provided,Traffic Lanes Marked,Dry,Other Location,Crossover Related,Yes - Working,No,2023,Winter,January,Daytime,6:00am - 8:59am,8,Property Damage Crash,No,No,No,No,No,No,No,No,No,No,No,No,No,Multiple Vehicle Crashes,Roanoke City,,Urban,37.32603,-79.99116,Non-Interstate,VA-117W,117.0,PETERS CREEK RD,4.7,Minor Arterial,At Intersection,THIRLANE RD,No,0,0,No,0,0,0,0,0,0,0,0,0,0,0,c9591669,0,0,1,Minor
2,2022-01-13,17:16:00,Thursday,Angle,On Roadway,"Blacktop, Asphalt, Bituminous",No Defects,Darkness,Darkness - Road Not Lighted,"Two-Way, Divided, Unprotected Median",Not Provided,Rain,Grade - Straight,Not Provided,No,Three Approaches,Not Provided,Traffic Signal,Wet,Intersection Area,Within Intersection,Yes - Working,No,2022,Winter,January,Daytime,3:00pm - 5:59pm,17,Injury Crash,No,Yes,No,No,No,No,No,No,No,Yes,No,No,No,Multiple Vehicle Crashes,Roanoke County,,Urban,37.22926,-80.0058,Non-Interstate,VA-419N,419.0,ELECTRIC RD,2.1,Other Principal Arterial,At Intersection,SPRINGWOOD PARK DR,No,0,0,No,0,0,0,0,0,0,0,0,0,0,1,c3947966,0,0,1,Minor
2,2024-03-02,13:55:00,Saturday,Rear End,On Roadway,"Blacktop, Asphalt, Bituminous",No Defects,Daylight,Daylight,"Two-Way, Divided, Positive Median Barrier",Not Provided,No Adverse Condition (Clear/Cloud),Straight - Level,Not Provided,No,Four Approaches,Not Provided,Traffic Signal,Dry,Intersection Area,Intersection Related - Within 150 Feet,Yes - Working,No,2024,Spring,March,Daytime,Noon - 2:59pm,13,Property Damage Crash,No,No,No,No,No,No,No,No,No,No,Yes,No,No,Multiple Vehicle Crashes,Frederick County,,Urban,39.145,-78.16081,Non-Interstate,US-522S,522.0,FRONT ROYAL PIKE,133.95,Minor Arterial,At Intersection,AIRPORT RD,Yes,0,0,No,0,0,0,0,0,0,0,0,0,0,0,c7697312,0,0,1,Minor
1,2023-09-12,13:25:00,Tuesday,Fixed Object - Off Road,Shoulder,"Slag, Gravel, Stone",No Defects,Daylight,Daylight,"Two-Way, Not Divided",Not Provided,No Adverse Condition (Clear/Cloud),Grade - Curve,Not Provided,No,Not at Intersection,Not Provided,No Traffic Control,Dry,Intersection Area,Non-Intersection,No Traffic Control Device Present,No,2023,Autumn,September,Daytime,Noon - 2:59pm,13,Injury Crash,No,No,No,No,No,No,No,No,No,No,No,No,No,Single Vehicle Crashes,Augusta County,,Rural,38.26948,-79.0956,Non-Interstate,SC-733S (AUGUSTA COUNTY),733.0,MOFFETT BRANCH RD,3.28,Local,Not at Intersection,,No,0,0,No,0,0,0,0,0,0,0,0,0,0,1,c3328878,0,0,1,Minor
1,2024-03-15,00:56:00,Friday,Fixed Object - Off Road,Shoulder,"Blacktop, Asphalt, Bituminous",No Defects,Darkness,Darkness - Road Not Lighted,"Two-Way, Not Divided",Not Provided,No Adverse Condition (Clear/Cloud),Curve - Level,Not Provided,No,Two Approaches,Not Provided,Traffic Lanes Marked,Dry,Interchange Area,Main-Line Roadway,Yes - Working,No,2024,Spring,March,Nighttime,Midnight - 2:59am,0,Property Damage Crash,Yes,Yes,No,No,No,No,No,No,No,No,Yes,No,No,Single Vehicle Crashes,Tazewell County,,Rural,37.05852,-81.53079,Non-Interstate,VA-16N,16.0,B F BUCHANAN HWY,59.19,Major Collector,At Intersection,PLEASANT HILL CHURCH RD,No,0,0,No,0,0,0,0,0,0,0,0,0,0,0,c0138270,0,0,1,Minor
3,2023-10-08,12:00:00,Sunday,Rear End,On Roadway,"Blacktop, Asphalt, Bituminous",No Defects,Daylight,Daylight,"Two-Way, Divided, Positive Median Barrier",Not Provided,No Adverse Condition (Clear/Cloud),Straight - Level,Not Provided,No,Not at Intersection,Not Provided,Traffic Lanes Marked,Dry,Intersection Area,Non-Intersection,Yes - Working,No,2023,Autumn,October,Daytime,Noon - 2:59pm,12,Injury Crash,No,No,No,No,No,No,No,No,No,No,No,No,No,Multiple Vehicle Crashes,Fairfax County,,Urban,38.80132,-77.08737,Interstate,I-95N,95.0,I-95,175.71,Interstate,Not at Intersection,,No,0,0,No,0,0,0,0,0,0,0,0,0,0,1,c3686854,0,0,1,Minor
2,2024-03-17,12:18:00,Sunday,Angle,On Roadway,"Blacktop, Asphalt, Bituminous",No Defects,Daylight,Daylight,"Two-Way, Not Divided",Not Provided,No Adverse Condition (Clear/Cloud),Straight - Level,Not Provided,No,Four Approaches,Not Provided,Traffic Signal,Dry,Intersection Area,Within Intersection,Yes - Working,No,2024,Spring,March,Daytime,Noon - 2:59pm,12,Injury Crash,No,No,No,No,No,No,No,No,No,No,Yes,No,No,Multiple Vehicle Crashes,Bristol City,,Urban,36.63247,-82.12161,Non-Interstate,UR-3318N (CITY OF BRISTOL),,OLD AIRPORT RD,2.13,Minor Arterial,At Intersection,LEE HWY,No,0,0,No,0,0,0,0,0,0,0,0,0,0,1,c7989598,0,0,1,Minor
1,2022-09-05,22:10:00,Monday,Fixed Object - Off Road,Roadside,"Blacktop, Asphalt, Bituminous",No Defects,Darkness,Darkness - Road Not Lighted,"Two-Way, Not Divided",Not Provided,Rain,Grade - Curve,Not Provided,No,Not at Intersection,Not Provided,No Passing Lines,Wet,Intersection Area,Non-Intersection,Yes - Working,No,2022,Autumn,September,Nighttime,9:00pm - 11:59pm,22,Injury Crash,No,No,No,No,No,No,No,No,No,No,No,No,No,Single Vehicle Crashes,Henry County,,Rural,36.72681,-80.01906,Non-Interstate,SC-679N (HENRY COUNTY),679.0,JARRETT DR,1.76,Local,Not at Intersection,,No,0,0,No,0,0,0,0,0,0,0,0,0,0,2,c3420714,0,1,0,Severe
2,2024-03-15,16:33:00,Friday,Rear End,On Roadway,"Blacktop, Asphalt, Bituminous","Holes, Ruts, Bumps",Daylight,Daylight,"Two-Way, Divided, Unprotected Median",Not Provided,Rain,Grade - Straight,Not Provided,Yes,Three Approaches,Not Provided,Traffic Signal,Wet,Intersection Area,Intersection Related - Within 150 Feet,Yes - Working,No,2024,Spring,March,Daytime,3:00pm - 5:59pm,16,Property Damage Crash,No,No,No,No,No,No,No,No,Yes,No,No,No,No,Multiple Vehicle Crashes,Covington City,,Urban,37.78395,-79.99063,Non-Interstate,CHESTNUT ST (NP - CITY OF COVINGTON),,CHESTNUT ST,0.24,Major Collector,At Intersection,LEXINGTON AVE,No,0,0,No,0,0,0,0,0,0,0,0,0,0,0,c6871397,0,0,1,Minor
1,2022-02-24,09:45:00,Thursday,Fixed Object - Off Road,Shoulder,"Blacktop, Asphalt, Bituminous",No Defects,Daylight,Daylight,"Two-Way, Not Divided",Not Provided,Rain,Straight - Level,Not Provided,No,Not at Intersection,Not Provided,Traffic Lanes Marked,Wet,Intersection Area,Non-Intersection,Yes - Working,No,2022,Winter,February,Daytime,9:00am - 11:59am,9,Property Damage Crash,No,No,No,No,No,No,No,No,No,No,No,No,No,Single Vehicle Crashes,Wythe County,,Rural,36.96493,-80.95151,Non-Interstate,VA-121S,121.0,MAX MEADOWS RD,1.49,Major Collector,Not at Intersection,,Yes,0,0,No,0,0,0,0,0,0,0,0,0,0,0,c4745167,0,0,1,Minor
2,2023-10-06,12:20:00,Friday,Angle,On Roadway,"Blacktop, Asphalt, Bituminous",No Defects,Daylight,Daylight,"Two-Way, Not Divided",Advance Warning Area,No Adverse Condition (Clear/Cloud),Straight - Level,No Workers Present,No,Not at Intersection,Work on Shoulder or Median,No Passing Lines,Dry,Intersection Area,Non-Intersection,Yes - Working,Yes,2023,Autumn,October,Daytime,Noon - 2:59pm,12,Property Damage Crash,No,No,No,No,No,No,No,No,No,No,No,No,No,Multiple Vehicle Crashes,Patrick County,,Rural,36.67789,-80.27927,Non-Interstate,US-58W,58.0,JEB STUART HWY,235.21,Other Principal Arterial,Not at Intersection,,No,0,0,No,0,0,0,0,0,0,0,0,0,0,0,c9963818,0,0,1,Minor
2,2022-03-17,14:56:00,Thursday,Angle,On Roadway,"Blacktop, Asphalt, Bituminous",No Defects,Daylight,Daylight,"Two-Way, Divided, Positive Median Barrier",Not Provided,Rain,Straight - Level,Not Provided,No,Four Approaches,Not Provided,Traffic Signal,Wet,Intersection Area,Intersection Related - Within 150 Feet,Yes - Working,No,2022,Spring,March,Daytime,Noon - 2:59pm,14,Injury Crash,No,No,No,No,No,No,No,No,No,No,No,No,No,Multiple Vehicle Crashes,Suffolk City,,Urban,36.87046,-76.42324,Non-Interstate,VA-135S,135.0,COLLEGE DR,0.35,Minor Arterial,At Intersection,MAGNOLIA DR,No,0,0,No,0,0,0,0,0,0,0,0,0,0,1,c1149834,0,0,1,Minor
1,2023-01-31,20:22:00,Tuesday,Fixed Object - Off Road,On Roadway,"Blacktop, Asphalt, Bituminous",No Defects,Darkness,Darkness - Road Not Lighted,"Two-Way, Not Divided",Not Provided,Mist,Curve - Level,Not Provided,No,Not at Intersection,Not Provided,No Traffic Control,Wet,Intersection Area,Non-Intersection,No Traffic Control Device Present,No,2023,Winter,January,Nighttime,6:00pm - 8:59pm,20,Injury Crash,No,No,No,No,No,No,No,No,No,No,No,No,No,Single Vehicle Crashes,Roanoke County,,Urban,37.27632,-80.10785,Non-Interstate,SC-1185E (ROANOKE COUNTY),1185.0,GREEN HILL PARK RD,0.05,Local,Not at Intersection,,No,0,0,No,0,0,0,0,0,0,0,0,0,0,2,c7892593,0,1,0,Severe
2,2022-01-02,09:58:00,Sunday,Angle,On Roadway,"Blacktop, Asphalt, Bituminous",No Defects,Daylight,Daylight,"Two-Way, Not Divided",Not Provided,No Adverse Condition (Clear/Cloud),Straight - Level,Not Provided,No,Four Approaches,Not Provided,Stop Sign,Wet,Intersection Area,Within Intersection,Yes - Working,No,2022,Winter,January,Daytime,9:00am - 11:59am,9,Property Damage Crash,No,No,No,No,No,No,No,No,No,No,No,No,No,Multiple Vehicle Crashes,Fairfax County,,Urban,38.95093,-77.17739,Non-Interstate,VA-193E,193.0,GEORGETOWN PIKE,10.24,Minor Arterial,At Intersection,DOUGLASS DR,No,0,0,No,0,0,0,0,0,0,0,0,0,0,0,c7383018,0,0,1,Minor
2,2022-02-23,18:47:00,Wednesday,Rear End,On Roadway,"Blacktop, Asphalt, Bituminous",No Defects,Darkness,Darkness - Road Not Lighted,"Two-Way, Divided, Positive Median Barrier",Not Provided,No Adverse Condition (Clear/Cloud),Grade - Straight,Not Provided,No,Not at Intersection,Not Provided,Traffic Lanes Marked,Dry,Intersection Area,Non-Intersection,Yes - Working,No,2022,Winter,February,Nighttime,6:00pm - 8:59pm,18,Injury Crash,No,No,No,No,No,No,No,No,No,Yes,No,No,No,Multiple Vehicle Crashes,Fairfax County,,Urban,38.84614,-77.22033,Interstate,I-495S,495.0,I-495,6.37,Interstate,Not at Intersection,,No,0,0,No,0,0,0,0,0,0,0,0,0,0,2,c1938892,0,1,0,Severe
2,2023-06-13,11:22:00,Tuesday,Angle,On Roadway,"Blacktop, Asphalt, Bituminous",No Defects,Daylight,Daylight,"Two-Way, Divided, Unprotected Median",Not Provided,No Adverse Condition (Clear/Cloud),Straight - Level,Not Provided,No,Four Approaches,Not Provided,Traffic Signal,Dry,Intersection Area,Within Intersection,Yes - Working,No,2023,Summer,June,Daytime,9:00am - 11:59am,11,Injury Crash,No,No,No,No,No,No,No,No,No,No,No,No,No,Multiple Vehicle Crashes,Chesapeake City,,Urban,36.77052,-76.34478,Non-Interstate,US-17S,17.0,GEORGE WASHINGTON HWY,23.1,Other Principal Arterial,At Intersection,YADKIN RD,Yes,0,1,No,0,0,0,0,0,0,0,0,0,0,2,c8297172,0,1,0,Severe
2,2023-12-29,16:21:00,Friday,Angle,On Roadway,"Blacktop, Asphalt, Bituminous",No Defects,Daylight,Daylight,"Two-Way, Not Divided",Not Provided,No Adverse Condition (Clear/Cloud),Straight - Level,Not Provided,No,Four Approaches,Not Provided,Traffic Signal,Dry,Interchange Area,Main-Line Roadway,Yes - Working,No,2023,Winter,December,Daytime,3:00pm - 5:59pm,16,Property Damage Crash,No,No,No,No,No,No,No,No,No,No,Yes,No,Yes,Multiple Vehicle Crashes,Martinsville City,,Urban,36.68318,-79.86913,Non-Interstate,BUS US-58E (9 CITY OF MARTINSVILLE),58.0,STARLING AVE,4.7,Other Principal Arterial,At Intersection,HAIRSTON ST,No,0,0,No,0,0,0,0,0,0,0,0,0,0,0,c3218725,0,0,1,Minor
4,2022-08-01,15:30:00,Monday,Rear End,On Roadway,"Blacktop, Asphalt, Bituminous",No Defects,Daylight,Daylight,"Two-Way, Divided, Unprotected Median",Not Provided,No Adverse Condition (Clear/Cloud),Straight - Level,Not Provided,No,Not at Intersection,Not Provided,No Traffic Control,Dry,Intersection Area,Non-Intersection,No Traffic Control Device Present,No,2022,Summer,August,Daytime,3:00pm - 5:59pm,15,Injury Crash,No,No,No,No,No,Yes,No,No,No,No,Yes,No,No,Multiple Vehicle Crashes,Fairfax County,,Urban,38.74451,-77.08414,Non-Interstate,US-1S,1.0,RICHMOND HWY,187.56,Other Principal Arterial,At Intersection,BELFORD DR,No,0,0,No,0,0,0,1,0,0,0,1,0,0,4,c4234179,0,1,0,Severe
1,2022-11-02,00:14:00,Wednesday,Fixed Object - Off Road,Separator,"Blacktop, Asphalt, Bituminous",No Defects,Darkness,Darkness - Road Not Lighted,"Two-Way, Divided, Unprotected Median",Not Provided,No Adverse Condition (Clear/Cloud),Straight - Level,Not Provided,No,Three Approaches,Not Provided,One Way Road or Street,Dry,Intersection Area,Intersection Related - Within 150 Feet,Yes - Working,No,2022,Autumn,November,Nighttime,Midnight - 2:59am,0,Property Damage Crash,No,No,No,No,No,No,No,No,No,No,No,No,No,Single Vehicle Crashes,Wythe County,Wytheville,Urban,36.96081,-81.10088,Non-Interstate,US-52S,52.0,4TH ST,46.24,Major Collector,At Intersection,HOLSTON RD,No,0,0,No,0,0,0,0,0,0,0,0,0,0,0,c5517375,0,0,1,Minor
2,2022-10-30,11:43:00,Sunday,Other,On Roadway,"Blacktop, Asphalt, Bituminous",No Defects,Daylight,Daylight,"Two-Way, Not Divided",Not Provided,No Adverse Condition (Clear/Cloud),Straight - Level,Not Provided,No,Two Approaches,Not Provided,Traffic Signal,Dry,Intersection Area,Within Intersection,Yes - Working,No,2022,Autumn,October,Daytime,9:00am - 11:59am,11,Property Damage Crash,No,Yes,No,No,No,No,No,No,No,No,No,No,No,Multiple Vehicle Crashes,Stafford County,,Urban,38.46627,-77.40426,Non-Interstate,US-1S,1.0,JEFFERSON DAVIS HWY,159.96,Other Principal Arterial,At Intersection,I-95 RAMP,Yes,0,0,No,0,0,0,0,0,0,0,0,0,0,0,c4641015,0,0,1,Minor
2,2022-05-05,10:50:00,Thursday,Rear End,On Roadway,"Blacktop, Asphalt, Bituminous",No Defects,Daylight,Daylight,"Two-Way, Not Divided",Not Provided,No Adverse Condition (Clear/Cloud),Straight - Level,Not Provided,No,Three Approaches,Not Provided,Traffic Lanes Marked,Dry,Intersection Area,Non-Intersection,Yes - Working,No,2022,Spring,May,Daytime,9:00am - 11:59am,10,Property Damage Crash,No,Yes,No,No,No,No,No,No,No,Yes,Yes,No,No,Multiple Vehicle Crashes,Chesterfield County,,Urban,37.41839,-77.4695,Non-Interstate,SC-637N (CHESTERFIELD COUNTY),637.0,HOPKINS RD,2.92,Minor Arterial,At Intersection,BELLBROOK DR,No,0,0,No,0,0,0,0,0,0,0,0,0,0,0,c8850827,0,0,1,Minor