NumberOfVehicles,CrashDate,CrashTime,DayOfWeek,TypeOfCollision,LocationOfFirstHarmfulEvent,RoadwaySurfaceType,RoadwayDefect,LightCondition_Category,LightCondition_Value,RoadwayDescription,WorkZoneLocation,WeatherCondition,RoadwayAlignment,WorkZoneWorkersPresent,SchoolZone,IntersectionType,WorkZoneType,TrafficControlType,RoadwaySurfaceCondition,RelationToRoadway_Category,RelationToRoadway_Value,TrafficControlMechanicalDevice,WorkZoneRelated,Year,Meteorological Season,MonthName,DaytimeNighttime_NHTSA,ThreeHourLabel,Hour,CrashType,AlcoholInvolved,SpeedRelated,CommercialMotorVehiclesInvolved,PedestrianInvolved,BicycleInvolved,MotorcycleInvolved,MopedInvolved,TrainRelated,SchoolZoneInvolved,TeenDriverInvolved,DistractedDriverInvolved,DriverTextingInvolved,DriverUsingCellPhone,Single_Multi_Vehicle,Jurisdiction,TownName,LocationTypeName,Latitude,Longitude,Interstate_NonInterstate,RoadName,RouteNumber,RouteName,MileMarker,FunctionalClassCode,AtIntersection,SecondaryLocation,MatureDriverInvolved,MatureDriverFatalities,MatureDriverInjuries,LargeTruckInvolved,PedestrianFatalities,PedestrianInjuries,MotorcycleFatalities,MotorcycleInjuries,BicycleFatalities,BicycleInjuries,DistractedDriverFatalities,DistractedDriverInjuries,UnrestrainedInjuries,Number_Of_Fatalities,Number_Of_Injuries,Crash_UID,Is_Fatal,Is_Severe,Is_Minor,SeverityLabel
2,2024-02-13,09:08:00,Tuesday,Rear End,On Roadway,"Blacktop, Asphalt, Bituminous",No Defects,Daylight,Daylight,"Two-Way, Divided, Positive Median Barrier",Not Provided,Rain,Straight - Level,Not Provided,No,Three Approaches,Not Provided,Traffic Lanes Marked,Wet,Intersection Area,Intersection Related - Within 150 Feet,Yes - Working,No,2024,Winter,February,Daytime,9:00am - 11:59am,9,Property Damage Crash,No,No,No,No,No,No,No,No,No,No,No,No,No,Multiple Vehicle Crashes,Prince William County,,Urban,38.77335,-77.49661,,SC-1538E (PRINCE WILLIAM COUNTY),1538.0,FAIRMONT AVE,0.11,,Not at Intersection,,No,0,0,No,0,0,0,0,0,0,0,0,0,0,0,c5784800,0,0,1,Minor
2,2024-03-14,15:55:00,Thursday,Rear End,On Roadway,"Blacktop, Asphalt, Bituminous",No Defects,Daylight,Daylight,"Two-Way, Divided, Unprotected Median",Not Provided,No Adverse Condition (Clear/Cloud),Straight - Level,Not Provided,No,Not at Intersection,Not Provided,Traffic Lanes Marked,Dry,Interchange Area,Main-Line Roadway,Yes - Working,No,2024,Spring,March,Daytime,3:00pm - 5:59pm,15,Injury Crash,No,No,No,No,No,No,No,No,No,No,No,No,No,Multiple Vehicle Crashes,Henrico County,,Urban,37.63446,-77.57291,Interstate,I-64W,64.0,I-64,180.44,Interstate,Not at Intersection,,No,0,0,No,0,0,0,0,0,0,0,0,0,0,2,c9723107,0,1,0,Severe
4,2023-07-11,11:14:00,Tuesday,Angle,On Roadway,"Blacktop, Asphalt, Bituminous",No Defects,Daylight,Daylight,"Two-Way, Divided, Unprotected Median",Not Provided,No Adverse Condition (Clear/Cloud),Straight - Level,Not Provided,No,Four Approaches,Not Provided,Traffic Signal,Dry,Intersection Area,Within Intersection,Yes - Working,No,2023,Summer,July,Daytime,9:00am - 11:59am,11,Property Damage Crash,No,Yes,No,No,No,No,No,No,No,No,Yes,No,Yes,Multiple Vehicle Crashes,Chesapeake City,,Urban,36.77916,-76.25742,Non-Interstate,VA-168N,168.0,BATTLEFIELD BLVD,18.0,Other Principal Arterial,At Intersection,DEBAUN AVE,Yes,0,0,No,0,0,0,0,0,0,0,0,0,0,0,c7344260,0,0,1,Minor
1,2023-10-05,06:40:00,Thursday,Deer,On Roadway,"Blacktop, Asphalt, Bituminous",No Defects,Darkness,Darkness - Road Not Lighted,"Two-Way, Not Divided",Not Provided,No Adverse Condition (Clear/Cloud),Straight - Level,Not Provided,No,Not at Intersection,Not Provided,Traffic Lanes Marked,Dry,Intersection Area,Non-Intersection,Yes - Working,No,2023,Autumn,October,Daytime,6:00am - 8:59am,6,Property Damage Crash,No,No,No,No,No,No,No,No,No,No,No,No,No,Single Vehicle Crashes,Wythe County,,Rural,36.88556,-80.97873,Non-Interstate,VA-94S,94.0,IVANHOE RD,24.38,Minor Arterial,Not at Intersection,,No,0,0,No,0,0,0,0,0,0,0,0,0,0,0,c5555264,0,0,1,Minor
2,2024-11-23,11:34:00,Saturday,Angle,On Roadway,"Blacktop, Asphalt, Bituminous",No Defects,Daylight,Daylight,"Two-Way, Divided, Positive Median Barrier",Not Provided,No Adverse Condition (Clear/Cloud),Straight - Level,Not Provided,No,Four Approaches,Not Provided,Traffic Signal,Dry,Intersection Area,Intersection Related - Within 150 Feet,Yes - Working,No,2024,Autumn,November,Daytime,9:00am - 11:59am,11,Injury Crash,No,No,No,No,No,No,No,No,No,Yes,No,No,No,Multiple Vehicle Crashes,Portsmouth City,,Urban,36.8729,-76.40103,Non-Interstate,UR-8523S (CITY OF PORTSMOUTH),0.0,TWIN PINES RD,0.0,Major Collector,At Intersection,TOWNE POINT RD,No,0,0,No,0,0,0,0,0,0,0,0,0,0,4,c1278588,0,1,0,Severe
2,2022-08-01,10:55:00,Monday,Sideswipe - Same Direction,On Roadway,"Blacktop, Asphalt, Bituminous",No Defects,Daylight,Daylight,"Two-Way, Not Divided",Not Provided,No Adverse Condition (Clear/Cloud),Straight - Level,Not Provided,No,Three Approaches,Not Provided,Stop Sign,Dry,Interchange Area,Main-Line Roadway,Yes - Working,No,2022,Summer,August,Daytime,9:00am - 11:59am,10,Property Damage Crash,No,No,No,No,No,No,No,No,No,No,No,No,No,Multiple Vehicle Crashes,Alexandria City,,Urban,38.82824,-77.11119,Non-Interstate,VA-420E,420.0,SEMINARY RD,0.3,Minor Arterial,At Intersection,KENMORE AVE,No,0,0,No,0,0,0,0,0,0,0,0,0,0,0,c5681926,0,0,1,Minor
1,2022-06-18,10:53:00,Saturday,Pedestrian,On Roadway,"Blacktop, Asphalt, Bituminous",No Defects,Daylight,Daylight,"Two-Way, Not Divided",Not Provided,No Adverse Condition (Clear/Cloud),Straight - Level,Not Provided,No,Three Approaches,Not Provided,No Traffic Control,Dry,Interchange Area,Main-Line Roadway,No Traffic Control Device Present,No,2022,Summer,June,Daytime,9:00am - 11:59am,10,Injury Crash,No,No,No,Yes,No,No,No,No,No,No,Yes,Yes,No,Single Vehicle Crashes,Fairfax County,,Rural,38.63645,-77.14402,Non-Interstate,SC-600W (FAIRFAX COUNTY),600.0,POTOMAC VIEW BLVD,11.18,Minor Collector,At Intersection,RIVER DR,No,0,0,No,0,1,0,0,0,0,0,0,0,0,1,c9082206,0,0,1,Minor
2,2024-05-18,12:28:00,Saturday,Sideswipe - Same Direction,On Roadway,"Blacktop, Asphalt, Bituminous",No Defects,Daylight,Daylight,"One-Way, Not Divided",Not Provided,Rain,Straight - Level,Not Provided,No,Two Approaches,Not Provided,Traffic Signal,Wet,Intersection Area,Intersection Related - Within 150 Feet,Yes - Working,No,2024,Spring,May,Daytime,Noon - 2:59pm,12,Injury Crash,No,No,No,No,No,No,No,No,No,Yes,No,No,No,Multiple Vehicle Crashes,Hampton City,,Urban,37.04141,-76.39066,Non-Interstate,US-258W,258.0,MERCURY BLVD,62.86,Other Principal Arterial,At Intersection,KILGORE AVE,No,0,0,No,0,0,0,0,0,0,0,0,0,0,2,c8169215,0,1,0,Severe
1,2024-10-28,21:11:00,Monday,Fixed Object - Off Road,Shoulder,"Blacktop, Asphalt, Bituminous",No Defects,Darkness,Darkness - Road Not Lighted,"Two-Way, Not Divided",Not Provided,No Adverse Condition (Clear/Cloud),Straight - Level,Not Provided,No,Three Approaches,Not Provided,Stop Sign,Dry,Intersection Area,Intersection Related - Within 150 Feet,Yes - Working,No,2024,Autumn,October,Nighttime,9:00pm - 11:59pm,21,Injury Crash,No,No,No,No,No,No,No,No,No,No,No,No,No,Single Vehicle Crashes,Henrico County,,Urban,37.6431,-77.50628,Non-Interstate,CR-7526E (HENRICO COUNTY),7526.0,HUNGARY RD,3.04,Minor Arterial,At Intersection,PURCELL RD,No,0,0,No,0,0,0,0,0,0,0,0,0,0,1,c3101624,0,0,1,Minor
1,2022-09-27,06:40:00,Tuesday,Other,On Roadway,"Blacktop, Asphalt, Bituminous",No Defects,Dawn,Dawn,"Two-Way, Divided, Unprotected Median",Not Provided,No Adverse Condition (Clear/Cloud),Straight - Level,Not Provided,No,Not at Intersection,Not Provided,No Traffic Control,Dry,Interchange Area,Main-Line Roadway,No Traffic Control Device Present,No,2022,Autumn,September,Daytime,6:00am - 8:59am,6,Property Damage Crash,No,No,No,No,No,No,No,No,No,No,No,No,No,Single Vehicle Crashes,Hanover County,,Rural,37.74403,-77.59156,Non-Interstate,US-33E,33.0,MOUNTAIN RD,119.3,Minor Arterial,At Intersection,FARRINGTON RD,No,0,0,No,0,0,0,0,0,0,0,0,0,0,0,c5947587,0,0,1,Minor
2,2024-08-12,19:19:00,Monday,Head On,On Roadway,Concrete,No Defects,Daylight,Daylight,"Two-Way, Not Divided",Not Provided,No Adverse Condition (Clear/Cloud),Hillcrest - Straight,Not Provided,No,Four Approaches,Not Provided,Traffic Lanes Marked,Dry,Intersection Area,Within Intersection,Yes - Working,No,2024,Summer,August,Nighttime,6:00pm - 8:59pm,19,Injury Crash,Yes,No,No,No,No,No,No,No,No,Yes,No,No,No,Multiple Vehicle Crashes,Richmond City,,Urban,37.53833,-77.42281,Non-Interstate,US-360E,360.0,18TH ST,141.41,Other Principal Arterial,At Intersection,VENABLE ST,No,0,0,No,0,0,0,0,0,0,0,0,0,0,2,c8980309,0,1,0,Severe
2,2024-11-22,17:20:00,Friday,Other,On Roadway,"Blacktop, Asphalt, Bituminous",No Defects,Darkness,Darkness - Road Not Lighted,"Two-Way, Not Divided",Not Provided,No Adverse Condition (Clear/Cloud),Straight - Level,Not Provided,No,Four Approaches,Not Provided,Stop Sign,Dry,Intersection Area,Intersection Related - Within 150 Feet,Yes - Working,No,2024,Autumn,November,Daytime,3:00pm - 5:59pm,17,Property Damage Crash,No,No,No,No,No,No,No,No,No,No,No,No,No,Multiple Vehicle Crashes,Albemarle County,,Rural,38.23474,-78.54513,Non-Interstate,SC-664W (ALBEMARLE COUNTY),664.0,MARKWOOD RD,0.0,Major Collector,At Intersection,SIMMONS GAP RD,Yes,0,0,No,0,0,0,0,0,0,0,0,0,0,0,c1610397,0,0,1,Minor
1,2024-06-04,16:40:00,Tuesday,Fixed Object - Off Road,Roadside,"Blacktop, Asphalt, Bituminous",No Defects,Daylight,Daylight,"Two-Way, Not Divided",Not Provided,No Adverse Condition (Clear/Cloud),Grade - Curve,Not Provided,No,Three Approaches,Not Provided,Traffic Lanes Marked,Dry,Intersection Area,Intersection Related - Within 150 Feet,No Traffic Control Device Present,No,2024,Summer,June,Daytime,3:00pm - 5:59pm,16,Injury Crash,No,No,No,No,No,No,No,No,No,No,No,No,No,Single Vehicle Crashes,Appomattox County,,Rural,37.37502,-78.79194,Non-Interstate,VA-24E,24.0,OLD COURTHOUSE RD,72.91,Minor Arterial,At Intersection,RIVER RIDGE RD,No,0,0,No,0,0,0,0,0,0,0,0,0,0,1,c0292492,0,0,1,Minor
2,2022-07-14,12:17:00,Thursday,Sideswipe - Same Direction,On Roadway,"Blacktop, Asphalt, Bituminous",No Defects,Dawn,Dawn,"Two-Way, Divided, Positive Median Barrier",Not Provided,No Adverse Condition (Clear/Cloud),Straight - Level,Not Provided,No,Not at Intersection,Not Provided,Traffic Lanes Marked,Dry,Intersection Area,Non-Intersection,Yes - Working,No,2022,Summer,July,Daytime,Noon - 2:59pm,12,Property Damage Crash,No,No,No,No,No,No,No,No,No,No,No,No,No,Multiple Vehicle Crashes,Fairfax County,,Urban,38.8108,-77.24556,Non-Interstate,SC-620W (FAIRFAX COUNTY),620.0,BRADDOCK RD,16.0,Minor Arterial,At Intersection,STONE HAVEN DR,Yes,0,0,No,0,0,0,0,0,0,0,0,0,0,0,c1477550,0,0,1,Minor
2,2024-12-24,12:10:00,Tuesday,Rear End,On Roadway,"Blacktop, Asphalt, Bituminous",No Defects,Daylight,Daylight,"Two-Way, Divided, Unprotected Median",Not Provided,No Adverse Condition (Clear/Cloud),Straight - Level,Not Provided,No,Not at Intersection,Not Provided,Traffic Signal,Wet,Intersection Area,Non-Intersection,Yes - Working,No,2024,Winter,December,Daytime,Noon - 2:59pm,12,Property Damage Crash,No,No,No,No,No,No,No,No,No,No,No,No,No,Multiple Vehicle Crashes,Fauquier County,,Urban,38.73136,-77.77485,Non-Interstate,US-29N,29.0,LEE HWAY,208.2,Other Principal Arterial,Not at Intersection,,Yes,0,0,No,0,0,0,0,0,0,0,0,0,0,0,c5152890,0,0,1,Minor
2,2023-01-28,19:15:00,Saturday,Angle,On Roadway,"Blacktop, Asphalt, Bituminous",No Defects,Darkness,Darkness - Road Not Lighted,"Two-Way, Divided, Unprotected Median",Not Provided,No Adverse Condition (Clear/Cloud),Hillcrest - Straight,Not Provided,No,Three Approaches,Not Provided,Traffic Lanes Marked,Dry,Other Location,Crossover Related,Yes - Working,No,2023,Winter,January,Nighttime,6:00pm - 8:59pm,19,Injury Crash,No,Yes,No,No,No,No,No,No,No,No,No,No,No,Multiple Vehicle Crashes,Rockingham County,,Urban,38.40668,-78.85885,Non-Interstate,VA-280W,280.0,STONE SPRING RD,1.39,Major Collector,At Intersection,ACCESS,No,0,0,No,0,0,0,0,0,0,0,0,0,0,3,c3011472,0,1,0,Severe
1,2022-11-16,21:50:00,Wednesday,Deer,On Roadway,"Blacktop, Asphalt, Bituminous",No Defects,Darkness,Darkness - Road Not Lighted,"Two-Way, Divided, Unprotected Median",Not Provided,No Adverse Condition (Clear/Cloud),Straight - Level,Not Provided,No,Not at Intersection,Not Provided,Traffic Lanes Marked,Dry,Intersection Area,Non-Intersection,Yes - Working,No,2022,Autumn,November,Nighttime,9:00pm - 11:59pm,21,Property Damage Crash,No,No,No,No,No,No,No,No,No,No,No,No,No,Single Vehicle Crashes,Nottoway County,,Rural,37.11262,-78.02678,Non-Interstate,US-460E,460.0,COLONIAL TRAIL HWY,281.28,Other Principal Arterial,Not at Intersection,,No,0,0,No,0,0,0,0,0,0,0,0,0,0,0,c7572127,0,0,1,Minor
2,2023-08-22,11:06:00,Tuesday,Angle,On Roadway,"Blacktop, Asphalt, Bituminous",No Defects,Daylight,Daylight,"Two-Way, Not Divided",Not Provided,No Adverse Condition (Clear/Cloud),Straight - Level,Not Provided,No,Not at Intersection,Not Provided,Traffic Lanes Marked,Dry,Intersection Area,Non-Intersection,Yes - Working,No,2023,Summer,August,Daytime,9:00am - 11:59am,11,Property Damage Crash,No,No,No,No,No,No,No,No,No,Yes,No,No,No,Multiple Vehicle Crashes,Henrico County,,Urban,37.63535,-77.4556,Non-Interstate,VA-73E,73.0,PARHAM RD,0.22,Other Principal Arterial,Not at Intersection,,No,0,0,No,0,0,0,0,0,0,0,0,0,0,0,c9483821,0,0,1,Minor
2,2022-10-10,12:17:00,Monday,Rear End,On Roadway,"Blacktop, Asphalt, Bituminous",No Defects,Daylight,Daylight,"Two-Way, Divided, Positive Median Barrier",Not Provided,No Adverse Condition (Clear/Cloud),Straight - Level,Not Provided,No,Not at Intersection,Not Provided,Traffic Lanes Marked,Dry,Interchange Area,Main-Line Roadway,Yes - Working,No,2022,Autumn,October,Daytime,Noon - 2:59pm,12,Property Damage Crash,No,No,No,No,No,No,No,No,No,No,Yes,Yes,No,Multiple Vehicle Crashes,Fairfax County,,Urban,38.68746,-77.22785,Interstate,I-95S,95.0,I-95,162.88,Interstate,Not at Intersection,,No,0,0,No,0,0,0,0,0,0,0,0,0,0,0,c3024527,0,0,1,Minor
2,2024-06-04,12:05:00,Tuesday,Angle,On Roadway,"Blacktop, Asphalt, Bituminous",No Defects,Daylight,Daylight,"Two-Way, Not Divided",Not Provided,No Adverse Condition (Clear/Cloud),Dip - Straight,Not Provided,No,Not at Intersection,Not Provided,No Traffic Control,Dry,Interchange Area,Main-Line Roadway,No Traffic Control Device Present,No,2024,Summer,June,Daytime,Noon - 2:59pm,12,Property Damage Crash,No,No,No,No,No,No,No,No,No,No,No,No,No,Multiple Vehicle Crashes,Fairfax County,,Urban,38.76756,-77.12024,Non-Interstate,SC-633W (FAIRFAX COUNTY),633.0,SOUTH KINGS HWAY,0.03,Minor Arterial,At Intersection,TELEGRAPH RD,No,0,0,No,0,0,0,0,0,0,0,0,0,0,0,c8870415,0,0,1,Minor
2,2024-10-06,14:00:00,Sunday,Angle,On Roadway,"Blacktop, Asphalt, Bituminous",No Defects,Daylight,Daylight,"Two-Way, Divided, Unprotected Median",Not Provided,No Adverse Condition (Clear/Cloud),Straight - Level,Not Provided,No,Not at Intersection,Not Provided,Traffic Lanes Marked,Dry,Intersection Area,Non-Intersection,No Traffic Control Device Present,No,2024,Autumn,October,Daytime,Noon - 2:59pm,14,Property Damage Crash,No,No,No,No,No,No,No,No,No,No,No,No,No,Multiple Vehicle Crashes,Va. Beach City,,Urban,36.84555,-76.15582,Non-Interstate,US-58W,58.0,VIRGINIA BEACH BLVD,499.53,Other Principal Arterial,At Intersection,WITCHDUCK RD,No,0,0,No,0,0,0,0,0,0,0,0,0,0,0,c9298326,0,0,1,Minor
1,2023-03-22,08:41:00,Wednesday,Deer,On Roadway,"Blacktop, Asphalt, Bituminous",No Defects,Daylight,Daylight,"Two-Way, Not Divided",Not Provided,No Adverse Condition (Clear/Cloud),Straight - Level,Not Provided,No,Not at Intersection,Not Provided,Traffic Lanes Marked,Dry,Intersection Area,Non-Intersection,Yes - Working,No,2023,Spring,March,Daytime,6:00am - 8:59am,8,Injury Crash,No,No,No,No,No,No,No,No,No,No,No,No,No,Single Vehicle Crashes,Fauquier County,,Urban,38.73309,-77.68675,Non-Interstate,SC-602N (FAUQUIER COUNTY),602.0,ROGUES RD,16.96,Major Collector,Not at Intersection,,No,0,0,No,0,0,0,0,0,0,0,0,0,0,1,c8631909,0,0,1,Minor
2,2023-06-23,18:15:00,Friday,Rear End,On Roadway,"Blacktop, Asphalt, Bituminous",No Defects,Daylight,Daylight,"Two-Way, Divided, Positive Median Barrier",Not Provided,No Adverse Condition (Clear/Cloud),Straight - Level,Not Provided,No,Not at Intersection,Not Provided,Traffic Lanes Marked,Dry,Interchange Area,Main-Line Roadway,Yes - Working,No,2023,Summer,June,Nighttime,6:00pm - 8:59pm,18,Property Damage Crash,No,Yes,No,No,No,No,No,No,No,No,No,No,No,Multiple Vehicle Crashes,Spotsylvania County,,Urban,38.25896,-77.51328,Interstate,I-95N,95.0,I-95,127.8,Interstate,Not at Intersection,,No,0,0,No,0,0,0,0,0,0,0,0,0,0,0,c3825117,0,0,1,Minor
3,2022-11-28,08:19:00,Monday,Rear End,On Roadway,"Blacktop, Asphalt, Bituminous",No Defects,Daylight,Daylight,"Two-Way, Not Divided",Not Provided,No Adverse Condition (Clear/Cloud),Straight - Level,Not Provided,No,Four Approaches,Not Provided,Traffic Lanes Marked,Dry,Intersection Area,Intersection Related - Within 150 Feet,Yes - Working,No,2022,Autumn,November,Daytime,6:00am - 8:59am,8,Property Damage Crash,No,No,No,No,No,No,No,No,No,No,Yes,No,No,Multiple Vehicle Crashes,Fauquier County,,Rural,38.63577,-77.67443,Non-Interstate,VA-28N,28.0,CATLETT RD,8.81,Minor Arterial,At Intersection,BRISTERSBURG RD,No,0,0,No,0,0,0,0,0,0,0,0,0,0,0,c4551854,0,0,1,Minor
2,2022-07-06,10:13:00,Wednesday,Angle,On Roadway,Concrete,No Defects,Daylight,Daylight,"Two-Way, Divided, Unprotected Median",Not Provided,No Adverse Condition (Clear/Cloud),Straight - Level,Not Provided,No,Not at Intersection,Not Provided,No Traffic Control,Dry,Intersection Area,Non-Intersection,No Traffic Control Device Present,No,2022,Summer,July,Daytime,9:00am - 11:59am,10,Property Damage Crash,No,No,No,No,No,No,No,No,No,No,No,No,No,Multiple Vehicle Crashes,Va. Beach City,,Urban,36.82337,-76.15005,Non-Interstate,UR-8736S (CITY OF VIRGINIA BEACH),,BAXTER RD,0.09,Minor Arterial,Not at Intersection,,Yes,0,0,No,0,0,0,0,0,0,0,0,0,0,0,c1894226,0,0,1,Minor
1,2022-11-07,07:31:00,Monday,Fixed Object - Off Road,Roadside,"Blacktop, Asphalt, Bituminous",No Defects,Daylight,Daylight,"Two-Way, Not Divided",Not Provided,Fog,Grade - Curve,Not Provided,No,Not at Intersection,Not Provided,No Traffic Control,Wet,Interchange Area,Main-Line Roadway,No Traffic Control Device Present,No,2022,Autumn,November,Daytime,6:00am - 8:59am,7,Property Damage Crash,No,No,No,No,No,No,No,No,No,Yes,No,No,No,Single Vehicle Crashes,Montgomery County,Christiansburg,Urban,37.1784,-80.42142,Non-Interstate,SC-657S (MONTGOMERY COUNTY),657.0,MERRIMAC RD,0.15,Local,Not at Intersection,,No,0,0,No,0,0,0,0,0,0,0,0,0,0,0,c8616461,0,0,1,Minor
1,2023-07-28,09:52:00,Friday,Other Animal,On Roadway,"Blacktop, Asphalt, Bituminous",No Defects,Daylight,Daylight,"Two-Way, Not Divided",Not Provided,No Adverse Condition (Clear/Cloud),Straight - Level,Not Provided,No,Not at Intersection,Not Provided,No Traffic Control,Dry,Intersection Area,Non-Intersection,No Traffic Control Device Present,No,2023,Summer,July,Daytime,9:00am - 11:59am,9,Property Damage Crash,No,No,No,No,No,No,No,No,No,No,No,No,No,Single Vehicle Crashes,Henry County,,Rural,36.56334,-79.96785,Non-Interstate,SC-629E (HENRY COUNTY),629.0,MOORES MILL RD,6.43,Local,At Intersection,EASTRIDGE RD,Yes,0,0,No,0,0,0,0,0,0,0,0,0,0,0,c2941938,0,0,1,Minor
2,2023-06-15,13:00:00,Thursday,Angle,On Roadway,"Blacktop, Asphalt, Bituminous",No Defects,Daylight,Daylight,"Two-Way, Divided, Positive Median Barrier",Not Provided,No Adverse Condition (Clear/Cloud),Straight - Level,Not Provided,No,Four Approaches,Not Provided,Traffic Signal,Dry,Interchange Area,Main-Line Roadway,Yes - Working,No,2023,Summer,June,Daytime,Noon - 2:59pm,13,Property Damage Crash,No,Yes,No,No,No,No,No,No,No,No,No,No,No,Multiple Vehicle Crashes,Fairfax County,,Rural,38.82776,-77.48683,Non-Interstate,US-29N,29.0,LEE HWY,225.44,Minor Arterial,At Intersection,BULL RUN POST OFFICE RD,No,0,0,No,0,0,0,0,0,0,0,0,0,0,0,c1188011,0,0,1,Minor
1,2024-12-08,12:49:00,Sunday,Fixed Object - Off Road,Shoulder,"Blacktop, Asphalt, Bituminous",No Defects,Daylight,Daylight,"Two-Way, Not Divided",Not Provided,No Adverse Condition (Clear/Cloud),Straight - Level,Not Provided,No,Not at Intersection,Not Provided,Stop Sign,Dry,Interchange Area,Main-Line Roadway,Yes - Working,No,2024,Winter,December,Daytime,Noon - 2:59pm,12,Property Damage Crash,No,No,No,No,No,No,No,No,No,No,Yes,No,No,Single Vehicle Crashes,Washington County,Damascus,Rural,36.63156,-81.78991,Non-Interstate,SC-1203W (WASHINGTON COUNTY),1203.0,WATER ST,0.08,Local,At Intersection,BROOK ST,No,0,0,No,0,0,0,0,0,0,0,0,0,0,0,c9963474,0,0,1,Minor
1,2022-02-19,17:40:00,Saturday,Fixed Object - Off Road,Roadside,"Blacktop, Asphalt, Bituminous",No Defects,Darkness,Darkness - Road Not Lighted,"Two-Way, Not Divided",Not Provided,No Adverse Condition (Clear/Cloud),Straight - Level,Not Provided,No,Not at Intersection,Not Provided,No Traffic Control,Dry,Intersection Area,Non-Intersection,No Traffic Control Device Present,No,2022,Winter,February,Daytime,3:00pm - 5:59pm,17,Property Damage Crash,Yes,No,No,No,No,No,No,No,No,No,No,No,No,Single Vehicle Crashes,Lunenburg County,,Rural,36.8577,-78.03363,Non-Interstate,SC-602N (LUNENBURG COUNTY),602.0,LONGVIEW DR,6.19,Local,Not at Intersection,,No,0,0,No,0,0,0,0,0,0,0,0,0,0,0,c9762690,0,0,1,Minor
4,2024-08-07,19:09:00,Wednesday,Rear End,On Roadway,"Blacktop, Asphalt, Bituminous",No Defects,Darkness,Darkness - Road Not Lighted,"Two-Way, Divided, Unprotected Median",Not Provided,Rain,Straight - Level,Not Provided,No,Not at Intersection,Not Provided,Traffic Lanes Marked,Wet,Interchange Area,Main-Line Roadway,Yes - Working,No,2024,Summer,August,Nighttime,6:00pm - 8:59pm,19,Property Damage Crash,No,Yes,No,No,No,No,No,No,No,No,No,No,No,Multiple Vehicle Crashes,Va. Beach City,,Urban,36.83259,-76.06722,Non-Interstate,UR-14N (CITY OF VIRGINIA BEACH),14.0,LYNNHAVEN PKWAY,2.63,Minor Arterial,At Intersection,POTTERS RD,No,0,0,No,0,0,0,0,0,0,0,0,0,0,0,c4987436,0,0,1,Minor
2,2023-08-04,12:19:00,Friday,Angle,On Roadway,"Blacktop, Asphalt, Bituminous",No Defects,Daylight,Daylight,"Two-Way, Not Divided",Not Provided,No Adverse Condition (Clear/Cloud),Straight - Level,Not Provided,No,Three Approaches,Not Provided,Traffic Lanes Marked,Dry,Other Location,"Driveway, Alley-Access - Related",Yes - Working,No,2023,Summer,August,Daytime,Noon - 2:59pm,12,Property Damage Crash,No,No,No,No,No,No,No,No,No,No,No,No,No,Multiple Vehicle Crashes,Wythe County,Wytheville,Urban,36.95358,-81.07853,Non-Interstate,US-11N,11.0,MAIN ST,71.08,Other Principal Arterial,At Intersection,11TH ST,Yes,0,0,No,0,0,0,0,0,0,0,0,0,0,0,c5052317,0,0,1,Minor
1,2022-08-07,16:20:00,Sunday,Fixed Object - Off Road,On Roadway,"Blacktop, Asphalt, Bituminous",No Defects,Daylight,Daylight,"Two-Way, Not Divided",Not Provided,No Adverse Condition (Clear/Cloud),Grade - Curve,Not Provided,No,Not at Intersection,Not Provided,No Passing Lines,Dry,Intersection Area,Non-Intersection,Yes - Working,No,2022,Summer,August,Daytime,3:00pm - 5:59pm,16,Injury Crash,No,Yes,No,No,No,Yes,No,No,No,No,No,No,No,Single Vehicle Crashes,Smyth County,,Rural,36.88898,-81.53971,Non-Interstate,VA-16S,16.0,PARK BLVD,38.9,Major Collector,Not at Intersection,,Yes,0,1,No,0,0,0,1,0,0,0,0,0,0,1,c9817249,0,0,1,Minor
3,2022-03-02,15:31:00,Wednesday,Rear End,On Roadway,"Blacktop, Asphalt, Bituminous",No Defects,Daylight,Daylight,"Two-Way, Divided, Positive Median Barrier",Not Provided,No Adverse Condition (Clear/Cloud),Grade - Straight,Not Provided,No,Not at Intersection,Not Provided,Highway Safety Corridor,Dry,Intersection Area,Non-Intersection,Yes - Working,No,2022,Spring,March,Daytime,3:00pm - 5:59pm,15,Property Damage Crash,No,No,No,No,No,No,No,No,No,No,No,No,No,Multiple Vehicle Crashes,Prince William County,,Urban,38.55089,-77.34274,Interstate,I-95N,95.0,I-95,150.84,Interstate,Not at Intersection,,No,0,0,No,0,0,0,0,0,0,0,0,0,0,0,c0732931,0,0,1,Minor
2,2022-07-28,14:05:00,Thursday,Angle,On Roadway,"Blacktop, Asphalt, Bituminous",No Defects,Daylight,Daylight,"Two-Way, Divided, Positive Median Barrier",Not Provided,No Adverse Condition (Clear/Cloud),Straight - Level,Not Provided,No,Four Approaches,Not Provided,Traffic Signal,Dry,Intersection Area,Within Intersection,Yes - Not Working,No,2022,Summer,July,Daytime,Noon - 2:59pm,14,Injury Crash,No,Yes,No,No,No,No,No,No,No,No,No,No,No,Multiple Vehicle Crashes,Fairfax County,,Urban,38.88212,-77.40064,Non-Interstate,US-50E,50.0,LEE JACKSON MEMORIAL HWY,66.06,Other Principal Arterial,At Intersection,PLAZA LN,No,0,0,No,0,0,0,0,0,0,0,0,0,0,1,c1735278,0,0,1,Minor