NumberOfVehicles,CrashDate,CrashTime,DayOfWeek,TypeOfCollision,LocationOfFirstHarmfulEvent,RoadwaySurfaceType,RoadwayDefect,LightCondition_Category,LightCondition_Value,RoadwayDescription,WorkZoneLocation,WeatherCondition,RoadwayAlignment,WorkZoneWorkersPresent,SchoolZone,IntersectionType,WorkZoneType,TrafficControlType,RoadwaySurfaceCondition,RelationToRoadway_Category,RelationToRoadway_Value,TrafficControlMechanicalDevice,WorkZoneRelated,Year,Meteorological Season,MonthName,DaytimeNighttime_NHTSA,ThreeHourLabel,Hour,CrashType,AlcoholInvolved,SpeedRelated,CommercialMotorVehiclesInvolved,PedestrianInvolved,BicycleInvolved,MotorcycleInvolved,MopedInvolved,TrainRelated,SchoolZoneInvolved,TeenDriverInvolved,DistractedDriverInvolved,DriverTextingInvolved,DriverUsingCellPhone,Single_Multi_Vehicle,Jurisdiction,TownName,LocationTypeName,Latitude,Longitude,Interstate_NonInterstate,RoadName,RouteNumber,RouteName,MileMarker,FunctionalClassCode,AtIntersection,SecondaryLocation,MatureDriverInvolved,MatureDriverFatalities,MatureDriverInjuries,LargeTruckInvolved,PedestrianFatalities,PedestrianInjuries,MotorcycleFatalities,MotorcycleInjuries,BicycleFatalities,BicycleInjuries,DistractedDriverFatalities,DistractedDriverInjuries,UnrestrainedInjuries,Number_Of_Fatalities,Number_Of_Injuries,Crash_UID,Is_Fatal,Is_Severe,Is_Minor,SeverityLabel
2,2024-05-13,17:06:00,Monday,Angle,On Roadway,"Blacktop, Asphalt, Bituminous",No Defects,Daylight,Daylight,"Two-Way, Not Divided",Not Provided,No Adverse Condition (Clear/Cloud),Straight - Level,Not Provided,No,Not at Intersection,Not Provided,Traffic Lanes Marked,Dry,Other Location,"Driveway, Alley-Access - Related",Yes - Working,No,2024,Spring,May,Daytime,3:00pm - 5:59pm,17,Injury Crash,No,No,No,No,No,No,No,No,No,No,No,No,No,Multiple Vehicle Crashes,Henrico County,,Urban,37.51831,-77.37529,Non-Interstate,US-60W,60.0,WILLIAMSBURG RD,194.68,Minor Arterial,Not at Intersection,,Yes,0,1,No,0,0,0,0,0,0,0,0,0,0,2,c5044109,0,1,0,Severe
1,2022-11-04,21:46:00,Friday,Deer,On Roadway,"Blacktop, Asphalt, Bituminous",No Defects,Darkness,Darkness - Road Not Lighted,"Two-Way, Divided, Positive Median Barrier",Not Provided,No Adverse Condition (Clear/Cloud),Straight - Level,Not Provided,No,Not at Intersection,Not Provided,No Traffic Control,Dry,Interchange Area,Main-Line Roadway,No Traffic Control Device Present,No,2022,Autumn,November,Nighttime,9:00pm - 11:59pm,21,Property Damage Crash,No,No,No,No,No,No,No,No,No,No,No,No,No,Single Vehicle Crashes,Warren County,,Rural,38.98441,-78.23473,Interstate,I-66E,66.0,I-66,3.99,Interstate,Not at Intersection,,No,0,0,Yes,0,0,0,0,0,0,0,0,0,0,0,c8662313,0,0,1,Minor
1,2024-04-19,22:15:00,Friday,Fixed Object - Off Road,Roadside,"Blacktop, Asphalt, Bituminous",No Defects,Darkness,Darkness - Road Not Lighted,"Two-Way, Not Divided",Not Provided,No Adverse Condition (Clear/Cloud),Grade - Curve,Not Provided,No,Two Approaches,Not Provided,Traffic Lanes Marked,Dry,Intersection Area,Intersection Related - Within 150 Feet,Yes - Working,No,2024,Spring,April,Nighttime,9:00pm - 11:59pm,22,Injury Crash,No,Yes,No,No,No,No,No,No,No,Yes,No,No,No,Single Vehicle Crashes,Loudoun County,,Rural,39.00253,-77.58942,Non-Interstate,SC-860S (LOUDOUN COUNTY),860.0,WATSON RD,2.9,Minor Collector,At Intersection,LEWIS CT,No,0,0,No,0,0,0,0,0,0,0,0,0,0,1,c1214876,0,0,1,Minor
1,2023-04-30,02:40:00,Sunday,Fixed Object - Off Road,Shoulder,Concrete,No Defects,Darkness,Darkness - Road Lighted,"Two-Way, Divided, Positive Median Barrier",Not Provided,No Adverse Condition (Clear/Cloud),Straight - Level,Not Provided,No,Not at Intersection,Not Provided,Traffic Lanes Marked,Dry,Intersection Area,Non-Intersection,Yes - Working,No,2023,Spring,April,Nighttime,Midnight - 2:59am,2,Property Damage Crash,No,No,No,No,No,No,No,No,No,No,No,No,No,Single Vehicle Crashes,Newport News City,,Urban,37.11666,-76.50439,Interstate,I-64E,64.0,I-64,255.48,Interstate,Not at Intersection,,No,0,0,No,0,0,0,0,0,0,0,0,0,0,0,c6002439,0,0,1,Minor
2,2024-09-23,16:51:00,Monday,Other,On Roadway,"Blacktop, Asphalt, Bituminous",No Defects,Daylight,Daylight,"Two-Way, Divided, Positive Median Barrier",Not Provided,Rain,Straight - Level,Not Provided,No,Three Approaches,Not Provided,Traffic Signal,Wet,Intersection Area,Within Intersection,Yes - Working,No,2024,Autumn,September,Daytime,3:00pm - 5:59pm,16,Property Damage Crash,No,No,No,No,No,No,No,No,No,No,No,No,No,Multiple Vehicle Crashes,Prince William County,,Urban,38.67575,-77.25569,Non-Interstate,VA-123S,123.0,GORDON BLVD,1.11,Other Principal Arterial,At Intersection,OLD BRIDGE RD,No,0,0,No,0,0,0,0,0,0,0,0,0,0,0,c9579753,0,0,1,Minor
2,2023-02-26,14:38:00,Sunday,Angle,On Roadway,"Blacktop, Asphalt, Bituminous",No Defects,Daylight,Daylight,"Two-Way, Not Divided",Not Provided,No Adverse Condition (Clear/Cloud),Straight - Level,Not Provided,No,Four Approaches,Not Provided,Traffic Signal,Dry,Intersection Area,Within Intersection,Yes - Working,No,2023,Winter,February,Daytime,Noon - 2:59pm,14,Property Damage Crash,No,No,No,No,No,No,No,No,No,Yes,No,No,No,Multiple Vehicle Crashes,Prince William County,,Urban,38.63831,-77.29797,Non-Interstate,SC-2000W (PRINCE WILLIAM COUNTY),2000.0,SMOKETOWN RD,3.77,Minor Arterial,At Intersection,GIDEON DR,No,0,0,No,0,0,0,0,0,0,0,0,0,0,0,c6038482,0,0,1,Minor
3,2022-12-31,17:40:00,Saturday,Angle,On Roadway,"Blacktop, Asphalt, Bituminous",No Defects,Darkness,Darkness - Road Not Lighted,"Two-Way, Divided, Positive Median Barrier",Not Provided,Rain,Straight - Level,Not Provided,No,Four Approaches,Not Provided,Traffic Signal,Wet,Intersection Area,Within Intersection,Yes - Working,No,2022,Winter,December,Daytime,3:00pm - 5:59pm,17,Injury Crash,No,Yes,No,No,No,No,No,No,No,Yes,No,No,No,Multiple Vehicle Crashes,King George County,,Urban,38.23915,-77.15031,Non-Interstate,US-301S,301.0,JAMES MADISON PKWY,130.8,Other Principal Arterial,At Intersection,KINGS HWY,No,0,0,No,0,0,0,0,0,0,0,0,0,0,3,c6736630,0,1,0,Severe
3,2024-11-18,15:00:00,Monday,Rear End,On Roadway,"Blacktop, Asphalt, Bituminous",No Defects,Daylight,Daylight,"Two-Way, Divided, Positive Median Barrier",Not Provided,No Adverse Condition (Clear/Cloud),Straight - Level,Not Provided,No,Not at Intersection,Not Provided,Traffic Lanes Marked,Dry,Intersection Area,Non-Intersection,Yes - Working,No,2024,Autumn,November,Daytime,3:00pm - 5:59pm,15,Property Damage Crash,No,Yes,Yes,No,No,No,No,No,No,No,Yes,No,No,Multiple Vehicle Crashes,Spotsylvania County,,Urban,38.24832,-77.50783,Interstate,I-95S,95.0,I-95,127.0,Interstate,Not at Intersection,,No,0,0,Yes,0,0,0,0,0,0,0,0,0,0,0,c8964116,0,0,1,Minor
2,2023-09-29,12:00:00,Friday,Sideswipe - Same Direction,In Parking Lane or Zone,"Blacktop, Asphalt, Bituminous",No Defects,Daylight,Daylight,"Two-Way, Not Divided",Not Provided,No Adverse Condition (Clear/Cloud),Straight - Level,Not Provided,No,Not at Intersection,Not Provided,No Traffic Control,Dry,Intersection Area,Non-Intersection,No Traffic Control Device Present,No,2023,Autumn,September,Daytime,Noon - 2:59pm,12,Property Damage Crash,No,No,No,No,No,No,No,No,No,No,No,No,No,Multiple Vehicle Crashes,Loudoun County,,Urban,39.0195,-77.39055,Non-Interstate,SC-1471S (LOUDOUN COUNTY),1471.0,AMELIA ST,1.38,Local,Not at Intersection,,No,0,0,No,0,0,0,0,0,0,0,0,0,0,0,c1563348,0,0,1,Minor
4,2022-09-20,08:34:00,Tuesday,Rear End,On Roadway,"Blacktop, Asphalt, Bituminous",No Defects,Daylight,Daylight,"Two-Way, Divided, Positive Median Barrier",Not Provided,No Adverse Condition (Clear/Cloud),Straight - Level,Not Provided,No,Not at Intersection,Not Provided,Traffic Lanes Marked,Dry,Interchange Area,Main-Line Roadway,Yes - Working,No,2022,Autumn,September,Daytime,6:00am - 8:59am,8,Property Damage Crash,No,No,No,No,No,No,No,No,No,No,No,No,No,Multiple Vehicle Crashes,Fairfax County,,Urban,38.94712,-77.31354,Non-Interstate,VA-267E,267.0,VA-267,19.99,Other Freeways and Expressways,Not at Intersection,,No,0,0,No,0,0,0,0,0,0,0,0,0,0,0,c6691500,0,0,1,Minor
1,2024-11-22,02:05:00,Friday,Fixed Object - Off Road,On Roadway,"Blacktop, Asphalt, Bituminous",No Defects,Darkness,Darkness - Road Lighted,"Two-Way, Divided, Positive Median Barrier",Not Provided,No Adverse Condition (Clear/Cloud),Straight - Level,Not Provided,No,Not at Intersection,Not Provided,Traffic Lanes Marked,Dry,Intersection Area,Non-Intersection,Yes - Working,No,2024,Autumn,November,Nighttime,Midnight - 2:59am,2,Property Damage Crash,No,No,No,No,No,No,No,No,No,No,Yes,No,No,Single Vehicle Crashes,Prince William County,,Urban,38.5591,-77.34034,Interstate,I-95S,95.0,I-95,151.41,Interstate,Not at Intersection,,No,0,0,No,0,0,0,0,0,0,0,0,0,0,0,c0282564,0,0,1,Minor
2,2024-05-28,19:21:00,Tuesday,Rear End,On Roadway,"Blacktop, Asphalt, Bituminous",No Defects,Daylight,Daylight,"Two-Way, Divided, Unprotected Median",Not Provided,Rain,Straight - Level,Not Provided,No,Four Approaches,Not Provided,Traffic Lanes Marked,Wet,Intersection Area,Intersection Related - Within 150 Feet,Yes - Working,No,2024,Spring,May,Nighttime,6:00pm - 8:59pm,19,Property Damage Crash,No,No,No,No,No,No,No,No,No,No,No,No,No,Multiple Vehicle Crashes,Loudoun County,,Urban,39.03787,-77.48594,Non-Interstate,SC-2100W (LOUDOUN COUNTY),2100.0,TOLAMAC DR,0.23,Local,At Intersection,ASHBURN RD,No,0,0,No,0,0,0,0,0,0,0,0,0,0,0,c4750111,0,0,1,Minor
2,2022-12-21,10:35:00,Wednesday,Angle,On Roadway,"Blacktop, Asphalt, Bituminous",No Defects,Daylight,Daylight,"Two-Way, Not Divided",Not Provided,No Adverse Condition (Clear/Cloud),Straight - Level,Not Provided,No,Four Approaches,Not Provided,Traffic Signal,Dry,Intersection Area,Within Intersection,Yes - Working,No,2022,Winter,December,Daytime,9:00am - 11:59am,10,Property Damage Crash,No,No,No,No,No,No,No,No,No,No,No,No,No,Multiple Vehicle Crashes,Campbell County,,Urban,37.31877,-79.18874,Non-Interstate,US-29N,29.0,WARDS RD,66.62,Other Principal Arterial,At Intersection,LAWYERS RD,Yes,0,0,No,0,0,0,0,0,0,0,0,0,0,0,c6315627,0,0,1,Minor
1,2023-07-07,12:59:00,Friday,Fixed Object - Off Road,On Roadway,"Blacktop, Asphalt, Bituminous",No Defects,Daylight,Daylight,"Two-Way, Divided, Unprotected Median",Not Provided,Rain,Straight - Level,Not Provided,No,Not at Intersection,Not Provided,Traffic Lanes Marked,Wet,Interchange Area,Main-Line Roadway,Yes - Working,No,2023,Summer,July,Daytime,Noon - 2:59pm,12,Injury Crash,No,No,No,No,No,No,No,No,No,No,No,No,No,Single Vehicle Crashes,Henrico County,,Urban,37.62941,-77.56419,Interstate,I-64W,64.0,I-64,181.02,Interstate,Not at Intersection,,No,0,0,No,0,0,0,0,0,0,0,0,0,0,1,c3253393,0,0,1,Minor
2,2023-03-16,10:49:00,Thursday,Angle,On Roadway,"Blacktop, Asphalt, Bituminous",No Defects,Daylight,Daylight,"Two-Way, Not Divided",Not Provided,No Adverse Condition (Clear/Cloud),Straight - Level,Not Provided,No,Four Approaches,Not Provided,Stop Sign,Dry,Intersection Area,Intersection Related - Within 150 Feet,Yes - Working,No,2023,Spring,March,Daytime,9:00am - 11:59am,10,Injury Crash,No,No,No,No,No,No,No,No,No,No,No,No,No,Multiple Vehicle Crashes,Fauquier County,,Urban,38.74836,-77.78139,Non-Interstate,SC-605E (FAUQUIER COUNTY),605.0,AIRLIE RD,2.17,Major Collector,At Intersection,GOOCHLAND ST,Yes,0,1,No,0,0,0,0,0,0,0,0,0,0,2,c9975994,0,1,0,Severe
2,2022-08-31,15:20:00,Wednesday,Angle,On Roadway,"Blacktop, Asphalt, Bituminous",No Defects,Daylight,Daylight,"Two-Way, Not Divided",Not Provided,No Adverse Condition (Clear/Cloud),Straight - Level,Not Provided,No,Two Approaches,Not Provided,Stop Sign,Dry,Intersection Area,Within Intersection,Yes - Working,No,2022,Summer,August,Daytime,3:00pm - 5:59pm,15,Property Damage Crash,No,No,No,No,No,No,No,No,No,Yes,No,No,No,Multiple Vehicle Crashes,Dickenson County,Clintwood,Rural,37.14861,-82.45917,Non-Interstate,SC-607W (DICKENSON COUNTY),607.0,CLINTWOOD MAIN ST,0.01,Major Collector,At Intersection,JONAH MULLINS DR,No,0,0,No,0,0,0,0,0,0,0,0,0,0,0,c0812252,0,0,1,Minor
1,2023-11-08,10:43:00,Wednesday,Fixed Object - Off Road,Roadside,"Slag, Gravel, Stone",No Defects,Daylight,Daylight,"Two-Way, Not Divided",Not Provided,No Adverse Condition (Clear/Cloud),Straight - Level,Not Provided,No,Not at Intersection,Not Provided,No Traffic Control,"Sand, Dirt, Gravel",Intersection Area,Non-Intersection,No Traffic Control Device Present,No,2023,Autumn,November,Daytime,9:00am - 11:59am,10,Property Damage Crash,No,No,No,No,No,No,No,No,No,No,No,No,No,Single Vehicle Crashes,Amelia County,,Rural,37.41572,-78.19301,Non-Interstate,SC-620S (AMELIA COUNTY),620.0,STONY POINT RD,4.68,Local,Not at Intersection,,No,0,0,No,0,0,0,0,0,0,0,0,0,0,0,c7908715,0,0,1,Minor
1,2022-03-27,18:35:00,Sunday,Fixed Object - Off Road,On Roadway,"Blacktop, Asphalt, Bituminous",No Defects,Daylight,Daylight,"Two-Way, Divided, Positive Median Barrier",Not Provided,No Adverse Condition (Clear/Cloud),Straight - Level,Not Provided,No,Not at Intersection,Not Provided,Traffic Lanes Marked,Dry,Intersection Area,Non-Intersection,Yes - Working,No,2022,Spring,March,Nighttime,6:00pm - 8:59pm,18,Property Damage Crash,No,No,No,No,No,No,No,No,No,No,No,No,No,Single Vehicle Crashes,Tazewell County,,Urban,37.199,-81.39146,Non-Interstate,US-19N,19.0,GOVERNOR G C PEERY HWY,80.02,Other Principal Arterial,Not at Intersection,,No,0,0,No,0,0,0,0,0,0,0,0,0,0,0,c0821496,0,0,1,Minor
2,2024-06-16,13:27:00,Sunday,Sideswipe - Same Direction,On Roadway,"Blacktop, Asphalt, Bituminous",No Defects,Daylight,Daylight,"Two-Way, Divided, Positive Median Barrier",Not Provided,No Adverse Condition (Clear/Cloud),Straight - Level,Not Provided,No,Not at Intersection,Not Provided,Traffic Lanes Marked,Dry,Intersection Area,Non-Intersection,Yes - Working,No,2024,Summer,June,Daytime,Noon - 2:59pm,13,Property Damage Crash,No,No,No,No,No,No,No,No,No,No,No,No,No,Multiple Vehicle Crashes,Fairfax County,,Urban,38.87507,-77.22002,Interstate,I-495N,495.0,I-495,8.22,Interstate,Not at Intersection,,No,0,0,No,0,0,0,0,0,0,0,0,0,0,0,c5314991,0,0,1,Minor
2,2023-06-01,06:50:00,Thursday,Rear End,On Roadway,"Blacktop, Asphalt, Bituminous",No Defects,Daylight,Daylight,"Two-Way, Not Divided",Not Provided,No Adverse Condition (Clear/Cloud),Straight - Level,Not Provided,No,Four Approaches,Not Provided,Traffic Signal,Dry,Intersection Area,Within Intersection,Yes - Working,No,2023,Summer,June,Daytime,6:00am - 8:59am,6,Property Damage Crash,No,Yes,No,No,No,No,No,No,No,No,No,No,No,Multiple Vehicle Crashes,Bedford County,,Urban,37.38539,-79.24289,Non-Interstate,,221.0,FOREST RD,,Minor Arterial,At Intersection,COTTONTOWN RD,Yes,0,0,No,0,0,0,0,0,0,0,0,0,0,0,c3215284,0,0,1,Minor
2,2024-03-15,21:09:00,Friday,Rear End,On Roadway,"Blacktop, Asphalt, Bituminous",No Defects,Darkness,Darkness - Road Lighted,"Two-Way, Divided, Unprotected Median",Not Provided,No Adverse Condition (Clear/Cloud),Straight - Level,Not Provided,No,Not at Intersection,Not Provided,Traffic Lanes Marked,Dry,Intersection Area,Non-Intersection,Yes - Working,No,2024,Spring,March,Nighttime,9:00pm - 11:59pm,21,Property Damage Crash,Yes,No,No,No,No,No,No,No,No,No,No,No,No,Multiple Vehicle Crashes,Henrico County,,Urban,37.63703,-77.55148,Non-Interstate,US-250E,250.0,BROAD ST,156.94,Other Principal Arterial,Not at Intersection,,No,0,0,No,0,0,0,0,0,0,0,0,0,0,0,c1242754,0,0,1,Minor
2,2023-07-10,08:40:00,Monday,Head On,On Roadway,"Blacktop, Asphalt, Bituminous",No Defects,Daylight,Daylight,"Two-Way, Not Divided",Not Provided,No Adverse Condition (Clear/Cloud),Straight - Level,Not Provided,No,Three Approaches,Not Provided,Traffic Lanes Marked,Dry,Interchange Area,Main-Line Roadway,Yes - Working,No,2023,Summer,July,Daytime,6:00am - 8:59am,8,Injury Crash,No,No,No,No,No,No,No,No,No,No,Yes,No,No,Multiple Vehicle Crashes,Culpeper County,Culpeper,Urban,38.45133,-78.00415,Non-Interstate,BUS US-15N (4 TOWN OF CULPEPER),15.0,ORANGE RD,0.43,Minor Arterial,At Intersection,SUNSET LN,Yes,0,1,No,0,0,0,0,0,0,0,0,0,0,1,c8954232,0,0,1,Minor
2,2024-03-10,21:42:00,Sunday,Rear End,On Roadway,"Blacktop, Asphalt, Bituminous",No Defects,Darkness,Darkness - Road Lighted,"Two-Way, Divided, Unprotected Median",Not Provided,No Adverse Condition (Clear/Cloud),Curve - Level,Not Provided,No,Not at Intersection,Not Provided,Traffic Lanes Marked,Dry,Intersection Area,Non-Intersection,Yes - Working,No,2024,Spring,March,Nighttime,9:00pm - 11:59pm,21,Property Damage Crash,Yes,No,No,No,No,No,No,No,No,No,Yes,No,No,Multiple Vehicle Crashes,Henrico County,,Urban,37.6053,-77.53077,Non-Interstate,CR-7657N (HENRICO COUNTY),7657.0,FOREST AVE,2.4,Minor Arterial,At Intersection,BAYBERRY CT,No,0,0,No,0,0,0,0,0,0,0,0,0,0,0,c5138770,0,0,1,Minor
1,2023-01-10,06:00:00,Tuesday,Fixed Object - Off Road,On Roadway,"Blacktop, Asphalt, Bituminous",No Defects,Darkness,Darkness - Road Not Lighted,"Two-Way, Not Divided",Not Provided,No Adverse Condition (Clear/Cloud),Grade - Curve,Not Provided,No,Not at Intersection,Not Provided,No Passing Lines,Dry,Intersection Area,Non-Intersection,Yes - Working,No,2023,Winter,January,Daytime,6:00am - 8:59am,6,Property Damage Crash,No,No,No,No,No,No,No,No,No,No,No,No,No,Single Vehicle Crashes,Bedford County,,Rural,37.41994,-79.49483,Non-Interstate,VA-122N,122.0,BIG ISLAND HWY,42.79,Minor Arterial,Not at Intersection,,No,0,0,No,0,0,0,0,0,0,0,0,0,0,0,c3697124,0,0,1,Minor
2,2023-02-08,19:28:00,Wednesday,Rear End,On Roadway,"Blacktop, Asphalt, Bituminous",No Defects,Darkness,Darkness - Road Not Lighted,"Two-Way, Divided, Positive Median Barrier",Not Provided,No Adverse Condition (Clear/Cloud),Straight - Level,Not Provided,No,Not at Intersection,Not Provided,Traffic Signal,Dry,Interchange Area,Main-Line Roadway,Yes - Working,No,2023,Winter,February,Nighttime,6:00pm - 8:59pm,19,Property Damage Crash,Yes,No,No,No,No,No,No,No,No,No,No,No,No,Multiple Vehicle Crashes,Henrico County,,Urban,37.62671,-77.5317,Non-Interstate,US-250W,250.0,BROAD ST,158.24,Other Principal Arterial,Not at Intersection,,No,0,0,No,0,0,0,0,0,0,0,0,0,0,0,c3666908,0,0,1,Minor
2,2023-12-06,17:28:00,Wednesday,Other,On Roadway,"Blacktop, Asphalt, Bituminous",No Defects,Darkness,Darkness - Road Lighted,"Two-Way, Not Divided",Not Provided,No Adverse Condition (Clear/Cloud),Straight - Level,Not Provided,No,Three Approaches,Not Provided,No Traffic Control,Dry,Intersection Area,Within Intersection,No Traffic Control Device Present,No,2023,Winter,December,Daytime,3:00pm - 5:59pm,17,Injury Crash,No,No,No,No,No,No,No,No,No,No,No,No,No,Multiple Vehicle Crashes,James City County,,Urban,37.21595,-76.62053,Non-Interstate,US-60W,60.0,POCAHONTAS TRL,246.55,Other Principal Arterial,At Intersection,WISTERIA GARDEN DR,No,0,0,No,0,0,0,0,0,0,0,0,0,0,2,c1276896,0,1,0,Severe
2,2023-02-16,13:01:00,Thursday,Angle,On Roadway,"Blacktop, Asphalt, Bituminous",No Defects,Daylight,Daylight,"Two-Way, Divided, Positive Median Barrier",Not Provided,No Adverse Condition (Clear/Cloud),Straight - Level,Not Provided,No,Four Approaches,Not Provided,Traffic Signal,Dry,Intersection Area,Within Intersection,Yes - Working,No,2023,Winter,February,Daytime,Noon - 2:59pm,13,Injury Crash,No,No,No,No,No,No,No,No,No,No,Yes,No,Yes,Multiple Vehicle Crashes,Chesapeake City,,Urban,36.77927,-76.25737,Non-Interstate,VA-168N,168.0,BATTLEFIELD BLVD,18.01,Other Principal Arterial,At Intersection,DEBAUN AVE,No,0,0,No,0,0,0,0,0,0,0,1,0,0,2,c1722662,0,1,0,Severe
1,2023-07-11,10:01:00,Tuesday,Deer,On Roadway,"Blacktop, Asphalt, Bituminous",No Defects,Daylight,Daylight,"Two-Way, Divided, Unprotected Median",Not Provided,No Adverse Condition (Clear/Cloud),Straight - Level,Not Provided,No,Not at Intersection,Not Provided,Traffic Lanes Marked,Dry,Interchange Area,Main-Line Roadway,No Traffic Control Device Present,No,2023,Summer,July,Daytime,9:00am - 11:59am,10,Property Damage Crash,No,Yes,No,No,No,No,No,No,No,No,No,No,No,Single Vehicle Crashes,Frederick County,,Rural,39.38072,-78.29738,Non-Interstate,US-522S,522.0,FREDERICK PIKE,155.12,Other Principal Arterial,Not at Intersection,,No,0,0,No,0,0,0,0,0,0,0,0,0,0,0,c2374782,0,0,1,Minor
2,2024-05-09,08:15:00,Thursday,Rear End,On Roadway,"Blacktop, Asphalt, Bituminous",No Defects,Daylight,Daylight,"Two-Way, Divided, Positive Median Barrier",Not Provided,No Adverse Condition (Clear/Cloud),Straight - Level,Not Provided,No,Four Approaches,Not Provided,Traffic Signal,Dry,Interchange Area,Main-Line Roadway,Yes - Working,No,2024,Spring,May,Daytime,6:00am - 8:59am,8,Property Damage Crash,No,No,No,No,No,No,No,No,No,No,No,No,No,Multiple Vehicle Crashes,Va. Beach City,,Urban,36.84013,-76.09774,Non-Interstate,UR-13N (CITY OF VIRGINIA BEACH),13.0,ROSEMONT RD,1.88,Local,At Intersection,VIRGINIA BEACH BLVD,Yes,0,0,No,0,0,0,0,0,0,0,0,0,0,0,c2091077,0,0,1,Minor
1,2023-11-15,06:51:00,Wednesday,Fixed Object - Off Road,Roadside,"Blacktop, Asphalt, Bituminous",No Defects,Dawn,Dawn,"Two-Way, Not Divided",Not Provided,No Adverse Condition (Clear/Cloud),Curve - Level,Not Provided,No,Not at Intersection,Not Provided,Traffic Lanes Marked,Dry,Interchange Area,Main-Line Roadway,Yes - Working,No,2023,Autumn,November,Daytime,6:00am - 8:59am,6,Property Damage Crash,No,No,No,No,No,No,No,No,No,No,Yes,No,No,Single Vehicle Crashes,Hanover County,,Urban,37.6443,-77.3917,Non-Interstate,SC-638S (HANOVER COUNTY),638.0,ATLEE RD,3.36,Major Collector,At Intersection,DUSTY LN,No,0,0,No,0,0,0,0,0,0,0,0,0,0,0,c2493074,0,0,1,Minor
1,2023-10-18,06:15:00,Wednesday,Deer,On Roadway,"Blacktop, Asphalt, Bituminous",No Defects,Darkness,Darkness - Road Not Lighted,"Two-Way, Not Divided",Not Provided,No Adverse Condition (Clear/Cloud),Straight - Level,Not Provided,No,Not at Intersection,Not Provided,No Passing Lines,Dry,Intersection Area,Non-Intersection,Yes - Working,No,2023,Autumn,October,Daytime,6:00am - 8:59am,6,Property Damage Crash,No,No,No,No,No,No,No,No,No,No,No,No,No,Single Vehicle Crashes,Mecklenburg County,,Rural,36.76342,-78.05578,Non-Interstate,US-1S,1.0,HIGHWAY ONE,20.38,Major Collector,Not at Intersection,,No,0,0,No,0,0,0,0,0,0,0,0,0,0,0,c1459781,0,0,1,Minor
1,2022-11-11,08:31:00,Friday,Fixed Object - Off Road,Shoulder,"Blacktop, Asphalt, Bituminous",No Defects,Daylight,Daylight,"Two-Way, Divided, Positive Median Barrier",Not Provided,Rain,Straight - Level,Not Provided,No,Not at Intersection,Not Provided,Traffic Lanes Marked,Wet,Intersection Area,Non-Intersection,Yes - Working,No,2022,Autumn,November,Daytime,6:00am - 8:59am,8,Property Damage Crash,No,No,No,No,No,No,No,No,No,No,No,No,No,Single Vehicle Crashes,Norfolk City,,Urban,36.921,-76.27738,Interstate,I-564W,564.0,I-564,0.67,Interstate,Not at Intersection,,No,0,0,No,0,0,0,0,0,0,0,0,0,0,0,c0792958,0,0,1,Minor
1,2024-08-16,10:45:00,Friday,Non-Collision,Roadside,"Blacktop, Asphalt, Bituminous",No Defects,Daylight,Daylight,"Two-Way, Not Divided",Not Provided,No Adverse Condition (Clear/Cloud),Grade - Curve,Not Provided,No,Not at Intersection,Not Provided,Traffic Lanes Marked,Dry,Intersection Area,Non-Intersection,Yes - Working,No,2024,Summer,August,Daytime,9:00am - 11:59am,10,Property Damage Crash,No,No,No,No,No,No,No,No,No,No,No,No,No,Single Vehicle Crashes,Craig County,,Rural,37.49365,-80.12636,Non-Interstate,VA-42S,42.0,CUMBERLAND GAP RD,107.17,Major Collector,Not at Intersection,,No,0,0,No,0,0,0,0,0,0,0,0,0,0,0,c4174905,0,0,1,Minor
1,2022-12-13,06:57:00,Tuesday,Deer,On Roadway,"Blacktop, Asphalt, Bituminous",No Defects,Dawn,Dawn,"Two-Way, Divided, Unprotected Median",Not Provided,No Adverse Condition (Clear/Cloud),Straight - Level,Not Provided,No,Not at Intersection,Not Provided,Traffic Lanes Marked,Dry,Intersection Area,Non-Intersection,Yes - Working,No,2022,Winter,December,Daytime,6:00am - 8:59am,6,Property Damage Crash,No,No,No,No,No,No,No,No,No,No,No,No,No,Single Vehicle Crashes,Mecklenburg County,,Rural,36.67153,-78.28392,Non-Interstate,US-58E,58.0,US-58,366.29,Other Principal Arterial,Not at Intersection,,No,0,0,No,0,0,0,0,0,0,0,0,0,0,0,c9505722,0,0,1,Minor
3,2022-03-30,08:52:00,Wednesday,Rear End,On Roadway,"Blacktop, Asphalt, Bituminous",No Defects,Daylight,Daylight,"Two-Way, Divided, Unprotected Median",Not Provided,No Adverse Condition (Clear/Cloud),Straight - Level,Not Provided,No,Four Approaches,Not Provided,Traffic Signal,Dry,Intersection Area,Intersection Related - Within 150 Feet,Yes - Working,No,2022,Spring,March,Daytime,6:00am - 8:59am,8,Property Damage Crash,No,No,No,No,No,No,No,No,No,No,Yes,No,No,Multiple Vehicle Crashes,Fairfax County,,Urban,38.7951,-77.32578,Non-Interstate,VA-123N,123.0,OX RD,11.11,Other Principal Arterial,At Intersection,CLARA BARTON DR,No,0,0,No,0,0,0,0,0,0,0,0,0,0,0,c9648442,0,0,1,Minor