NumberOfVehicles,CrashDate,CrashTime,DayOfWeek,TypeOfCollision,LocationOfFirstHarmfulEvent,RoadwaySurfaceType,RoadwayDefect,LightCondition_Category,LightCondition_Value,RoadwayDescription,WorkZoneLocation,WeatherCondition,RoadwayAlignment,WorkZoneWorkersPresent,SchoolZone,IntersectionType,WorkZoneType,TrafficControlType,RoadwaySurfaceCondition,RelationToRoadway_Category,RelationToRoadway_Value,TrafficControlMechanicalDevice,WorkZoneRelated,Year,Meteorological Season,MonthName,DaytimeNighttime_NHTSA,ThreeHourLabel,Hour,CrashType,AlcoholInvolved,SpeedRelated,CommercialMotorVehiclesInvolved,PedestrianInvolved,BicycleInvolved,MotorcycleInvolved,MopedInvolved,TrainRelated,SchoolZoneInvolved,TeenDriverInvolved,DistractedDriverInvolved,DriverTextingInvolved,DriverUsingCellPhone,Single_Multi_Vehicle,Jurisdiction,TownName,LocationTypeName,Latitude,Longitude,Interstate_NonInterstate,RoadName,RouteNumber,RouteName,MileMarker,FunctionalClassCode,AtIntersection,SecondaryLocation,MatureDriverInvolved,MatureDriverFatalities,MatureDriverInjuries,LargeTruckInvolved,PedestrianFatalities,PedestrianInjuries,MotorcycleFatalities,MotorcycleInjuries,BicycleFatalities,BicycleInjuries,DistractedDriverFatalities,DistractedDriverInjuries,UnrestrainedInjuries,Number_Of_Fatalities,Number_Of_Injuries,Crash_UID,Is_Fatal,Is_Severe,Is_Minor,SeverityLabel
2,2022-02-06,21:39:00,Sunday,Angle,On Roadway,"Blacktop, Asphalt, Bituminous",No Defects,Darkness,Darkness - Road Not Lighted,"Two-Way, Divided, Unprotected Median",Not Provided,No Adverse Condition (Clear/Cloud),Straight - Level,Not Provided,No,Four Approaches,Not Provided,Traffic Signal,Dry,Intersection Area,Within Intersection,Yes - Working,No,2022,Winter,February,Nighttime,9:00pm - 11:59pm,21,Injury Crash,No,No,No,No,No,No,No,No,No,No,No,No,No,Multiple Vehicle Crashes,Fairfax County,,Urban,38.9777,-77.31514,Non-Interstate,VA-7W,7.0,LEESBURG PIKE,53.65,Other Principal Arterial,At Intersection,BARON CAMERON AVE,No,0,0,No,0,0,0,0,0,0,0,0,0,0,1,c8744403,0,0,1,Minor
2,2024-11-26,12:45:00,Tuesday,Angle,On Roadway,"Blacktop, Asphalt, Bituminous",No Defects,Daylight,Daylight,"Two-Way, Divided, Unprotected Median",Not Provided,No Adverse Condition (Clear/Cloud),Straight - Level,Not Provided,No,Four Approaches,Not Provided,Traffic Lanes Marked,Dry,Intersection Area,Within Intersection,Yes - Working,No,2024,Autumn,November,Daytime,Noon - 2:59pm,12,Property Damage Crash,No,No,Yes,No,No,No,No,No,No,No,No,No,No,Multiple Vehicle Crashes,Rockingham County,,Urban,38.40922,-78.85547,Non-Interstate,VA-280W,280.0,STONE SPRING RD,3.73,Minor Arterial,At Intersection,RESERVOIR ST,No,0,0,Yes,0,0,0,0,0,0,0,0,0,0,0,c4585953,0,0,1,Minor
2,2023-03-02,14:28:00,Thursday,Angle,On Roadway,"Blacktop, Asphalt, Bituminous",No Defects,Daylight,Daylight,"One-Way, Not Divided",Not Provided,No Adverse Condition (Clear/Cloud),Straight - Level,Not Provided,No,Two Approaches,Not Provided,Traffic Lanes Marked,Dry,Interchange Area,Main-Line Roadway,Yes - Working,No,2023,Spring,March,Daytime,Noon - 2:59pm,14,Property Damage Crash,No,No,No,No,No,No,No,No,No,No,No,No,No,Multiple Vehicle Crashes,Richmond City,,Urban,37.56387,-77.48285,Non-Interstate,UR-7629N (CITY OF RICHMOND),,THOMPSON ST,0.54,Minor Arterial,At Intersection,PARK AVE,Yes,0,0,No,0,0,0,0,0,0,0,0,0,0,0,c3212405,0,0,1,Minor
2,2022-03-31,07:33:00,Thursday,Angle,On Roadway,"Blacktop, Asphalt, Bituminous",No Defects,Daylight,Daylight,"Two-Way, Divided, Unprotected Median",Transition Area,No Adverse Condition (Clear/Cloud),Curve - Level,No Workers Present,No,Not at Intersection,Work on Shoulder or Median,No Traffic Control,Dry,Interchange Area,Main-Line Roadway,No Traffic Control Device Present,Yes,2022,Spring,March,Daytime,6:00am - 8:59am,7,Property Damage Crash,No,No,No,No,No,No,No,No,No,No,No,No,No,Multiple Vehicle Crashes,Norfolk City,,Urban,36.84236,-76.18718,Non-Interstate,VA-403S,403.0,NEWTOWN RD,0.03,Minor Arterial,At Intersection,KEMPSVILLE RD,No,0,0,No,0,0,0,0,0,0,0,0,0,0,0,c9643764,0,0,1,Minor
3,2022-09-08,07:00:00,Thursday,Rear End,On Roadway,"Blacktop, Asphalt, Bituminous",No Defects,Daylight,Daylight,"Two-Way, Divided, Positive Median Barrier",Not Provided,No Adverse Condition (Clear/Cloud),Curve - Level,Not Provided,No,Not at Intersection,Not Provided,Traffic Lanes Marked,Dry,Interchange Area,Main-Line Roadway,Yes - Working,No,2022,Autumn,September,Daytime,6:00am - 8:59am,7,Property Damage Crash,No,No,No,No,No,No,No,No,No,No,No,No,No,Multiple Vehicle Crashes,Fairfax County,,Urban,38.87642,-77.29697,Non-Interstate,SC-5176E (FAIRFAX COUNTY),5176.0,JERMANTOWN RD,0.5,Minor Arterial,Not at Intersection,,No,0,0,No,0,0,0,0,0,0,0,0,0,0,0,c9478296,0,0,1,Minor
1,2024-08-24,19:43:00,Saturday,Non-Collision,On Roadway,"Blacktop, Asphalt, Bituminous",No Defects,Dusk,Dusk,"Two-Way, Divided, Unprotected Median",Not Provided,No Adverse Condition (Clear/Cloud),Straight - Level,Not Provided,No,Four Approaches,Not Provided,Traffic Signal,Dry,Intersection,Intersection Related - Outside 150 Feet,Yes - Working,No,2024,Summer,August,Nighttime,6:00pm - 8:59pm,19,Injury Crash,No,Yes,No,No,No,Yes,No,No,No,No,No,No,No,Single Vehicle Crashes,Roanoke County,,Urban,37.27818,-80.12483,Non-Interstate,US-11S,11.0,WEST MAIN ST,139.15,Minor Arterial,Not at Intersection,,No,0,0,No,0,0,0,1,0,0,0,0,0,0,1,c0303888,0,0,1,Minor
2,2024-05-30,18:10:00,Thursday,Rear End,On Roadway,"Blacktop, Asphalt, Bituminous",No Defects,Daylight,Daylight,"Two-Way, Divided, Unprotected Median",Not Provided,No Adverse Condition (Clear/Cloud),Straight - Level,Not Provided,No,Three Approaches,Not Provided,Traffic Lanes Marked,Dry,Intersection Area,Within Intersection,Yes - Working,No,2024,Spring,May,Nighttime,6:00pm - 8:59pm,18,Property Damage Crash,No,No,No,No,No,No,No,No,No,No,Yes,No,No,Multiple Vehicle Crashes,Roanoke City,,Urban,37.29111,-79.93474,Non-Interstate,US-11N,11.0,WILLIAMSON RD,153.29,Other Principal Arterial,At Intersection,CLOVER AVE,No,0,0,No,0,0,0,0,0,0,0,0,0,0,0,c7441968,0,0,1,Minor
2,2024-08-13,17:03:00,Tuesday,Backed Into,On Roadway,"Blacktop, Asphalt, Bituminous",No Defects,Daylight,Daylight,"Two-Way, Divided, Unprotected Median",Not Provided,No Adverse Condition (Clear/Cloud),Straight - Level,Not Provided,No,Not at Intersection,Not Provided,No Traffic Control,Dry,Intersection Area,Non-Intersection,No Traffic Control Device Present,No,2024,Summer,August,Daytime,3:00pm - 5:59pm,17,Property Damage Crash,No,No,No,No,No,No,No,No,No,No,No,No,No,Multiple Vehicle Crashes,Norfolk City,,Urban,36.94979,-76.25133,Non-Interstate,WELLS PKWY (PR - CITY OF NORFOLK),0.0,WELLS PKWAY,0.19,Local,At Intersection,SEAVIEW AVE,Yes,0,0,No,0,0,0,0,0,0,0,0,0,0,0,c8697617,0,0,1,Minor
2,2023-08-11,17:19:00,Friday,Sideswipe - Same Direction,On Roadway,"Blacktop, Asphalt, Bituminous",No Defects,Daylight,Daylight,"Two-Way, Not Divided",Not Provided,No Adverse Condition (Clear/Cloud),Grade - Straight,Not Provided,No,Not at Intersection,Not Provided,No Traffic Control,Dry,Interchange Area,Main-Line Roadway,Yes - Working,No,2023,Summer,August,Daytime,3:00pm - 5:59pm,17,Injury Crash,No,No,No,No,No,No,No,No,No,No,No,No,No,Multiple Vehicle Crashes,Culpeper County,Culpeper,Urban,38.45601,-78.00442,Non-Interstate,ABERDEEN DR (NP - TOWN OF CULPEPER),,ABERDEEN DR,0.19,Local,Not at Intersection,,No,0,0,No,0,0,0,0,0,0,0,0,0,0,3,c6893881,0,1,0,Severe
1,2024-09-24,02:23:00,Tuesday,Fixed Object in Road,On Roadway,"Blacktop, Asphalt, Bituminous",Roadway Obstructed,Darkness,Darkness - Road Not Lighted,"Two-Way, Not Divided",Not Provided,Rain,Grade - Straight,Not Provided,No,Not at Intersection,Not Provided,Traffic Lanes Marked,Wet,Interchange Area,Main-Line Roadway,Yes - Working,No,2024,Autumn,September,Nighttime,Midnight - 2:59am,2,Property Damage Crash,Yes,Yes,No,No,No,No,No,No,No,No,No,No,No,Single Vehicle Crashes,Louisa County,,Rural,37.94342,-77.8018,Non-Interstate,SC-609N (LOUISA COUNTY),609.0,BUCKNER RD,5.01,Major Collector,Not at Intersection,,No,0,0,No,0,0,0,0,0,0,0,0,0,0,0,c5895295,0,0,1,Minor
1,2022-10-20,21:45:00,Thursday,Deer,On Roadway,"Blacktop, Asphalt, Bituminous",No Defects,Darkness,Darkness - Road Not Lighted,"Two-Way, Not Divided",Not Provided,No Adverse Condition (Clear/Cloud),Grade - Curve,Not Provided,No,Not at Intersection,Not Provided,Traffic Lanes Marked,Dry,Intersection Area,Non-Intersection,Yes - Working,No,2022,Autumn,October,Nighttime,9:00pm - 11:59pm,21,Property Damage Crash,No,No,No,No,No,No,No,No,No,No,No,No,No,Single Vehicle Crashes,Montgomery County,Blacksburg,Urban,37.18523,-80.3999,Non-Interstate,SC-643N (MONTGOMERY COUNTY),643.0,YELLOW SULPHUR RD,3.88,Minor Collector,Not at Intersection,,No,0,0,No,0,0,0,0,0,0,0,0,0,0,0,c5087613,0,0,1,Minor
2,2022-10-10,08:20:00,Monday,Angle,On Roadway,"Blacktop, Asphalt, Bituminous",No Defects,Daylight,Daylight,"Two-Way, Not Divided",Not Provided,No Adverse Condition (Clear/Cloud),Grade - Straight,Not Provided,No,Three Approaches,Not Provided,Stop Sign,Dry,Intersection Area,Within Intersection,Yes - Working,No,2022,Autumn,October,Daytime,6:00am - 8:59am,8,Property Damage Crash,No,No,No,No,No,No,No,No,No,Yes,No,No,No,Multiple Vehicle Crashes,Franklin County,,Rural,36.97771,-79.93376,Non-Interstate,SC-640E (FRANKLIN COUNTY),640.0,SIX MILE POST RD,14.75,Major Collector,At Intersection,HOPKINS RD,No,0,0,No,0,0,0,0,0,0,0,0,0,0,0,c5329347,0,0,1,Minor
4,2022-08-21,10:57:00,Sunday,Angle,On Roadway,"Blacktop, Asphalt, Bituminous",No Defects,Daylight,Daylight,"Two-Way, Not Divided",Not Provided,No Adverse Condition (Clear/Cloud),Straight - Level,Not Provided,No,Not at Intersection,Not Provided,No Traffic Control,Dry,Intersection Area,Non-Intersection,No Traffic Control Device Present,No,2022,Summer,August,Daytime,9:00am - 11:59am,10,Property Damage Crash,No,No,No,No,No,Yes,No,No,No,No,Yes,No,Yes,Multiple Vehicle Crashes,Hopewell City,,Urban,37.30842,-77.2959,Non-Interstate,9TH AVE N (NP - CITY OF HOPEWELL),,9TH AVE,0.21,Local,Not at Intersection,,No,0,0,No,0,0,0,0,0,0,0,0,0,0,0,c8609188,0,0,1,Minor
2,2023-01-01,20:36:00,Sunday,Sideswipe - Same Direction,On Roadway,"Blacktop, Asphalt, Bituminous",No Defects,Darkness,Darkness - Road Not Lighted,"Two-Way, Divided, Unprotected Median",Not Provided,No Adverse Condition (Clear/Cloud),Grade - Curve,Not Provided,No,Four Approaches,Not Provided,Traffic Lanes Marked,Dry,Intersection Area,Within Intersection,Yes - Working,No,2023,Winter,January,Nighttime,6:00pm - 8:59pm,20,Property Damage Crash,No,No,No,No,No,No,No,No,No,No,No,No,No,Multiple Vehicle Crashes,Fairfax County,,Urban,38.97779,-77.31518,Non-Interstate,VA-7W,7.0,LEESBURG PIKE,53.64,Other Principal Arterial,At Intersection,SPRINGVALE RD,Yes,0,0,No,0,0,0,0,0,0,0,0,0,0,0,c7938464,0,0,1,Minor
2,2024-08-09,10:58:00,Friday,Angle,On Roadway,"Blacktop, Asphalt, Bituminous",No Defects,Daylight,Daylight,"Two-Way, Divided, Unprotected Median",Not Provided,No Adverse Condition (Clear/Cloud),Straight - Level,Not Provided,No,Four Approaches,Not Provided,Traffic Signal,Dry,Intersection Area,Within Intersection,Yes - Working,No,2024,Summer,August,Daytime,9:00am - 11:59am,10,Injury Crash,No,No,No,No,No,No,No,No,No,No,No,No,No,Multiple Vehicle Crashes,York County,,Urban,37.11959,-76.45074,Non-Interstate,VA-134E,134.0,HAMPTON HWAY,1.05,Other Principal Arterial,At Intersection,VICTORY BLVD,No,0,0,No,0,0,0,0,0,0,0,0,0,0,2,c9499962,0,1,0,Severe
1,2022-02-25,06:00:00,Friday,Fixed Object - Off Road,Shoulder,"Blacktop, Asphalt, Bituminous",No Defects,Darkness,Darkness - Road Not Lighted,"Two-Way, Not Divided",Not Provided,Rain,Grade - Curve,Not Provided,No,Not at Intersection,Not Provided,No Passing Lines,Wet,Intersection Area,Non-Intersection,Yes - Working,No,2022,Winter,February,Daytime,6:00am - 8:59am,6,Property Damage Crash,No,No,No,No,No,No,No,No,No,No,Yes,No,No,Single Vehicle Crashes,Pittsylvania County,,Rural,37.0121,-79.58752,Non-Interstate,SC-626N (PITTSYLVANIA COUNTY),626.0,SMITH MT RD,13.39,Local,Not at Intersection,,No,0,0,No,0,0,0,0,0,0,0,0,0,0,0,c1574093,0,0,1,Minor
2,2024-06-14,19:07:00,Friday,Sideswipe - Same Direction,On Roadway,"Blacktop, Asphalt, Bituminous",No Defects,Daylight,Daylight,"One-Way, Not Divided",Not Provided,No Adverse Condition (Clear/Cloud),Straight - Level,Not Provided,No,Not at Intersection,Not Provided,Traffic Lanes Marked,Dry,Intersection Area,Non-Intersection,Yes - Working,No,2024,Summer,June,Nighttime,6:00pm - 8:59pm,19,Property Damage Crash,Yes,No,No,No,No,No,No,No,No,No,No,No,No,Multiple Vehicle Crashes,Bland County,,Urban,37.27071,-81.12277,Interstate,I-77S,77.0,I-77,67.17,Interstate,Not at Intersection,,No,0,0,No,0,0,0,0,0,0,0,0,0,0,0,c9736059,0,0,1,Minor
2,2023-10-10,15:30:00,Tuesday,Rear End,On Roadway,"Blacktop, Asphalt, Bituminous",No Defects,Daylight,Daylight,"Two-Way, Not Divided",Not Provided,No Adverse Condition (Clear/Cloud),Straight - Level,Not Provided,No,Three Approaches,Not Provided,Traffic Signal,Dry,Intersection Area,Intersection Related - Within 150 Feet,Yes - Working,No,2023,Autumn,October,Daytime,3:00pm - 5:59pm,15,Property Damage Crash,No,No,No,No,No,No,No,No,No,Yes,Yes,No,No,Multiple Vehicle Crashes,Prince William County,,Urban,38.80173,-77.61788,Non-Interstate,SC-676S (PRINCE WILLIAM COUNTY),676.0,CATHARPIN RD,0.02,Major Collector,Not at Intersection,,Yes,0,0,No,0,0,0,0,0,0,0,0,0,0,0,c0089977,0,0,1,Minor
2,2022-11-18,09:08:00,Friday,Rear End,On Roadway,"Blacktop, Asphalt, Bituminous",No Defects,Daylight,Daylight,"Two-Way, Divided, Unprotected Median",Not Provided,No Adverse Condition (Clear/Cloud),Grade - Straight,Not Provided,No,Four Approaches,Not Provided,Traffic Signal,Dry,Intersection Area,Intersection Related - Within 150 Feet,Yes - Working,No,2022,Autumn,November,Daytime,9:00am - 11:59am,9,Injury Crash,No,No,No,No,No,No,No,No,No,No,No,No,No,Multiple Vehicle Crashes,Albemarle County,,Urban,38.0338,-78.45454,Non-Interstate,US-250W,250.0,RICHMOND RD,98.36,Other Principal Arterial,At Intersection,STONY POINT RD,Yes,0,1,No,0,0,0,0,0,0,0,0,0,0,1,c8565831,0,0,1,Minor
4,2024-07-12,16:28:00,Friday,Rear End,On Roadway,"Blacktop, Asphalt, Bituminous",No Defects,Daylight,Daylight,"Two-Way, Not Divided",Not Provided,No Adverse Condition (Clear/Cloud),Straight - Level,Not Provided,No,Four Approaches,Not Provided,Traffic Signal,Dry,Intersection Area,Intersection Related - Within 150 Feet,Yes - Working,No,2024,Summer,July,Daytime,3:00pm - 5:59pm,16,Property Damage Crash,No,No,No,No,No,No,No,No,No,Yes,Yes,No,No,Multiple Vehicle Crashes,Winchester City,,Urban,39.16821,-78.16269,,UR-5213S (CITY OF WINCHESTER),0.0,PLEASANT VALLEY RD,1.58,,At Intersection,MILLWOOD AVE,Yes,0,0,No,0,0,0,0,0,0,0,0,0,0,0,c3753522,0,0,1,Minor
1,2023-08-31,15:55:00,Thursday,Fixed Object - Off Road,Outside Right-of-Way,"Blacktop, Asphalt, Bituminous",No Defects,Daylight,Daylight,"Two-Way, Not Divided",Not Provided,No Adverse Condition (Clear/Cloud),Curve - Level,Not Provided,No,Not at Intersection,Not Provided,Traffic Lanes Marked,Dry,Intersection Area,Non-Intersection,Yes - Working,No,2023,Summer,August,Daytime,3:00pm - 5:59pm,15,Property Damage Crash,No,Yes,No,No,No,No,No,No,No,Yes,No,No,No,Single Vehicle Crashes,Fauquier County,,Rural,38.54932,-77.70797,Non-Interstate,SC-644W (FAUQUIER COUNTY),644.0,RITCHIE RD,1.31,Minor Collector,Not at Intersection,,No,0,0,No,0,0,0,0,0,0,0,0,0,0,0,c1415637,0,0,1,Minor
1,2022-07-19,19:51:00,Tuesday,Fixed Object - Off Road,On Roadway,"Blacktop, Asphalt, Bituminous",No Defects,Daylight,Daylight,"Two-Way, Divided, Positive Median Barrier",Not Provided,Rain,Straight - Level,Not Provided,No,Not at Intersection,Not Provided,Traffic Signal,Wet,Intersection Area,Non-Intersection,Yes - Working,No,2022,Summer,July,Nighttime,6:00pm - 8:59pm,19,Property Damage Crash,No,No,No,No,No,No,No,No,No,No,No,No,No,Single Vehicle Crashes,York County,,Urban,37.27067,-76.65583,Interstate,I-64E,64.0,I-64,241.56,Interstate,Not at Intersection,,No,0,0,No,0,0,0,0,0,0,0,0,0,0,0,c1270431,0,0,1,Minor
2,2024-12-07,01:25:00,Saturday,Angle,On Roadway,"Blacktop, Asphalt, Bituminous",No Defects,Daylight,Daylight,"Two-Way, Divided, Positive Median Barrier",Not Provided,No Adverse Condition (Clear/Cloud),Straight - Level,Not Provided,No,Four Approaches,Not Provided,Traffic Signal,Dry,Intersection Area,Within Intersection,Yes - Working,No,2024,Winter,December,Nighttime,Midnight - 2:59am,1,Property Damage Crash,No,No,No,No,No,No,No,No,No,No,Yes,No,No,Multiple Vehicle Crashes,Fairfax County,,Urban,38.8323,-77.43872,Non-Interstate,SC-8351N (FAIRFAX COUNTY),8351.0,CENTREWOOD DR,0.6,Major Collector,At Intersection,MACHEN RD,No,0,0,No,0,0,0,0,0,0,0,0,0,0,0,c1283746,0,0,1,Minor
1,2023-11-21,13:12:00,Tuesday,Deer,On Roadway,"Blacktop, Asphalt, Bituminous",No Defects,Daylight,Daylight,"Two-Way, Divided, Unprotected Median",Not Provided,Rain,Grade - Straight,Not Provided,No,Not at Intersection,Not Provided,Traffic Lanes Marked,Wet,Intersection Area,Non-Intersection,Yes - Working,No,2023,Autumn,November,Daytime,Noon - 2:59pm,13,Property Damage Crash,No,No,No,No,No,No,No,No,No,No,No,No,No,Single Vehicle Crashes,Roanoke County,,Urban,37.23535,-80.02425,Non-Interstate,VA-419S,419.0,ELECTRIC RD,3.27,Other Principal Arterial,Not at Intersection,,No,0,0,No,0,0,0,0,0,0,0,0,0,0,0,c6825968,0,0,1,Minor
2,2023-05-29,16:40:00,Monday,Angle,On Roadway,"Blacktop, Asphalt, Bituminous",No Defects,Daylight,Daylight,"Two-Way, Not Divided",Not Provided,No Adverse Condition (Clear/Cloud),Straight - Level,Not Provided,No,Four Approaches,Not Provided,Stop Sign,Dry,Intersection Area,Within Intersection,Yes - Working,No,2023,Spring,May,Daytime,3:00pm - 5:59pm,16,Property Damage Crash,No,No,No,No,No,No,No,No,No,No,Yes,No,No,Multiple Vehicle Crashes,Franklin County,,Urban,36.96791,-79.86589,Non-Interstate,SC-674W (FRANKLIN COUNTY),674.0,DOE RUN RD,0.51,Major Collector,At Intersection,TRIPPLE CREEK RD,No,0,0,No,0,0,0,0,0,0,0,0,0,0,0,c1537528,0,0,1,Minor
1,2024-08-26,16:51:00,Monday,Fixed Object - Off Road,Shoulder,Concrete,Restricted Width,Daylight,Daylight,"Two-Way, Not Divided",Not Provided,No Adverse Condition (Clear/Cloud),Straight - Level,Not Provided,No,Not at Intersection,Not Provided,Traffic Lanes Marked,Dry,Intersection Area,Non-Intersection,Yes - Working,No,2024,Summer,August,Daytime,3:00pm - 5:59pm,16,Property Damage Crash,No,No,No,No,No,No,No,No,No,No,No,No,No,Single Vehicle Crashes,Chesterfield County,,Urban,37.33049,-77.72764,Non-Interstate,SC-602W (CHESTERFIELD COUNTY),602.0,RIVER RD,4.49,Major Collector,Not at Intersection,,No,0,0,No,0,0,0,0,0,0,0,0,0,0,0,c0607314,0,0,1,Minor
1,2023-12-10,16:10:00,Sunday,Fixed Object - Off Road,Roadside,"Blacktop, Asphalt, Bituminous",No Defects,Daylight,Daylight,"Two-Way, Not Divided",Not Provided,Rain,Straight - Level,Not Provided,No,Not at Intersection,Not Provided,No Traffic Control,Wet,Intersection Area,Non-Intersection,No Traffic Control Device Present,No,2023,Winter,December,Daytime,3:00pm - 5:59pm,16,Property Damage Crash,No,No,No,No,No,No,No,No,No,No,No,No,No,Single Vehicle Crashes,Lunenburg County,,Rural,37.09249,-78.305,Non-Interstate,SC-625E (LUNENBURG COUNTY),625.0,BETHEL CHURCH RD,0.08,Local,Not at Intersection,,No,0,0,No,0,0,0,0,0,0,0,0,0,0,0,c9172324,0,0,1,Minor
2,2022-01-24,06:27:00,Monday,Sideswipe - Same Direction,On Roadway,"Blacktop, Asphalt, Bituminous",No Defects,Darkness,Darkness - Road Not Lighted,"Two-Way, Divided, Positive Median Barrier",Not Provided,No Adverse Condition (Clear/Cloud),Straight - Level,Not Provided,No,Not at Intersection,Not Provided,Traffic Lanes Marked,Dry,Intersection Area,Non-Intersection,Yes - Working,No,2022,Winter,January,Daytime,6:00am - 8:59am,6,Injury Crash,No,No,No,No,No,No,No,No,No,No,No,No,No,Multiple Vehicle Crashes,Colonial Heights City,,Urban,37.23993,-77.39541,Interstate,I-95S,95.0,I-95,53.12,Interstate,Not at Intersection,,No,0,0,No,0,0,0,0,0,0,0,0,0,0,1,c1520927,0,0,1,Minor
2,2022-10-14,17:17:00,Friday,Angle,On Roadway,"Blacktop, Asphalt, Bituminous",No Defects,Daylight,Daylight,"Two-Way, Not Divided",Not Provided,No Adverse Condition (Clear/Cloud),Straight - Level,Not Provided,No,Two Approaches,Not Provided,No Traffic Control,Dry,Intersection Area,Within Intersection,No Traffic Control Device Present,No,2022,Autumn,October,Daytime,3:00pm - 5:59pm,17,Property Damage Crash,No,No,No,No,No,No,No,No,No,Yes,No,No,No,Multiple Vehicle Crashes,Montgomery County,Blacksburg,Urban,37.24382,-80.42809,Non-Interstate,UR-3165N (TOWN OF BLACKSBURG),,PATRICK HENRY DR,1.57,Major Collector,Not at Intersection,,No,0,0,No,0,0,0,0,0,0,0,0,0,0,0,c5820199,0,0,1,Minor
2,2023-07-05,10:40:00,Wednesday,Angle,On Roadway,"Blacktop, Asphalt, Bituminous",No Defects,Daylight,Daylight,"Two-Way, Not Divided",Not Provided,No Adverse Condition (Clear/Cloud),Straight - Level,Not Provided,No,Four Approaches,Not Provided,Stop Sign,Dry,Intersection Area,Within Intersection,Yes - Working,No,2023,Summer,July,Daytime,9:00am - 11:59am,10,Property Damage Crash,No,No,No,No,No,No,No,No,No,No,Yes,No,No,Multiple Vehicle Crashes,Chesterfield County,,Urban,37.40543,-77.66456,Non-Interstate,SC-7482S (CHESTERFIELD COUNTY),7482.0,TEMIE LEE PKWY,0.06,Local,At Intersection,SOUTHSHORE POINTE DR,Yes,0,0,No,0,0,0,0,0,0,0,0,0,0,0,c7658154,0,0,1,Minor
1,2024-02-28,20:15:00,Wednesday,Other,On Roadway,"Blacktop, Asphalt, Bituminous",No Defects,Darkness,Darkness - Road Not Lighted,"Two-Way, Not Divided",Not Provided,Rain,Straight - Level,Not Provided,No,Not at Intersection,Not Provided,Traffic Lanes Marked,Wet,Interchange Area,Main-Line Roadway,Yes - Working,No,2024,Winter,February,Nighttime,6:00pm - 8:59pm,20,Property Damage Crash,No,No,No,No,No,No,No,No,No,No,No,No,No,Single Vehicle Crashes,Loudoun County,,Rural,39.01752,-77.61468,Non-Interstate,US-15S,15.0,JAMES MONROE HWY,209.91,Other Principal Arterial,Not at Intersection,,No,0,0,No,0,0,0,0,0,0,0,0,0,0,0,c9073722,0,0,1,Minor
2,2024-03-19,16:00:00,Tuesday,Angle,On Roadway,"Blacktop, Asphalt, Bituminous",No Defects,Daylight,Daylight,"Two-Way, Divided, Unprotected Median",Not Provided,No Adverse Condition (Clear/Cloud),Straight - Level,Not Provided,No,Not at Intersection,Not Provided,Traffic Lanes Marked,Dry,Intersection Area,Non-Intersection,Yes - Working,No,2024,Spring,March,Daytime,3:00pm - 5:59pm,16,Property Damage Crash,No,No,No,No,No,No,No,No,No,Yes,No,No,No,Multiple Vehicle Crashes,Chesterfield County,,Urban,37.38934,-77.42668,Non-Interstate,US-1S,1.0,JEFFERSON DAVIS HWY,82.37,Other Principal Arterial,At Intersection,GENERAL BLVD,No,0,0,No,0,0,0,0,0,0,0,0,0,0,0,c3637580,0,0,1,Minor
2,2024-10-10,17:43:00,Thursday,Rear End,On Roadway,"Blacktop, Asphalt, Bituminous",No Defects,Daylight,Daylight,"Two-Way, Divided, Unprotected Median",Not Provided,No Adverse Condition (Clear/Cloud),Straight - Level,Not Provided,No,Not at Intersection,Not Provided,Traffic Signal,Dry,Interchange Area,Main-Line Roadway,Yes - Working,No,2024,Autumn,October,Daytime,3:00pm - 5:59pm,17,Property Damage Crash,No,Yes,No,No,No,No,No,No,No,No,No,No,No,Multiple Vehicle Crashes,Loudoun County,,Urban,38.92867,-77.51679,Non-Interstate,US-50W,50.0,LITTLE RIVER TPIKE,59.04,Minor Arterial,Not at Intersection,,No,0,0,No,0,0,0,0,0,0,0,0,0,0,0,c7781618,0,0,1,Minor
2,2022-07-02,20:37:00,Saturday,Angle,On Roadway,"Blacktop, Asphalt, Bituminous",No Defects,Dusk,Dusk,"Two-Way, Divided, Unprotected Median",Not Provided,No Adverse Condition (Clear/Cloud),Straight - Level,Not Provided,No,Four Approaches,Not Provided,Traffic Signal,Dry,Intersection Area,Within Intersection,Yes - Working,No,2022,Summer,July,Nighttime,6:00pm - 8:59pm,20,Property Damage Crash,No,No,No,No,No,No,No,No,No,No,No,No,No,Multiple Vehicle Crashes,Richmond City,,Urban,37.51947,-77.5162,Non-Interstate,UR-7530W (CITY OF RICHMOND),,JAHNKE RD,0.67,Minor Arterial,At Intersection,GERMAN SCHOOL RD,No,0,0,No,0,0,0,0,0,0,0,0,0,0,0,c8488634,0,0,1,Minor
1,2024-06-07,14:07:00,Friday,Fixed Object - Off Road,Roadside,"Blacktop, Asphalt, Bituminous",No Defects,Daylight,Daylight,"Two-Way, Divided, Unprotected Median",Not Provided,No Adverse Condition (Clear/Cloud),Straight - Level,Not Provided,No,Not at Intersection,Not Provided,Traffic Lanes Marked,Dry,Intersection Area,Non-Intersection,Yes - Working,No,2024,Summer,June,Daytime,Noon - 2:59pm,14,Injury Crash,No,No,No,No,No,No,No,No,No,No,No,No,No,Single Vehicle Crashes,Dinwiddie County,,Urban,37.16079,-77.50484,Interstate,I-85N,85.0,I-85,60.16,Interstate,Not at Intersection,,Yes,0,1,No,0,0,0,0,0,0,0,0,1,0,1,c4047559,0,0,1,Minor