NumberOfVehicles,CrashDate,CrashTime,DayOfWeek,TypeOfCollision,LocationOfFirstHarmfulEvent,RoadwaySurfaceType,RoadwayDefect,LightCondition_Category,LightCondition_Value,RoadwayDescription,WorkZoneLocation,WeatherCondition,RoadwayAlignment,WorkZoneWorkersPresent,SchoolZone,IntersectionType,WorkZoneType,TrafficControlType,RoadwaySurfaceCondition,RelationToRoadway_Category,RelationToRoadway_Value,TrafficControlMechanicalDevice,WorkZoneRelated,Year,Meteorological Season,MonthName,DaytimeNighttime_NHTSA,ThreeHourLabel,Hour,CrashType,AlcoholInvolved,SpeedRelated,CommercialMotorVehiclesInvolved,PedestrianInvolved,BicycleInvolved,MotorcycleInvolved,MopedInvolved,TrainRelated,SchoolZoneInvolved,TeenDriverInvolved,DistractedDriverInvolved,DriverTextingInvolved,DriverUsingCellPhone,Single_Multi_Vehicle,Jurisdiction,TownName,LocationTypeName,Latitude,Longitude,Interstate_NonInterstate,RoadName,RouteNumber,RouteName,MileMarker,FunctionalClassCode,AtIntersection,SecondaryLocation,MatureDriverInvolved,MatureDriverFatalities,MatureDriverInjuries,LargeTruckInvolved,PedestrianFatalities,PedestrianInjuries,MotorcycleFatalities,MotorcycleInjuries,BicycleFatalities,BicycleInjuries,DistractedDriverFatalities,DistractedDriverInjuries,UnrestrainedInjuries,Number_Of_Fatalities,Number_Of_Injuries,Crash_UID,Is_Fatal,Is_Severe,Is_Minor,SeverityLabel
1,2023-08-03,21:25:00,Thursday,Fixed Object - Off Road,On Roadway,"Blacktop, Asphalt, Bituminous",No Defects,Darkness,Darkness - Road Not Lighted,"Two-Way, Not Divided",Not Provided,Rain,Grade - Curve,Not Provided,No,Three Approaches,Not Provided,Traffic Lanes Marked,Wet,Intersection Area,Within Intersection,Yes - Working,No,2023,Summer,August,Nighttime,9:00pm - 11:59pm,21,Injury Crash,No,Yes,No,No,No,No,No,No,No,Yes,No,No,No,Single Vehicle Crashes,Pulaski County,,Rural,37.11593,-80.76275,Non-Interstate,SC-643S (PULASKI COUNTY),643.0,THORNSPRING RD,5.86,Major Collector,At Intersection,BEAUFORT HOLLOW RD,No,0,0,No,0,0,0,0,0,0,0,0,0,0,1,c5564163,0,0,1,Minor
1,2022-10-04,18:39:00,Tuesday,Fixed Object - Off Road,Roadside,"Blacktop, Asphalt, Bituminous",No Defects,Darkness,Darkness - Road Not Lighted,"Two-Way, Not Divided",Not Provided,No Adverse Condition (Clear/Cloud),Straight - Level,Not Provided,No,Not at Intersection,Not Provided,No Passing Lines,Wet,Intersection Area,Non-Intersection,Yes - Working,No,2022,Autumn,October,Nighttime,6:00pm - 8:59pm,18,Fatal Crash,No,Yes,No,No,No,No,No,No,No,Yes,No,No,No,Single Vehicle Crashes,New Kent County,,Rural,37.45814,-77.03577,Non-Interstate,VA-155N,155.0,COURTHOUSE RD,8.78,Minor Arterial,Not at Intersection,,No,0,0,No,0,0,0,0,0,0,0,0,2,1,2,c3987031,1,1,0,Fatal
1,2022-05-02,17:41:00,Monday,Fixed Object - Off Road,Roadside,"Blacktop, Asphalt, Bituminous",No Defects,Daylight,Daylight,"Two-Way, Not Divided",Not Provided,No Adverse Condition (Clear/Cloud),Straight - Level,Not Provided,No,Not at Intersection,Not Provided,No Traffic Control,Dry,Intersection Area,Non-Intersection,No Traffic Control Device Present,No,2022,Spring,May,Daytime,3:00pm - 5:59pm,17,Property Damage Crash,Yes,Yes,No,No,No,No,No,No,No,No,No,No,No,Single Vehicle Crashes,Rockingham County,Broadway,Urban,38.60924,-78.79782,Non-Interstate,UR-42N (TOWN OF BROADWAY),42.0,ALGER LN,0.24,Local,At Intersection,SANDY LN,No,0,0,No,0,0,0,0,0,0,0,0,0,0,0,c0239318,0,0,1,Minor
1,2023-02-19,16:32:00,Sunday,Pedestrian,On Roadway,"Blacktop, Asphalt, Bituminous",No Defects,Daylight,Daylight,"Two-Way, Not Divided",Not Provided,No Adverse Condition (Clear/Cloud),Straight - Level,Not Provided,No,Four Approaches,Not Provided,Traffic Lanes Marked,Dry,Intersection Area,Intersection Related - Within 150 Feet,Yes - Working,No,2023,Winter,February,Daytime,3:00pm - 5:59pm,16,Injury Crash,No,No,No,Yes,No,No,No,No,No,No,No,No,No,Single Vehicle Crashes,Norfolk City,,Urban,36.8435,-76.25302,Non-Interstate,UR-8637N (CITY OF NORFOLK),,BALLENTINE BLVD,0.09,Major Collector,At Intersection,VICTORIA AVE,No,0,0,No,0,1,0,0,0,0,0,0,0,0,1,c8218104,0,0,1,Minor
2,2022-07-01,14:17:00,Friday,Angle,On Roadway,"Blacktop, Asphalt, Bituminous",No Defects,Daylight,Daylight,"Two-Way, Divided, Unprotected Median",Not Provided,No Adverse Condition (Clear/Cloud),Curve - Level,Not Provided,No,Three Approaches,Not Provided,Stop Sign,Dry,Intersection Area,Within Intersection,Yes - Working,No,2022,Summer,July,Daytime,Noon - 2:59pm,14,Property Damage Crash,No,No,No,No,No,No,No,No,No,No,No,No,No,Multiple Vehicle Crashes,Prince William County,,Urban,38.63168,-77.26755,Non-Interstate,SC-638W (PRINCE WILLIAM COUNTY),638.0,BLACKBURN RD,4.31,Major Collector,At Intersection,REDDY DR,No,0,0,No,0,0,0,0,0,0,0,0,0,0,0,c1126860,0,0,1,Minor
1,2024-10-28,11:09:00,Monday,Fixed Object - Off Road,Shoulder,"Blacktop, Asphalt, Bituminous",No Defects,Daylight,Daylight,"Two-Way, Not Divided",Not Provided,No Adverse Condition (Clear/Cloud),Curve - Level,Not Provided,No,Not at Intersection,Not Provided,Traffic Lanes Marked,Dry,Intersection Area,Non-Intersection,Yes - Working,No,2024,Autumn,October,Daytime,9:00am - 11:59am,11,Property Damage Crash,No,No,Yes,No,No,No,No,No,No,No,No,No,No,Single Vehicle Crashes,Fauquier County,,Urban,38.6009,-77.56446,Non-Interstate,SC-611W (FAUQUIER COUNTY),611.0,SOWEGO RD,2.5,Major Collector,Not at Intersection,,No,0,0,No,0,0,0,0,0,0,0,0,0,0,0,c8556422,0,0,1,Minor
1,2024-09-27,13:45:00,Friday,Fixed Object - Off Road,Roadside,"Blacktop, Asphalt, Bituminous",No Defects,Daylight,Daylight,"Two-Way, Divided, Unprotected Median",Not Provided,Rain,Straight - Level,Not Provided,No,Not at Intersection,Not Provided,Traffic Lanes Marked,Wet,Intersection Area,Non-Intersection,Yes - Working,No,2024,Autumn,September,Daytime,Noon - 2:59pm,13,Property Damage Crash,No,Yes,No,No,No,No,No,No,No,No,No,No,No,Single Vehicle Crashes,Brunswick County,Alberta,Rural,36.84744,-77.9122,Interstate,I-85S,85.0,I-85,27.63,Interstate,Not at Intersection,,No,0,0,No,0,0,0,0,0,0,0,0,0,0,0,c2973817,0,0,1,Minor
2,2024-05-17,19:21:00,Friday,Sideswipe - Same Direction,On Roadway,"Blacktop, Asphalt, Bituminous",No Defects,Daylight,Daylight,"Two-Way, Divided, Unprotected Median",Not Provided,No Adverse Condition (Clear/Cloud),Straight - Level,Not Provided,No,Four Approaches,Not Provided,Traffic Signal,Dry,Intersection Area,Within Intersection,Yes - Working,No,2024,Spring,May,Nighttime,6:00pm - 8:59pm,19,Property Damage Crash,No,No,No,No,No,No,No,No,No,No,Yes,No,No,Multiple Vehicle Crashes,Henrico County,,Urban,37.60584,-77.44997,Non-Interstate,US-301S,301.0,CHAMBERLAYNE RD,79.79,Other Principal Arterial,At Intersection,WILMER AVE,No,0,0,No,0,0,0,0,0,0,0,0,0,0,0,c3552628,0,0,1,Minor
1,2024-04-20,16:00:00,Saturday,Fixed Object - Off Road,Shoulder,Concrete,No Defects,Daylight,Daylight,"Two-Way, Divided, Positive Median Barrier",Not Provided,No Adverse Condition (Clear/Cloud),Straight - Level,Not Provided,No,Not at Intersection,Not Provided,Traffic Lanes Marked,Dry,Intersection Area,Non-Intersection,Yes - Working,No,2024,Spring,April,Daytime,3:00pm - 5:59pm,16,Property Damage Crash,No,No,No,No,No,No,No,No,No,No,Yes,No,No,Single Vehicle Crashes,Va. Beach City,,Urban,36.81194,-76.19493,Interstate,I-64E,64.0,I-64,287.01,Interstate,Not at Intersection,,No,0,0,No,0,0,0,0,0,0,0,0,0,0,0,c9893391,0,0,1,Minor
1,2024-08-20,00:59:00,Tuesday,Deer,On Roadway,"Blacktop, Asphalt, Bituminous",No Defects,Darkness,Darkness - Road Lighted,"Two-Way, Divided, Unprotected Median",Not Provided,No Adverse Condition (Clear/Cloud),Straight - Level,Not Provided,No,Not at Intersection,Not Provided,Traffic Lanes Marked,Dry,Intersection Area,Non-Intersection,Yes - Working,No,2024,Summer,August,Nighttime,Midnight - 2:59am,0,Property Damage Crash,No,No,No,No,No,No,No,No,No,Yes,No,No,No,Single Vehicle Crashes,Lynchburg City,,Urban,37.44637,-79.25292,Non-Interstate,US-501S,501.0,BOONSBORO RD,80.61,Minor Arterial,At Intersection,WARFIELD RD,No,0,0,No,0,0,0,0,0,0,0,0,0,0,0,c7880516,0,0,1,Minor
1,2024-01-01,13:21:00,Monday,Other,On Roadway,"Blacktop, Asphalt, Bituminous",Slick Pavement,Daylight,Daylight,"Two-Way, Not Divided",Not Provided,Sleet/Hail,Straight - Level,Not Provided,No,Not at Intersection,Not Provided,No Traffic Control,Icy,Interchange Area,Main-Line Roadway,No Traffic Control Device Present,No,2024,Winter,January,Daytime,Noon - 2:59pm,13,Property Damage Crash,No,No,No,No,No,Yes,No,No,No,No,No,No,No,Single Vehicle Crashes,Louisa County,,Rural,37.97623,-77.72082,Non-Interstate,SC-601S (LOUISA COUNTY),601.0,BUMPASS RD,18.52,Major Collector,At Intersection,GREENES CORNER RD,No,0,0,No,0,0,0,0,0,0,0,0,0,0,0,c8666978,0,0,1,Minor
2,2022-01-14,13:00:00,Friday,Angle,On Roadway,"Blacktop, Asphalt, Bituminous",No Defects,Daylight,Daylight,"Two-Way, Divided, Unprotected Median",Not Provided,No Adverse Condition (Clear/Cloud),Straight - Level,Not Provided,No,Four Approaches,Not Provided,Traffic Signal,Dry,Intersection Area,Within Intersection,Yes - Working,No,2022,Winter,January,Daytime,Noon - 2:59pm,13,Property Damage Crash,No,No,No,No,No,No,No,No,No,No,No,No,No,Multiple Vehicle Crashes,Campbell County,,Urban,37.3463,-79.23329,Non-Interstate,BUS US-460E (11 CITY OF LYNCHBURG),460.0,TIMBERLAKE RD,3.33,Other Principal Arterial,At Intersection,LAXTON RD,Yes,0,0,No,0,0,0,0,0,0,0,0,0,0,0,c5703455,0,0,1,Minor
2,2023-10-23,14:45:00,Monday,Angle,On Roadway,"Blacktop, Asphalt, Bituminous",No Defects,Daylight,Daylight,"Two-Way, Not Divided",Not Provided,No Adverse Condition (Clear/Cloud),Straight - Level,Not Provided,No,Four Approaches,Not Provided,No Traffic Control,Dry,Intersection Area,Within Intersection,No Traffic Control Device Present,No,2023,Autumn,October,Daytime,Noon - 2:59pm,14,Property Damage Crash,No,No,No,No,No,No,No,No,No,Yes,No,No,No,Multiple Vehicle Crashes,Bedford County,,Rural,37.2116,-79.53729,Non-Interstate,SC-735S (BEDFORD COUNTY),735.0,ROCK CLIFF RD,3.79,Local,At Intersection,CHESTNUT FORK RD,No,0,0,No,0,0,0,0,0,0,0,0,0,0,0,c2255208,0,0,1,Minor
3,2024-03-19,15:25:00,Tuesday,Sideswipe - Opposite Direction,On Roadway,"Blacktop, Asphalt, Bituminous",No Defects,Daylight,Daylight,"Two-Way, Divided, Unprotected Median",Not Provided,No Adverse Condition (Clear/Cloud),Straight - Level,Not Provided,No,Not at Intersection,Not Provided,Traffic Lanes Marked,Dry,Intersection Area,Non-Intersection,Yes - Working,No,2024,Spring,March,Daytime,3:00pm - 5:59pm,15,Property Damage Crash,No,Yes,Yes,No,No,No,No,No,No,Yes,No,No,No,Multiple Vehicle Crashes,Chesterfield County,,Urban,37.44372,-77.44038,Non-Interstate,US-1S,1.0,JEFFERSON DAVIS HWY,86.23,Other Principal Arterial,Not at Intersection,,No,0,0,No,0,0,0,0,0,0,0,0,0,0,0,c8377425,0,0,1,Minor
2,2024-12-05,00:08:00,Thursday,Other,On Roadway,"Blacktop, Asphalt, Bituminous",No Defects,Darkness,Darkness - Road Lighted,"Two-Way, Divided, Positive Median Barrier",Not Provided,No Adverse Condition (Clear/Cloud),Straight - Level,Not Provided,No,Four Approaches,Not Provided,Traffic Signal,Dry,Intersection Area,Within Intersection,Yes - Working,No,2024,Winter,December,Nighttime,Midnight - 2:59am,0,Injury Crash,No,No,No,No,No,No,No,No,No,No,No,No,No,Multiple Vehicle Crashes,Fairfax County,,Urban,38.78976,-77.06363,Non-Interstate,US-1S,1.0,RICHMOND HWAY,191.17,Other Principal Arterial,At Intersection,HUNTINGTON AVE,No,0,0,No,0,0,0,0,0,0,0,0,0,0,1,c4791684,0,0,1,Minor
2,2024-06-12,11:02:00,Wednesday,Rear End,On Roadway,"Blacktop, Asphalt, Bituminous",No Defects,Daylight,Daylight,"Two-Way, Divided, Positive Median Barrier",Not Provided,No Adverse Condition (Clear/Cloud),Straight - Level,Not Provided,No,Not at Intersection,Not Provided,Traffic Lanes Marked,Dry,Intersection Area,Non-Intersection,Yes - Working,No,2024,Summer,June,Daytime,9:00am - 11:59am,11,Injury Crash,No,No,No,No,No,No,No,No,No,Yes,No,No,No,Multiple Vehicle Crashes,Richmond City,,Urban,37.48914,-77.49373,Non-Interstate,US-360W,360.0,HULL ST RD,135.88,Other Principal Arterial,At Intersection,LINWOOD AVE,No,0,0,No,0,0,0,0,0,0,0,0,0,0,2,c9302629,0,1,0,Severe
2,2024-10-29,13:40:00,Tuesday,Rear End,On Roadway,"Blacktop, Asphalt, Bituminous",No Defects,Daylight,Daylight,"Two-Way, Divided, Positive Median Barrier",Not Provided,No Adverse Condition (Clear/Cloud),Straight - Level,Not Provided,No,Four Approaches,Not Provided,Traffic Signal,Dry,Intersection Area,Intersection Related - Within 150 Feet,Yes - Working,No,2024,Autumn,October,Daytime,Noon - 2:59pm,13,Property Damage Crash,No,No,No,No,No,No,No,No,No,No,Yes,No,No,Multiple Vehicle Crashes,Prince William County,,Urban,38.87089,-77.6356,Non-Interstate,US-15S,15.0,JAMES MADISON HWAY,199.7,Other Principal Arterial,At Intersection,WATERFALL RD,No,0,0,No,0,0,0,0,0,0,0,0,0,0,0,c4630670,0,0,1,Minor
2,2023-10-08,19:38:00,Sunday,Angle,On Roadway,"Blacktop, Asphalt, Bituminous",No Defects,Darkness,Darkness - Road Lighted,"Two-Way, Not Divided",Not Provided,No Adverse Condition (Clear/Cloud),Straight - Level,Not Provided,No,Three Approaches,Not Provided,No Traffic Control,Dry,Intersection Area,Intersection Related - Within 150 Feet,No Traffic Control Device Present,No,2023,Autumn,October,Nighttime,6:00pm - 8:59pm,19,Property Damage Crash,No,No,No,No,No,No,No,No,No,No,Yes,No,No,Multiple Vehicle Crashes,Harrisonburg City,,Urban,38.4577,-78.86129,Non-Interstate,MONROE ST (NP - CITY OF HARRISONBURG),,MONROE ST,0.0,Local,At Intersection,MAIN ST,No,0,0,No,0,0,0,0,0,0,0,0,0,0,0,c0047133,0,0,1,Minor
1,2024-04-14,14:00:00,Sunday,Fixed Object - Off Road,On Roadway,"Blacktop, Asphalt, Bituminous",No Defects,Daylight,Daylight,"Two-Way, Not Divided",Not Provided,No Adverse Condition (Clear/Cloud),Grade - Curve,Not Provided,No,Not at Intersection,Not Provided,Traffic Lanes Marked,Dry,Intersection Area,Non-Intersection,Yes - Working,No,2024,Spring,April,Daytime,Noon - 2:59pm,14,Property Damage Crash,No,Yes,No,No,No,Yes,No,No,No,No,No,No,No,Single Vehicle Crashes,Rappahannock County,,Rural,38.66463,-78.299,Non-Interstate,US-211W,211.0,LEE HWY,25.51,Other Principal Arterial,Not at Intersection,,No,0,0,No,0,0,0,0,0,0,0,0,0,0,0,c0947036,0,0,1,Minor
2,2024-06-01,14:06:00,Saturday,Angle,On Roadway,"Blacktop, Asphalt, Bituminous",No Defects,Daylight,Daylight,"Two-Way, Divided, Positive Median Barrier",Not Provided,No Adverse Condition (Clear/Cloud),Straight - Level,Not Provided,No,Four Approaches,Not Provided,Traffic Signal,Dry,Intersection Area,Within Intersection,Yes - Working,No,2024,Summer,June,Daytime,Noon - 2:59pm,14,Property Damage Crash,No,No,No,No,No,No,No,No,No,Yes,No,No,No,Multiple Vehicle Crashes,Norfolk City,,Urban,36.85851,-76.27273,Non-Interstate,VA-168S,168.0,TIDEWATER DR,23.96,Other Principal Arterial,At Intersection,GOFF ST,No,0,0,No,0,0,0,0,0,0,0,0,0,0,0,c7121631,0,0,1,Minor
2,2022-10-11,19:10:00,Tuesday,Sideswipe - Same Direction,On Roadway,"Blacktop, Asphalt, Bituminous",No Defects,Dusk,Dusk,"Two-Way, Divided, Positive Median Barrier",Not Provided,No Adverse Condition (Clear/Cloud),Straight - Level,Not Provided,No,Four Approaches,Not Provided,Traffic Signal,Dry,Intersection Area,Intersection Related - Within 150 Feet,Yes - Working,No,2022,Autumn,October,Nighttime,6:00pm - 8:59pm,19,Property Damage Crash,No,No,No,No,No,No,No,No,No,Yes,Yes,No,No,Multiple Vehicle Crashes,Fairfax City,,Urban,38.85257,-77.32442,Non-Interstate,US-29N,29.0,LEE HWY,234.44,Other Principal Arterial,At Intersection,MAIN ST,No,0,0,No,0,0,0,0,0,0,0,0,0,0,0,c2878421,0,0,1,Minor
2,2022-11-22,17:11:00,Tuesday,Rear End,On Roadway,"Blacktop, Asphalt, Bituminous",No Defects,Dusk,Dusk,"Two-Way, Divided, Unprotected Median",Not Provided,No Adverse Condition (Clear/Cloud),Straight - Level,Not Provided,No,Four Approaches,Not Provided,Traffic Lanes Marked,Dry,Intersection,Intersection Related - Outside 150 Feet,Yes - Working,No,2022,Autumn,November,Daytime,3:00pm - 5:59pm,17,Injury Crash,No,No,No,No,No,No,No,No,No,No,Yes,No,No,Multiple Vehicle Crashes,James City County,,Urban,37.40087,-76.80773,Non-Interstate,US-60W,60.0,RICHMOND RD,228.39,Other Principal Arterial,At Intersection,ROCHAMBEAU DR,No,0,0,No,0,0,0,0,0,0,0,1,0,0,2,c5453406,0,1,0,Severe
3,2023-09-08,06:15:00,Friday,Rear End,On Roadway,"Blacktop, Asphalt, Bituminous",No Defects,Dawn,Dawn,"Two-Way, Divided, Positive Median Barrier",Not Provided,No Adverse Condition (Clear/Cloud),Straight - Level,Not Provided,No,Not at Intersection,Not Provided,Traffic Lanes Marked,Dry,Intersection Area,Non-Intersection,Yes - Working,No,2023,Autumn,September,Daytime,6:00am - 8:59am,6,Property Damage Crash,No,No,Yes,No,No,No,No,No,No,No,Yes,No,No,Multiple Vehicle Crashes,Fairfax County,,Urban,38.87863,-77.26119,Interstate,I-66E,66.0,I-66,62.51,Interstate,Not at Intersection,,No,0,0,Yes,0,0,0,0,0,0,0,0,0,0,0,c6142618,0,0,1,Minor
2,2024-12-15,19:26:00,Sunday,Rear End,On Roadway,Concrete,No Defects,Darkness,Darkness - Road Lighted,"Two-Way, Divided, Unprotected Median",Not Provided,Rain,Dip - Straight,Not Provided,No,Four Approaches,Not Provided,Traffic Signal,Wet,Intersection Area,Within Intersection,Yes - Working,No,2024,Winter,December,Nighttime,6:00pm - 8:59pm,19,Property Damage Crash,No,No,No,No,No,No,No,No,No,No,No,No,No,Multiple Vehicle Crashes,Fairfax County,,Urban,38.78072,-77.18621,Non-Interstate,SC-1158N (FAIRFAX COUNTY),1158.0,AMHERST AVE,0.44,Minor Arterial,At Intersection,BLAND ST,No,0,0,No,0,0,0,0,0,0,0,0,0,0,0,c7429414,0,0,1,Minor
1,2024-07-18,14:15:00,Thursday,Fixed Object - Off Road,Shoulder,"Blacktop, Asphalt, Bituminous",No Defects,Daylight,Daylight,"Two-Way, Not Divided",Not Provided,No Adverse Condition (Clear/Cloud),Straight - Level,Not Provided,No,Three Approaches,Not Provided,Traffic Lanes Marked,Dry,Interchange Area,Main-Line Roadway,Yes - Working,No,2024,Summer,July,Daytime,Noon - 2:59pm,14,Property Damage Crash,No,No,No,No,No,No,No,No,No,Yes,No,No,No,Single Vehicle Crashes,Frederick County,,Rural,39.20743,-78.30827,Non-Interstate,SC-614S (FREDERICK COUNTY),614.0,BACK MOUNTAIN RD,0.01,Major Collector,At Intersection,HAYFIELD RD,No,0,0,No,0,0,0,0,0,0,0,0,0,0,0,c9637498,0,0,1,Minor
2,2022-12-07,15:51:00,Wednesday,Rear End,On Roadway,"Blacktop, Asphalt, Bituminous",No Defects,Dusk,Dusk,"Two-Way, Divided, Positive Median Barrier",Not Provided,Rain,Grade - Straight,Not Provided,No,Not at Intersection,Not Provided,Traffic Lanes Marked,Wet,Interchange Area,Main-Line Roadway,Yes - Working,No,2022,Winter,December,Daytime,3:00pm - 5:59pm,15,Injury Crash,No,No,No,No,No,No,No,No,No,Yes,No,No,No,Multiple Vehicle Crashes,Montgomery County,Blacksburg,Urban,37.22312,-80.45017,Non-Interstate,UR-3152W (TOWN OF BLACKSBURG),,PRICES FORK RD,1.11,Major Collector,At Intersection,HEATHER DR,No,0,0,No,0,0,0,0,0,0,0,0,0,0,1,c6897911,0,0,1,Minor
4,2023-02-21,08:00:00,Tuesday,Rear End,On Roadway,"Blacktop, Asphalt, Bituminous",No Defects,Daylight,Daylight,"Two-Way, Divided, Unprotected Median",Not Provided,No Adverse Condition (Clear/Cloud),Straight - Level,Not Provided,No,Not at Intersection,Not Provided,Traffic Lanes Marked,Dry,Intersection Area,Non-Intersection,Yes - Working,No,2023,Winter,February,Daytime,6:00am - 8:59am,8,Property Damage Crash,No,Yes,No,No,No,No,No,No,No,No,No,No,No,Multiple Vehicle Crashes,Roanoke County,,Urban,37.20334,-79.94994,Non-Interstate,US-220N,220.0,FRANKLIN RD,57.48,Other Principal Arterial,At Intersection,INDIAN GRAVE RD,No,0,0,No,0,0,0,0,0,0,0,0,0,0,0,c5577492,0,0,1,Minor
2,2023-05-17,22:28:00,Wednesday,Sideswipe - Same Direction,On Roadway,"Blacktop, Asphalt, Bituminous",No Defects,Darkness,Darkness - Road Lighted,"Two-Way, Divided, Positive Median Barrier",Not Provided,No Adverse Condition (Clear/Cloud),Straight - Level,Not Provided,No,"Five-Point, or More",Not Provided,Traffic Signal,Dry,Intersection Area,Within Intersection,Yes - Working,No,2023,Spring,May,Nighttime,9:00pm - 11:59pm,22,Property Damage Crash,No,Yes,No,No,No,No,No,No,No,No,Yes,No,No,Multiple Vehicle Crashes,Fairfax County,,Urban,38.87197,-77.1558,Non-Interstate,VA-7E,7.0,LEESBURG PIKE,65.02,Other Principal Arterial,At Intersection,SLEEPY HOLLOW RD,No,0,0,No,0,0,0,0,0,0,0,0,0,0,0,c3815533,0,0,1,Minor
2,2023-09-15,15:49:00,Friday,Sideswipe - Same Direction,On Roadway,"Blacktop, Asphalt, Bituminous",No Defects,Daylight,Daylight,"Two-Way, Not Divided",Not Provided,No Adverse Condition (Clear/Cloud),Straight - Level,Not Provided,No,Not at Intersection,Not Provided,Traffic Lanes Marked,Dry,Intersection Area,Non-Intersection,Yes - Working,No,2023,Autumn,September,Daytime,3:00pm - 5:59pm,15,Property Damage Crash,No,Yes,No,No,No,No,No,No,No,No,No,No,No,Multiple Vehicle Crashes,Pittsylvania County,,Rural,36.98298,-79.35457,Non-Interstate,US-29S,29.0,US-29,37.85,Other Principal Arterial,Not at Intersection,,No,0,0,No,0,0,0,0,0,0,0,0,0,0,0,c4268730,0,0,1,Minor
2,2023-08-31,03:00:00,Thursday,Angle,On Roadway,"Blacktop, Asphalt, Bituminous",No Defects,Darkness,Darkness - Road Lighted,"Two-Way, Divided, Positive Median Barrier",Not Provided,Mist,Straight - Level,Not Provided,No,Roundabout,Not Provided,Traffic Signal,Dry,Intersection Area,Within Intersection,Yes - Working,No,2023,Summer,August,Nighttime,3:00am - 5:59am,3,Injury Crash,No,No,No,No,No,No,No,No,No,No,No,No,No,Multiple Vehicle Crashes,Norfolk City,,Urban,36.91631,-76.25417,Non-Interstate,VA-165N,165.0,LITTLE CREEK RD,36.68,Other Principal Arterial,At Intersection,TIDEWATER DR,No,0,0,No,0,0,0,0,0,0,0,0,0,0,1,c6127994,0,0,1,Minor
2,2022-05-16,15:07:00,Monday,Rear End,On Roadway,"Blacktop, Asphalt, Bituminous",No Defects,Daylight,Daylight,"Two-Way, Divided, Positive Median Barrier",Not Provided,Rain,Straight - Level,Not Provided,No,Not at Intersection,Not Provided,Traffic Lanes Marked,Wet,Intersection Area,Non-Intersection,Yes - Working,No,2022,Spring,May,Daytime,3:00pm - 5:59pm,15,Property Damage Crash,No,Yes,No,No,No,No,No,No,No,No,No,No,No,Multiple Vehicle Crashes,Va. Beach City,,Urban,36.83705,-76.07419,Interstate,I-264W,264.0,I-264,20.18,Interstate,Not at Intersection,,No,0,0,No,0,0,0,0,0,0,0,0,0,0,0,c7304461,0,0,1,Minor
2,2022-07-05,14:06:00,Tuesday,Sideswipe - Same Direction,On Roadway,"Blacktop, Asphalt, Bituminous",No Defects,Daylight,Daylight,"Two-Way, Divided, Unprotected Median",Not Provided,No Adverse Condition (Clear/Cloud),Grade - Straight,Not Provided,No,Four Approaches,Not Provided,Traffic Lanes Marked,Dry,Intersection,Intersection Related - Outside 150 Feet,Yes - Working,No,2022,Summer,July,Daytime,Noon - 2:59pm,14,Property Damage Crash,No,No,No,No,No,No,No,No,No,No,No,No,No,Multiple Vehicle Crashes,Lynchburg City,,Urban,37.35096,-79.22852,Non-Interstate,BUS US-460E (11 CITY OF LYNCHBURG),460.0,TIMBERLAKE RD,3.74,Other Principal Arterial,At Intersection,WEST EDGE WAY,Yes,0,0,No,0,0,0,0,0,0,0,0,0,0,0,c4383647,0,0,1,Minor
1,2022-04-07,05:00:00,Thursday,Fixed Object - Off Road,Roadside,"Blacktop, Asphalt, Bituminous",No Defects,Darkness,Darkness - Road Not Lighted,"Two-Way, Not Divided",Not Provided,Mist,Grade - Curve,Not Provided,No,Not at Intersection,Not Provided,No Passing Lines,Wet,Intersection Area,Non-Intersection,Yes - Working,No,2022,Spring,April,Nighttime,3:00am - 5:59am,5,Injury Crash,No,Yes,No,No,No,No,No,No,No,No,Yes,No,No,Single Vehicle Crashes,Carroll County,,Rural,36.58694,-80.65827,Non-Interstate,SC-688S (CARROLL COUNTY),688.0,MEADOWBROOK RD,0.25,Local,Not at Intersection,,No,0,0,No,0,0,0,0,0,0,0,1,1,0,1,c0564086,0,0,1,Minor
1,2022-10-17,22:46:00,Monday,Fixed Object - Off Road,Shoulder,"Blacktop, Asphalt, Bituminous",No Defects,Darkness,Darkness - Road Not Lighted,"Two-Way, Divided, Unprotected Median",Not Provided,No Adverse Condition (Clear/Cloud),Curve - Level,Not Provided,No,Not at Intersection,Not Provided,Traffic Lanes Marked,Wet,Intersection Area,Non-Intersection,Yes - Working,No,2022,Autumn,October,Nighttime,9:00pm - 11:59pm,22,Property Damage Crash,No,Yes,No,No,No,No,No,No,No,No,No,No,No,Single Vehicle Crashes,Chesterfield County,,Urban,37.37692,-77.42301,Non-Interstate,VA-288S,288.0,VA-288,1.13,Other Freeways and Expressways,Not at Intersection,,No,0,0,No,0,0,0,0,0,0,0,0,0,0,0,c1544867,0,0,1,Minor
2,2024-04-18,10:51:00,Thursday,Rear End,On Roadway,"Blacktop, Asphalt, Bituminous",No Defects,Daylight,Daylight,"Two-Way, Divided, Unprotected Median",Not Provided,No Adverse Condition (Clear/Cloud),Straight - Level,Not Provided,No,Four Approaches,Not Provided,Traffic Signal,Dry,Intersection Area,Intersection Related - Within 150 Feet,Yes - Working,No,2024,Spring,April,Daytime,9:00am - 11:59am,10,Property Damage Crash,No,No,No,No,No,No,No,No,No,No,No,No,No,Multiple Vehicle Crashes,Fairfax County,Herndon,Urban,38.96703,-77.37164,Non-Interstate,UR-6656W (TOWN OF HERNDON),,ELDEN ST,2.23,Minor Arterial,At Intersection,HERNDON PKWY,No,0,0,No,0,0,0,0,0,0,0,0,0,0,0,c2611539,0,0,1,Minor