NumberOfVehicles,CrashDate,CrashTime,DayOfWeek,TypeOfCollision,LocationOfFirstHarmfulEvent,RoadwaySurfaceType,RoadwayDefect,LightCondition_Category,LightCondition_Value,RoadwayDescription,WorkZoneLocation,WeatherCondition,RoadwayAlignment,WorkZoneWorkersPresent,SchoolZone,IntersectionType,WorkZoneType,TrafficControlType,RoadwaySurfaceCondition,RelationToRoadway_Category,RelationToRoadway_Value,TrafficControlMechanicalDevice,WorkZoneRelated,Year,Meteorological Season,MonthName,DaytimeNighttime_NHTSA,ThreeHourLabel,Hour,CrashType,AlcoholInvolved,SpeedRelated,CommercialMotorVehiclesInvolved,PedestrianInvolved,BicycleInvolved,MotorcycleInvolved,MopedInvolved,TrainRelated,SchoolZoneInvolved,TeenDriverInvolved,DistractedDriverInvolved,DriverTextingInvolved,DriverUsingCellPhone,Single_Multi_Vehicle,Jurisdiction,TownName,LocationTypeName,Latitude,Longitude,Interstate_NonInterstate,RoadName,RouteNumber,RouteName,MileMarker,FunctionalClassCode,AtIntersection,SecondaryLocation,MatureDriverInvolved,MatureDriverFatalities,MatureDriverInjuries,LargeTruckInvolved,PedestrianFatalities,PedestrianInjuries,MotorcycleFatalities,MotorcycleInjuries,BicycleFatalities,BicycleInjuries,DistractedDriverFatalities,DistractedDriverInjuries,UnrestrainedInjuries,Number_Of_Fatalities,Number_Of_Injuries,Crash_UID,Is_Fatal,Is_Severe,Is_Minor,SeverityLabel
2,2022-09-06,10:00:00,Tuesday,Sideswipe - Opposite Direction,On Roadway,"Blacktop, Asphalt, Bituminous",No Defects,Daylight,Daylight,"Two-Way, Not Divided",Not Provided,No Adverse Condition (Clear/Cloud),Straight - Level,Not Provided,No,Three Approaches,Not Provided,No Traffic Control,Dry,Intersection Area,Within Intersection,No Traffic Control Device Present,No,2022,Autumn,September,Daytime,9:00am - 11:59am,10,Injury Crash,No,No,No,No,No,No,No,No,No,No,No,No,No,Multiple Vehicle Crashes,Hampton City,,Urban,37.05035,-76.30713,Non-Interstate,NEWTON RD (PR - CITY OF HAMPTON),,NEWTON RD,0.79,Local,At Intersection,WOODMANSEE DR,No,0,0,No,0,0,0,0,0,0,0,0,0,0,1,c2715833,0,0,1,Minor
2,2022-09-02,13:55:00,Friday,Sideswipe - Same Direction,On Roadway,"Blacktop, Asphalt, Bituminous",No Defects,Daylight,Daylight,"Two-Way, Divided, Unprotected Median",Not Provided,No Adverse Condition (Clear/Cloud),Straight - Level,Not Provided,No,Not at Intersection,Not Provided,Traffic Lanes Marked,Dry,Intersection Area,Non-Intersection,Yes - Working,No,2022,Autumn,September,Daytime,Noon - 2:59pm,13,Property Damage Crash,No,No,No,No,No,No,No,No,No,No,No,No,No,Multiple Vehicle Crashes,Madison County,,Rural,38.41991,-78.19695,Non-Interstate,US-29S,29.0,SEMINOLE TRL,169.74,Other Principal Arterial,At Intersection,RIDGEVIEW RD,Yes,0,0,No,0,0,0,0,0,0,0,0,0,0,0,c2135997,0,0,1,Minor
1,2023-11-17,22:45:00,Friday,Fixed Object - Off Road,Median,"Blacktop, Asphalt, Bituminous",No Defects,Darkness,Darkness - Road Not Lighted,"Two-Way, Divided, Unprotected Median",Not Provided,No Adverse Condition (Clear/Cloud),Straight - Level,Not Provided,No,Not at Intersection,Not Provided,Traffic Lanes Marked,Dry,Intersection Area,Non-Intersection,Yes - Working,No,2023,Autumn,November,Nighttime,9:00pm - 11:59pm,22,Property Damage Crash,No,No,No,No,No,No,No,No,No,No,Yes,No,No,Single Vehicle Crashes,Wythe County,,Rural,36.92007,-80.89933,Interstate,I-77N,77.0,I-77,30.13,Interstate,Not at Intersection,,No,0,0,No,0,0,0,0,0,0,0,0,0,0,0,c2468167,0,0,1,Minor
2,2024-06-14,18:36:00,Friday,Rear End,On Roadway,"Blacktop, Asphalt, Bituminous",No Defects,Daylight,Daylight,"Two-Way, Divided, Positive Median Barrier",Not Provided,No Adverse Condition (Clear/Cloud),Straight - Level,Not Provided,No,Three Approaches,Not Provided,Traffic Signal,Dry,Intersection Area,Intersection Related - Within 150 Feet,Yes - Working,No,2024,Summer,June,Nighttime,6:00pm - 8:59pm,18,Injury Crash,No,Yes,No,No,No,No,No,No,No,No,No,No,No,Multiple Vehicle Crashes,Fauquier County,,Rural,38.77688,-77.68372,Non-Interstate,US-29N,29.0,LEE HWAY,214.18,Other Principal Arterial,Not at Intersection,,No,0,0,No,0,0,0,0,0,0,0,0,0,0,2,c8297252,0,1,0,Severe
1,2023-03-24,19:25:00,Friday,Fixed Object - Off Road,On Roadway,"Blacktop, Asphalt, Bituminous",No Defects,Darkness,Darkness - Road Lighted,"Two-Way, Divided, Positive Median Barrier",Not Provided,Rain,Straight - Level,Not Provided,No,Not at Intersection,Not Provided,Traffic Lanes Marked,Wet,Interchange Area,Main-Line Roadway,Yes - Working,No,2023,Spring,March,Nighttime,6:00pm - 8:59pm,19,Property Damage Crash,No,No,No,No,No,No,No,No,No,No,No,No,No,Single Vehicle Crashes,Loudoun County,,Urban,38.96706,-77.42928,Non-Interstate,VA-28S,28.0,SULLY RD,39.58,Other Freeways and Expressways,Not at Intersection,,No,0,0,No,0,0,0,0,0,0,0,0,0,0,0,c8409220,0,0,1,Minor
1,2023-02-17,21:28:00,Friday,Fixed Object - Off Road,"Off Roadway, Location Unknown","Blacktop, Asphalt, Bituminous",No Defects,Darkness,Darkness - Road Not Lighted,"Two-Way, Divided, Unprotected Median",Not Provided,No Adverse Condition (Clear/Cloud),Curve - Level,Not Provided,No,Four Approaches,Not Provided,Traffic Lanes Marked,Dry,Intersection Area,Intersection Related - Within 150 Feet,Yes - Working,No,2023,Winter,February,Nighttime,9:00pm - 11:59pm,21,Property Damage Crash,No,No,No,No,No,No,No,No,No,Yes,Yes,No,No,Single Vehicle Crashes,Loudoun County,,Urban,39.29628,-77.63365,Non-Interstate,VA-287N,287.0,BERLIN TPKE,11.89,Minor Arterial,At Intersection,WENNER RD,No,0,0,No,0,0,0,0,0,0,0,0,0,0,0,c9882365,0,0,1,Minor
2,2023-10-26,10:59:00,Thursday,Rear End,On Roadway,"Blacktop, Asphalt, Bituminous",No Defects,Daylight,Daylight,"Two-Way, Not Divided",Not Provided,No Adverse Condition (Clear/Cloud),Straight - Level,Not Provided,No,Not at Intersection,Not Provided,No Traffic Control,Dry,Intersection Area,Non-Intersection,No Traffic Control Device Present,No,2023,Autumn,October,Daytime,9:00am - 11:59am,10,Injury Crash,No,No,No,No,No,No,No,No,No,No,No,No,No,Multiple Vehicle Crashes,Hanover County,,Rural,37.63413,-77.22348,Non-Interstate,SC-628S (HANOVER COUNTY),628.0,MCCLELLAN RD,6.79,Major Collector,Not at Intersection,,No,0,0,No,0,0,0,0,0,0,0,0,0,0,1,c6633800,0,0,1,Minor
2,2022-11-02,08:05:00,Wednesday,Sideswipe - Opposite Direction,On Roadway,"Blacktop, Asphalt, Bituminous",No Defects,Daylight,Daylight,"Two-Way, Not Divided",Not Provided,No Adverse Condition (Clear/Cloud),Grade - Curve,Not Provided,No,Not at Intersection,Not Provided,Traffic Lanes Marked,Dry,Intersection Area,Non-Intersection,Yes - Working,No,2022,Autumn,November,Daytime,6:00am - 8:59am,8,Property Damage Crash,No,No,No,No,No,No,No,No,No,No,No,No,No,Multiple Vehicle Crashes,Louisa County,,Rural,37.97584,-77.7218,Non-Interstate,SC-601S (LOUISA COUNTY),601.0,BUMPASS RD,18.45,Major Collector,Not at Intersection,,No,0,0,No,0,0,0,0,0,0,0,0,0,0,0,c6670492,0,0,1,Minor
2,2022-05-31,08:00:00,Tuesday,Rear End,Shoulder,"Blacktop, Asphalt, Bituminous",No Defects,Daylight,Daylight,"Two-Way, Not Divided",Not Provided,No Adverse Condition (Clear/Cloud),Straight - Level,Not Provided,No,Not at Intersection,Not Provided,Traffic Lanes Marked,Dry,Intersection Area,Non-Intersection,Yes - Working,No,2022,Spring,May,Daytime,6:00am - 8:59am,8,Property Damage Crash,No,Yes,No,No,No,No,No,No,No,No,No,No,No,Multiple Vehicle Crashes,Botetourt County,,Rural,37.68259,-79.80649,Non-Interstate,US-220N,220.0,BOTETOURT RD,100.78,Other Principal Arterial,Not at Intersection,,No,0,0,No,0,0,0,0,0,0,0,0,0,0,0,c6107906,0,0,1,Minor
3,2023-07-13,06:56:00,Thursday,Head On,On Roadway,"Blacktop, Asphalt, Bituminous",No Defects,Daylight,Daylight,"Two-Way, Not Divided",Not Provided,No Adverse Condition (Clear/Cloud),Curve - Level,Not Provided,No,Not at Intersection,Not Provided,Traffic Lanes Marked,Dry,Intersection Area,Non-Intersection,Yes - Working,No,2023,Summer,July,Daytime,6:00am - 8:59am,6,Injury Crash,No,No,No,No,No,No,No,No,No,No,Yes,No,No,Multiple Vehicle Crashes,Spotsylvania County,,Rural,38.21104,-77.52919,Non-Interstate,SC-2263E (SPOTSYLVANIA COUNTY),2263.0,HOLLEY OAK LN,1.32,Local,Not at Intersection,,No,0,0,No,0,0,0,0,0,0,0,0,0,0,1,c3892841,0,0,1,Minor
2,2023-02-14,09:02:00,Tuesday,Angle,On Roadway,"Blacktop, Asphalt, Bituminous",No Defects,Daylight,Daylight,"Two-Way, Not Divided",Not Provided,No Adverse Condition (Clear/Cloud),Curve - Level,Not Provided,No,Not at Intersection,Not Provided,Traffic Lanes Marked,Dry,Interchange Area,Collector/Distributor Road,No Traffic Control Device Present,No,2023,Winter,February,Daytime,9:00am - 11:59am,9,Injury Crash,No,No,No,No,No,No,No,No,No,No,No,No,No,Multiple Vehicle Crashes,Southampton County,,Rural,36.69137,-77.03024,Non-Interstate,US-58E,58.0,SOUTHAMPTON PKWY,442.49,Other Principal Arterial,Not at Intersection,,Yes,0,1,No,0,0,0,0,0,0,0,0,0,0,1,c7374115,0,0,1,Minor
3,2023-09-22,12:54:00,Friday,Rear End,On Roadway,"Blacktop, Asphalt, Bituminous",No Defects,Daylight,Daylight,"Two-Way, Divided, Unprotected Median",Not Provided,No Adverse Condition (Clear/Cloud),Straight - Level,Not Provided,No,Four Approaches,Not Provided,Traffic Signal,Dry,Intersection Area,Within Intersection,Yes - Working,No,2023,Autumn,September,Daytime,Noon - 2:59pm,12,Injury Crash,No,Yes,No,No,No,No,No,No,No,No,No,No,No,Multiple Vehicle Crashes,Fairfax County,,Urban,38.87576,-77.40861,Non-Interstate,SC-645E (FAIRFAX COUNTY),645.0,STRINGFELLOW RD,3.44,Minor Arterial,At Intersection,POPLAR TREE RD,Yes,0,0,No,0,0,0,0,0,0,0,0,0,0,1,c9224808,0,0,1,Minor
2,2022-06-07,09:00:00,Tuesday,Angle,On Roadway,"Blacktop, Asphalt, Bituminous",No Defects,Daylight,Daylight,"Two-Way, Divided, Positive Median Barrier",Not Provided,No Adverse Condition (Clear/Cloud),Curve - Level,Not Provided,No,Not at Intersection,Not Provided,Traffic Lanes Marked,Dry,Interchange Area,On Entrance/Exit Ramp,Yes - Working,No,2022,Summer,June,Daytime,9:00am - 11:59am,9,Property Damage Crash,No,No,Yes,No,No,No,No,No,No,No,No,No,No,Multiple Vehicle Crashes,Norfolk City,,Urban,36.84542,-76.18786,Interstate,I-264E RAMP 15A,264.0,I-264 RAMP,0.08,Interstate,Not at Intersection,,No,0,0,No,0,0,0,0,0,0,0,0,0,0,0,c0060923,0,0,1,Minor
2,2022-10-14,19:13:00,Friday,Rear End,On Roadway,"Blacktop, Asphalt, Bituminous",No Defects,Darkness,Darkness - Road Not Lighted,"Two-Way, Divided, Unprotected Median",Not Provided,No Adverse Condition (Clear/Cloud),Straight - Level,Not Provided,No,Four Approaches,Not Provided,Traffic Signal,Dry,Intersection Area,Intersection Related - Within 150 Feet,Yes - Working,No,2022,Autumn,October,Nighttime,6:00pm - 8:59pm,19,Property Damage Crash,No,No,No,No,No,No,No,No,No,No,No,No,No,Multiple Vehicle Crashes,Loudoun County,,Urban,38.92975,-77.51894,Non-Interstate,SC-606W (LOUDOUN COUNTY),606.0,LOUDOUN COUNTY PKWY,2.13,Minor Arterial,At Intersection,JOHN MOSBY HWY,No,0,0,No,0,0,0,0,0,0,0,0,0,0,0,c6833335,0,0,1,Minor
2,2022-04-16,12:41:00,Saturday,Angle,On Roadway,"Blacktop, Asphalt, Bituminous",No Defects,Daylight,Daylight,"Two-Way, Not Divided",Not Provided,No Adverse Condition (Clear/Cloud),Straight - Level,Not Provided,No,Four Approaches,Not Provided,Traffic Signal,Dry,Intersection Area,Within Intersection,Yes - Working,No,2022,Spring,April,Daytime,Noon - 2:59pm,12,Injury Crash,No,No,No,No,No,No,No,No,No,Yes,No,No,No,Multiple Vehicle Crashes,Henrico County,,Urban,37.59724,-77.53762,Non-Interstate,CR-7645N (HENRICO COUNTY),7645.0,THREE CHOPT RD,0.53,Minor Arterial,At Intersection,SKIPWITH RD,Yes,0,1,No,0,0,0,0,0,0,0,0,0,0,2,c3877952,0,1,0,Severe
2,2023-02-03,13:15:00,Friday,Angle,On Roadway,"Blacktop, Asphalt, Bituminous",No Defects,Daylight,Daylight,"Two-Way, Divided, Unprotected Median",Not Provided,No Adverse Condition (Clear/Cloud),Straight - Level,Not Provided,No,Four Approaches,Not Provided,Traffic Signal,Dry,Intersection Area,Within Intersection,Yes - Working,No,2023,Winter,February,Daytime,Noon - 2:59pm,13,Injury Crash,No,No,No,No,No,No,No,No,No,No,No,No,No,Multiple Vehicle Crashes,Prince William County,,Urban,38.80375,-77.60143,,HERITAGE VILLAGE PLZ (PR - PRINCE WILLIAM COUNTY),,HERITAGE VILLAGE PLZ,0.0,,At Intersection,HEATHCOTE BLVD,Yes,0,1,No,0,0,0,0,0,0,0,0,0,0,2,c1024512,0,1,0,Severe
2,2022-08-30,16:15:00,Tuesday,Rear End,On Roadway,"Blacktop, Asphalt, Bituminous",No Defects,Daylight,Daylight,"Two-Way, Not Divided",Not Provided,Rain,Straight - Level,Not Provided,No,Not at Intersection,Not Provided,Other,Wet,Interchange Area,Main-Line Roadway,Yes - Working,No,2022,Summer,August,Daytime,3:00pm - 5:59pm,16,Injury Crash,No,No,No,No,No,No,No,No,No,No,No,No,No,Multiple Vehicle Crashes,Pulaski County,Dublin,Urban,37.10584,-80.68561,Non-Interstate,US-11S,11.0,BROAD ST,100.82,Other Principal Arterial,At Intersection,GILES AVE,Yes,0,1,No,0,0,0,0,0,0,0,0,0,0,2,c8531314,0,1,0,Severe
1,2022-04-01,19:05:00,Friday,Fixed Object - Off Road,Roadside,"Blacktop, Asphalt, Bituminous",No Defects,Daylight,Daylight,"Two-Way, Divided, Unprotected Median",Not Provided,No Adverse Condition (Clear/Cloud),Straight - Level,Not Provided,No,Not at Intersection,Not Provided,Traffic Lanes Marked,Dry,Intersection Area,Non-Intersection,Yes - Working,No,2022,Spring,April,Nighttime,6:00pm - 8:59pm,19,Property Damage Crash,Yes,No,No,No,No,No,No,No,No,No,Yes,No,Yes,Single Vehicle Crashes,Middlesex County,,Rural,37.72209,-76.71345,Non-Interstate,US-17N,17.0,TIDEWATER TRL,108.09,Other Principal Arterial,Not at Intersection,,No,0,0,No,0,0,0,0,0,0,0,0,0,0,0,c9401231,0,0,1,Minor
2,2022-04-11,08:29:00,Monday,Angle,On Roadway,"Blacktop, Asphalt, Bituminous",No Defects,Daylight,Daylight,"Two-Way, Divided, Unprotected Median",Not Provided,No Adverse Condition (Clear/Cloud),Straight - Level,Not Provided,No,Four Approaches,Not Provided,Traffic Signal,Dry,Intersection Area,Within Intersection,Yes - Working,No,2022,Spring,April,Daytime,6:00am - 8:59am,8,Property Damage Crash,No,No,No,No,No,No,No,No,No,No,No,No,No,Multiple Vehicle Crashes,Va. Beach City,,Urban,36.84185,-76.05241,Non-Interstate,US-58W,58.0,VIRGINIA BEACH BLVD,505.97,Other Principal Arterial,At Intersection,BYRD LN,Yes,0,0,No,0,0,0,0,0,0,0,0,0,0,0,c2250038,0,0,1,Minor
1,2022-06-17,02:50:00,Friday,Fixed Object - Off Road,Roadside,"Blacktop, Asphalt, Bituminous",No Defects,Darkness,Darkness - Road Not Lighted,"Two-Way, Not Divided",Not Provided,No Adverse Condition (Clear/Cloud),Straight - Level,Not Provided,No,Three Approaches,Not Provided,Traffic Lanes Marked,Dry,Intersection Area,Intersection Related - Within 150 Feet,Yes - Working,No,2022,Summer,June,Nighttime,Midnight - 2:59am,2,Property Damage Crash,No,No,No,No,No,No,No,No,No,No,No,No,No,Single Vehicle Crashes,Bedford County,,Rural,37.39437,-79.5051,Non-Interstate,SC-640N (BEDFORD COUNTY),640.0,FORBES MILL RD,0.01,Local,At Intersection,BIG ISLAND HWY,No,0,0,No,0,0,0,0,0,0,0,0,0,0,0,c5969580,0,0,1,Minor
1,2023-06-21,08:37:00,Wednesday,Fixed Object - Off Road,Shoulder,"Blacktop, Asphalt, Bituminous",No Defects,Daylight,Daylight,"Two-Way, Divided, Positive Median Barrier",Not Provided,Rain,Grade - Curve,Not Provided,No,Not at Intersection,Not Provided,Traffic Lanes Marked,Wet,Interchange Area,On Entrance/Exit Ramp,Yes - Working,No,2023,Summer,June,Daytime,6:00am - 8:59am,8,Property Damage Crash,No,Yes,No,No,No,No,No,No,No,No,No,No,No,Single Vehicle Crashes,Fairfax County,,Urban,38.78924,-77.17749,Interstate,I-495S RAMP 57A,495.0,I-495 RAMP,0.79,Interstate,Not at Intersection,,No,0,0,No,0,0,0,0,0,0,0,0,0,0,0,c7703756,0,0,1,Minor
2,2023-06-23,17:31:00,Friday,Angle,On Roadway,"Blacktop, Asphalt, Bituminous",No Defects,Daylight,Daylight,"Two-Way, Divided, Positive Median Barrier",Not Provided,Rain,Straight - Level,Not Provided,No,Four Approaches,Not Provided,Traffic Signal,Wet,Interchange Area,Main-Line Roadway,Yes - Working,No,2023,Summer,June,Daytime,3:00pm - 5:59pm,17,Injury Crash,No,No,No,No,No,No,No,No,No,No,No,No,No,Multiple Vehicle Crashes,Prince William County,,Urban,38.64539,-77.33674,Non-Interstate,SC-784W (PRINCE WILLIAM COUNTY),784.0,DALE BLVD,4.19,Minor Arterial,At Intersection,MINNIEVILLE RD,No,0,0,No,0,0,0,0,0,0,0,0,0,0,1,c6903802,0,0,1,Minor
3,2023-12-21,17:30:00,Thursday,Rear End,On Roadway,"Blacktop, Asphalt, Bituminous",No Defects,Darkness,Darkness - Road Not Lighted,"Two-Way, Divided, Positive Median Barrier",Not Provided,No Adverse Condition (Clear/Cloud),Straight - Level,Not Provided,No,Not at Intersection,Not Provided,Traffic Lanes Marked,Dry,Intersection Area,Non-Intersection,Yes - Working,No,2023,Winter,December,Daytime,3:00pm - 5:59pm,17,Injury Crash,No,Yes,No,No,No,No,No,No,No,No,No,No,No,Multiple Vehicle Crashes,Chesterfield County,,Urban,37.4462,-77.47925,Non-Interstate,VA-150S,150.0,CHIPPENHAM PKWY,2.67,Other Freeways and Expressways,Not at Intersection,,Yes,0,1,No,0,0,0,0,0,0,0,0,0,0,3,c9280355,0,1,0,Severe
3,2022-09-23,17:21:00,Friday,Rear End,On Roadway,"Blacktop, Asphalt, Bituminous",No Defects,Daylight,Daylight,"Two-Way, Divided, Unprotected Median",Not Provided,No Adverse Condition (Clear/Cloud),Straight - Level,Not Provided,No,Three Approaches,Not Provided,Traffic Signal,Dry,Intersection Area,Intersection Related - Within 150 Feet,Yes - Working,No,2022,Autumn,September,Daytime,3:00pm - 5:59pm,17,Property Damage Crash,No,No,No,No,No,No,No,No,No,No,No,No,No,Multiple Vehicle Crashes,Suffolk City,,Rural,36.69257,-76.60632,Non-Interstate,US-13S,13.0,CAROLINA RD,14.19,Other Principal Arterial,At Intersection,TURLINGTON RD,No,0,0,No,0,0,0,0,0,0,0,0,0,0,0,c1647966,0,0,1,Minor
2,2022-03-28,08:30:00,Monday,Angle,On Roadway,"Blacktop, Asphalt, Bituminous",No Defects,Daylight,Daylight,"Two-Way, Not Divided",Not Provided,No Adverse Condition (Clear/Cloud),Straight - Level,Not Provided,No,Four Approaches,Not Provided,No Traffic Control,Dry,Interchange Area,Main-Line Roadway,No Traffic Control Device Present,No,2022,Spring,March,Daytime,6:00am - 8:59am,8,Injury Crash,No,No,No,No,No,No,No,No,No,No,No,No,No,Multiple Vehicle Crashes,Norfolk City,,Urban,36.91602,-76.24686,Non-Interstate,WESTCLIFF DR (NP - CITY OF NORFOLK),,WESTCLIFF DR,0.06,Local,Not at Intersection,,No,0,0,No,0,0,0,0,0,0,0,0,0,0,2,c4248633,0,1,0,Severe
2,2022-06-01,07:18:00,Wednesday,Head On,Shoulder,"Blacktop, Asphalt, Bituminous",No Defects,Daylight,Daylight,"Two-Way, Not Divided",Not Provided,No Adverse Condition (Clear/Cloud),Straight - Level,Not Provided,No,Not at Intersection,Not Provided,No Traffic Control,Dry,Intersection Area,Non-Intersection,No Traffic Control Device Present,No,2022,Summer,June,Daytime,6:00am - 8:59am,7,Property Damage Crash,No,Yes,No,No,No,No,No,No,No,No,Yes,No,No,Multiple Vehicle Crashes,Poquoson City,,Urban,37.1469,-76.39382,Non-Interstate,HANSOM DR (PR - CITY OF POQUOSON),,HANSOME DR,0.06,Local,Not at Intersection,,No,0,0,No,0,0,0,0,0,0,0,0,0,0,0,c0179755,0,0,1,Minor
2,2023-02-23,11:49:00,Thursday,Rear End,On Roadway,"Blacktop, Asphalt, Bituminous",No Defects,Dawn,Dawn,"Two-Way, Not Divided",Not Provided,No Adverse Condition (Clear/Cloud),Straight - Level,Not Provided,No,Four Approaches,Not Provided,Traffic Signal,Dry,Intersection Area,Within Intersection,Yes - Working,No,2023,Winter,February,Daytime,9:00am - 11:59am,11,Property Damage Crash,No,No,No,No,No,No,No,No,No,No,Yes,No,No,Multiple Vehicle Crashes,Loudoun County,,Urban,38.99006,-77.42778,Non-Interstate,SC-846S (LOUDOUN COUNTY),846.0,STERLING BLVD,0.52,Minor Arterial,At Intersection,SHAW RD,No,0,0,No,0,0,0,0,0,0,0,0,0,0,0,c8069988,0,0,1,Minor
2,2023-04-08,11:32:00,Saturday,Angle,Roadside,"Blacktop, Asphalt, Bituminous",No Defects,Daylight,Daylight,"Two-Way, Not Divided",Not Provided,No Adverse Condition (Clear/Cloud),Curve - Level,Not Provided,No,Not at Intersection,Not Provided,No Passing Lines,Dry,Intersection Area,Non-Intersection,Yes - Working,No,2023,Spring,April,Daytime,9:00am - 11:59am,11,Injury Crash,No,Yes,No,No,No,No,No,No,No,No,No,No,No,Multiple Vehicle Crashes,Smyth County,,Rural,36.82124,-81.51506,Non-Interstate,SC-658N (SMYTH COUNTY),658.0,SCRATCH GRAVEL RD,5.44,Major Collector,Not at Intersection,,No,0,0,No,0,0,0,0,0,0,0,0,0,0,1,c3908847,0,0,1,Minor
2,2023-05-12,15:50:00,Friday,Rear End,On Roadway,"Blacktop, Asphalt, Bituminous",No Defects,Daylight,Daylight,"Two-Way, Divided, Positive Median Barrier",Not Provided,No Adverse Condition (Clear/Cloud),Straight - Level,Not Provided,No,Not at Intersection,Not Provided,Traffic Lanes Marked,Dry,Interchange Area,Main-Line Roadway,Yes - Working,No,2023,Spring,May,Daytime,3:00pm - 5:59pm,15,Property Damage Crash,No,Yes,No,No,No,No,No,No,No,No,No,No,No,Multiple Vehicle Crashes,Arlington County,,Urban,38.85384,-77.07351,Interstate,I-395N,395.0,I-395,8.05,Interstate,Not at Intersection,,No,0,0,No,0,0,0,0,0,0,0,0,0,0,0,c9644467,0,0,1,Minor
2,2022-08-08,12:50:00,Monday,Sideswipe - Same Direction,On Roadway,"Blacktop, Asphalt, Bituminous",No Defects,Daylight,Daylight,"Two-Way, Divided, Unprotected Median",Transition Area,No Adverse Condition (Clear/Cloud),Straight - Level,With No Law Enforcement,No,Four Approaches,Lane Shift/Crossover,Traffic Lanes Marked,Dry,Intersection Area,Intersection Related - Within 150 Feet,Yes - Working,Yes,2022,Summer,August,Daytime,Noon - 2:59pm,12,Property Damage Crash,No,No,No,No,No,No,No,No,No,No,No,No,No,Multiple Vehicle Crashes,Prince William County,,Urban,38.78156,-77.60352,Non-Interstate,SC-619W (PRINCE WILLIAM COUNTY),619.0,LINTON HALL RD,1.21,Minor Arterial,At Intersection,ROCKY RUN RD,No,0,0,No,0,0,0,0,0,0,0,0,0,0,0,c7224970,0,0,1,Minor
2,2022-12-24,05:11:00,Saturday,Sideswipe - Same Direction,On Roadway,"Blacktop, Asphalt, Bituminous",No Defects,Darkness,Darkness - Road Lighted,"Two-Way, Not Divided",Not Provided,No Adverse Condition (Clear/Cloud),Straight - Level,Not Provided,No,Not at Intersection,Not Provided,No Traffic Control,Dry,Interchange Area,Main-Line Roadway,No Traffic Control Device Present,No,2022,Winter,December,Nighttime,3:00am - 5:59am,5,Property Damage Crash,No,No,No,No,No,No,No,No,No,Yes,No,No,No,Multiple Vehicle Crashes,Danville City,,Urban,36.57742,-79.39842,Non-Interstate,PAXTON ST W (NP - CITY OF DANVILLE),,PAXTON ST,0.04,Local,Not at Intersection,,No,0,0,No,0,0,0,0,0,0,0,0,0,0,0,c6884319,0,0,1,Minor
2,2022-05-17,07:27:00,Tuesday,Angle,On Roadway,"Blacktop, Asphalt, Bituminous",No Defects,Dawn,Dawn,"Two-Way, Divided, Unprotected Median",Not Provided,No Adverse Condition (Clear/Cloud),Straight - Level,Not Provided,No,Four Approaches,Not Provided,Traffic Signal,Dry,Intersection Area,Within Intersection,Yes - Working,No,2022,Spring,May,Daytime,6:00am - 8:59am,7,Injury Crash,No,No,No,No,Yes,No,No,No,No,No,No,No,No,Multiple Vehicle Crashes,Winchester City,,Urban,39.18277,-78.15367,Non-Interstate,PLEASANT VALLEY RD (NP - CITY OF WINCHESTER),,PLEASANT VALLEY RD,2.96,Minor Arterial,At Intersection,WOODSTOCK LN,No,0,0,No,0,0,0,0,0,1,0,0,0,0,1,c2795777,0,0,1,Minor
3,2024-03-29,15:00:00,Friday,Rear End,On Roadway,"Blacktop, Asphalt, Bituminous",No Defects,Daylight,Daylight,"Two-Way, Divided, Positive Median Barrier",Not Provided,No Adverse Condition (Clear/Cloud),Straight - Level,Not Provided,No,Not at Intersection,Not Provided,Traffic Lanes Marked,Dry,Intersection Area,Non-Intersection,Yes - Working,No,2024,Spring,March,Daytime,3:00pm - 5:59pm,15,Injury Crash,No,No,No,No,No,No,No,No,No,No,No,No,No,Multiple Vehicle Crashes,Stafford County,,Urban,38.46127,-77.40846,Interstate,I-95N,95.0,I-95,143.52,Interstate,Not at Intersection,,No,0,0,No,0,0,0,0,0,0,0,0,0,0,3,c9770889,0,1,0,Severe
2,2022-06-24,13:21:00,Friday,Rear End,On Roadway,"Blacktop, Asphalt, Bituminous",No Defects,Daylight,Daylight,"Two-Way, Not Divided",Not Provided,No Adverse Condition (Clear/Cloud),Grade - Straight,Not Provided,No,Not at Intersection,Not Provided,Traffic Lanes Marked,Dry,Intersection Area,Non-Intersection,Yes - Working,No,2022,Summer,June,Daytime,Noon - 2:59pm,13,Property Damage Crash,No,No,No,No,No,No,No,No,No,No,No,No,No,Multiple Vehicle Crashes,Spotsylvania County,,Urban,38.27415,-77.44958,Non-Interstate,BUS US-17N (2 CITY OF FREDERICKSBURG),17.0,TIDEWATER TRL,3.82,Minor Arterial,Not at Intersection,,No,0,0,No,0,0,0,0,0,0,0,0,0,0,0,c2541435,0,0,1,Minor
1,2024-12-14,08:00:00,Saturday,Deer,On Roadway,"Blacktop, Asphalt, Bituminous",No Defects,Daylight,Daylight,"Two-Way, Not Divided",Not Provided,No Adverse Condition (Clear/Cloud),Straight - Level,Not Provided,No,Not at Intersection,Not Provided,No Traffic Control,Dry,Intersection Area,Non-Intersection,No Traffic Control Device Present,No,2024,Winter,December,Daytime,6:00am - 8:59am,8,Property Damage Crash,No,No,No,No,No,No,No,No,No,No,No,No,No,Single Vehicle Crashes,Accomack County,,Rural,37.73121,-75.76655,Non-Interstate,SC-653E (ACCOMACK COUNTY),653.0,POPLAR COVE RD,1.56,Local,Not at Intersection,,No,0,0,No,0,0,0,0,0,0,0,0,0,0,0,c6950633,0,0,1,Minor