NumberOfVehicles,CrashDate,CrashTime,DayOfWeek,TypeOfCollision,LocationOfFirstHarmfulEvent,RoadwaySurfaceType,RoadwayDefect,LightCondition_Category,LightCondition_Value,RoadwayDescription,WorkZoneLocation,WeatherCondition,RoadwayAlignment,WorkZoneWorkersPresent,SchoolZone,IntersectionType,WorkZoneType,TrafficControlType,RoadwaySurfaceCondition,RelationToRoadway_Category,RelationToRoadway_Value,TrafficControlMechanicalDevice,WorkZoneRelated,Year,Meteorological Season,MonthName,DaytimeNighttime_NHTSA,ThreeHourLabel,Hour,CrashType,AlcoholInvolved,SpeedRelated,CommercialMotorVehiclesInvolved,PedestrianInvolved,BicycleInvolved,MotorcycleInvolved,MopedInvolved,TrainRelated,SchoolZoneInvolved,TeenDriverInvolved,DistractedDriverInvolved,DriverTextingInvolved,DriverUsingCellPhone,Single_Multi_Vehicle,Jurisdiction,TownName,LocationTypeName,Latitude,Longitude,Interstate_NonInterstate,RoadName,RouteNumber,RouteName,MileMarker,FunctionalClassCode,AtIntersection,SecondaryLocation,MatureDriverInvolved,MatureDriverFatalities,MatureDriverInjuries,LargeTruckInvolved,PedestrianFatalities,PedestrianInjuries,MotorcycleFatalities,MotorcycleInjuries,BicycleFatalities,BicycleInjuries,DistractedDriverFatalities,DistractedDriverInjuries,UnrestrainedInjuries,Number_Of_Fatalities,Number_Of_Injuries,Crash_UID,Is_Fatal,Is_Severe,Is_Minor,SeverityLabel
1,2023-03-29,00:30:00,Wednesday,Fixed Object - Off Road,Roadside,"Blacktop, Asphalt, Bituminous",No Defects,Darkness,Darkness - Road Lighted,"Two-Way, Not Divided",Not Provided,No Adverse Condition (Clear/Cloud),Straight - Level,Not Provided,No,Not at Intersection,Not Provided,No Traffic Control,Dry,Intersection Area,Non-Intersection,No Traffic Control Device Present,No,2023,Spring,March,Nighttime,Midnight - 2:59am,0,Property Damage Crash,No,No,No,No,No,No,No,No,No,No,Yes,No,Yes,Single Vehicle Crashes,Fairfax County,,Urban,38.70019,-77.23095,Non-Interstate,SC-1107S (FAIRFAX COUNTY),1107.0,3RD PL,0.14,Local,Not at Intersection,,No,0,0,No,0,0,0,0,0,0,0,0,0,0,0,c0931896,0,0,1,Minor
2,2024-02-16,20:38:00,Friday,Other,On Roadway,Concrete,No Defects,Darkness,Darkness - Road Lighted,"Two-Way, Divided, Unprotected Median",Not Provided,No Adverse Condition (Clear/Cloud),Straight - Level,Not Provided,No,Four Approaches,Not Provided,Traffic Signal,Dry,Intersection Area,Within Intersection,Yes - Working,No,2024,Winter,February,Nighttime,6:00pm - 8:59pm,20,Property Damage Crash,No,No,No,No,Yes,No,No,No,No,Yes,Yes,No,No,Multiple Vehicle Crashes,Norfolk City,,Urban,36.85656,-76.27907,Non-Interstate,UR-8575N (CITY OF NORFOLK),8575.0,CHURCH ST,0.96,Minor Arterial,At Intersection,VIRGINIA BEACH BLVD,No,0,0,No,0,0,0,0,0,0,0,0,0,0,0,c4481386,0,0,1,Minor
2,2023-04-15,10:34:00,Saturday,Angle,On Roadway,"Blacktop, Asphalt, Bituminous",No Defects,Daylight,Daylight,"Two-Way, Not Divided",Not Provided,No Adverse Condition (Clear/Cloud),Straight - Level,Not Provided,No,Four Approaches,Not Provided,Traffic Signal,Dry,Intersection Area,Within Intersection,Yes - Working,No,2023,Spring,April,Daytime,9:00am - 11:59am,10,Fatal Crash,No,Yes,No,No,No,Yes,No,No,No,No,No,No,No,Multiple Vehicle Crashes,Manassas City,,Urban,38.75566,-77.46595,Non-Interstate,VA-28N,28.0,CENTREVILLE RD,23.89,Minor Arterial,At Intersection,SUDLEY RD,No,0,0,No,0,0,1,0,0,0,0,0,0,1,0,c4450529,1,1,0,Fatal
2,2023-01-22,17:48:00,Sunday,Angle,On Roadway,"Blacktop, Asphalt, Bituminous",No Defects,Darkness,Darkness - Road Lighted,"Two-Way, Divided, Unprotected Median",Not Provided,Rain,Straight - Level,Not Provided,No,Four Approaches,Not Provided,No Traffic Control,Wet,Intersection Area,Intersection Related - Within 150 Feet,No Traffic Control Device Present,No,2023,Winter,January,Daytime,3:00pm - 5:59pm,17,Injury Crash,No,No,No,No,No,No,No,No,No,No,No,No,No,Multiple Vehicle Crashes,Culpeper County,Culpeper,Urban,38.48126,-77.97746,Non-Interstate,BUS US-15S (4 TOWN OF CULPEPER),15.0,JAMES MADISON HWY,3.53,Other Principal Arterial,At Intersection,NALLES MILL RD,No,0,0,No,0,0,0,0,0,0,0,0,0,0,2,c4726753,0,1,0,Severe
3,2022-09-21,05:41:00,Wednesday,Angle,On Roadway,"Blacktop, Asphalt, Bituminous",No Defects,Darkness,Darkness - Road Not Lighted,"Two-Way, Divided, Positive Median Barrier",Not Provided,No Adverse Condition (Clear/Cloud),Straight - Level,Not Provided,No,Not at Intersection,Not Provided,Traffic Lanes Marked,Dry,Intersection Area,Non-Intersection,Yes - Working,No,2022,Autumn,September,Nighttime,3:00am - 5:59am,5,Property Damage Crash,No,No,No,No,No,No,No,No,No,No,No,No,No,Multiple Vehicle Crashes,Fairfax County,,Urban,38.82559,-77.45791,Interstate,I-66W,66.0,I-66,51.41,Interstate,Not at Intersection,,No,0,0,No,0,0,0,0,0,0,0,0,0,0,0,c4164607,0,0,1,Minor
1,2024-05-18,11:59:00,Saturday,Fixed Object - Off Road,Median,"Blacktop, Asphalt, Bituminous",No Defects,Daylight,Daylight,"Two-Way, Not Divided",Not Provided,No Adverse Condition (Clear/Cloud),Straight - Level,Not Provided,No,Not at Intersection,Not Provided,Traffic Lanes Marked,Dry,Intersection Area,Non-Intersection,Yes - Working,No,2024,Spring,May,Daytime,9:00am - 11:59am,11,Injury Crash,No,No,No,No,No,No,No,No,No,No,No,No,No,Single Vehicle Crashes,Pittsylvania County,,Rural,37.01817,-79.35745,Non-Interstate,US-29N,29.0,US-29,40.27,Other Principal Arterial,Not at Intersection,,Yes,0,1,No,0,0,0,0,0,0,0,0,0,0,1,c9580550,0,0,1,Minor
2,2023-10-10,10:30:00,Tuesday,Other,On Roadway,"Blacktop, Asphalt, Bituminous",No Defects,Daylight,Daylight,"Two-Way, Divided, Positive Median Barrier",Not Provided,No Adverse Condition (Clear/Cloud),Curve - Level,Not Provided,No,Not at Intersection,Not Provided,Traffic Lanes Marked,Dry,Intersection Area,Non-Intersection,Yes - Working,No,2023,Autumn,October,Daytime,9:00am - 11:59am,10,Property Damage Crash,No,No,No,No,No,No,No,No,No,Yes,No,No,No,Multiple Vehicle Crashes,Henrico County,,Urban,37.59948,-77.49873,Interstate,I-64E,64.0,I-64,185.36,Interstate,Not at Intersection,,Yes,0,0,No,0,0,0,0,0,0,0,0,0,0,0,c1130601,0,0,1,Minor
1,2023-11-21,20:55:00,Tuesday,Non-Collision,"Off Roadway, Location Unknown","Blacktop, Asphalt, Bituminous",No Defects,Darkness,Darkness - Road Not Lighted,"Two-Way, Not Divided",Not Provided,Rain,Curve - Level,Not Provided,No,Three Approaches,Not Provided,Traffic Lanes Marked,Wet,Intersection Area,Within Intersection,Yes - Working,No,2023,Autumn,November,Nighttime,6:00pm - 8:59pm,20,Injury Crash,No,No,No,No,No,No,No,No,No,No,No,No,No,Single Vehicle Crashes,Loudoun County,,Rural,38.94868,-77.52549,Non-Interstate,SC-621S (LOUDOUN COUNTY),621.0,ARCOLA MILLS DR,4.41,Major Collector,At Intersection,ARCOLA BLVD,Yes,0,1,No,0,0,0,0,0,0,0,0,0,0,1,c6584966,0,0,1,Minor
3,2022-08-04,13:35:00,Thursday,Rear End,On Roadway,"Blacktop, Asphalt, Bituminous",No Defects,Daylight,Daylight,"Two-Way, Divided, Positive Median Barrier",Not Provided,No Adverse Condition (Clear/Cloud),Straight - Level,Not Provided,No,Not at Intersection,Not Provided,Traffic Lanes Marked,Dry,Interchange Area,Main-Line Roadway,Yes - Working,No,2022,Summer,August,Daytime,Noon - 2:59pm,13,Property Damage Crash,No,No,No,No,No,No,No,No,No,No,No,No,No,Multiple Vehicle Crashes,Richmond City,,Urban,37.5559,-77.45931,Non-Interstate,US-33E,33.0,BROAD ST,134.94,Other Principal Arterial,Not at Intersection,,No,0,0,No,0,0,0,0,0,0,0,0,0,0,0,c3575548,0,0,1,Minor
1,2022-03-09,08:40:00,Wednesday,Fixed Object - Off Road,Roadside,"Blacktop, Asphalt, Bituminous",No Defects,Daylight,Daylight,"One-Way, Not Divided",Not Provided,Rain,On/Off Ramp,Not Provided,No,Not at Intersection,Not Provided,Traffic Lanes Marked,Wet,Interchange Area,On Entrance/Exit Ramp,Yes - Working,No,2022,Spring,March,Daytime,6:00am - 8:59am,8,Property Damage Crash,No,Yes,No,No,No,No,No,No,No,No,No,No,No,Single Vehicle Crashes,Chesapeake City,,Urban,36.81234,-76.2803,Interstate,I-464N RAMP 4A,464.0,I-464 RAMP,0.07,Interstate,Not at Intersection,,No,0,0,No,0,0,0,0,0,0,0,0,0,0,0,c8977916,0,0,1,Minor
1,2024-05-06,19:04:00,Monday,Other,On Roadway,"Blacktop, Asphalt, Bituminous",No Defects,Dawn,Dawn,"Two-Way, Divided, Unprotected Median",Not Provided,Rain,Straight - Level,Not Provided,No,Not at Intersection,Not Provided,Traffic Lanes Marked,Wet,Interchange Area,Main-Line Roadway,Yes - Working,No,2024,Spring,May,Nighttime,6:00pm - 8:59pm,19,Property Damage Crash,No,Yes,No,No,No,No,No,No,No,No,No,No,No,Single Vehicle Crashes,Madison County,,Rural,38.29972,-78.32907,Non-Interstate,US-29S,29.0,SEMINOLE TRL,158.55,Other Principal Arterial,Not at Intersection,,Yes,0,0,No,0,0,0,0,0,0,0,0,0,0,0,c2453143,0,0,1,Minor
1,2024-08-09,05:57:00,Friday,Fixed Object in Road,On Roadway,"Blacktop, Asphalt, Bituminous",No Defects,Dawn,Dawn,"Two-Way, Divided, Unprotected Median",Not Provided,Rain,Straight - Level,Not Provided,No,Not at Intersection,Not Provided,Traffic Lanes Marked,Wet,Intersection Area,Non-Intersection,Yes - Working,No,2024,Summer,August,Nighttime,3:00am - 5:59am,5,Property Damage Crash,No,No,Yes,No,No,No,No,No,No,No,No,No,No,Single Vehicle Crashes,Caroline County,,Rural,38.09218,-77.29496,Non-Interstate,US-301N,301.0,AP HILL BLVD,117.12,Other Principal Arterial,Not at Intersection,,No,0,0,Yes,0,0,0,0,0,0,0,0,0,0,0,c9932276,0,0,1,Minor
2,2022-10-23,13:20:00,Sunday,Sideswipe - Same Direction,On Roadway,"Blacktop, Asphalt, Bituminous",No Defects,Daylight,Daylight,"Two-Way, Divided, Positive Median Barrier",Activity Area,No Adverse Condition (Clear/Cloud),Straight - Level,With No Law Enforcement,No,Not at Intersection,Work on Shoulder or Median,Traffic Lanes Marked,Dry,Intersection Area,Non-Intersection,Yes - Working,Yes,2022,Autumn,October,Daytime,Noon - 2:59pm,13,Property Damage Crash,No,Yes,No,No,No,No,No,No,No,No,No,No,No,Multiple Vehicle Crashes,Fairfax County,,Urban,38.83814,-77.44651,Interstate,I-66W,66.0,I-66,52.37,Interstate,Not at Intersection,,No,0,0,No,0,0,0,0,0,0,0,0,0,0,0,c9892686,0,0,1,Minor
2,2022-03-24,16:45:00,Thursday,Rear End,On Roadway,"Blacktop, Asphalt, Bituminous",No Defects,Daylight,Daylight,"Two-Way, Divided, Positive Median Barrier",Not Provided,Mist,Grade - Straight,Not Provided,No,Not at Intersection,Not Provided,Traffic Lanes Marked,Wet,Interchange Area,On Entrance/Exit Ramp,Yes - Working,No,2022,Spring,March,Daytime,3:00pm - 5:59pm,16,Property Damage Crash,No,Yes,No,No,No,No,No,No,No,No,No,No,No,Multiple Vehicle Crashes,Chesterfield County,,Urban,37.44393,-77.42944,Interstate,I-95S RAMP 67A,95.0,I-95 RAMP,0.25,Interstate,Not at Intersection,,No,0,0,No,0,0,0,0,0,0,0,0,0,0,0,c6900620,0,0,1,Minor
2,2024-11-20,20:27:00,Wednesday,Angle,On Roadway,"Blacktop, Asphalt, Bituminous",No Defects,Darkness,Darkness - Road Not Lighted,"Two-Way, Not Divided",Not Provided,Rain,Hillcrest - Straight,Not Provided,No,Four Approaches,Not Provided,Stop Sign,Wet,Intersection Area,Within Intersection,Yes - Working,No,2024,Autumn,November,Nighttime,6:00pm - 8:59pm,20,Property Damage Crash,No,No,No,No,No,No,No,No,No,No,Yes,No,No,Multiple Vehicle Crashes,Loudoun County,Purcellville,Urban,39.14394,-77.71422,Non-Interstate,UR-31N(2) (TOWN OF PURCELLVILLE),31.0,HIRST RD,0.17,Minor Collector,At Intersection,HATCHER AVE,No,0,0,No,0,0,0,0,0,0,0,0,0,0,0,c5541584,0,0,1,Minor
1,2023-05-01,21:10:00,Monday,Other Animal,On Roadway,"Blacktop, Asphalt, Bituminous",No Defects,Darkness,Darkness - Road Not Lighted,"Two-Way, Not Divided",Not Provided,No Adverse Condition (Clear/Cloud),Straight - Level,Not Provided,No,Not at Intersection,Not Provided,No Traffic Control,Dry,Intersection Area,Non-Intersection,No Traffic Control Device Present,No,2023,Spring,May,Nighttime,9:00pm - 11:59pm,21,Property Damage Crash,No,No,No,No,No,No,No,No,No,No,No,No,No,Single Vehicle Crashes,Smyth County,,Rural,36.76517,-81.57378,Non-Interstate,SC-656S (SMYTH COUNTY),656.0,STONEY BATTERY RD,3.37,Local,Not at Intersection,,No,0,0,No,0,0,0,0,0,0,0,0,0,0,0,c1033312,0,0,1,Minor
1,2024-10-10,17:37:00,Thursday,Fixed Object - Off Road,Shoulder,"Blacktop, Asphalt, Bituminous",No Defects,Daylight,Daylight,"Two-Way, Divided, Unprotected Median",Not Provided,No Adverse Condition (Clear/Cloud),Grade - Straight,Not Provided,No,Two Approaches,Not Provided,Traffic Lanes Marked,Dry,Intersection,Intersection Related - Outside 150 Feet,No Traffic Control Device Present,No,2024,Autumn,October,Daytime,3:00pm - 5:59pm,17,Property Damage Crash,No,Yes,No,No,No,No,No,No,No,No,No,No,No,Single Vehicle Crashes,Prince William County,,Urban,38.63854,-77.26807,Non-Interstate,US-1S,1.0,RICHMOND HWAY,174.21,Other Principal Arterial,Not at Intersection,,No,0,0,No,0,0,0,0,0,0,0,0,0,0,0,c2418897,0,0,1,Minor
2,2023-10-02,12:53:00,Monday,Rear End,On Roadway,"Blacktop, Asphalt, Bituminous",No Defects,Daylight,Daylight,"Two-Way, Divided, Positive Median Barrier",Not Provided,No Adverse Condition (Clear/Cloud),Grade - Straight,Not Provided,No,Not at Intersection,Not Provided,Traffic Lanes Marked,Dry,Intersection Area,Non-Intersection,Yes - Working,No,2023,Autumn,October,Daytime,Noon - 2:59pm,12,Property Damage Crash,No,Yes,No,No,No,No,No,No,No,No,No,No,No,Multiple Vehicle Crashes,Montgomery County,Christiansburg,Rural,37.14409,-80.34726,Interstate,I-81N,81.0,I-81,119.34,Interstate,Not at Intersection,,No,0,0,No,0,0,0,0,0,0,0,0,0,0,0,c3861781,0,0,1,Minor
2,2024-01-05,15:00:00,Friday,Angle,On Roadway,"Blacktop, Asphalt, Bituminous",No Defects,Daylight,Daylight,"Two-Way, Not Divided",Not Provided,No Adverse Condition (Clear/Cloud),Straight - Level,Not Provided,No,Four Approaches,Not Provided,Stop Sign,Dry,Intersection Area,Within Intersection,Yes - Working,No,2024,Winter,January,Daytime,3:00pm - 5:59pm,15,Property Damage Crash,No,No,No,No,No,No,No,No,No,No,No,No,No,Multiple Vehicle Crashes,Halifax County,,Rural,36.78048,-78.8702,Non-Interstate,VA-360E,360.0,BETHEL RD,38.17,Minor Arterial,At Intersection,COWFORD RD,Yes,0,0,No,0,0,0,0,0,0,0,0,0,0,0,c1419646,0,0,1,Minor
1,2023-04-28,08:15:00,Friday,Fixed Object - Off Road,Median,"Blacktop, Asphalt, Bituminous",No Defects,Daylight,Daylight,"Two-Way, Divided, Unprotected Median",Not Provided,Rain,Straight - Level,Not Provided,No,Not at Intersection,Not Provided,Traffic Lanes Marked,Wet,Intersection Area,Non-Intersection,Yes - Working,No,2023,Spring,April,Daytime,6:00am - 8:59am,8,Property Damage Crash,No,No,No,No,No,No,No,No,No,Yes,No,No,No,Single Vehicle Crashes,Brunswick County,,Rural,36.94129,-77.7304,Interstate,I-85N,85.0,I-85,40.04,Interstate,Not at Intersection,,No,0,0,No,0,0,0,0,0,0,0,0,0,0,0,c7251089,0,0,1,Minor
1,2023-11-22,02:22:00,Wednesday,Fixed Object - Off Road,Gore,"Blacktop, Asphalt, Bituminous",No Defects,Darkness,Darkness - Road Not Lighted,"Two-Way, Divided, Positive Median Barrier",Not Provided,No Adverse Condition (Clear/Cloud),Curve - Level,Not Provided,No,Not at Intersection,Not Provided,Traffic Lanes Marked,Wet,Intersection Area,Non-Intersection,Yes - Working,No,2023,Autumn,November,Nighttime,Midnight - 2:59am,2,Property Damage Crash,Yes,Yes,Yes,No,No,No,No,No,No,No,No,No,No,Single Vehicle Crashes,Caroline County,,Rural,37.9373,-77.47235,Interstate,I-95S RAMP 104A,207.0,I-95 RAMP,0.04,Interstate,Not at Intersection,,No,0,0,No,0,0,0,0,0,0,0,0,0,0,0,c8323803,0,0,1,Minor
2,2023-03-17,17:34:00,Friday,Angle,On Roadway,"Blacktop, Asphalt, Bituminous",No Defects,Daylight,Daylight,"Two-Way, Not Divided",Activity Area,No Adverse Condition (Clear/Cloud),Straight - Level,No Workers Present,No,Four Approaches,Lane Closure,Traffic Signal,Dry,Intersection Area,Within Intersection,Yes - Working,Yes,2023,Spring,March,Daytime,3:00pm - 5:59pm,17,Property Damage Crash,No,No,No,No,No,No,No,No,No,No,No,No,No,Multiple Vehicle Crashes,Emporia City,,Urban,36.69198,-77.54002,Non-Interstate,US-301N,301.0,MAIN ST,10.58,Minor Arterial,At Intersection,WEST END BLVD,Yes,0,0,No,0,0,0,0,0,0,0,0,0,0,0,c2702053,0,0,1,Minor
1,2023-04-01,11:51:00,Saturday,Fixed Object - Off Road,Shoulder,"Blacktop, Asphalt, Bituminous",No Defects,Daylight,Daylight,"Two-Way, Divided, Unprotected Median",Not Provided,No Adverse Condition (Clear/Cloud),Straight - Level,Not Provided,Yes - With School Activity,Not at Intersection,Not Provided,Traffic Lanes Marked,Dry,Intersection Area,Non-Intersection,Yes - Working,No,2023,Spring,April,Daytime,9:00am - 11:59am,11,Property Damage Crash,No,No,No,No,No,No,No,No,Yes,No,No,No,No,Single Vehicle Crashes,Chesterfield County,,Urban,37.41114,-77.4263,Interstate,I-95N,95.0,I-95,65.66,Interstate,Not at Intersection,,No,0,0,No,0,0,0,0,0,0,0,0,0,0,0,c1485017,0,0,1,Minor
2,2022-07-08,17:06:00,Friday,Rear End,On Roadway,"Blacktop, Asphalt, Bituminous",No Defects,Daylight,Daylight,"Two-Way, Divided, Unprotected Median",Not Provided,No Adverse Condition (Clear/Cloud),Straight - Level,Not Provided,No,Not at Intersection,Not Provided,Stop Sign,Dry,Intersection Area,Non-Intersection,Yes - Working,No,2022,Summer,July,Daytime,3:00pm - 5:59pm,17,Injury Crash,No,No,No,No,No,No,No,No,No,No,No,No,No,Multiple Vehicle Crashes,Roanoke City,,Urban,37.3188,-79.95515,Non-Interstate,US-11N,11.0,WILLIAMSON RD,155.56,Other Principal Arterial,At Intersection,WHITNEY AVE,No,0,0,No,0,0,0,0,0,0,0,0,0,0,3,c4320914,0,1,0,Severe
1,2022-02-07,11:22:00,Monday,Fixed Object - Off Road,Roadside,"Blacktop, Asphalt, Bituminous",No Defects,Daylight,Daylight,"Two-Way, Not Divided",Not Provided,No Adverse Condition (Clear/Cloud),Grade - Curve,Not Provided,No,Not at Intersection,Not Provided,No Passing Lines,Dry,Intersection Area,Non-Intersection,Yes - Working,No,2022,Winter,February,Daytime,9:00am - 11:59am,11,Property Damage Crash,No,No,No,No,No,No,No,No,No,No,No,No,No,Single Vehicle Crashes,Rockingham County,,Rural,38.47369,-78.89183,Non-Interstate,SC-763E (ROCKINGHAM COUNTY),763.0,MT CLINTON PIKE,7.34,Major Collector,Not at Intersection,,Yes,0,0,No,0,0,0,0,0,0,0,0,0,0,0,c1947390,0,0,1,Minor
1,2022-10-16,10:40:00,Sunday,Fixed Object - Off Road,Shoulder,"Blacktop, Asphalt, Bituminous",No Defects,Daylight,Daylight,"Two-Way, Divided, Unprotected Median",Not Provided,No Adverse Condition (Clear/Cloud),Straight - Level,Not Provided,No,Not at Intersection,Not Provided,Traffic Lanes Marked,Dry,Intersection Area,Non-Intersection,Yes - Working,No,2022,Autumn,October,Daytime,9:00am - 11:59am,10,Property Damage Crash,No,No,No,No,No,No,No,No,No,No,Yes,No,Yes,Single Vehicle Crashes,Chesapeake City,,Rural,36.63783,-76.19627,Non-Interstate,UR-8668E (CITY OF CHESAPEAKE),,HEAD OF RIVER RD,1.33,Major Collector,Not at Intersection,,No,0,0,No,0,0,0,0,0,0,0,0,0,0,0,c4243696,0,0,1,Minor
2,2023-04-18,13:22:00,Tuesday,Sideswipe - Same Direction,On Roadway,"Blacktop, Asphalt, Bituminous",No Defects,Daylight,Daylight,"Two-Way, Divided, Unprotected Median",Not Provided,No Adverse Condition (Clear/Cloud),Straight - Level,Not Provided,No,Not at Intersection,Not Provided,Traffic Lanes Marked,Dry,Intersection Area,Non-Intersection,Yes - Not Working,No,2023,Spring,April,Daytime,Noon - 2:59pm,13,Property Damage Crash,No,No,No,No,No,No,No,No,No,No,No,No,No,Multiple Vehicle Crashes,Loudoun County,,Urban,39.03332,-77.40764,Non-Interstate,VA-7E,7.0,HARRY BYRD HWY,47.28,Other Principal Arterial,At Intersection,PALISADE PKWY,Yes,0,0,No,0,0,0,0,0,0,0,0,0,0,0,c6433610,0,0,1,Minor
2,2022-07-08,11:08:00,Friday,Angle,On Roadway,"Blacktop, Asphalt, Bituminous",No Defects,Daylight,Daylight,"Two-Way, Not Divided",Not Provided,No Adverse Condition (Clear/Cloud),Straight - Level,Not Provided,No,Not at Intersection,Not Provided,Traffic Lanes Marked,Dry,Interchange Area,Main-Line Roadway,Yes - Working,No,2022,Summer,July,Daytime,9:00am - 11:59am,11,Property Damage Crash,No,No,No,No,No,No,No,No,No,No,No,No,No,Multiple Vehicle Crashes,Louisa County,,Rural,38.0283,-77.89518,Non-Interstate,US-522S,522.0,ZACHARY TAYLOR HWY,38.9,Minor Arterial,Not at Intersection,,No,0,0,No,0,0,0,0,0,0,0,0,0,0,0,c5011194,0,0,1,Minor
2,2022-09-03,13:48:00,Saturday,Rear End,On Roadway,"Blacktop, Asphalt, Bituminous",No Defects,Daylight,Daylight,"Two-Way, Divided, Unprotected Median",Not Provided,No Adverse Condition (Clear/Cloud),Straight - Level,Not Provided,No,Not at Intersection,Not Provided,Traffic Lanes Marked,Dry,Intersection Area,Non-Intersection,Yes - Working,No,2022,Autumn,September,Daytime,Noon - 2:59pm,13,Property Damage Crash,No,Yes,No,No,No,No,No,No,No,No,No,No,No,Multiple Vehicle Crashes,James City County,,Urban,37.40896,-76.79268,Interstate,I-64E,64.0,I-64,229.37,Interstate,Not at Intersection,,No,0,0,No,0,0,0,0,0,0,0,0,0,0,0,c5826790,0,0,1,Minor
2,2022-02-22,15:45:00,Tuesday,Rear End,On Roadway,"Blacktop, Asphalt, Bituminous",No Defects,Daylight,Daylight,"Two-Way, Divided, Positive Median Barrier",Not Provided,No Adverse Condition (Clear/Cloud),Straight - Level,Not Provided,No,Not at Intersection,Not Provided,Traffic Lanes Marked,Wet,Intersection Area,Non-Intersection,Yes - Working,No,2022,Winter,February,Daytime,3:00pm - 5:59pm,15,Property Damage Crash,No,Yes,No,No,No,No,No,No,No,No,No,No,No,Multiple Vehicle Crashes,Fairfax County,,Urban,38.87959,-77.22106,Interstate,I-495N,495.0,I-495,8.48,Interstate,Not at Intersection,,No,0,0,No,0,0,0,0,0,0,0,0,0,0,0,c5341965,0,0,1,Minor
2,2024-12-22,19:30:00,Sunday,Rear End,On Roadway,"Blacktop, Asphalt, Bituminous",No Defects,Darkness,Darkness - Road Not Lighted,"Two-Way, Divided, Unprotected Median",Not Provided,No Adverse Condition (Clear/Cloud),Straight - Level,Not Provided,No,Four Approaches,Not Provided,Traffic Signal,Dry,Intersection Area,Within Intersection,Yes - Working,No,2024,Winter,December,Nighttime,6:00pm - 8:59pm,19,Injury Crash,No,No,No,No,No,No,No,No,No,No,No,No,No,Multiple Vehicle Crashes,Manassas City,,Urban,38.75909,-77.50271,Non-Interstate,UR-4358W (CITY OF MANASSAS),0.0,WELLINGTON RD,0.03,Minor Arterial,At Intersection,GODWIN DR,No,0,0,No,0,0,0,0,0,0,0,0,0,0,2,c6391738,0,1,0,Severe
1,2022-02-14,23:18:00,Monday,Fixed Object - Off Road,Roadside,"Blacktop, Asphalt, Bituminous",No Defects,Darkness,Darkness - Road Lighted,"Two-Way, Divided, Unprotected Median",Not Provided,No Adverse Condition (Clear/Cloud),Straight - Level,Not Provided,No,Roundabout,Not Provided,Traffic Lanes Marked,Dry,Intersection Area,Within Intersection,Yes - Working,No,2022,Winter,February,Nighttime,9:00pm - 11:59pm,23,Property Damage Crash,No,Yes,No,No,No,No,No,No,No,No,No,No,No,Single Vehicle Crashes,Fredericksburg City,,Rural,38.3167,-77.50951,Non-Interstate,CARL D SILVER PKWY (PR - CITY OF FREDERICKSBURG),,CARL D SILVER PKWY,1.82,Local,At Intersection,JACKIE ROBINSON WAY,No,0,0,No,0,0,0,0,0,0,0,0,0,0,0,c5744467,0,0,1,Minor
3,2024-07-30,15:49:00,Tuesday,Rear End,On Roadway,"Blacktop, Asphalt, Bituminous",No Defects,Daylight,Daylight,"Two-Way, Divided, Positive Median Barrier",Not Provided,No Adverse Condition (Clear/Cloud),Straight - Level,Not Provided,No,Not at Intersection,Not Provided,Traffic Lanes Marked,Dry,Intersection Area,Non-Intersection,Yes - Working,No,2024,Summer,July,Daytime,3:00pm - 5:59pm,15,Injury Crash,No,Yes,No,No,No,No,No,No,No,No,No,No,No,Multiple Vehicle Crashes,Fairfax County,,Urban,38.80138,-77.1655,Interstate,SC-648U RAMP 1A (FAIRFAX COUNTY),395.0,I-395 RAMP,0.07,Interstate,Not at Intersection,,Yes,0,0,No,0,0,0,0,0,0,0,0,0,0,1,c1555991,0,0,1,Minor
2,2024-09-17,09:52:00,Tuesday,Rear End,On Roadway,"Blacktop, Asphalt, Bituminous",No Defects,Daylight,Daylight,"Two-Way, Divided, Positive Median Barrier",Not Provided,Rain,Hillcrest - Straight,Not Provided,No,Four Approaches,Not Provided,Traffic Signal,Wet,Intersection Area,Intersection Related - Within 150 Feet,Yes - Working,No,2024,Autumn,September,Daytime,9:00am - 11:59am,9,Property Damage Crash,No,No,No,No,No,No,No,No,No,No,No,No,No,Multiple Vehicle Crashes,Roanoke City,,Urban,37.32994,-79.98361,Non-Interstate,VA-117E,117.0,PETERS CREEK RD,5.18,Minor Arterial,At Intersection,THIRLANE RD,No,0,0,No,0,0,0,0,0,0,0,0,0,0,0,c3573328,0,0,1,Minor
2,2024-04-20,22:22:00,Saturday,Angle,On Roadway,"Blacktop, Asphalt, Bituminous",No Defects,Daylight,Daylight,"Two-Way, Divided, Positive Median Barrier",Not Provided,No Adverse Condition (Clear/Cloud),Straight - Level,Not Provided,No,Not at Intersection,Not Provided,No Traffic Control,Dry,Interchange Area,Main-Line Roadway,No Traffic Control Device Present,No,2024,Spring,April,Nighttime,9:00pm - 11:59pm,22,Injury Crash,No,No,Yes,No,No,No,No,No,No,No,No,No,No,Multiple Vehicle Crashes,Va. Beach City,,Urban,36.83788,-76.13719,Non-Interstate,VA-225S,225.0,INDEPENDENCE BLVD,0.4,Other Principal Arterial,At Intersection,BONNEY RD,No,0,0,No,0,0,0,0,0,0,0,0,0,0,1,c3779250,0,0,1,Minor