NumberOfVehicles,CrashDate,CrashTime,DayOfWeek,TypeOfCollision,LocationOfFirstHarmfulEvent,RoadwaySurfaceType,RoadwayDefect,LightCondition_Category,LightCondition_Value,RoadwayDescription,WorkZoneLocation,WeatherCondition,RoadwayAlignment,WorkZoneWorkersPresent,SchoolZone,IntersectionType,WorkZoneType,TrafficControlType,RoadwaySurfaceCondition,RelationToRoadway_Category,RelationToRoadway_Value,TrafficControlMechanicalDevice,WorkZoneRelated,Year,Meteorological Season,MonthName,DaytimeNighttime_NHTSA,ThreeHourLabel,Hour,CrashType,AlcoholInvolved,SpeedRelated,CommercialMotorVehiclesInvolved,PedestrianInvolved,BicycleInvolved,MotorcycleInvolved,MopedInvolved,TrainRelated,SchoolZoneInvolved,TeenDriverInvolved,DistractedDriverInvolved,DriverTextingInvolved,DriverUsingCellPhone,Single_Multi_Vehicle,Jurisdiction,TownName,LocationTypeName,Latitude,Longitude,Interstate_NonInterstate,RoadName,RouteNumber,RouteName,MileMarker,FunctionalClassCode,AtIntersection,SecondaryLocation,MatureDriverInvolved,MatureDriverFatalities,MatureDriverInjuries,LargeTruckInvolved,PedestrianFatalities,PedestrianInjuries,MotorcycleFatalities,MotorcycleInjuries,BicycleFatalities,BicycleInjuries,DistractedDriverFatalities,DistractedDriverInjuries,UnrestrainedInjuries,Number_Of_Fatalities,Number_Of_Injuries,Crash_UID,Is_Fatal,Is_Severe,Is_Minor,SeverityLabel
2,2022-06-20,18:32:00,Monday,Angle,On Roadway,"Blacktop, Asphalt, Bituminous",No Defects,Daylight,Daylight,"Two-Way, Divided, Unprotected Median",Not Provided,No Adverse Condition (Clear/Cloud),Straight - Level,Not Provided,No,Four Approaches,Not Provided,Stop Sign,Dry,Intersection Area,Within Intersection,Yes - Working,No,2022,Summer,June,Nighttime,6:00pm - 8:59pm,18,Property Damage Crash,No,No,No,No,No,No,No,No,No,Yes,No,No,No,Multiple Vehicle Crashes,Roanoke City,,Urban,37.2836,-79.95553,Non-Interstate,US-460W,460.0,ORANGE AVE,154.32,Other Principal Arterial,At Intersection,11TH ST,No,0,0,No,0,0,0,0,0,0,0,0,0,0,0,c7270932,0,0,1,Minor
2,2023-11-04,14:00:00,Saturday,Rear End,On Roadway,"Blacktop, Asphalt, Bituminous",No Defects,Daylight,Daylight,"Two-Way, Divided, Unprotected Median",Not Provided,No Adverse Condition (Clear/Cloud),Straight - Level,Not Provided,No,Three Approaches,Not Provided,Traffic Signal,Dry,Intersection Area,Intersection Related - Within 150 Feet,Yes - Working,No,2023,Autumn,November,Daytime,Noon - 2:59pm,14,Property Damage Crash,Yes,No,No,No,No,No,No,No,No,No,No,No,No,Multiple Vehicle Crashes,Hanover County,,Urban,37.68208,-77.46182,Non-Interstate,US-1S,1.0,WASHINGTON HWY,103.22,Other Principal Arterial,At Intersection,KINGS ACRES RD,No,0,0,No,0,0,0,0,0,0,0,0,0,0,0,c9469633,0,0,1,Minor
2,2023-05-21,14:05:00,Sunday,Angle,On Roadway,"Blacktop, Asphalt, Bituminous",No Defects,Daylight,Daylight,"Two-Way, Not Divided",Not Provided,No Adverse Condition (Clear/Cloud),Straight - Level,Not Provided,No,Three Approaches,Not Provided,Stop Sign,Dry,Intersection Area,Within Intersection,Yes - Working,No,2023,Spring,May,Daytime,Noon - 2:59pm,14,Property Damage Crash,No,No,No,No,No,No,No,No,No,No,No,No,No,Multiple Vehicle Crashes,Tazewell County,,Rural,37.28911,-81.37188,Non-Interstate,SC-644E (TAZEWELL COUNTY),644.0,BOISSEVAIN RD,12.73,Major Collector,At Intersection,MINERS PARK LN,No,0,0,No,0,0,0,0,0,0,0,0,0,0,0,c1331554,0,0,1,Minor
2,2024-10-16,14:40:00,Wednesday,Rear End,On Roadway,"Blacktop, Asphalt, Bituminous",No Defects,Daylight,Daylight,"One-Way, Not Divided",Not Provided,No Adverse Condition (Clear/Cloud),Grade - Straight,Not Provided,No,Two Approaches,Not Provided,Stop Sign,Dry,Interchange Area,Intersection at end of Ramp,Yes - Working,No,2024,Autumn,October,Daytime,Noon - 2:59pm,14,Property Damage Crash,No,No,No,No,No,No,No,No,No,No,Yes,No,No,Multiple Vehicle Crashes,Lexington City,,Urban,37.77834,-79.43299,Non-Interstate,US-60U RAMP 59B,60.0,MIDLAND TRL RAMP,0.06,Other Principal Arterial,At Intersection,LEE HWAY,Yes,0,0,No,0,0,0,0,0,0,0,0,0,0,0,c7066866,0,0,1,Minor
2,2022-04-10,17:28:00,Sunday,Fixed Object - Off Road,On Roadway,"Blacktop, Asphalt, Bituminous",No Defects,Daylight,Daylight,"Two-Way, Divided, Positive Median Barrier",Not Provided,No Adverse Condition (Clear/Cloud),Straight - Level,Not Provided,No,Not at Intersection,Not Provided,Traffic Lanes Marked,Dry,Intersection Area,Non-Intersection,Yes - Working,No,2022,Spring,April,Daytime,3:00pm - 5:59pm,17,Property Damage Crash,No,No,No,No,No,No,No,No,No,No,No,No,No,Multiple Vehicle Crashes,Henrico County,,Urban,37.4358,-77.3341,Interstate,I-295N,295.0,I-295,21.85,Interstate,Not at Intersection,,Yes,0,0,No,0,0,0,0,0,0,0,0,0,0,0,c7717994,0,0,1,Minor
1,2023-11-12,12:24:00,Sunday,Deer,On Roadway,"Blacktop, Asphalt, Bituminous",No Defects,Daylight,Daylight,"Two-Way, Not Divided",Not Provided,No Adverse Condition (Clear/Cloud),Curve - Level,Not Provided,No,Not at Intersection,Not Provided,Traffic Lanes Marked,Dry,Interchange Area,Main-Line Roadway,No Traffic Control Device Present,No,2023,Autumn,November,Daytime,Noon - 2:59pm,12,Property Damage Crash,No,No,No,No,No,No,No,No,No,No,No,No,No,Single Vehicle Crashes,Frederick County,,Rural,39.2812,-78.36951,Non-Interstate,US-50W,50.0,NORTHWESTERN PIKE,1.41,Other Principal Arterial,Not at Intersection,,No,0,0,No,0,0,0,0,0,0,0,0,0,0,0,c1444327,0,0,1,Minor
2,2022-10-13,14:47:00,Thursday,Angle,On Roadway,Concrete,No Defects,Daylight,Daylight,"Two-Way, Divided, Unprotected Median",Not Provided,No Adverse Condition (Clear/Cloud),Straight - Level,Not Provided,No,Not at Intersection,Not Provided,Traffic Lanes Marked,Dry,Intersection Area,Non-Intersection,Yes - Working,No,2022,Autumn,October,Daytime,Noon - 2:59pm,14,Property Damage Crash,No,No,No,No,No,No,No,No,No,No,No,No,No,Multiple Vehicle Crashes,Va. Beach City,,Urban,36.83628,-76.13542,Non-Interstate,UR-8738W (CITY OF VIRGINIA BEACH),,BONNEY RD,1.39,Major Collector,Not at Intersection,,No,0,0,No,0,0,0,0,0,0,0,0,0,0,0,c8589535,0,0,1,Minor
2,2022-08-31,15:33:00,Wednesday,Angle,On Roadway,"Blacktop, Asphalt, Bituminous",No Defects,Daylight,Daylight,"Two-Way, Divided, Positive Median Barrier",Termination Area,No Adverse Condition (Clear/Cloud),Grade - Straight,No Workers Present,No,Not at Intersection,Work on Shoulder or Median,Traffic Lanes Marked,Dry,Intersection Area,Non-Intersection,Yes - Working,Yes,2022,Summer,August,Daytime,3:00pm - 5:59pm,15,Property Damage Crash,No,No,No,No,No,No,No,No,No,No,Yes,No,No,Multiple Vehicle Crashes,Fairfax County,,Urban,38.87904,-77.25965,Interstate,I-66W,66.0,I-66,62.94,Interstate,Not at Intersection,,No,0,0,No,0,0,0,0,0,0,0,0,0,0,0,c4071408,0,0,1,Minor
2,2023-01-21,23:00:00,Saturday,Angle,On Roadway,"Blacktop, Asphalt, Bituminous",No Defects,Darkness,Darkness - Road Not Lighted,"Two-Way, Not Divided",Not Provided,No Adverse Condition (Clear/Cloud),Straight - Level,Not Provided,No,Not at Intersection,Not Provided,Traffic Lanes Marked,Dry,Interchange Area,Main-Line Roadway,Yes - Working,No,2023,Winter,January,Nighttime,9:00pm - 11:59pm,23,Property Damage Crash,No,Yes,No,No,No,No,No,No,No,No,No,No,No,Multiple Vehicle Crashes,Prince William County,,Rural,38.88642,-77.63274,Non-Interstate,US-15S,15.0,JAMES MADISON HWY,200.78,Other Principal Arterial,Not at Intersection,,Yes,0,0,No,0,0,0,0,0,0,0,0,0,0,0,c0415161,0,0,1,Minor
2,2023-03-30,16:00:00,Thursday,Angle,On Roadway,"Blacktop, Asphalt, Bituminous",No Defects,Daylight,Daylight,"Two-Way, Divided, Positive Median Barrier",Not Provided,No Adverse Condition (Clear/Cloud),Straight - Level,Not Provided,No,Three Approaches,Not Provided,Traffic Signal,Dry,Intersection Area,Intersection Related - Within 150 Feet,Yes - Working,No,2023,Spring,March,Daytime,3:00pm - 5:59pm,16,Property Damage Crash,No,No,No,No,No,No,No,No,No,No,Yes,No,No,Multiple Vehicle Crashes,Waynesboro City,,Urban,38.06766,-78.93851,Non-Interstate,BRYANT DR (NP - CITY OF WAYNESBORO),,BRYANT DR,0.01,Local,At Intersection,LEW DEWITT BLVD,No,0,0,Yes,0,0,0,0,0,0,0,0,0,0,0,c1179859,0,0,1,Minor
1,2023-12-28,23:08:00,Thursday,Deer,On Roadway,"Blacktop, Asphalt, Bituminous",No Defects,Darkness,Darkness - Road Not Lighted,"Two-Way, Not Divided",Not Provided,No Adverse Condition (Clear/Cloud),Straight - Level,Not Provided,No,Not at Intersection,Not Provided,Traffic Lanes Marked,Dry,Interchange Area,Main-Line Roadway,No Traffic Control Device Present,No,2023,Winter,December,Nighttime,9:00pm - 11:59pm,23,Property Damage Crash,No,No,No,No,No,No,No,No,No,Yes,No,No,No,Single Vehicle Crashes,Frederick County,,Urban,39.09766,-78.18539,Non-Interstate,SC-642S (FREDERICK COUNTY),642.0,TASKER RD,4.7,Major Collector,Not at Intersection,,No,0,0,No,0,0,0,0,0,0,0,0,0,0,0,c2067308,0,0,1,Minor
1,2023-07-08,15:32:00,Saturday,Fixed Object - Off Road,Roadside,"Blacktop, Asphalt, Bituminous",No Defects,Daylight,Daylight,"Two-Way, Not Divided",Not Provided,Rain,Straight - Level,Not Provided,No,Three Approaches,Not Provided,Traffic Signal,Wet,Intersection Area,Within Intersection,Yes - Working,No,2023,Summer,July,Daytime,3:00pm - 5:59pm,15,Property Damage Crash,No,Yes,No,No,No,No,No,No,No,Yes,No,No,No,Single Vehicle Crashes,King George County,,Rural,38.2614,-77.04513,Non-Interstate,VA-218W,218.0,TETOTUM RD,29.98,Major Collector,At Intersection,RIDGE RD,No,0,0,No,0,0,0,0,0,0,0,0,0,0,0,c4894082,0,0,1,Minor
2,2023-01-12,10:27:00,Thursday,Other,On Roadway,"Blacktop, Asphalt, Bituminous",No Defects,Daylight,Daylight,"Two-Way, Divided, Positive Median Barrier",Not Provided,No Adverse Condition (Clear/Cloud),Straight - Level,Not Provided,No,Three Approaches,Not Provided,No Traffic Control,Dry,Intersection Area,Within Intersection,No Traffic Control Device Present,No,2023,Winter,January,Daytime,9:00am - 11:59am,10,Injury Crash,No,No,No,No,No,No,No,No,No,No,No,No,No,Multiple Vehicle Crashes,Charlottesville City,,Urban,38.03646,-78.48795,Non-Interstate,BUS US-250P (1 CITY OF CHARLOTTESVILLE),250.0,PRESTON AVE,1.18,Minor Arterial,At Intersection,8TH ST,No,0,0,No,0,0,0,0,0,0,0,0,0,0,1,c7875185,0,0,1,Minor
2,2022-01-26,19:51:00,Wednesday,Sideswipe - Same Direction,On Roadway,"Blacktop, Asphalt, Bituminous",No Defects,Darkness,Darkness - Road Not Lighted,"Two-Way, Divided, Positive Median Barrier",Not Provided,No Adverse Condition (Clear/Cloud),Straight - Level,Not Provided,No,Not at Intersection,Not Provided,Traffic Lanes Marked,Dry,Intersection Area,Non-Intersection,Yes - Working,No,2022,Winter,January,Nighttime,6:00pm - 8:59pm,19,Property Damage Crash,No,No,No,No,No,No,No,No,No,No,No,No,No,Multiple Vehicle Crashes,Goochland County,,Rural,37.6957,-77.71685,Interstate,I-64W,64.0,I-64,171.27,Interstate,Not at Intersection,,No,0,0,No,0,0,0,0,0,0,0,0,0,0,0,c3477150,0,0,1,Minor
1,2024-09-09,13:15:00,Monday,Fixed Object - Off Road,On Roadway,"Blacktop, Asphalt, Bituminous",No Defects,Daylight,Daylight,"Two-Way, Divided, Positive Median Barrier",Not Provided,No Adverse Condition (Clear/Cloud),On/Off Ramp,Not Provided,No,Not at Intersection,Not Provided,Traffic Lanes Marked,Dry,Interchange Area,On Entrance/Exit Ramp,Yes - Working,No,2024,Autumn,September,Daytime,Noon - 2:59pm,13,Injury Crash,No,Yes,No,No,No,No,No,No,No,No,Yes,No,No,Single Vehicle Crashes,Fairfax County,,Urban,38.74142,-77.19114,Interstate,VA-286S RAMP 3B,95.0,I-95 RAMP,0.03,Interstate,Not at Intersection,,No,0,0,No,0,0,0,0,0,0,0,1,0,0,4,c5941417,0,1,0,Severe
2,2023-12-14,11:06:00,Thursday,Angle,On Roadway,"Blacktop, Asphalt, Bituminous",No Defects,Daylight,Daylight,"Two-Way, Divided, Unprotected Median",Not Provided,No Adverse Condition (Clear/Cloud),Straight - Level,Not Provided,No,Two Approaches,Not Provided,Traffic Lanes Marked,Dry,Other Location,"Driveway, Alley-Access - Related",Yes - Working,No,2023,Winter,December,Daytime,9:00am - 11:59am,11,Property Damage Crash,No,No,Yes,No,No,No,No,No,No,No,No,No,No,Multiple Vehicle Crashes,Essex County,Tappahannock,Urban,37.92852,-76.86112,Non-Interstate,US-17N,17.0,CHURCH LN,126.51,Other Principal Arterial,At Intersection,QUEEN ST,Yes,0,0,Yes,0,0,0,0,0,0,0,0,0,0,0,c7928786,0,0,1,Minor
4,2022-06-05,03:55:00,Sunday,Angle,On Roadway,"Blacktop, Asphalt, Bituminous",No Defects,Darkness,Darkness - Road Not Lighted,"Two-Way, Divided, Positive Median Barrier",Not Provided,No Adverse Condition (Clear/Cloud),Straight - Level,Not Provided,No,Not at Intersection,Not Provided,Traffic Lanes Marked,Dry,Interchange Area,Main-Line Roadway,Yes - Working,No,2022,Summer,June,Nighttime,3:00am - 5:59am,3,Injury Crash,Yes,Yes,No,No,No,No,No,No,No,No,No,No,No,Multiple Vehicle Crashes,Prince William County,,Urban,38.64998,-77.28366,Interstate,I-95S,95.0,I-95,158.6,Interstate,Not at Intersection,,No,0,0,No,0,0,0,0,0,0,0,0,0,0,3,c0800315,0,1,0,Severe
1,2024-05-12,23:30:00,Sunday,Fixed Object - Off Road,Roadside,"Blacktop, Asphalt, Bituminous",No Defects,Darkness,Darkness - Road Not Lighted,"Two-Way, Not Divided",Not Provided,No Adverse Condition (Clear/Cloud),Curve - Level,Not Provided,No,Not at Intersection,Not Provided,Traffic Lanes Marked,Dry,Intersection Area,Non-Intersection,Yes - Working,No,2024,Spring,May,Nighttime,9:00pm - 11:59pm,23,Property Damage Crash,No,No,No,No,No,No,No,No,No,No,No,No,No,Single Vehicle Crashes,Lunenburg County,,Rural,36.9623,-78.21392,Non-Interstate,SC-635N (LUNENBURG COUNTY),635.0,ORAL OAKS RD,12.42,Major Collector,Not at Intersection,,No,0,0,No,0,0,0,0,0,0,0,0,0,0,0,c9170524,0,0,1,Minor
1,2024-06-21,21:51:00,Friday,Other Animal,On Roadway,"Blacktop, Asphalt, Bituminous",No Defects,Darkness,Darkness - Road Not Lighted,"Two-Way, Divided, Positive Median Barrier",Not Provided,No Adverse Condition (Clear/Cloud),Other,Not Provided,No,Not at Intersection,Not Provided,Traffic Lanes Marked,Dry,Intersection Area,Non-Intersection,Yes - Working,No,2024,Summer,June,Nighttime,9:00pm - 11:59pm,21,Property Damage Crash,No,No,No,No,No,No,No,No,No,No,No,No,No,Single Vehicle Crashes,Madison County,,Rural,38.43877,-78.13718,Non-Interstate,US-29S,29.0,SEMINOLE TRL,173.24,Other Principal Arterial,Not at Intersection,,No,0,0,No,0,0,0,0,0,0,0,0,0,0,0,c0784383,0,0,1,Minor
2,2024-02-03,11:23:00,Saturday,Angle,On Roadway,"Blacktop, Asphalt, Bituminous",No Defects,Daylight,Daylight,"Two-Way, Divided, Positive Median Barrier",Not Provided,No Adverse Condition (Clear/Cloud),Grade - Straight,Not Provided,No,Four Approaches,Not Provided,Traffic Signal,Dry,Interchange Area,Main-Line Roadway,Yes - Working,No,2024,Winter,February,Daytime,9:00am - 11:59am,11,Property Damage Crash,No,No,No,No,No,No,No,No,No,No,No,No,No,Multiple Vehicle Crashes,Fairfax County,,Urban,38.83167,-77.20383,Non-Interstate,SC-2249N (FAIRFAX COUNTY),2249.0,MEDFORD DR,0.71,Local,At Intersection,LITTLE RIVER TPKE,No,0,0,No,0,0,0,0,0,0,0,0,0,0,0,c4430181,0,0,1,Minor
2,2022-09-17,23:35:00,Saturday,Backed Into,On Roadway,"Blacktop, Asphalt, Bituminous",No Defects,Darkness,Darkness - Road Lighted,"One-Way, Not Divided",Not Provided,No Adverse Condition (Clear/Cloud),Straight - Level,Not Provided,No,Not at Intersection,Not Provided,Traffic Signal,Dry,Intersection Area,Non-Intersection,Yes - Working,No,2022,Autumn,September,Nighttime,9:00pm - 11:59pm,23,Injury Crash,No,No,No,No,No,No,No,No,No,No,No,No,No,Multiple Vehicle Crashes,Arlington County,,Urban,38.88688,-77.09508,Non-Interstate,CR-4W (ARLINGTON COUNTY),4.0,CLARENDON BLVD,0.11,Other Principal Arterial,At Intersection,HIGHLAND ST,No,0,0,No,0,0,0,0,0,0,0,0,0,0,1,c7421666,0,0,1,Minor
1,2022-09-25,06:30:00,Sunday,Other,Shoulder,"Blacktop, Asphalt, Bituminous",No Defects,Dawn,Dawn,"One-Way, Not Divided",Not Provided,No Adverse Condition (Clear/Cloud),Straight - Level,Not Provided,No,Not at Intersection,Not Provided,Traffic Lanes Marked,Dry,Intersection Area,Non-Intersection,Yes - Working,No,2022,Autumn,September,Daytime,6:00am - 8:59am,6,Property Damage Crash,No,No,No,No,No,No,No,No,No,No,Yes,No,No,Single Vehicle Crashes,Richmond City,,Urban,37.54645,-77.44107,Non-Interstate,UR-52E (CITY OF RICHMOND),52.0,MARSHALL ST,0.36,Major Collector,Not at Intersection,,No,0,0,No,0,0,0,0,0,0,0,0,0,0,0,c4924600,0,0,1,Minor
2,2024-06-16,16:32:00,Sunday,Angle,On Roadway,"Blacktop, Asphalt, Bituminous",No Defects,Daylight,Daylight,"Two-Way, Not Divided",Not Provided,No Adverse Condition (Clear/Cloud),Straight - Level,Not Provided,No,Three Approaches,Not Provided,Stop Sign,Dry,Intersection Area,Intersection Related - Within 150 Feet,Yes - Working,No,2024,Summer,June,Daytime,3:00pm - 5:59pm,16,Injury Crash,No,No,No,No,No,No,No,No,No,No,No,No,No,Multiple Vehicle Crashes,Lynchburg City,,Urban,37.39188,-79.17051,Non-Interstate,BUS US-460E (11 CITY OF LYNCHBURG),460.0,FORT AVE,8.04,Minor Arterial,At Intersection,RUTHERFORD ST,No,0,0,No,0,0,0,0,0,0,0,0,0,0,1,c7693795,0,0,1,Minor
2,2024-06-07,10:28:00,Friday,Angle,On Roadway,"Blacktop, Asphalt, Bituminous",No Defects,Daylight,Daylight,"Two-Way, Divided, Unprotected Median",Not Provided,No Adverse Condition (Clear/Cloud),Straight - Level,Not Provided,No,Two Approaches,Not Provided,Stop Sign,Dry,Intersection Area,Within Intersection,Yes - Working,No,2024,Summer,June,Daytime,9:00am - 11:59am,10,Injury Crash,No,No,No,No,No,No,No,No,No,Yes,No,No,No,Multiple Vehicle Crashes,Prince William County,,Urban,38.58287,-77.30705,Non-Interstate,SC-1194E (PRINCE WILLIAM COUNTY),1194.0,RIVER HERITAGE BLVD,0.74,Major Collector,Not at Intersection,,Yes,0,1,No,0,0,0,0,0,0,0,0,0,0,2,c4219894,0,1,0,Severe
2,2023-07-20,17:39:00,Thursday,Angle,On Roadway,"Blacktop, Asphalt, Bituminous",No Defects,Daylight,Daylight,"Two-Way, Divided, Unprotected Median",Not Provided,No Adverse Condition (Clear/Cloud),Straight - Level,Not Provided,No,Three Approaches,Not Provided,Stop Sign,Dry,Interchange Area,Main-Line Roadway,Yes - Working,No,2023,Summer,July,Daytime,3:00pm - 5:59pm,17,Property Damage Crash,No,No,No,No,No,No,No,No,No,No,No,No,No,Multiple Vehicle Crashes,Hanover County,,Rural,37.84572,-77.46482,Non-Interstate,US-1S,1.0,WASHINGTON HWY,114.78,Minor Arterial,At Intersection,KINGS DOMINION BLVD,No,0,0,No,0,0,0,0,0,0,0,0,0,0,0,c9564599,0,0,1,Minor
2,2022-04-23,21:25:00,Saturday,Sideswipe - Same Direction,On Roadway,"Blacktop, Asphalt, Bituminous",No Defects,Darkness,Darkness - Road Lighted,"Two-Way, Not Divided",Not Provided,No Adverse Condition (Clear/Cloud),Straight - Level,Not Provided,No,Four Approaches,Not Provided,Traffic Signal,Dry,Interchange Area,Main-Line Roadway,Yes - Working,No,2022,Spring,April,Nighttime,9:00pm - 11:59pm,21,Property Damage Crash,No,No,No,No,No,No,No,No,No,No,Yes,No,No,Multiple Vehicle Crashes,Fairfax County,,Urban,38.70553,-77.22194,Non-Interstate,SC-642W (FAIRFAX COUNTY),642.0,LORTON RD,2.36,Minor Arterial,At Intersection,GUNSTON COVE RD,No,0,0,No,0,0,0,0,0,0,0,0,0,0,0,c3817836,0,0,1,Minor
1,2022-03-05,17:30:00,Saturday,Fixed Object - Off Road,On Roadway,"Blacktop, Asphalt, Bituminous",No Defects,Daylight,Daylight,"Two-Way, Divided, Positive Median Barrier",Not Provided,No Adverse Condition (Clear/Cloud),Straight - Level,Not Provided,No,Not at Intersection,Not Provided,Traffic Lanes Marked,Dry,Intersection Area,Non-Intersection,Yes - Working,No,2022,Spring,March,Daytime,3:00pm - 5:59pm,17,Property Damage Crash,No,No,No,No,No,No,No,No,No,Yes,No,No,No,Single Vehicle Crashes,Arlington County,,Urban,38.83778,-77.08847,Interstate,I-395N RAMP 6A,395.0,I-395 RAMP,0.01,Interstate,Not at Intersection,,No,0,0,No,0,0,0,0,0,0,0,0,0,0,0,c7991475,0,0,1,Minor
2,2024-08-10,09:30:00,Saturday,Rear End,On Roadway,"Blacktop, Asphalt, Bituminous",No Defects,Daylight,Daylight,"Two-Way, Divided, Unprotected Median",Not Provided,No Adverse Condition (Clear/Cloud),Straight - Level,Not Provided,No,Four Approaches,Not Provided,Traffic Signal,Dry,Intersection Area,Intersection Related - Within 150 Feet,Yes - Working,No,2024,Summer,August,Daytime,9:00am - 11:59am,9,Property Damage Crash,No,No,No,No,No,No,No,No,No,No,Yes,No,No,Multiple Vehicle Crashes,Accomack County,,Rural,37.70035,-75.71328,Non-Interstate,US-13N,13.0,LANKFORD HWAY,117.98,Other Principal Arterial,Not at Intersection,,Yes,0,0,No,0,0,0,0,0,0,0,0,0,0,0,c4799202,0,0,1,Minor
2,2022-03-23,16:10:00,Wednesday,Rear End,On Roadway,Concrete,No Defects,Daylight,Daylight,"Two-Way, Divided, Positive Median Barrier",Not Provided,Rain,Straight - Level,Not Provided,No,Not at Intersection,Not Provided,Traffic Lanes Marked,Wet,Intersection Area,Non-Intersection,Yes - Working,No,2022,Spring,March,Daytime,3:00pm - 5:59pm,16,Property Damage Crash,No,No,No,No,No,No,No,No,No,No,No,No,No,Multiple Vehicle Crashes,Hampton City,,Urban,37.05381,-76.4096,Interstate,I-64W,64.0,I-64,262.59,Interstate,Not at Intersection,,No,0,0,No,0,0,0,0,0,0,0,0,0,0,0,c1168846,0,0,1,Minor
2,2022-08-29,14:41:00,Monday,Rear End,On Roadway,"Blacktop, Asphalt, Bituminous",No Defects,Daylight,Daylight,"Two-Way, Divided, Positive Median Barrier",Not Provided,No Adverse Condition (Clear/Cloud),Grade - Straight,Not Provided,No,Not at Intersection,Not Provided,Traffic Lanes Marked,Dry,Interchange Area,Main-Line Roadway,Yes - Working,No,2022,Summer,August,Daytime,Noon - 2:59pm,14,Property Damage Crash,No,No,No,No,No,No,No,No,No,No,No,No,No,Multiple Vehicle Crashes,Suffolk City,,Urban,36.86561,-76.42238,Non-Interstate,VA-135S,135.0,COLLEGE DR,0.01,Minor Arterial,At Intersection,BRIDGE RD,No,0,0,No,0,0,0,0,0,0,0,0,0,0,0,c3758192,0,0,1,Minor
1,2024-09-05,21:17:00,Thursday,Fixed Object - Off Road,Shoulder,"Blacktop, Asphalt, Bituminous",No Defects,Darkness,Darkness - Road Lighted,"Two-Way, Divided, Unprotected Median",Not Provided,No Adverse Condition (Clear/Cloud),On/Off Ramp,Not Provided,No,Not at Intersection,Not Provided,Traffic Lanes Marked,Dry,Interchange Area,On Entrance/Exit Ramp,Yes - Working,No,2024,Autumn,September,Nighttime,9:00pm - 11:59pm,21,Property Damage Crash,No,Yes,No,No,No,No,No,No,No,No,No,No,No,Single Vehicle Crashes,Va. Beach City,,Urban,36.8063,-76.19682,Interstate,I-64E RAMP 286B,64.0,I-64 RAMP,0.04,Interstate,Not at Intersection,,No,0,0,No,0,0,0,0,0,0,0,0,0,0,0,c2806333,0,0,1,Minor
2,2024-06-18,23:15:00,Tuesday,Rear End,On Roadway,"Blacktop, Asphalt, Bituminous",No Defects,Darkness,Darkness - Road Not Lighted,"Two-Way, Divided, Positive Median Barrier",Not Provided,No Adverse Condition (Clear/Cloud),Straight - Level,Not Provided,No,Not at Intersection,Not Provided,Traffic Lanes Marked,Dry,Intersection Area,Non-Intersection,Yes - Working,No,2024,Summer,June,Nighttime,9:00pm - 11:59pm,23,Injury Crash,No,No,No,No,No,No,No,No,No,No,No,No,No,Multiple Vehicle Crashes,Washington County,Abingdon,Urban,36.70298,-81.9579,Interstate,I-81S,81.0,I-81,18.59,Interstate,Not at Intersection,,No,0,0,No,0,0,0,0,0,0,0,0,0,0,1,c9227566,0,0,1,Minor
3,2022-10-28,14:10:00,Friday,Angle,On Roadway,"Blacktop, Asphalt, Bituminous",No Defects,Daylight,Daylight,"Two-Way, Divided, Unprotected Median",Not Provided,No Adverse Condition (Clear/Cloud),Straight - Level,Not Provided,No,Four Approaches,Not Provided,Traffic Signal,Dry,Intersection Area,Within Intersection,Yes - Working,No,2022,Autumn,October,Daytime,Noon - 2:59pm,14,Property Damage Crash,No,No,No,No,No,No,No,No,No,No,Yes,No,No,Multiple Vehicle Crashes,Henrico County,,Urban,37.64493,-77.51623,Non-Interstate,CR-7526E (HENRICO COUNTY),7526.0,HUNGARY RD,2.49,Minor Arterial,At Intersection,HUNGARY SPRING RD,No,0,0,No,0,0,0,0,0,0,0,0,0,0,0,c6836952,0,0,1,Minor
2,2023-10-03,02:00:00,Tuesday,Rear End,Shoulder,"Blacktop, Asphalt, Bituminous",No Defects,Darkness,Darkness - Road Not Lighted,"Two-Way, Not Divided",Not Provided,No Adverse Condition (Clear/Cloud),Straight - Level,Not Provided,No,Not at Intersection,Not Provided,Stop Sign,Dry,Intersection Area,Non-Intersection,Yes - Working,No,2023,Autumn,October,Nighttime,Midnight - 2:59am,2,Property Damage Crash,No,No,No,No,No,No,No,No,No,No,Yes,No,No,Multiple Vehicle Crashes,Henrico County,,Urban,37.48611,-77.36896,,EAGLES NEST CT (NP - HENRICO COUNTY),,EAGLES NEST CT,0.05,,Not at Intersection,,No,0,0,No,0,0,0,0,0,0,0,0,0,0,0,c5653246,0,0,1,Minor
1,2024-10-10,07:30:00,Thursday,Deer,On Roadway,"Blacktop, Asphalt, Bituminous",No Defects,Dawn,Dawn,"Two-Way, Not Divided",Not Provided,No Adverse Condition (Clear/Cloud),Grade - Curve,Not Provided,Yes,Not at Intersection,Not Provided,Traffic Lanes Marked,Dry,Intersection Area,Non-Intersection,Yes - Working,No,2024,Autumn,October,Daytime,6:00am - 8:59am,7,Property Damage Crash,No,No,No,No,No,No,No,No,Yes,No,No,No,No,Single Vehicle Crashes,Bedford County,,Rural,37.24007,-79.62867,Non-Interstate,VA-24E,24.0,STEWARTSVILLE RD,18.63,Minor Arterial,At Intersection,GOLDEN EAGLE DR,No,0,0,No,0,0,0,0,0,0,0,0,0,0,0,c9054744,0,0,1,Minor