NumberOfVehicles,CrashDate,CrashTime,DayOfWeek,TypeOfCollision,LocationOfFirstHarmfulEvent,RoadwaySurfaceType,RoadwayDefect,LightCondition_Category,LightCondition_Value,RoadwayDescription,WorkZoneLocation,WeatherCondition,RoadwayAlignment,WorkZoneWorkersPresent,SchoolZone,IntersectionType,WorkZoneType,TrafficControlType,RoadwaySurfaceCondition,RelationToRoadway_Category,RelationToRoadway_Value,TrafficControlMechanicalDevice,WorkZoneRelated,Year,Meteorological Season,MonthName,DaytimeNighttime_NHTSA,ThreeHourLabel,Hour,CrashType,AlcoholInvolved,SpeedRelated,CommercialMotorVehiclesInvolved,PedestrianInvolved,BicycleInvolved,MotorcycleInvolved,MopedInvolved,TrainRelated,SchoolZoneInvolved,TeenDriverInvolved,DistractedDriverInvolved,DriverTextingInvolved,DriverUsingCellPhone,Single_Multi_Vehicle,Jurisdiction,TownName,LocationTypeName,Latitude,Longitude,Interstate_NonInterstate,RoadName,RouteNumber,RouteName,MileMarker,FunctionalClassCode,AtIntersection,SecondaryLocation,MatureDriverInvolved,MatureDriverFatalities,MatureDriverInjuries,LargeTruckInvolved,PedestrianFatalities,PedestrianInjuries,MotorcycleFatalities,MotorcycleInjuries,BicycleFatalities,BicycleInjuries,DistractedDriverFatalities,DistractedDriverInjuries,UnrestrainedInjuries,Number_Of_Fatalities,Number_Of_Injuries,Crash_UID,Is_Fatal,Is_Severe,Is_Minor,SeverityLabel
2,2024-11-07,17:47:00,Thursday,Head On,On Roadway,"Blacktop, Asphalt, Bituminous",No Defects,Darkness,Darkness - Road Lighted,"Two-Way, Not Divided",Not Provided,No Adverse Condition (Clear/Cloud),Straight - Level,Not Provided,No,Three Approaches,Not Provided,Pedestrian Crosswalk,Dry,Intersection Area,Within Intersection,Yes - Working,No,2024,Autumn,November,Daytime,3:00pm - 5:59pm,17,Injury Crash,No,No,No,No,Yes,No,No,No,No,No,Yes,No,No,Multiple Vehicle Crashes,Va. Beach City,,Urban,36.85642,-75.97743,Non-Interstate,UR-8719N (CITY OF VIRGINIA BEACH),,ATLANTIC AVE,0.78,Major Collector,At Intersection,28TH ST,Yes,0,1,No,0,0,0,0,0,1,0,1,0,0,1,c0659194,0,0,1,Minor
2,2024-03-12,13:13:00,Tuesday,Angle,On Roadway,"Blacktop, Asphalt, Bituminous",No Defects,Daylight,Daylight,"Two-Way, Divided, Unprotected Median",Not Provided,No Adverse Condition (Clear/Cloud),Straight - Level,Not Provided,No,Four Approaches,Not Provided,Traffic Signal,Dry,Intersection Area,Within Intersection,Yes - Working,No,2024,Spring,March,Daytime,Noon - 2:59pm,13,Property Damage Crash,No,No,Yes,No,No,No,No,No,No,No,No,No,No,Multiple Vehicle Crashes,Newport News City,,Urban,37.12897,-76.53715,Non-Interstate,US-60E,60.0,WARWICK BLVD,255.1,Other Principal Arterial,At Intersection,DENBIGH BLVD,Yes,0,0,No,0,0,0,0,0,0,0,0,0,0,0,c5630297,0,0,1,Minor
4,2023-11-22,15:11:00,Wednesday,Angle,On Roadway,"Blacktop, Asphalt, Bituminous",Slick Pavement,Daylight,Daylight,"Two-Way, Divided, Positive Median Barrier",Not Provided,Rain,Straight - Level,Not Provided,No,Three Approaches,Not Provided,Traffic Lanes Marked,Wet,Intersection Area,Within Intersection,Yes - Working,No,2023,Autumn,November,Daytime,3:00pm - 5:59pm,15,Property Damage Crash,No,Yes,No,No,No,No,No,No,No,No,No,No,No,Multiple Vehicle Crashes,Chesapeake City,,Urban,36.76495,-76.2477,Non-Interstate,UR-8717E (CITY OF CHESAPEAKE),,VOLVO PKWY,1.0,Minor Arterial,At Intersection,BRAY DR,No,0,0,No,0,0,0,0,0,0,0,0,0,0,0,c8467167,0,0,1,Minor
2,2023-06-06,21:19:00,Tuesday,Rear End,On Roadway,"Blacktop, Asphalt, Bituminous",No Defects,Darkness,Darkness - Road Not Lighted,"Two-Way, Not Divided",Not Provided,No Adverse Condition (Clear/Cloud),Straight - Level,Not Provided,No,Not at Intersection,Not Provided,No Traffic Control,Dry,Intersection Area,Non-Intersection,No Traffic Control Device Present,No,2023,Summer,June,Nighttime,9:00pm - 11:59pm,21,Injury Crash,Yes,No,No,No,No,No,No,No,No,No,No,No,No,Multiple Vehicle Crashes,Hanover County,,Urban,37.59796,-77.36604,Non-Interstate,SC-1458N (HANOVER COUNTY),1458.0,NEW HUNTER RD,0.32,Local,Not at Intersection,,No,0,0,No,0,0,0,0,0,0,0,0,1,0,1,c8951485,0,0,1,Minor
1,2022-08-01,07:30:00,Monday,Deer,On Roadway,"Blacktop, Asphalt, Bituminous",No Defects,Daylight,Daylight,"Two-Way, Not Divided",Not Provided,No Adverse Condition (Clear/Cloud),Hillcrest - Straight,Not Provided,No,Not at Intersection,Not Provided,No Traffic Control,Dry,Intersection Area,Non-Intersection,No Traffic Control Device Present,No,2022,Summer,August,Daytime,6:00am - 8:59am,7,Property Damage Crash,No,No,No,No,No,No,No,No,No,No,No,No,No,Single Vehicle Crashes,Rockbridge County,,Rural,37.78183,-79.38962,Non-Interstate,SC-703S (ROCKBRIDGE COUNTY),703.0,STUARTSBURG RD,1.43,Local,Not at Intersection,,Yes,0,0,No,0,0,0,0,0,0,0,0,0,0,0,c3064748,0,0,1,Minor
2,2022-04-12,12:03:00,Tuesday,Angle,On Roadway,"Blacktop, Asphalt, Bituminous",No Defects,Daylight,Daylight,"Two-Way, Divided, Positive Median Barrier",Not Provided,No Adverse Condition (Clear/Cloud),Straight - Level,Not Provided,No,Not at Intersection,Not Provided,Stop Sign,Dry,Intersection Area,Non-Intersection,Yes - Working,No,2022,Spring,April,Daytime,Noon - 2:59pm,12,Property Damage Crash,No,No,No,No,No,No,No,No,No,No,No,No,No,Multiple Vehicle Crashes,James City County,,Rural,37.38791,-76.75918,Non-Interstate,SC-607N (JAMES CITY COUNTY),607.0,CROAKER RD,1.57,Major Collector,At Intersection,FENTON MILL RD,No,0,0,No,0,0,0,0,0,0,0,0,0,0,0,c5340441,0,0,1,Minor
2,2022-08-13,09:30:00,Saturday,Angle,On Roadway,"Blacktop, Asphalt, Bituminous",No Defects,Daylight,Daylight,"Two-Way, Not Divided",Not Provided,No Adverse Condition (Clear/Cloud),Straight - Level,Not Provided,No,Four Approaches,Not Provided,Traffic Signal,Dry,Intersection Area,Within Intersection,Yes - Working,No,2022,Summer,August,Daytime,9:00am - 11:59am,9,Property Damage Crash,No,No,No,No,No,No,No,No,No,No,Yes,No,No,Multiple Vehicle Crashes,Fairfax County,,Urban,38.90023,-77.44615,Non-Interstate,SC-661N (FAIRFAX COUNTY),661.0,LEE RD,2.37,Major Collector,At Intersection,LEE JACKSON MEMORIAL HWY,No,0,0,No,0,0,0,0,0,0,0,0,0,0,0,c6384679,0,0,1,Minor
2,2023-11-11,13:00:00,Saturday,Rear End,On Roadway,"Blacktop, Asphalt, Bituminous",No Defects,Daylight,Daylight,"Two-Way, Not Divided",Not Provided,No Adverse Condition (Clear/Cloud),Straight - Level,Not Provided,No,Four Approaches,Not Provided,Traffic Signal,Dry,Intersection Area,Intersection Related - Within 150 Feet,Yes - Working,No,2023,Autumn,November,Daytime,Noon - 2:59pm,13,Injury Crash,No,No,No,No,No,Yes,No,No,No,Yes,No,No,No,Multiple Vehicle Crashes,Goochland County,,Rural,37.69372,-77.88744,Non-Interstate,US-522S,522.0,SANDY HOOK RD,10.97,Minor Arterial,At Intersection,RIVER RD,No,0,0,No,0,0,0,1,0,0,0,0,0,0,1,c9219079,0,0,1,Minor
1,2023-08-03,21:40:00,Thursday,Fixed Object - Off Road,Shoulder,"Blacktop, Asphalt, Bituminous",No Defects,Darkness,Darkness - Road Not Lighted,"Two-Way, Not Divided",Not Provided,Fog,Straight - Level,Not Provided,No,Three Approaches,Not Provided,Stop Sign,Wet,Intersection Area,Within Intersection,Yes - Working,No,2023,Summer,August,Nighttime,9:00pm - 11:59pm,21,Injury Crash,No,No,No,No,No,No,No,No,No,No,No,No,No,Single Vehicle Crashes,Westmoreland County,,Rural,38.0734,-76.77856,Non-Interstate,VA-202W,202.0,COPLE HWY,0.0,Minor Arterial,At Intersection,KINGS HWY,No,0,0,No,0,0,0,0,0,0,0,0,0,0,2,c8261045,0,1,0,Severe
1,2024-09-28,23:32:00,Saturday,Other,Roadside,"Blacktop, Asphalt, Bituminous",No Defects,Darkness,Darkness - Road Lighted,"Two-Way, Not Divided",Not Provided,No Adverse Condition (Clear/Cloud),Straight - Level,Not Provided,No,Not at Intersection,Not Provided,Traffic Lanes Marked,Dry,Interchange Area,Main-Line Roadway,Yes - Working,No,2024,Autumn,September,Nighttime,9:00pm - 11:59pm,23,Injury Crash,Yes,No,No,No,No,No,No,No,No,No,No,No,No,Single Vehicle Crashes,Albemarle County,,Urban,38.10301,-78.55531,Non-Interstate,SC-601N (ALBEMARLE COUNTY),601.0,GARTH RD,5.38,Major Collector,Not at Intersection,,No,0,0,No,0,0,0,0,0,0,0,0,0,0,1,c2390496,0,0,1,Minor
2,2024-08-28,12:00:00,Wednesday,Angle,On Roadway,"Blacktop, Asphalt, Bituminous",No Defects,Daylight,Daylight,"Two-Way, Not Divided",Not Provided,No Adverse Condition (Clear/Cloud),Straight - Level,Not Provided,No,Four Approaches,Not Provided,Stop Sign,Dry,Intersection Area,Within Intersection,Yes - Working,No,2024,Summer,August,Daytime,Noon - 2:59pm,12,Property Damage Crash,No,No,No,No,No,No,No,No,No,No,No,No,No,Multiple Vehicle Crashes,Va. Beach City,,Urban,36.87581,-75.98392,Non-Interstate,US-60W,60.0,ATLANTIC AVE,300.82,Other Principal Arterial,At Intersection,48TH ST,No,0,0,No,0,0,0,0,0,0,0,0,0,0,0,c3122552,0,0,1,Minor
2,2022-02-09,10:18:00,Wednesday,Angle,On Roadway,"Blacktop, Asphalt, Bituminous",No Defects,Daylight,Daylight,"Two-Way, Divided, Positive Median Barrier",Not Provided,No Adverse Condition (Clear/Cloud),Curve - Level,Not Provided,No,Four Approaches,Not Provided,Traffic Signal,Dry,Intersection Area,Within Intersection,Yes - Working,No,2022,Winter,February,Daytime,9:00am - 11:59am,10,Property Damage Crash,No,No,Yes,No,No,No,No,No,No,No,No,No,No,Multiple Vehicle Crashes,Isle of Wight County,,Rural,36.93778,-76.58298,Non-Interstate,US-258W,258.0,BREWERS NECK BLVD,49.2,Other Principal Arterial,At Intersection,BENNS GRANT BLVD,No,0,0,Yes,0,0,0,0,0,0,0,0,0,0,0,c6736819,0,0,1,Minor
1,2024-12-28,05:55:00,Saturday,Fixed Object - Off Road,Roadside,"Blacktop, Asphalt, Bituminous",No Defects,Darkness,Darkness - Road Not Lighted,"Two-Way, Not Divided",Not Provided,Rain,Grade - Straight,Not Provided,No,Not at Intersection,Not Provided,Traffic Lanes Marked,Wet,Intersection Area,Non-Intersection,Yes - Working,No,2024,Winter,December,Nighttime,3:00am - 5:59am,5,Property Damage Crash,No,Yes,No,No,No,No,No,No,No,No,No,No,No,Single Vehicle Crashes,Rockbridge County,,Urban,37.76722,-79.40511,Interstate,I-81S,81.0,I-81,189.47,Interstate,Not at Intersection,,No,0,0,No,0,0,0,0,0,0,0,0,0,0,0,c8648746,0,0,1,Minor
2,2024-05-31,07:22:00,Friday,Sideswipe - Same Direction,On Roadway,"Blacktop, Asphalt, Bituminous",No Defects,Daylight,Daylight,"Two-Way, Divided, Unprotected Median",Advance Warning Area,No Adverse Condition (Clear/Cloud),Straight - Level,With No Law Enforcement,No,Three Approaches,Other,Traffic Lanes Marked,Dry,Intersection,Intersection Related - Outside 150 Feet,Yes - Working,Yes,2024,Spring,May,Daytime,6:00am - 8:59am,7,Property Damage Crash,No,No,No,No,No,No,No,No,No,No,No,No,No,Multiple Vehicle Crashes,Norfolk City,,Urban,36.92845,-76.26785,Non-Interstate,US-460W,460.0,GRANBY ST,405.7,Minor Arterial,Not at Intersection,,No,0,0,No,0,0,0,0,0,0,0,0,0,0,0,c7440808,0,0,1,Minor
2,2023-11-05,20:34:00,Sunday,Angle,On Roadway,"Blacktop, Asphalt, Bituminous",No Defects,Dusk,Dusk,"Two-Way, Not Divided",Not Provided,No Adverse Condition (Clear/Cloud),Straight - Level,Not Provided,No,Three Approaches,Not Provided,Stop Sign,Dry,Intersection Area,Within Intersection,Yes - Working,No,2023,Autumn,November,Nighttime,6:00pm - 8:59pm,20,Property Damage Crash,No,No,No,No,No,No,No,No,No,No,No,No,No,Multiple Vehicle Crashes,Staunton City,,Urban,38.1651,-79.06509,Non-Interstate,WOODLEE RD (NP - CITY OF STAUNTON),,WOODLEE RD,0.0,Local,At Intersection,AUGUSTA ST,No,0,0,No,0,0,0,0,0,0,0,0,0,0,0,c7551397,0,0,1,Minor
1,2024-01-19,11:43:00,Friday,Fixed Object - Off Road,Shoulder,"Blacktop, Asphalt, Bituminous",No Defects,Daylight,Daylight,"Two-Way, Not Divided",Not Provided,No Adverse Condition (Clear/Cloud),Curve - Level,Not Provided,No,Not at Intersection,Not Provided,Traffic Lanes Marked,Dry,Interchange Area,Main-Line Roadway,Yes - Working,No,2024,Winter,January,Daytime,9:00am - 11:59am,11,Injury Crash,No,No,No,No,No,No,No,No,No,No,No,No,No,Single Vehicle Crashes,Roanoke County,,Rural,37.3824,-80.11038,Non-Interstate,VA-311S,311.0,CATAWBA VALLEY DR,9.68,Minor Arterial,Not at Intersection,,No,0,0,No,0,0,0,0,0,0,0,0,0,0,1,c6367858,0,0,1,Minor
2,2023-04-24,16:25:00,Monday,Rear End,On Roadway,"Blacktop, Asphalt, Bituminous",No Defects,Daylight,Daylight,"Two-Way, Divided, Unprotected Median",Not Provided,No Adverse Condition (Clear/Cloud),Straight - Level,Not Provided,No,Not at Intersection,Not Provided,No Traffic Control,Dry,Interchange Area,Main-Line Roadway,No Traffic Control Device Present,No,2023,Spring,April,Daytime,3:00pm - 5:59pm,16,Property Damage Crash,No,No,No,No,No,No,No,No,No,Yes,Yes,No,No,Multiple Vehicle Crashes,Newport News City,,Urban,37.06649,-76.49763,Non-Interstate,PRINCE DREW RD (NP - CITY OF NEWPORT NEWS),,PRINCE DREW RD,0.26,Local,At Intersection,MERRITT RD,No,0,0,No,0,0,0,0,0,0,0,0,0,0,0,c4872758,0,0,1,Minor
1,2022-10-20,01:34:00,Thursday,Deer,On Roadway,"Blacktop, Asphalt, Bituminous",No Defects,Darkness,Darkness - Road Not Lighted,"Two-Way, Not Divided",Not Provided,No Adverse Condition (Clear/Cloud),Straight - Level,Not Provided,No,Not at Intersection,Not Provided,Traffic Lanes Marked,Dry,Interchange Area,Main-Line Roadway,Yes - Working,No,2022,Autumn,October,Nighttime,Midnight - 2:59am,1,Property Damage Crash,No,No,No,No,No,No,No,No,No,No,No,No,No,Single Vehicle Crashes,York County,,Rural,37.29437,-76.68944,Non-Interstate,VA-132N,132.0,VA-132,3.86,Minor Arterial,Not at Intersection,,No,0,0,No,0,0,0,0,0,0,0,0,0,0,0,c9186418,0,0,1,Minor
1,2022-04-16,11:44:00,Saturday,Fixed Object - Off Road,Roadside,"Blacktop, Asphalt, Bituminous",No Defects,Daylight,Daylight,"Two-Way, Not Divided",Not Provided,No Adverse Condition (Clear/Cloud),Curve - Level,Not Provided,No,Not at Intersection,Not Provided,No Passing Lines,Dry,Intersection Area,Non-Intersection,Yes - Working,No,2022,Spring,April,Daytime,9:00am - 11:59am,11,Property Damage Crash,No,Yes,No,No,No,Yes,No,No,No,No,No,No,No,Single Vehicle Crashes,Fauquier County,,Rural,38.86936,-77.83109,Non-Interstate,VA-55W,55.0,EAST MAIN ST,51.4,Major Collector,Not at Intersection,,No,0,0,No,0,0,0,0,0,0,0,0,0,0,0,c5826932,0,0,1,Minor
2,2022-11-12,20:47:00,Saturday,Backed Into,On Roadway,"Blacktop, Asphalt, Bituminous",No Defects,Darkness,Darkness - Road Lighted,"Two-Way, Not Divided",Not Provided,Mist,Straight - Level,Not Provided,No,Not at Intersection,Not Provided,No Traffic Control,Wet,Interchange Area,Main-Line Roadway,No Traffic Control Device Present,No,2022,Autumn,November,Nighttime,6:00pm - 8:59pm,20,Property Damage Crash,Yes,No,No,No,No,No,No,No,No,No,No,No,No,Multiple Vehicle Crashes,Bristol City,,Urban,36.60641,-82.17955,,CHESTER ST (PR - CITY OF BRISTOL),,CHESTER ST,0.03,,Not at Intersection,,No,0,0,No,0,0,0,0,0,0,0,0,0,0,0,c7028894,0,0,1,Minor
2,2023-10-22,16:00:00,Sunday,Rear End,On Roadway,"Blacktop, Asphalt, Bituminous",No Defects,Daylight,Daylight,"Two-Way, Divided, Positive Median Barrier",Not Provided,No Adverse Condition (Clear/Cloud),Straight - Level,Not Provided,No,Not at Intersection,Not Provided,Traffic Lanes Marked,Dry,Intersection Area,Non-Intersection,Yes - Working,No,2023,Autumn,October,Daytime,3:00pm - 5:59pm,16,Property Damage Crash,No,Yes,No,No,No,No,No,No,No,No,No,No,No,Multiple Vehicle Crashes,Fairfax County,,Urban,38.87178,-77.21981,Interstate,I-495N,495.0,I-495,7.79,Interstate,Not at Intersection,,No,0,0,No,0,0,0,0,0,0,0,0,0,0,0,c1375028,0,0,1,Minor
3,2022-05-21,11:51:00,Saturday,Angle,On Roadway,"Blacktop, Asphalt, Bituminous",No Defects,Daylight,Daylight,"Two-Way, Not Divided",Not Provided,No Adverse Condition (Clear/Cloud),Straight - Level,Not Provided,No,Four Approaches,Not Provided,Traffic Signal,Dry,Intersection Area,Within Intersection,Yes - Working,No,2022,Spring,May,Daytime,9:00am - 11:59am,11,Injury Crash,No,No,No,No,No,No,No,No,No,No,No,No,No,Multiple Vehicle Crashes,Va. Beach City,,Urban,36.82288,-76.06854,Non-Interstate,PHOENIX DR (PR - CITY OF VIRGINIA BEACH),,PHOENIX DR,0.4,Local,At Intersection,SABRE ST,No,0,0,No,0,0,0,0,0,0,0,0,0,0,3,c9903700,0,1,0,Severe
2,2024-10-24,18:48:00,Thursday,Rear End,On Roadway,"Blacktop, Asphalt, Bituminous",No Defects,Darkness,Darkness - Road Lighted,"Two-Way, Divided, Positive Median Barrier",Not Provided,No Adverse Condition (Clear/Cloud),Straight - Level,Not Provided,No,Two Approaches,Not Provided,No Traffic Control,Dry,Intersection Area,Within Intersection,No Traffic Control Device Present,No,2024,Autumn,October,Nighttime,6:00pm - 8:59pm,18,Property Damage Crash,No,No,No,No,No,No,No,No,No,Yes,No,No,No,Multiple Vehicle Crashes,Roanoke City,,Urban,37.27976,-79.93756,Interstate,I-581N,581.0,I-581,0.9,Interstate,Not at Intersection,,No,0,0,No,0,0,0,0,0,0,0,0,0,0,0,c0437904,0,0,1,Minor
2,2022-06-05,10:15:00,Sunday,Sideswipe - Opposite Direction,On Roadway,"Blacktop, Asphalt, Bituminous",No Defects,Daylight,Daylight,Unknown,Not Provided,No Adverse Condition (Clear/Cloud),Straight - Level,Not Provided,No,Two Approaches,Not Provided,Stop Sign,Dry,Intersection Area,Within Intersection,Yes - Working,No,2022,Summer,June,Daytime,9:00am - 11:59am,10,Injury Crash,No,No,No,No,No,No,No,No,No,No,No,No,No,Multiple Vehicle Crashes,Va. Beach City,,Urban,36.84202,-76.15008,Non-Interstate,OPAL AVE (PR - CITY OF VIRGINIA BEACH),,OPAL AVE,0.1,Local,At Intersection,CLEVELAND ST,Yes,0,1,No,0,0,0,0,0,0,0,0,0,0,2,c6784546,0,1,0,Severe
1,2023-02-14,00:01:00,Tuesday,Fixed Object - Off Road,Shoulder,"Blacktop, Asphalt, Bituminous",No Defects,Darkness,Darkness - Road Lighted,"Two-Way, Divided, Positive Median Barrier",Not Provided,No Adverse Condition (Clear/Cloud),Straight - Level,Not Provided,No,Not at Intersection,Not Provided,Traffic Lanes Marked,Dry,Intersection Area,Non-Intersection,Yes - Working,No,2023,Winter,February,Nighttime,Midnight - 2:59am,0,Property Damage Crash,Yes,No,No,No,No,No,No,No,No,No,No,No,No,Single Vehicle Crashes,Arlington County,,Urban,38.86687,-77.05142,Interstate,I-395S,395.0,I-395,9.9,Interstate,Not at Intersection,,No,0,0,No,0,0,0,0,0,0,0,0,0,0,0,c4491540,0,0,1,Minor
1,2024-01-09,14:42:00,Tuesday,Fixed Object - Off Road,On Roadway,"Blacktop, Asphalt, Bituminous",Slick Pavement,Daylight,Daylight,"Two-Way, Not Divided",Not Provided,Rain,Grade - Straight,Not Provided,No,Not at Intersection,Not Provided,Traffic Lanes Marked,Wet,Intersection Area,Non-Intersection,Yes - Working,No,2024,Winter,January,Daytime,Noon - 2:59pm,14,Property Damage Crash,No,No,No,No,No,No,No,No,No,No,No,No,No,Single Vehicle Crashes,Fauquier County,,Rural,38.6238,-77.61104,Non-Interstate,SC-806S (FAUQUIER COUNTY),806.0,ELK RUN RD,12.3,Major Collector,Not at Intersection,,No,0,0,No,0,0,0,0,0,0,0,0,0,0,0,c0941276,0,0,1,Minor
2,2022-07-01,07:18:00,Friday,Angle,On Roadway,"Blacktop, Asphalt, Bituminous",No Defects,Daylight,Daylight,"Two-Way, Divided, Unprotected Median",Not Provided,No Adverse Condition (Clear/Cloud),Straight - Level,Not Provided,No,Four Approaches,Not Provided,Stop Sign,Dry,Intersection Area,Within Intersection,Yes - Working,No,2022,Summer,July,Daytime,6:00am - 8:59am,7,Injury Crash,No,Yes,Yes,No,No,No,No,No,No,No,Yes,No,No,Multiple Vehicle Crashes,James City County,,Urban,37.28071,-76.74012,Non-Interstate,SC-1833N (JAMES CITY COUNTY),1833.0,DISCOVERY PARK BLVD,0.17,Minor Collector,At Intersection,NEW TOWN AVE,No,0,0,No,0,0,0,0,0,0,0,1,0,0,3,c6135268,0,1,0,Severe
2,2024-06-07,13:25:00,Friday,Angle,On Roadway,"Blacktop, Asphalt, Bituminous",No Defects,Daylight,Daylight,"Two-Way, Not Divided",Not Provided,No Adverse Condition (Clear/Cloud),Straight - Level,Not Provided,No,Not at Intersection,Not Provided,Traffic Lanes Marked,Dry,Intersection Area,Non-Intersection,Yes - Working,No,2024,Summer,June,Daytime,Noon - 2:59pm,13,Injury Crash,No,No,No,No,No,No,No,No,No,No,No,No,No,Multiple Vehicle Crashes,Prince William County,,Urban,38.79177,-77.52633,Non-Interstate,SC-1596W (PRINCE WILLIAM COUNTY),1596.0,COVERSTONE DR,0.4,Local,At Intersection,GALES CT,Yes,0,1,No,0,0,0,0,0,0,0,0,0,0,1,c4142031,0,0,1,Minor
2,2024-12-20,15:45:00,Friday,Angle,On Roadway,"Blacktop, Asphalt, Bituminous",No Defects,Daylight,Daylight,"Two-Way, Not Divided",Not Provided,No Adverse Condition (Clear/Cloud),Straight - Level,Not Provided,No,Three Approaches,Not Provided,Stop Sign,Dry,Intersection Area,Within Intersection,Yes - Working,No,2024,Winter,December,Daytime,3:00pm - 5:59pm,15,Property Damage Crash,No,No,No,No,No,No,No,No,No,No,No,No,No,Multiple Vehicle Crashes,Fairfax County,,Urban,38.8728,-77.23163,Non-Interstate,SC-10203N (FAIRFAX COUNTY),10203.0,ESKRIDGE RD,0.35,Local,At Intersection,STRAWBERRY LN,No,0,0,No,0,0,0,0,0,0,0,0,0,0,0,c6346746,0,0,1,Minor
1,2022-02-07,23:43:00,Monday,Fixed Object - Off Road,Shoulder,"Blacktop, Asphalt, Bituminous",Slick Pavement,Darkness,Darkness - Road Not Lighted,"Two-Way, Divided, Positive Median Barrier",Not Provided,No Adverse Condition (Clear/Cloud),Straight - Level,Not Provided,No,Not at Intersection,Not Provided,Traffic Lanes Marked,Icy,Interchange Area,Main-Line Roadway,No Traffic Control Device Present,No,2022,Winter,February,Nighttime,9:00pm - 11:59pm,23,Injury Crash,No,Yes,No,No,No,No,No,No,No,No,No,No,No,Single Vehicle Crashes,Prince Edward County,,Rural,37.30225,-78.56828,Non-Interstate,US-460W,460.0,PRINCE EDWARD HWY,243.38,Other Principal Arterial,Not at Intersection,,No,0,0,No,0,0,0,0,0,0,0,0,0,0,1,c0555075,0,0,1,Minor
2,2024-05-17,23:03:00,Friday,Head On,On Roadway,"Blacktop, Asphalt, Bituminous",No Defects,Darkness,Darkness - Road Not Lighted,"Two-Way, Not Divided",Not Provided,No Adverse Condition (Clear/Cloud),Grade - Curve,Not Provided,No,Not at Intersection,Not Provided,No Passing Lines,Dry,Intersection Area,Non-Intersection,Yes - Working,No,2024,Spring,May,Nighttime,9:00pm - 11:59pm,23,Fatal Crash,Yes,Yes,No,No,No,No,No,No,No,No,No,No,No,Multiple Vehicle Crashes,Warren County,,Rural,38.88475,-78.24568,Non-Interstate,US-340N,340.0,STONEWALL JACKSON HWY,90.86,Minor Arterial,Not at Intersection,,No,0,0,No,0,0,0,0,0,0,0,0,0,1,1,c6998941,1,1,0,Fatal
2,2022-02-19,16:07:00,Saturday,Angle,On Roadway,"Blacktop, Asphalt, Bituminous",No Defects,Daylight,Daylight,"Two-Way, Not Divided",Not Provided,No Adverse Condition (Clear/Cloud),Straight - Level,Not Provided,No,Four Approaches,Not Provided,Stop Sign,Dry,Intersection Area,Within Intersection,Yes - Working,No,2022,Winter,February,Daytime,3:00pm - 5:59pm,16,Property Damage Crash,No,No,No,No,No,No,No,No,No,No,Yes,No,No,Multiple Vehicle Crashes,Roanoke City,,Urban,37.30142,-79.97791,Non-Interstate,VA-116S,116.0,COVE RD,20.52,Major Collector,At Intersection,COVELAND DR,No,0,0,No,0,0,0,0,0,0,0,0,0,0,0,c4012508,0,0,1,Minor
2,2022-11-03,06:03:00,Thursday,Rear End,On Roadway,"Blacktop, Asphalt, Bituminous",No Defects,Daylight,Daylight,"Two-Way, Not Divided",Not Provided,No Adverse Condition (Clear/Cloud),Straight - Level,Not Provided,No,Four Approaches,Not Provided,Traffic Signal,Dry,Intersection Area,Intersection Related - Within 150 Feet,Yes - Working,No,2022,Autumn,November,Daytime,6:00am - 8:59am,6,Property Damage Crash,No,No,No,No,No,No,No,No,No,No,No,No,No,Multiple Vehicle Crashes,Fairfax County,Herndon,Urban,38.96319,-77.39893,Non-Interstate,UR-6662S (TOWN OF HERNDON),,ELDEN ST,0.01,Minor Arterial,At Intersection,HERNDON PKWY,No,0,0,No,0,0,0,0,0,0,0,0,0,0,0,c7732920,0,0,1,Minor
4,2023-10-28,21:41:00,Saturday,Rear End,On Roadway,"Blacktop, Asphalt, Bituminous",No Defects,Darkness,Darkness - Road Lighted,"Two-Way, Divided, Unprotected Median",Not Provided,No Adverse Condition (Clear/Cloud),Straight - Level,Not Provided,No,Four Approaches,Not Provided,Traffic Signal,Dry,Intersection Area,Intersection Related - Within 150 Feet,Yes - Working,No,2023,Autumn,October,Nighttime,9:00pm - 11:59pm,21,Injury Crash,No,No,No,No,No,No,No,No,No,Yes,No,No,No,Multiple Vehicle Crashes,Va. Beach City,,Urban,36.84097,-76.13724,,COLUMBUS ST (PR - CITY OF VIRGINIA BEACH),,COLUMBUS ST,0.34,,At Intersection,INDEPENDENCE BLVD,No,0,0,No,0,0,0,0,0,0,0,0,0,0,1,c7921803,0,0,1,Minor
2,2023-06-11,11:06:00,Sunday,Rear End,On Roadway,"Blacktop, Asphalt, Bituminous",No Defects,Dawn,Dawn,"Two-Way, Not Divided",Not Provided,No Adverse Condition (Clear/Cloud),Straight - Level,Not Provided,No,Two Approaches,Not Provided,Traffic Signal,Dry,Interchange Area,Main-Line Roadway,Yes - Working,No,2023,Summer,June,Daytime,9:00am - 11:59am,11,Property Damage Crash,No,No,No,No,No,No,No,No,No,Yes,Yes,No,No,Multiple Vehicle Crashes,Prince William County,,Urban,38.79019,-77.44831,Non-Interstate,VA-28N,28.0,CENTREVILLE RD,26.5,Other Principal Arterial,At Intersection,RUGBY RD,No,0,0,No,0,0,0,0,0,0,0,0,0,0,0,c4411003,0,0,1,Minor