NumberOfVehicles,CrashDate,CrashTime,DayOfWeek,TypeOfCollision,LocationOfFirstHarmfulEvent,RoadwaySurfaceType,RoadwayDefect,LightCondition_Category,LightCondition_Value,RoadwayDescription,WorkZoneLocation,WeatherCondition,RoadwayAlignment,WorkZoneWorkersPresent,SchoolZone,IntersectionType,WorkZoneType,TrafficControlType,RoadwaySurfaceCondition,RelationToRoadway_Category,RelationToRoadway_Value,TrafficControlMechanicalDevice,WorkZoneRelated,Year,Meteorological Season,MonthName,DaytimeNighttime_NHTSA,ThreeHourLabel,Hour,CrashType,AlcoholInvolved,SpeedRelated,CommercialMotorVehiclesInvolved,PedestrianInvolved,BicycleInvolved,MotorcycleInvolved,MopedInvolved,TrainRelated,SchoolZoneInvolved,TeenDriverInvolved,DistractedDriverInvolved,DriverTextingInvolved,DriverUsingCellPhone,Single_Multi_Vehicle,Jurisdiction,TownName,LocationTypeName,Latitude,Longitude,Interstate_NonInterstate,RoadName,RouteNumber,RouteName,MileMarker,FunctionalClassCode,AtIntersection,SecondaryLocation,MatureDriverInvolved,MatureDriverFatalities,MatureDriverInjuries,LargeTruckInvolved,PedestrianFatalities,PedestrianInjuries,MotorcycleFatalities,MotorcycleInjuries,BicycleFatalities,BicycleInjuries,DistractedDriverFatalities,DistractedDriverInjuries,UnrestrainedInjuries,Number_Of_Fatalities,Number_Of_Injuries,Crash_UID,Is_Fatal,Is_Severe,Is_Minor,SeverityLabel
2,2022-02-28,21:50:00,Monday,Angle,On Roadway,"Blacktop, Asphalt, Bituminous",No Defects,Darkness,Darkness - Road Not Lighted,"Two-Way, Divided, Unprotected Median",Not Provided,No Adverse Condition (Clear/Cloud),Straight - Level,Not Provided,No,Four Approaches,Not Provided,Traffic Signal,Dry,Intersection Area,Within Intersection,Yes - Working,No,2022,Winter,February,Nighttime,9:00pm - 11:59pm,21,Property Damage Crash,No,No,No,No,No,No,No,No,No,Yes,No,No,No,Multiple Vehicle Crashes,Chesterfield County,,Urban,37.4608,-77.65445,Non-Interstate,SC-754N (CHESTERFIELD COUNTY),754.0,CHARTER COLONY PKWY,4.19,Minor Arterial,At Intersection,OLD HUNDRED RD,No,0,0,No,0,0,0,0,0,0,0,0,0,0,0,c7465429,0,0,1,Minor
2,2023-09-08,15:41:00,Friday,Sideswipe - Opposite Direction,On Roadway,"Blacktop, Asphalt, Bituminous",No Defects,Daylight,Daylight,"Two-Way, Not Divided",Not Provided,No Adverse Condition (Clear/Cloud),Curve - Level,Not Provided,No,Not at Intersection,Not Provided,No Passing Lines,Dry,Interchange Area,Main-Line Roadway,Yes - Working,No,2023,Autumn,September,Daytime,3:00pm - 5:59pm,15,Property Damage Crash,Yes,No,No,No,No,No,No,No,No,No,No,No,No,Multiple Vehicle Crashes,Warren County,,Rural,38.81903,-78.28462,Non-Interstate,SC-613N (WARREN COUNTY),613.0,BENTONVILLE RD,3.51,Major Collector,Not at Intersection,,No,0,0,No,0,0,0,0,0,0,0,0,0,0,0,c8435062,0,0,1,Minor
3,2024-05-31,07:35:00,Friday,Rear End,On Roadway,"Blacktop, Asphalt, Bituminous",No Defects,Daylight,Daylight,"Two-Way, Divided, Positive Median Barrier",Not Provided,No Adverse Condition (Clear/Cloud),Straight - Level,Not Provided,No,Not at Intersection,Not Provided,Traffic Lanes Marked,Dry,Intersection Area,Non-Intersection,Yes - Working,No,2024,Spring,May,Daytime,6:00am - 8:59am,7,Property Damage Crash,No,No,No,No,No,No,No,No,No,No,No,No,No,Multiple Vehicle Crashes,Fairfax County,,Urban,38.7117,-77.26246,Non-Interstate,VA-123S,123.0,OX RD,3.73,Other Principal Arterial,At Intersection,DAVIS DR,No,0,0,No,0,0,0,0,0,0,0,0,0,0,0,c5086770,0,0,1,Minor
1,2022-01-21,20:35:00,Friday,Deer,On Roadway,"Blacktop, Asphalt, Bituminous",No Defects,Darkness,Darkness - Road Not Lighted,"Two-Way, Not Divided",Not Provided,No Adverse Condition (Clear/Cloud),Straight - Level,Not Provided,No,Not at Intersection,Not Provided,Traffic Lanes Marked,Dry,Intersection Area,Non-Intersection,Yes - Working,No,2022,Winter,January,Nighttime,6:00pm - 8:59pm,20,Property Damage Crash,No,No,No,No,No,No,No,No,No,No,No,No,No,Single Vehicle Crashes,Goochland County,,Rural,37.84771,-78.00186,Non-Interstate,US-250E,250.0,BROAD ST RD,127.54,Minor Arterial,Not at Intersection,,No,0,0,No,0,0,0,0,0,0,0,0,0,0,0,c4536952,0,0,1,Minor
2,2024-11-27,13:04:00,Wednesday,Rear End,On Roadway,"Blacktop, Asphalt, Bituminous",No Defects,Daylight,Daylight,"Two-Way, Not Divided",Not Provided,No Adverse Condition (Clear/Cloud),Straight - Level,Not Provided,No,Three Approaches,Not Provided,No Traffic Control,Dry,Intersection Area,Within Intersection,No Traffic Control Device Present,No,2024,Autumn,November,Daytime,Noon - 2:59pm,13,Injury Crash,No,No,No,No,No,No,No,No,No,Yes,No,No,No,Multiple Vehicle Crashes,Fairfax County,,Urban,38.77931,-77.08223,Non-Interstate,SC-633E (FAIRFAX COUNTY),633.0,SOUTH KINGS HWAY,2.31,Minor Arterial,At Intersection,PICKETT ST,No,0,0,No,0,0,0,0,0,0,0,0,0,0,2,c2226231,0,1,0,Severe
2,2023-11-15,17:38:00,Wednesday,Sideswipe - Same Direction,On Roadway,"Blacktop, Asphalt, Bituminous",No Defects,Darkness,Darkness - Road Lighted,"Two-Way, Divided, Unprotected Median",Not Provided,No Adverse Condition (Clear/Cloud),Straight - Level,Not Provided,No,Not at Intersection,Not Provided,Traffic Lanes Marked,Dry,Intersection Area,Non-Intersection,Yes - Working,No,2023,Autumn,November,Daytime,3:00pm - 5:59pm,17,Property Damage Crash,No,Yes,No,No,No,No,No,No,No,No,No,No,No,Multiple Vehicle Crashes,Chesterfield County,,Urban,37.35435,-77.40093,Non-Interstate,VA-10E,10.0,HUNDRED RD,17.69,Other Principal Arterial,Not at Intersection,,Yes,0,0,No,0,0,0,0,0,0,0,0,0,0,0,c2988198,0,0,1,Minor
4,2022-05-02,18:12:00,Monday,Angle,Shoulder,"Blacktop, Asphalt, Bituminous",No Defects,Daylight,Daylight,"Two-Way, Divided, Unprotected Median",Not Provided,No Adverse Condition (Clear/Cloud),Straight - Level,Not Provided,No,Not at Intersection,Not Provided,Traffic Lanes Marked,Dry,Intersection Area,Non-Intersection,No Traffic Control Device Present,No,2022,Spring,May,Nighttime,6:00pm - 8:59pm,18,Injury Crash,No,No,No,No,No,No,No,No,No,No,Yes,No,No,Multiple Vehicle Crashes,Va. Beach City,,Urban,36.79872,-76.17732,Non-Interstate,UR-7W (CITY OF VIRGINIA BEACH),7.0,INDIAN RIVER RD,2.96,Other Principal Arterial,At Intersection,CENTER LN,No,0,0,No,0,0,0,0,0,0,0,1,0,0,5,c1437329,0,1,0,Severe
1,2024-06-01,00:36:00,Saturday,Fixed Object - Off Road,On Roadway,"Blacktop, Asphalt, Bituminous",No Defects,Darkness,Darkness - Road Not Lighted,"Two-Way, Divided, Unprotected Median",Not Provided,No Adverse Condition (Clear/Cloud),Straight - Level,Not Provided,No,Not at Intersection,Not Provided,Traffic Lanes Marked,Dry,Intersection Area,Non-Intersection,No Traffic Control Device Present,No,2024,Summer,June,Nighttime,Midnight - 2:59am,0,Property Damage Crash,No,No,Yes,No,No,No,No,No,No,Yes,Yes,No,No,Single Vehicle Crashes,Isle of Wight County,,Rural,36.73433,-76.87678,Non-Interstate,US-258E,258.0,WALTERS HWAY,20.64,Minor Arterial,Not at Intersection,,No,0,0,No,0,0,0,0,0,0,0,0,0,0,0,c7126537,0,0,1,Minor
3,2022-11-15,15:00:00,Tuesday,Rear End,On Roadway,"Blacktop, Asphalt, Bituminous",No Defects,Daylight,Daylight,"Two-Way, Divided, Positive Median Barrier",Not Provided,Rain,Straight - Level,Not Provided,No,Not at Intersection,Not Provided,Highway Safety Corridor,Wet,Intersection Area,Non-Intersection,Yes - Working,No,2022,Autumn,November,Daytime,3:00pm - 5:59pm,15,Property Damage Crash,Yes,No,No,No,No,No,No,No,No,Yes,No,No,No,Multiple Vehicle Crashes,Richmond City,,Urban,37.57255,-77.45684,Interstate,I-95N,95.0,I-95,78.07,Interstate,Not at Intersection,,Yes,0,0,No,0,0,0,0,0,0,0,0,0,0,0,c2585059,0,0,1,Minor
1,2023-01-07,00:29:00,Saturday,Fixed Object - Off Road,On Roadway,Concrete,No Defects,Darkness,Darkness - Unknown Road Lighting,"One-Way, Not Divided",Not Provided,No Adverse Condition (Clear/Cloud),Curve - Level,Not Provided,No,Not at Intersection,Not Provided,No Traffic Control,Dry,Interchange Area,Main-Line Roadway,No Traffic Control Device Present,No,2023,Winter,January,Nighttime,Midnight - 2:59am,0,Injury Crash,No,No,No,No,No,No,No,No,No,No,Yes,No,No,Single Vehicle Crashes,Chesapeake City,,Urban,36.77721,-76.33188,Non-Interstate,PAYNE RD (PR - CITY OF CHESAPEAKE),,PAYNE RD,0.0,Local,At Intersection,BOWDEN AVE,No,0,0,No,0,0,0,0,0,0,0,1,0,0,1,c6396341,0,0,1,Minor
2,2022-06-06,13:15:00,Monday,Rear End,On Roadway,"Blacktop, Asphalt, Bituminous",No Defects,Daylight,Daylight,"Two-Way, Divided, Unprotected Median",Not Provided,No Adverse Condition (Clear/Cloud),Straight - Level,Not Provided,No,Not at Intersection,Not Provided,No Traffic Control,Dry,Interchange Area,Main-Line Roadway,No Traffic Control Device Present,No,2022,Summer,June,Daytime,Noon - 2:59pm,13,Injury Crash,No,No,No,No,No,No,No,No,No,Yes,No,No,No,Multiple Vehicle Crashes,Petersburg City,,Urban,37.21425,-77.36221,Non-Interstate,US-460E,460.0,COUNTY DR,321.63,Other Principal Arterial,Not at Intersection,,No,0,0,No,0,0,0,0,0,0,0,0,0,0,4,c7636250,0,1,0,Severe
2,2024-06-28,15:00:00,Friday,Angle,On Roadway,"Blacktop, Asphalt, Bituminous",No Defects,Daylight,Daylight,"Two-Way, Divided, Unprotected Median",Not Provided,No Adverse Condition (Clear/Cloud),Straight - Level,Not Provided,No,Four Approaches,Not Provided,Traffic Signal,Dry,Intersection Area,Within Intersection,Yes - Working,No,2024,Summer,June,Daytime,3:00pm - 5:59pm,15,Injury Crash,No,No,No,No,No,No,No,No,No,No,No,No,No,Multiple Vehicle Crashes,Louisa County,,Rural,37.97075,-78.21937,Non-Interstate,US-250W,250.0,THREE NOTCH RD,112.49,Major Collector,At Intersection,JAMES MADISON HWAY,No,0,0,No,0,0,0,0,0,0,0,0,0,0,1,c8503550,0,0,1,Minor
2,2023-05-06,18:35:00,Saturday,Angle,On Roadway,"Blacktop, Asphalt, Bituminous",No Defects,Daylight,Daylight,"Two-Way, Not Divided",Not Provided,No Adverse Condition (Clear/Cloud),Straight - Level,Not Provided,No,Three Approaches,Not Provided,Stop Sign,Dry,Intersection Area,Within Intersection,Yes - Working,No,2023,Spring,May,Nighttime,6:00pm - 8:59pm,18,Injury Crash,No,No,No,No,No,No,No,No,No,Yes,No,No,No,Multiple Vehicle Crashes,Prince William County,,Urban,38.79202,-77.46498,Non-Interstate,SC-768N (PRINCE WILLIAM COUNTY),768.0,BULL RUN RD,0.28,Local,At Intersection,JUNE ST,No,0,0,No,0,0,0,0,0,0,0,0,0,0,5,c9411404,0,1,0,Severe
2,2024-05-29,13:00:00,Wednesday,Angle,On Roadway,"Blacktop, Asphalt, Bituminous",No Defects,Daylight,Daylight,"Two-Way, Divided, Unprotected Median",Not Provided,No Adverse Condition (Clear/Cloud),Straight - Level,Not Provided,No,Not at Intersection,Not Provided,Traffic Lanes Marked,Dry,Interchange Area,Main-Line Roadway,Yes - Working,No,2024,Spring,May,Daytime,Noon - 2:59pm,13,Property Damage Crash,No,No,No,No,No,No,No,No,No,No,No,No,No,Multiple Vehicle Crashes,Colonial Heights City,,Urban,37.25433,-77.39044,Non-Interstate,SOUTHPARK BLVD (PR - CITY OF COLONIAL HEIGHTS),,SOUTHPARK BLVD,1.2,Local,At Intersection,ACCESS,Yes,0,0,No,0,0,0,0,0,0,0,0,0,0,0,c8861517,0,0,1,Minor
2,2024-08-20,11:50:00,Tuesday,Sideswipe - Same Direction,On Roadway,Concrete,No Defects,Daylight,Daylight,"Two-Way, Not Divided",Not Provided,No Adverse Condition (Clear/Cloud),Straight - Level,Not Provided,No,Three Approaches,Not Provided,No Traffic Control,Dry,Intersection Area,Intersection Related - Within 150 Feet,No Traffic Control Device Present,No,2024,Summer,August,Daytime,9:00am - 11:59am,11,Property Damage Crash,No,No,No,No,No,No,No,No,No,No,No,No,No,Multiple Vehicle Crashes,Norfolk City,,Urban,36.86796,-76.29038,Non-Interstate,20TH ST (PR - CITY OF NORFOLK),,20TH ST,0.36,Local,Not at Intersection,,No,0,0,No,0,0,0,0,0,0,0,0,0,0,0,c9632495,0,0,1,Minor
2,2023-01-26,08:04:00,Thursday,Rear End,On Roadway,"Blacktop, Asphalt, Bituminous",No Defects,Daylight,Daylight,"Two-Way, Not Divided",Not Provided,No Adverse Condition (Clear/Cloud),Straight - Level,Not Provided,No,Three Approaches,Not Provided,Traffic Lanes Marked,Wet,Intersection Area,Within Intersection,Yes - Working,No,2023,Winter,January,Daytime,6:00am - 8:59am,8,Injury Crash,No,No,No,No,No,No,No,No,No,No,Yes,No,Yes,Multiple Vehicle Crashes,Spotsylvania County,,Rural,38.1612,-77.51992,Non-Interstate,US-1S,1.0,JEFFERSON DAVIS HWY,137.26,Other Principal Arterial,At Intersection,ROXBURY MILL RD,No,0,0,No,0,0,0,0,0,0,0,1,0,0,1,c0076613,0,0,1,Minor
1,2022-09-27,08:55:00,Tuesday,Deer,On Roadway,"Blacktop, Asphalt, Bituminous",No Defects,Daylight,Daylight,"Two-Way, Not Divided",Not Provided,No Adverse Condition (Clear/Cloud),Straight - Level,Not Provided,No,Not at Intersection,Not Provided,No Passing Lines,Dry,Intersection Area,Non-Intersection,Yes - Working,No,2022,Autumn,September,Daytime,6:00am - 8:59am,8,Property Damage Crash,No,No,No,No,No,No,No,No,No,No,No,No,No,Single Vehicle Crashes,Floyd County,,Rural,36.95621,-80.36703,Non-Interstate,VA-8S,8.0,WEBBS MILL RD,39.45,Minor Arterial,Not at Intersection,,No,0,0,No,0,0,0,0,0,0,0,0,0,0,0,c1194885,0,0,1,Minor
3,2022-11-22,19:21:00,Tuesday,Rear End,On Roadway,"Blacktop, Asphalt, Bituminous",No Defects,Darkness,Darkness - Road Not Lighted,"Two-Way, Divided, Positive Median Barrier",Activity Area,No Adverse Condition (Clear/Cloud),Straight - Level,With No Law Enforcement,No,Not at Intersection,Work on Shoulder or Median,Traffic Lanes Marked,Dry,Interchange Area,Main-Line Roadway,Yes - Working,Yes,2022,Autumn,November,Nighttime,6:00pm - 8:59pm,19,Property Damage Crash,No,Yes,No,No,No,No,No,No,No,Yes,No,No,No,Multiple Vehicle Crashes,Fredericksburg City,,Urban,38.32049,-77.50351,Interstate,I-95N,95.0,I-95,132.06,Interstate,Not at Intersection,,No,0,0,No,0,0,0,0,0,0,0,0,0,0,0,c8079037,0,0,1,Minor
4,2023-11-10,20:25:00,Friday,Fixed Object - Off Road,Roadside,"Blacktop, Asphalt, Bituminous",No Defects,Darkness,Darkness - Road Not Lighted,"Two-Way, Not Divided",Not Provided,No Adverse Condition (Clear/Cloud),Curve - Level,Not Provided,No,Not at Intersection,Not Provided,No Passing Lines,Dry,Intersection Area,Non-Intersection,Yes - Working,No,2023,Autumn,November,Nighttime,6:00pm - 8:59pm,20,Injury Crash,No,Yes,No,No,No,No,No,No,No,No,No,No,No,Multiple Vehicle Crashes,Smyth County,,Rural,36.80808,-81.57483,Non-Interstate,SC-660S (SMYTH COUNTY),660.0,ADWOLFE RD,1.62,Major Collector,Not at Intersection,,No,0,0,No,0,0,0,0,0,0,0,0,0,0,1,c5156608,0,0,1,Minor
2,2024-05-07,20:25:00,Tuesday,Rear End,On Roadway,"Blacktop, Asphalt, Bituminous",No Defects,Darkness,Darkness - Road Not Lighted,"Two-Way, Divided, Unprotected Median",Not Provided,No Adverse Condition (Clear/Cloud),Straight - Level,Not Provided,No,Not at Intersection,Not Provided,Traffic Lanes Marked,Dry,Intersection Area,Non-Intersection,Yes - Working,No,2024,Spring,May,Nighttime,6:00pm - 8:59pm,20,Injury Crash,No,Yes,No,No,No,No,No,No,No,No,No,No,No,Multiple Vehicle Crashes,Harrisonburg City,,Urban,38.39242,-78.91298,Interstate,I-81S,81.0,I-81,243.52,Interstate,Not at Intersection,,Yes,0,0,No,0,0,0,0,0,0,0,0,0,0,1,c5693112,0,0,1,Minor
2,2022-05-23,12:38:00,Monday,Sideswipe - Same Direction,On Roadway,"Blacktop, Asphalt, Bituminous",No Defects,Daylight,Daylight,"Two-Way, Not Divided",Not Provided,Mist,Grade - Straight,Not Provided,No,Not at Intersection,Not Provided,No Traffic Control,Wet,Intersection Area,Non-Intersection,No Traffic Control Device Present,No,2022,Spring,May,Daytime,Noon - 2:59pm,12,Property Damage Crash,No,No,Yes,No,No,No,No,No,No,No,No,No,No,Multiple Vehicle Crashes,Lynchburg City,,Urban,37.44082,-79.18204,Non-Interstate,SUMMERVILLE ST (PR - CITY OF LYNCHBURG),,SUMMERVILLE ST,0.07,Local,Not at Intersection,,No,0,0,No,0,0,0,0,0,0,0,0,0,0,0,c2465457,0,0,1,Minor
1,2022-11-15,21:30:00,Tuesday,Fixed Object - Off Road,Roadside,"Blacktop, Asphalt, Bituminous",No Defects,Darkness,Darkness - Road Not Lighted,"Two-Way, Divided, Positive Median Barrier",Not Provided,Rain,Grade - Straight,Not Provided,No,Not at Intersection,Not Provided,Traffic Lanes Marked,Wet,Intersection Area,Non-Intersection,Yes - Working,No,2022,Autumn,November,Nighttime,9:00pm - 11:59pm,21,Property Damage Crash,No,Yes,No,No,No,No,No,No,No,No,No,No,No,Single Vehicle Crashes,York County,,Urban,37.27452,-76.65941,Interstate,I-64E,64.0,I-64,241.22,Interstate,Not at Intersection,,No,0,0,No,0,0,0,0,0,0,0,0,0,0,0,c7838997,0,0,1,Minor
2,2024-02-19,08:12:00,Monday,Angle,On Roadway,"Blacktop, Asphalt, Bituminous",No Defects,Daylight,Daylight,"Two-Way, Divided, Unprotected Median",Not Provided,No Adverse Condition (Clear/Cloud),Straight - Level,Not Provided,No,Not at Intersection,Not Provided,Stop Sign,Dry,Intersection Area,Non-Intersection,Yes - Working,No,2024,Winter,February,Daytime,6:00am - 8:59am,8,Injury Crash,No,No,No,No,No,No,No,No,No,No,No,No,No,Multiple Vehicle Crashes,Chesterfield County,,Urban,37.53463,-77.56207,Non-Interstate,SC-683E (CHESTERFIELD COUNTY),683.0,FOREST HILL AVE,0.17,Minor Arterial,Not at Intersection,,No,0,0,No,0,0,0,0,0,0,0,0,0,0,2,c4719080,0,1,0,Severe
2,2022-08-12,17:08:00,Friday,Angle,On Roadway,"Blacktop, Asphalt, Bituminous",No Defects,Daylight,Daylight,"Two-Way, Not Divided",Not Provided,No Adverse Condition (Clear/Cloud),Straight - Level,Not Provided,No,Three Approaches,Not Provided,Traffic Signal,Dry,Intersection Area,Within Intersection,Yes - Working,No,2022,Summer,August,Daytime,3:00pm - 5:59pm,17,Property Damage Crash,No,No,No,No,No,No,No,No,No,No,No,No,No,Multiple Vehicle Crashes,Harrisonburg City,,Urban,38.45342,-78.86752,Non-Interstate,UR-4107N (CITY OF HARRISONBURG),,GAY ST,3.11,Minor Arterial,At Intersection,MAIN ST,No,0,0,No,0,0,0,0,0,0,0,0,0,0,0,c8548530,0,0,1,Minor
2,2022-12-16,10:51:00,Friday,Angle,On Roadway,"Blacktop, Asphalt, Bituminous",No Defects,Daylight,Daylight,"Two-Way, Not Divided",Not Provided,No Adverse Condition (Clear/Cloud),Straight - Level,Not Provided,No,Four Approaches,Not Provided,Stop Sign,Dry,Intersection Area,Within Intersection,Yes - Working,No,2022,Winter,December,Daytime,9:00am - 11:59am,10,Property Damage Crash,No,No,No,No,No,No,No,No,No,No,No,No,No,Multiple Vehicle Crashes,Va. Beach City,,Urban,36.81364,-76.18108,Non-Interstate,OLD PROVIDENCE RD (NP - CITY OF VIRGINIA BEACH),,OLD PROVIDENCE RD,0.32,Local,At Intersection,WHITEHURST LANDING RD,No,0,0,No,0,0,0,0,0,0,0,0,0,0,0,c8977079,0,0,1,Minor
2,2024-12-23,15:42:00,Monday,Rear End,On Roadway,"Blacktop, Asphalt, Bituminous",No Defects,Daylight,Daylight,"Two-Way, Divided, Unprotected Median",Not Provided,No Adverse Condition (Clear/Cloud),Straight - Level,Not Provided,No,Four Approaches,Not Provided,Traffic Signal,Dry,Intersection Area,Intersection Related - Within 150 Feet,Yes - Working,No,2024,Winter,December,Daytime,3:00pm - 5:59pm,15,Property Damage Crash,No,No,No,No,No,No,No,No,No,No,No,No,No,Multiple Vehicle Crashes,Waynesboro City,,Urban,38.05827,-78.94711,Non-Interstate,US-340N,340.0,P BUCKLEY MOSS DR,11.83,Minor Arterial,At Intersection,TOWN CENTER DR,Yes,0,0,No,0,0,0,0,0,0,0,0,0,0,0,c1998261,0,0,1,Minor
1,2022-02-07,17:00:00,Monday,Fixed Object - Off Road,Shoulder,"Blacktop, Asphalt, Bituminous",No Defects,Dusk,Dusk,"Two-Way, Not Divided",Not Provided,Rain,Straight - Level,Not Provided,No,Not at Intersection,Not Provided,Traffic Lanes Marked,Wet,Intersection Area,Non-Intersection,Yes - Working,No,2022,Winter,February,Daytime,3:00pm - 5:59pm,17,Property Damage Crash,No,No,No,No,No,No,No,No,No,No,Yes,No,Yes,Single Vehicle Crashes,Chesapeake City,,Rural,36.6466,-76.24511,Non-Interstate,ST BRIDES RD W (NP - CITY OF CHESAPEAKE),,SAINT BRIDES RD,5.13,Local,Not at Intersection,,No,0,0,No,0,0,0,0,0,0,0,0,0,0,0,c4216710,0,0,1,Minor
3,2024-08-19,14:53:00,Monday,Angle,On Roadway,"Blacktop, Asphalt, Bituminous",No Defects,Daylight,Daylight,"Two-Way, Not Divided",Not Provided,No Adverse Condition (Clear/Cloud),Straight - Level,Not Provided,No,Four Approaches,Not Provided,Stop Sign,Dry,Intersection Area,Within Intersection,Yes - Working,No,2024,Summer,August,Daytime,Noon - 2:59pm,14,Property Damage Crash,No,No,No,No,No,No,No,No,No,Yes,No,No,No,Multiple Vehicle Crashes,Henrico County,,Urban,37.62511,-77.45801,Non-Interstate,US-1N,1.0,BROOK RD,99.23,Other Principal Arterial,At Intersection,RIDGE RD,Yes,0,0,No,0,0,0,0,0,0,0,0,0,0,0,c4699858,0,0,1,Minor
1,2024-06-21,03:06:00,Friday,Deer,On Roadway,"Blacktop, Asphalt, Bituminous",No Defects,Darkness,Darkness - Road Not Lighted,"Two-Way, Divided, Unprotected Median",Not Provided,No Adverse Condition (Clear/Cloud),Straight - Level,Not Provided,No,Not at Intersection,Not Provided,Traffic Lanes Marked,Dry,Intersection Area,Non-Intersection,Yes - Working,No,2024,Summer,June,Nighttime,3:00am - 5:59am,3,Injury Crash,No,No,No,No,No,No,No,No,No,No,No,No,No,Single Vehicle Crashes,Culpeper County,,Rural,38.4528,-78.10393,Non-Interstate,US-29S,29.0,JAMES MONROE HWAY,175.72,Other Principal Arterial,Not at Intersection,,No,0,0,No,0,0,0,0,0,0,0,0,0,0,1,c9469411,0,0,1,Minor
2,2024-03-12,09:27:00,Tuesday,Rear End,On Roadway,"Blacktop, Asphalt, Bituminous",No Defects,Daylight,Daylight,"Two-Way, Divided, Unprotected Median",Not Provided,No Adverse Condition (Clear/Cloud),Straight - Level,Not Provided,No,Four Approaches,Not Provided,Traffic Signal,Dry,Intersection Area,Within Intersection,Yes - Working,No,2024,Spring,March,Daytime,9:00am - 11:59am,9,Property Damage Crash,No,Yes,No,No,No,No,No,No,No,No,No,No,No,Multiple Vehicle Crashes,Chesterfield County,,Urban,37.3531,-77.35557,Non-Interstate,SC-4840N (CHESTERFIELD COUNTY),4840.0,RIVERS BEND BLVD,0.37,Minor Arterial,At Intersection,MEADOWVILLE RD,No,0,0,No,0,0,0,0,0,0,0,0,0,0,0,c8035330,0,0,1,Minor
2,2022-06-30,15:09:00,Thursday,Angle,On Roadway,"Blacktop, Asphalt, Bituminous",No Defects,Daylight,Daylight,"Two-Way, Divided, Unprotected Median",Not Provided,No Adverse Condition (Clear/Cloud),Grade - Straight,Not Provided,No,Not at Intersection,Not Provided,Traffic Lanes Marked,Dry,Other Location,"Driveway, Alley-Access - Related",Yes - Working,No,2022,Summer,June,Daytime,3:00pm - 5:59pm,15,Property Damage Crash,No,No,No,No,No,No,No,No,No,No,No,No,No,Multiple Vehicle Crashes,Lynchburg City,,Urban,37.34841,-79.18614,Non-Interstate,BUS US-29N (5 CITY OF LYNCHBURG),29.0,WARDS RD,0.79,Other Principal Arterial,Not at Intersection,,Yes,0,0,No,0,0,0,0,0,0,0,0,0,0,0,c8001085,0,0,1,Minor
1,2022-04-01,22:57:00,Friday,Fixed Object - Off Road,Roadside,"Blacktop, Asphalt, Bituminous",No Defects,Darkness,Darkness - Road Not Lighted,"Two-Way, Divided, Positive Median Barrier",Not Provided,No Adverse Condition (Clear/Cloud),Straight - Level,Not Provided,No,Not at Intersection,Not Provided,Traffic Lanes Marked,Dry,Intersection Area,Non-Intersection,Yes - Working,No,2022,Spring,April,Nighttime,9:00pm - 11:59pm,22,Property Damage Crash,Yes,No,No,No,No,No,No,No,No,No,No,No,No,Single Vehicle Crashes,James City County,,Rural,37.42941,-76.83975,Interstate,I-64W,64.0,I-64,226.36,Interstate,Not at Intersection,,No,0,0,No,0,0,0,0,0,0,0,0,0,0,0,c4681415,0,0,1,Minor
2,2022-01-21,20:17:00,Friday,Sideswipe - Same Direction,On Roadway,"Blacktop, Asphalt, Bituminous",Slick Pavement,Darkness,Darkness - Road Lighted,"One-Way, Not Divided",Not Provided,Snow,Straight - Level,Not Provided,No,Three Approaches,Not Provided,Traffic Lanes Marked,Snowy,Intersection Area,Within Intersection,Yes - Working,No,2022,Winter,January,Nighttime,6:00pm - 8:59pm,20,Property Damage Crash,No,No,No,No,No,No,No,No,No,No,No,No,No,Multiple Vehicle Crashes,Newport News City,,Urban,36.98304,-76.4314,Non-Interstate,US-60E,60.0,HUNTINGTON AVE,266.98,Other Principal Arterial,At Intersection,32ND ST,No,0,0,No,0,0,0,0,0,0,0,0,0,0,0,c3013195,0,0,1,Minor
1,2023-04-25,18:09:00,Tuesday,Fixed Object - Off Road,Shoulder,"Blacktop, Asphalt, Bituminous",No Defects,Daylight,Daylight,"Two-Way, Divided, Positive Median Barrier",Not Provided,No Adverse Condition (Clear/Cloud),Straight - Level,Not Provided,No,Not at Intersection,Not Provided,Traffic Lanes Marked,Dry,Interchange Area,Main-Line Roadway,Yes - Working,No,2023,Spring,April,Nighttime,6:00pm - 8:59pm,18,Injury Crash,No,Yes,No,No,No,No,No,No,No,No,No,No,No,Single Vehicle Crashes,Chesterfield County,,Urban,37.39304,-77.51472,Non-Interstate,VA-288S,288.0,VA-288,6.56,Other Freeways and Expressways,Not at Intersection,,No,0,0,No,0,0,0,0,0,0,0,0,0,0,1,c6044885,0,0,1,Minor
2,2024-08-04,15:55:00,Sunday,Angle,On Roadway,"Blacktop, Asphalt, Bituminous",No Defects,Daylight,Daylight,"Two-Way, Divided, Unprotected Median",Not Provided,No Adverse Condition (Clear/Cloud),Straight - Level,Not Provided,No,Two Approaches,Not Provided,Stop Sign,Dry,Intersection Area,Intersection Related - Within 150 Feet,Yes - Working,No,2024,Summer,August,Daytime,3:00pm - 5:59pm,15,Injury Crash,No,No,No,No,No,No,No,No,No,No,No,No,No,Multiple Vehicle Crashes,Washington County,,Urban,36.73969,-81.89786,Non-Interstate,SC-704N (WASHINGTON COUNTY),704.0,ENTERPRISE RD,0.76,Major Collector,At Intersection,I-81 RAMP,No,0,0,No,0,0,0,0,0,0,0,0,0,0,3,c0641837,0,1,0,Severe