NumberOfVehicles,CrashDate,CrashTime,DayOfWeek,TypeOfCollision,LocationOfFirstHarmfulEvent,RoadwaySurfaceType,RoadwayDefect,LightCondition_Category,LightCondition_Value,RoadwayDescription,WorkZoneLocation,WeatherCondition,RoadwayAlignment,WorkZoneWorkersPresent,SchoolZone,IntersectionType,WorkZoneType,TrafficControlType,RoadwaySurfaceCondition,RelationToRoadway_Category,RelationToRoadway_Value,TrafficControlMechanicalDevice,WorkZoneRelated,Year,Meteorological Season,MonthName,DaytimeNighttime_NHTSA,ThreeHourLabel,Hour,CrashType,AlcoholInvolved,SpeedRelated,CommercialMotorVehiclesInvolved,PedestrianInvolved,BicycleInvolved,MotorcycleInvolved,MopedInvolved,TrainRelated,SchoolZoneInvolved,TeenDriverInvolved,DistractedDriverInvolved,DriverTextingInvolved,DriverUsingCellPhone,Single_Multi_Vehicle,Jurisdiction,TownName,LocationTypeName,Latitude,Longitude,Interstate_NonInterstate,RoadName,RouteNumber,RouteName,MileMarker,FunctionalClassCode,AtIntersection,SecondaryLocation,MatureDriverInvolved,MatureDriverFatalities,MatureDriverInjuries,LargeTruckInvolved,PedestrianFatalities,PedestrianInjuries,MotorcycleFatalities,MotorcycleInjuries,BicycleFatalities,BicycleInjuries,DistractedDriverFatalities,DistractedDriverInjuries,UnrestrainedInjuries,Number_Of_Fatalities,Number_Of_Injuries,Crash_UID,Is_Fatal,Is_Severe,Is_Minor,SeverityLabel
1,2024-05-05,12:30:00,Sunday,Pedestrian,On Roadway,"Blacktop, Asphalt, Bituminous",No Defects,Daylight,Daylight,"Two-Way, Not Divided",Not Provided,Rain,Straight - Level,Not Provided,No,Not at Intersection,Not Provided,Traffic Lanes Marked,Wet,Interchange Area,Main-Line Roadway,Yes - Working,No,2024,Spring,May,Daytime,Noon - 2:59pm,12,Injury Crash,No,No,No,Yes,No,No,No,No,No,No,No,No,No,Single Vehicle Crashes,Henrico County,,Urban,37.52969,-77.35555,,,,LABURNUM AVE,,,Not at Intersection,,No,0,0,No,0,1,0,0,0,0,0,0,0,0,2,c6918639,0,1,0,Severe
2,2024-03-18,09:28:00,Monday,Angle,On Roadway,"Blacktop, Asphalt, Bituminous",No Defects,Daylight,Daylight,"Two-Way, Divided, Unprotected Median",Not Provided,No Adverse Condition (Clear/Cloud),Straight - Level,Not Provided,No,Two Approaches,Not Provided,Traffic Signal,Dry,Intersection Area,Within Intersection,Yes - Working,No,2024,Spring,March,Daytime,9:00am - 11:59am,9,Property Damage Crash,No,No,No,No,No,No,No,No,No,No,No,No,No,Multiple Vehicle Crashes,Prince William County,,Urban,38.58161,-77.3264,Non-Interstate,VA-234S,234.0,DUMFRIES RD,0.75,Other Principal Arterial,Not at Intersection,,No,0,0,No,0,0,0,0,0,0,0,0,0,0,0,c7125351,0,0,1,Minor
1,2022-10-19,22:25:00,Wednesday,Deer,On Roadway,"Blacktop, Asphalt, Bituminous",No Defects,Darkness,Darkness - Road Not Lighted,"Two-Way, Divided, Unprotected Median",Not Provided,No Adverse Condition (Clear/Cloud),Straight - Level,Not Provided,No,Not at Intersection,Not Provided,Traffic Lanes Marked,Dry,Intersection Area,Non-Intersection,Yes - Working,No,2022,Autumn,October,Nighttime,9:00pm - 11:59pm,22,Property Damage Crash,No,No,No,No,No,No,No,No,No,No,No,No,No,Single Vehicle Crashes,Spotsylvania County,,Rural,38.32224,-77.70499,Non-Interstate,VA-3W,3.0,PLANK RD,20.54,Other Principal Arterial,Not at Intersection,,Yes,0,0,No,0,0,0,0,0,0,0,0,0,0,0,c8517582,0,0,1,Minor
2,2024-05-15,13:30:00,Wednesday,Rear End,On Roadway,"Blacktop, Asphalt, Bituminous",No Defects,Daylight,Daylight,"Two-Way, Divided, Positive Median Barrier",Not Provided,Rain,Straight - Level,Not Provided,No,Four Approaches,Not Provided,Traffic Signal,Wet,Interchange Area,Main-Line Roadway,Yes - Working,No,2024,Spring,May,Daytime,Noon - 2:59pm,13,Property Damage Crash,No,No,No,No,No,No,No,No,No,No,No,No,No,Multiple Vehicle Crashes,Fairfax County,,Urban,38.73414,-77.18966,Non-Interstate,VA-286N,286.0,FAIRFAX COUNTY PKWY,2.53,Other Principal Arterial,At Intersection,TERMINAL RD,No,0,0,No,0,0,0,0,0,0,0,0,0,0,0,c3061760,0,0,1,Minor
2,2023-10-01,13:30:00,Sunday,Sideswipe - Same Direction,On Roadway,"Blacktop, Asphalt, Bituminous",No Defects,Daylight,Daylight,"Two-Way, Divided, Unprotected Median",Not Provided,No Adverse Condition (Clear/Cloud),Straight - Level,Not Provided,No,Not at Intersection,Not Provided,Traffic Lanes Marked,Dry,Intersection Area,Non-Intersection,Yes - Working,No,2023,Autumn,October,Daytime,Noon - 2:59pm,13,Property Damage Crash,No,No,No,No,No,No,No,No,No,No,No,No,No,Multiple Vehicle Crashes,Chesterfield County,,Urban,37.50111,-77.60949,Non-Interstate,SC-653S (CHESTERFIELD COUNTY),653.0,COURTHOUSE RD,16.22,Other Principal Arterial,Not at Intersection,,Yes,0,0,No,0,0,0,0,0,0,0,0,0,0,0,c9458994,0,0,1,Minor
1,2022-11-12,18:30:00,Saturday,Fixed Object - Off Road,Roadside,"Blacktop, Asphalt, Bituminous",No Defects,Darkness,Darkness - Road Not Lighted,"Two-Way, Not Divided",Not Provided,Rain,Straight - Level,Not Provided,No,Not at Intersection,Not Provided,Traffic Lanes Marked,Wet,Intersection Area,Non-Intersection,Yes - Working,No,2022,Autumn,November,Nighttime,6:00pm - 8:59pm,18,Property Damage Crash,No,No,No,No,No,No,No,No,No,Yes,No,No,No,Single Vehicle Crashes,Tazewell County,,Rural,37.14227,-81.56999,Non-Interstate,SC-631E (TAZEWELL COUNTY),631.0,BAPTIST VALLEY RD,13.77,Major Collector,Not at Intersection,,No,0,0,No,0,0,0,0,0,0,0,0,0,0,0,c9928961,0,0,1,Minor
3,2023-04-21,10:43:00,Friday,Rear End,On Roadway,"Blacktop, Asphalt, Bituminous",No Defects,Daylight,Daylight,"Two-Way, Not Divided",Not Provided,No Adverse Condition (Clear/Cloud),Straight - Level,Not Provided,No,Not at Intersection,Not Provided,Traffic Lanes Marked,Dry,Intersection Area,Non-Intersection,Yes - Working,No,2023,Spring,April,Daytime,9:00am - 11:59am,10,Property Damage Crash,No,No,No,No,No,No,No,No,No,No,No,No,No,Multiple Vehicle Crashes,Lynchburg City,,Urban,37.44466,-79.20629,Non-Interstate,BUS US-501N (1 CITY OF LYNCHBURG),501.0,BOONSBORO RD,7.68,Minor Arterial,At Intersection,GREENWAY CT,No,0,0,No,0,0,0,0,0,0,0,0,0,0,0,c7102214,0,0,1,Minor
1,2024-01-06,10:58:00,Saturday,Fixed Object - Off Road,Roadside,"Blacktop, Asphalt, Bituminous",No Defects,Daylight,Daylight,"Two-Way, Divided, Unprotected Median",Not Provided,Sleet/Hail,Straight - Level,Not Provided,No,Not at Intersection,Not Provided,Traffic Lanes Marked,Icy,Intersection Area,Non-Intersection,Yes - Working,No,2024,Winter,January,Daytime,9:00am - 11:59am,10,Property Damage Crash,No,Yes,No,No,No,No,No,No,No,No,No,No,No,Single Vehicle Crashes,Rockingham County,,Rural,38.50032,-78.79457,Interstate,I-81S,81.0,I-81,253.68,Interstate,Not at Intersection,,No,0,0,No,0,0,0,0,0,0,0,0,0,0,0,c2328312,0,0,1,Minor
2,2024-03-29,21:41:00,Friday,Head On,On Roadway,"Blacktop, Asphalt, Bituminous",No Defects,Darkness,Darkness - Road Lighted,"Two-Way, Divided, Unprotected Median",Not Provided,No Adverse Condition (Clear/Cloud),Straight - Level,Not Provided,No,Four Approaches,Not Provided,Traffic Signal,Dry,Intersection Area,Within Intersection,Yes - Working,No,2024,Spring,March,Nighttime,9:00pm - 11:59pm,21,Property Damage Crash,No,No,No,No,No,No,No,No,No,No,No,No,No,Multiple Vehicle Crashes,Richmond City,,Urban,37.58453,-77.44736,Non-Interstate,US-1S,1.0,CHAMBERLAYNE AVE,96.17,Other Principal Arterial,At Intersection,LABURNUM AVE,No,0,0,No,0,0,0,0,0,0,0,0,0,0,0,c9813046,0,0,1,Minor
1,2024-05-18,06:58:00,Saturday,Fixed Object - Off Road,On Roadway,"Blacktop, Asphalt, Bituminous",No Defects,Daylight,Daylight,"Two-Way, Divided, Positive Median Barrier",Not Provided,Rain,Straight - Level,Not Provided,No,Not at Intersection,Not Provided,Traffic Lanes Marked,Wet,Intersection Area,Non-Intersection,Yes - Working,No,2024,Spring,May,Daytime,6:00am - 8:59am,6,Injury Crash,No,Yes,No,No,No,No,No,No,No,No,No,No,No,Single Vehicle Crashes,Prince George County,,Rural,37.14615,-77.35527,Interstate,I-95N,95.0,I-95,45.59,Interstate,Not at Intersection,,No,0,0,No,0,0,0,0,0,0,0,0,1,0,4,c6575262,0,1,0,Severe
1,2023-10-19,00:00:00,Thursday,Deer,On Roadway,"Blacktop, Asphalt, Bituminous",No Defects,Darkness,Darkness - Road Not Lighted,"Two-Way, Not Divided",Not Provided,No Adverse Condition (Clear/Cloud),Curve - Level,Not Provided,No,Not at Intersection,Not Provided,No Passing Lines,Dry,Intersection Area,Non-Intersection,Yes - Working,No,2023,Autumn,October,Nighttime,Midnight - 2:59am,0,Property Damage Crash,No,No,No,No,No,No,No,No,No,No,No,No,No,Single Vehicle Crashes,Rockbridge County,,Rural,37.86736,-79.54955,Non-Interstate,SC-850W (ROCKBRIDGE COUNTY),850.0,MIDLAND TRL,6.34,Major Collector,At Intersection,BIG HILL RD,No,0,0,No,0,0,0,0,0,0,0,0,0,0,0,c1641894,0,0,1,Minor
2,2023-12-10,08:58:00,Sunday,Angle,On Roadway,"Blacktop, Asphalt, Bituminous",No Defects,Daylight,Daylight,"Two-Way, Divided, Positive Median Barrier",Not Provided,Rain,Straight - Level,Not Provided,No,Not at Intersection,Not Provided,Traffic Lanes Marked,Wet,Intersection Area,Non-Intersection,Yes - Working,No,2023,Winter,December,Daytime,6:00am - 8:59am,8,Property Damage Crash,No,No,No,No,No,No,No,No,No,No,No,No,No,Multiple Vehicle Crashes,Prince William County,,Urban,38.80044,-77.533,Interstate,I-66E,66.0,I-66,46.54,Interstate,Not at Intersection,,No,0,0,No,0,0,0,0,0,0,0,0,0,0,0,c5904610,0,0,1,Minor
2,2022-05-26,04:04:00,Thursday,Head On,On Roadway,Concrete,No Defects,Darkness,Darkness - Road Lighted,"Two-Way, Divided, Unprotected Median",Not Provided,Mist,Straight - Level,Not Provided,No,Three Approaches,Not Provided,Traffic Lanes Marked,Wet,Interchange Area,Main-Line Roadway,Yes - Working,No,2022,Spring,May,Nighttime,3:00am - 5:59am,4,Injury Crash,No,No,No,No,No,No,No,No,No,No,No,No,No,Multiple Vehicle Crashes,Roanoke City,,Urban,37.30007,-79.97569,Non-Interstate,VA-116S,116.0,COVE RD,20.36,Major Collector,At Intersection,WELLSLEY ST,Yes,0,1,No,0,0,0,0,0,0,0,0,0,0,2,c7408743,0,1,0,Severe
1,2023-06-28,11:21:00,Wednesday,Fixed Object - Off Road,Median,"Blacktop, Asphalt, Bituminous",No Defects,Daylight,Daylight,"Two-Way, Divided, Unprotected Median",Not Provided,No Adverse Condition (Clear/Cloud),Straight - Level,Not Provided,No,Two Approaches,Not Provided,Stop Sign,Dry,Intersection Area,Within Intersection,Yes - Working,No,2023,Summer,June,Daytime,9:00am - 11:59am,11,Property Damage Crash,No,No,No,No,No,No,No,No,No,No,No,No,No,Single Vehicle Crashes,Chesapeake City,,Urban,36.80452,-76.22476,Non-Interstate,US-13N,13.0,MILITARY HWY,44.4,Other Principal Arterial,At Intersection,MILLER AVE,No,0,0,No,0,0,0,0,0,0,0,0,0,0,0,c1115471,0,0,1,Minor
2,2023-09-01,06:58:00,Friday,Angle,On Roadway,"Blacktop, Asphalt, Bituminous",No Defects,Daylight,Daylight,"Two-Way, Divided, Unprotected Median",Not Provided,No Adverse Condition (Clear/Cloud),Straight - Level,Not Provided,Yes - With School Activity,Four Approaches,Not Provided,Traffic Signal,Dry,Intersection Area,Intersection Related - Within 150 Feet,Yes - Working,No,2023,Autumn,September,Daytime,6:00am - 8:59am,6,Property Damage Crash,No,No,No,No,No,No,No,No,Yes,No,No,No,No,Multiple Vehicle Crashes,Lynchburg City,,Urban,37.36485,-79.20543,Non-Interstate,BUS US-460E (11 CITY OF LYNCHBURG),460.0,TIMBERLAKE RD,5.33,Other Principal Arterial,At Intersection,WARDS FERRY RD,No,0,0,No,0,0,0,0,0,0,0,0,0,0,0,c0380757,0,0,1,Minor
2,2023-11-02,18:52:00,Thursday,Fixed Object - Off Road,On Roadway,"Blacktop, Asphalt, Bituminous",No Defects,Darkness,Darkness - Road Not Lighted,"Two-Way, Divided, Positive Median Barrier",Not Provided,No Adverse Condition (Clear/Cloud),Straight - Level,Not Provided,No,Not at Intersection,Not Provided,Traffic Lanes Marked,Dry,Interchange Area,Main-Line Roadway,Yes - Working,No,2023,Autumn,November,Nighttime,6:00pm - 8:59pm,18,Injury Crash,No,No,Yes,No,No,No,No,No,No,Yes,No,No,No,Multiple Vehicle Crashes,Va. Beach City,,Urban,36.81625,-76.114,Non-Interstate,HOLLAND RD (PR - CITY OF VIRGINIA BEACH),,HOLLAND RD,6.02,Minor Arterial,At Intersection,THOMAS JEFFERSON DR,No,0,0,Yes,0,0,0,0,0,0,0,0,0,0,1,c9656649,0,0,1,Minor
2,2022-04-01,14:33:00,Friday,Rear End,On Roadway,"Blacktop, Asphalt, Bituminous",No Defects,Daylight,Daylight,"Two-Way, Divided, Positive Median Barrier",Not Provided,No Adverse Condition (Clear/Cloud),Curve - Level,Not Provided,No,Three Approaches,Not Provided,Traffic Lanes Marked,Dry,Intersection Area,Intersection Related - Within 150 Feet,Yes - Working,No,2022,Spring,April,Daytime,Noon - 2:59pm,14,Injury Crash,No,Yes,No,No,No,No,No,No,No,No,No,No,No,Multiple Vehicle Crashes,Stafford County,,Urban,38.45918,-77.42298,Non-Interstate,SC-684S (STAFFORD COUNTY),684.0,MINE RD,2.63,Major Collector,At Intersection,NEW BEDFORD CT,No,0,0,No,0,0,0,0,0,0,0,0,0,0,2,c8694401,0,1,0,Severe
1,2023-10-04,07:14:00,Wednesday,Fixed Object - Off Road,Roadside,"Blacktop, Asphalt, Bituminous",No Defects,Darkness,Darkness - Road Lighted,"Two-Way, Not Divided",Not Provided,No Adverse Condition (Clear/Cloud),Straight - Level,Not Provided,No,Not at Intersection,Not Provided,Traffic Lanes Marked,Dry,Interchange Area,Main-Line Roadway,Yes - Working,No,2023,Autumn,October,Daytime,6:00am - 8:59am,7,Property Damage Crash,No,No,No,No,No,No,No,No,No,No,No,No,No,Single Vehicle Crashes,Hampton City,,Urban,37.00392,-76.39892,Non-Interstate,VA-351W,351.0,PEMBROKE AVE,2.11,Minor Arterial,Not at Intersection,,No,0,0,No,0,0,0,0,0,0,0,0,0,0,0,c6653413,0,0,1,Minor
2,2024-11-12,18:57:00,Tuesday,Rear End,On Roadway,"Blacktop, Asphalt, Bituminous",No Defects,Darkness,Darkness - Road Not Lighted,"Two-Way, Not Divided",Not Provided,No Adverse Condition (Clear/Cloud),Straight - Level,Not Provided,No,Four Approaches,Not Provided,Traffic Lanes Marked,Dry,Intersection Area,Intersection Related - Within 150 Feet,Yes - Working,No,2024,Autumn,November,Nighttime,6:00pm - 8:59pm,18,Property Damage Crash,No,No,No,No,No,No,No,No,No,No,No,No,No,Multiple Vehicle Crashes,Loudoun County,,Urban,38.98682,-77.53826,Non-Interstate,SC-772E (LOUDOUN COUNTY),772.0,RYAN RD,1.44,Major Collector,At Intersection,NORTHSTAR BLVD,No,0,0,No,0,0,0,0,0,0,0,0,0,0,0,c2133990,0,0,1,Minor
1,2023-04-22,22:42:00,Saturday,Fixed Object - Off Road,On Roadway,"Blacktop, Asphalt, Bituminous",No Defects,Darkness,Darkness - Road Not Lighted,"Two-Way, Not Divided",Not Provided,No Adverse Condition (Clear/Cloud),Curve - Level,Not Provided,No,Three Approaches,Not Provided,No Traffic Control,Wet,Intersection Area,Within Intersection,No Traffic Control Device Present,No,2023,Spring,April,Nighttime,9:00pm - 11:59pm,22,Property Damage Crash,No,No,No,No,No,No,No,No,No,No,No,No,No,Single Vehicle Crashes,Stafford County,,Urban,38.3211,-77.41508,Non-Interstate,SC-608S (STAFFORD COUNTY),608.0,BROOKE RD,0.86,Major Collector,At Intersection,JOHN ROBERTS LN,No,0,0,No,0,0,0,0,0,0,0,0,0,0,0,c8757249,0,0,1,Minor
1,2023-11-11,14:50:00,Saturday,Fixed Object - Off Road,Shoulder,"Blacktop, Asphalt, Bituminous",No Defects,Daylight,Daylight,"Two-Way, Divided, Positive Median Barrier",Not Provided,No Adverse Condition (Clear/Cloud),Straight - Level,Not Provided,No,Two Approaches,Not Provided,Traffic Lanes Marked,Dry,Intersection Area,Within Intersection,Yes - Working,No,2023,Autumn,November,Daytime,Noon - 2:59pm,14,Injury Crash,Yes,No,No,No,No,No,No,No,No,No,No,No,No,Single Vehicle Crashes,Va. Beach City,,Urban,36.79861,-76.17736,Non-Interstate,UR-7E (CITY OF VIRGINIA BEACH),7.0,INDIAN RIVER RD,2.97,Other Principal Arterial,At Intersection,LILA LN,No,0,0,No,0,0,0,0,0,0,0,0,0,0,1,c2941948,0,0,1,Minor
2,2022-05-12,15:52:00,Thursday,Angle,On Roadway,"Blacktop, Asphalt, Bituminous",No Defects,Daylight,Daylight,"Two-Way, Divided, Unprotected Median",Not Provided,Rain,Straight - Level,Not Provided,No,Four Approaches,Not Provided,Traffic Signal,Wet,Intersection Area,Intersection Related - Within 150 Feet,Yes - Working,No,2022,Spring,May,Daytime,3:00pm - 5:59pm,15,Injury Crash,No,No,No,No,No,No,No,No,No,No,Yes,No,No,Multiple Vehicle Crashes,Hampton City,,Urban,37.06916,-76.42744,Non-Interstate,THOMAS NELSON DR (PR - CITY OF HAMPTON),,THOMAS NELSON DR,0.0,Local,At Intersection,BIG BETHEL RD,No,0,0,No,0,0,0,0,0,0,0,1,0,0,2,c4212290,0,1,0,Severe
2,2022-07-12,12:24:00,Tuesday,Angle,On Roadway,"Blacktop, Asphalt, Bituminous",No Defects,Dawn,Dawn,"Two-Way, Not Divided",Not Provided,No Adverse Condition (Clear/Cloud),Straight - Level,Not Provided,No,Four Approaches,Not Provided,Traffic Lanes Marked,Dry,Intersection Area,Within Intersection,Yes - Working,No,2022,Summer,July,Daytime,Noon - 2:59pm,12,Injury Crash,No,No,Yes,No,No,No,No,No,No,Yes,No,No,No,Multiple Vehicle Crashes,Prince William County,,Urban,38.63537,-77.29826,Non-Interstate,SC-1780W (PRINCE WILLIAM COUNTY),1780.0,TOWN CENTER RD,0.13,Minor Collector,At Intersection,POTOMAC MILLS RD,No,0,0,No,0,0,0,0,0,0,0,0,0,0,4,c7988142,0,1,0,Severe
2,2023-03-15,12:04:00,Wednesday,Angle,On Roadway,"Blacktop, Asphalt, Bituminous",No Defects,Daylight,Daylight,"Two-Way, Divided, Positive Median Barrier",Not Provided,No Adverse Condition (Clear/Cloud),Straight - Level,Not Provided,No,Three Approaches,Not Provided,Traffic Signal,Dry,Intersection Area,Within Intersection,Yes - Working,No,2023,Spring,March,Daytime,Noon - 2:59pm,12,Property Damage Crash,No,No,No,No,No,No,No,No,No,No,Yes,No,No,Multiple Vehicle Crashes,Va. Beach City,,Urban,36.84983,-75.98071,Non-Interstate,22ND ST (NP - CITY OF VIRGINIA BEACH),,22ND ST,0.27,Other Principal Arterial,At Intersection,BALTIC AVE,Yes,0,0,No,0,0,0,0,0,0,0,0,0,0,0,c0033987,0,0,1,Minor
1,2024-05-03,11:59:00,Friday,Non-Collision,In Parking Lane or Zone,"Blacktop, Asphalt, Bituminous",No Defects,Daylight,Daylight,"Two-Way, Divided, Positive Median Barrier",Not Provided,No Adverse Condition (Clear/Cloud),Grade - Straight,Not Provided,No,Not at Intersection,Not Provided,No Traffic Control,Dry,Intersection Area,Non-Intersection,No Traffic Control Device Present,No,2024,Spring,May,Daytime,9:00am - 11:59am,11,Property Damage Crash,No,No,No,No,No,No,No,No,No,No,No,No,No,Single Vehicle Crashes,Montgomery County,Christiansburg,Urban,37.13578,-80.41378,Non-Interstate,BUS US-460E (7 TOWN OF CHRISTIANSBURG),460.0,FRANKLIN ST,4.08,Minor Arterial,At Intersection,WADES LN,No,0,0,No,0,0,0,0,0,0,0,0,0,0,0,c9901346,0,0,1,Minor
2,2024-03-28,18:10:00,Thursday,Rear End,On Roadway,"Blacktop, Asphalt, Bituminous",No Defects,Daylight,Daylight,"Two-Way, Not Divided",Not Provided,No Adverse Condition (Clear/Cloud),Hillcrest - Straight,Not Provided,No,Not at Intersection,Not Provided,No Passing Lines,Dry,Intersection Area,Non-Intersection,Yes - Working,No,2024,Spring,March,Nighttime,6:00pm - 8:59pm,18,Property Damage Crash,No,Yes,No,No,No,No,No,No,No,No,No,No,No,Multiple Vehicle Crashes,Rockingham County,,Rural,38.43718,-78.61153,Non-Interstate,SC-607E (ROCKINGHAM COUNTY),607.0,RED BRUSH RD,0.74,Major Collector,Not at Intersection,,Yes,0,0,No,0,0,0,0,0,0,0,0,0,0,0,c5549927,0,0,1,Minor
2,2024-04-10,14:30:00,Wednesday,Angle,On Roadway,"Blacktop, Asphalt, Bituminous",No Defects,Daylight,Daylight,"Two-Way, Divided, Positive Median Barrier",Not Provided,No Adverse Condition (Clear/Cloud),Straight - Level,Not Provided,No,Three Approaches,Not Provided,Stop Sign,Dry,Intersection Area,Within Intersection,Yes - Working,No,2024,Spring,April,Daytime,Noon - 2:59pm,14,Property Damage Crash,No,No,No,No,No,No,No,No,No,No,Yes,No,No,Multiple Vehicle Crashes,Fairfax County,,Urban,38.77435,-77.17795,Non-Interstate,SC-789N (FAIRFAX COUNTY),789.0,LOISDALE RD,2.55,Minor Arterial,At Intersection,LOISDALE CT,Yes,0,0,No,0,0,0,0,0,0,0,0,0,0,0,c6161953,0,0,1,Minor
2,2024-10-25,04:30:00,Friday,Rear End,Shoulder,"Blacktop, Asphalt, Bituminous",No Defects,Darkness,Darkness - Road Not Lighted,"Two-Way, Divided, Positive Median Barrier",Not Provided,No Adverse Condition (Clear/Cloud),Straight - Level,Not Provided,No,Not at Intersection,Not Provided,Traffic Lanes Marked,Dry,Interchange Area,Main-Line Roadway,Yes - Working,No,2024,Autumn,October,Nighttime,3:00am - 5:59am,4,Injury Crash,No,Yes,No,No,No,No,No,No,No,No,Yes,No,No,Multiple Vehicle Crashes,Chesterfield County,,Urban,37.4802,-77.51579,Non-Interstate,VA-150N,150.0,CHIPPENHAM PKWAY,5.77,Other Freeways and Expressways,Not at Intersection,,No,0,0,No,0,0,0,0,0,0,0,1,0,0,2,c9087119,0,1,0,Severe
3,2024-04-06,14:59:00,Saturday,Angle,On Roadway,"Blacktop, Asphalt, Bituminous",No Defects,Daylight,Daylight,"Two-Way, Not Divided",Not Provided,No Adverse Condition (Clear/Cloud),Straight - Level,Not Provided,No,Four Approaches,Not Provided,Traffic Lanes Marked,Dry,Intersection Area,Intersection Related - Within 150 Feet,Yes - Working,No,2024,Spring,April,Daytime,Noon - 2:59pm,14,Property Damage Crash,No,No,No,No,No,No,No,No,No,Yes,Yes,No,No,Multiple Vehicle Crashes,Salem City,,Urban,37.28903,-80.08709,Non-Interstate,TURNER RD (NP - CITY OF SALEM),,TURNER RD,0.02,Local,At Intersection,MAIN ST,No,0,0,No,0,0,0,0,0,0,0,0,0,0,0,c0611963,0,0,1,Minor
3,2024-09-18,18:35:00,Wednesday,Angle,On Roadway,"Blacktop, Asphalt, Bituminous",No Defects,Dusk,Dusk,"Two-Way, Divided, Unprotected Median",Not Provided,Rain,Straight - Level,Not Provided,No,Four Approaches,Not Provided,Traffic Signal,Wet,Intersection Area,Within Intersection,Yes - Working,No,2024,Autumn,September,Nighttime,6:00pm - 8:59pm,18,Property Damage Crash,No,No,No,No,No,No,No,No,No,No,No,No,No,Multiple Vehicle Crashes,Chesterfield County,,Urban,37.47685,-77.51868,Non-Interstate,US-360E,360.0,HULL ST RD,134.22,Other Principal Arterial,At Intersection,TACONY DR,No,0,0,No,0,0,0,0,0,0,0,0,0,0,0,c1906776,0,0,1,Minor
2,2023-04-18,16:15:00,Tuesday,Sideswipe - Opposite Direction,On Roadway,"Blacktop, Asphalt, Bituminous",Other,Daylight,Daylight,"Two-Way, Not Divided",Not Provided,No Adverse Condition (Clear/Cloud),Hillcrest - Curve,Not Provided,No,Not at Intersection,Not Provided,No Traffic Control,Dry,Intersection Area,Non-Intersection,No Traffic Control Device Present,No,2023,Spring,April,Daytime,3:00pm - 5:59pm,16,Injury Crash,No,No,Yes,No,No,No,No,No,No,No,No,No,No,Multiple Vehicle Crashes,Goochland County,,Rural,37.76472,-78.13722,Non-Interstate,SC-667E (GOOCHLAND COUNTY),667.0,OLD COLUMBIA RD,1.51,Local,Not at Intersection,,No,0,0,No,0,0,0,0,0,0,0,0,1,0,1,c0697475,0,0,1,Minor
5,2024-08-17,23:14:00,Saturday,Angle,On Roadway,"Blacktop, Asphalt, Bituminous",No Defects,Darkness,Darkness - Road Lighted,"Two-Way, Not Divided",Not Provided,No Adverse Condition (Clear/Cloud),Grade - Curve,Not Provided,No,Three Approaches,Not Provided,Traffic Lanes Marked,Dry,Intersection Area,Intersection Related - Within 150 Feet,Yes - Working,No,2024,Summer,August,Nighttime,9:00pm - 11:59pm,23,Property Damage Crash,Yes,No,No,No,No,No,No,No,No,No,Yes,No,No,Multiple Vehicle Crashes,Prince William County,,Urban,38.63281,-77.33904,Non-Interstate,SC-1826E (PRINCE WILLIAM COUNTY),1826.0,DARBYDALE AVE,0.92,Major Collector,At Intersection,EMBERDALE DR,No,0,0,No,0,0,0,0,0,0,0,0,0,0,0,c8043989,0,0,1,Minor
1,2024-08-30,23:20:00,Friday,Fixed Object in Road,On Roadway,"Blacktop, Asphalt, Bituminous",No Defects,Darkness,Darkness - Road Not Lighted,"Two-Way, Not Divided",Not Provided,No Adverse Condition (Clear/Cloud),Grade - Curve,Not Provided,No,Not at Intersection,Not Provided,No Passing Lines,Dry,Intersection Area,Non-Intersection,Yes - Working,No,2024,Summer,August,Nighttime,9:00pm - 11:59pm,23,Property Damage Crash,No,Yes,No,No,No,No,No,No,No,No,No,No,No,Single Vehicle Crashes,Washington County,,Urban,36.62218,-82.24839,Non-Interstate,US-58W,58.0,GATE CITY HWAY,93.14,Other Principal Arterial,Not at Intersection,,No,0,0,No,0,0,0,0,0,0,0,0,0,0,0,c2237481,0,0,1,Minor
1,2024-04-28,00:47:00,Sunday,Fixed Object - Off Road,On Roadway,"Blacktop, Asphalt, Bituminous",No Defects,Darkness,Darkness - Road Not Lighted,"Two-Way, Not Divided",Not Provided,No Adverse Condition (Clear/Cloud),Straight - Level,Not Provided,No,Not at Intersection,Not Provided,No Passing Lines,Dry,Intersection Area,Non-Intersection,Yes - Working,No,2024,Spring,April,Nighttime,Midnight - 2:59am,0,Injury Crash,No,No,No,No,No,No,No,No,No,No,No,No,No,Single Vehicle Crashes,Henry County,,Rural,36.72321,-79.82256,Non-Interstate,SC-778E (HENRY COUNTY),778.0,TERRYS MOUNTAIN RD,1.97,Local,Not at Intersection,,No,0,0,No,0,0,0,0,0,0,0,0,0,0,1,c8425962,0,0,1,Minor
2,2022-12-08,16:30:00,Thursday,Angle,On Roadway,"Blacktop, Asphalt, Bituminous",No Defects,Dusk,Dusk,"Two-Way, Not Divided",Not Provided,No Adverse Condition (Clear/Cloud),Straight - Level,Not Provided,No,Three Approaches,Not Provided,No Traffic Control,Dry,Intersection Area,Within Intersection,No Traffic Control Device Present,No,2022,Winter,December,Daytime,3:00pm - 5:59pm,16,Property Damage Crash,No,No,No,No,No,No,No,No,No,No,No,No,No,Multiple Vehicle Crashes,Williamsburg City,,Urban,37.2742,-76.69918,Non-Interstate,VA-90003W,90003.0,COLONIAL NATIONAL HISTORICAL PKWY,9.87,Major Collector,At Intersection,N ENGLAND ST RAMP,Yes,0,0,No,0,0,0,0,0,0,0,0,0,0,0,c6280262,0,0,1,Minor