NumberOfVehicles,CrashDate,CrashTime,DayOfWeek,TypeOfCollision,LocationOfFirstHarmfulEvent,RoadwaySurfaceType,RoadwayDefect,LightCondition_Category,LightCondition_Value,RoadwayDescription,WorkZoneLocation,WeatherCondition,RoadwayAlignment,WorkZoneWorkersPresent,SchoolZone,IntersectionType,WorkZoneType,TrafficControlType,RoadwaySurfaceCondition,RelationToRoadway_Category,RelationToRoadway_Value,TrafficControlMechanicalDevice,WorkZoneRelated,Year,Meteorological Season,MonthName,DaytimeNighttime_NHTSA,ThreeHourLabel,Hour,CrashType,AlcoholInvolved,SpeedRelated,CommercialMotorVehiclesInvolved,PedestrianInvolved,BicycleInvolved,MotorcycleInvolved,MopedInvolved,TrainRelated,SchoolZoneInvolved,TeenDriverInvolved,DistractedDriverInvolved,DriverTextingInvolved,DriverUsingCellPhone,Single_Multi_Vehicle,Jurisdiction,TownName,LocationTypeName,Latitude,Longitude,Interstate_NonInterstate,RoadName,RouteNumber,RouteName,MileMarker,FunctionalClassCode,AtIntersection,SecondaryLocation,MatureDriverInvolved,MatureDriverFatalities,MatureDriverInjuries,LargeTruckInvolved,PedestrianFatalities,PedestrianInjuries,MotorcycleFatalities,MotorcycleInjuries,BicycleFatalities,BicycleInjuries,DistractedDriverFatalities,DistractedDriverInjuries,UnrestrainedInjuries,Number_Of_Fatalities,Number_Of_Injuries,Crash_UID,Is_Fatal,Is_Severe,Is_Minor,SeverityLabel
1,2022-06-11,15:48:00,Saturday,Fixed Object - Off Road,Roadside,"Blacktop, Asphalt, Bituminous",No Defects,Daylight,Daylight,"Two-Way, Not Divided",Not Provided,No Adverse Condition (Clear/Cloud),Straight - Level,Not Provided,No,Not at Intersection,Not Provided,No Traffic Control,Dry,Intersection Area,Non-Intersection,No Traffic Control Device Present,No,2022,Summer,June,Daytime,3:00pm - 5:59pm,15,Property Damage Crash,Yes,No,No,No,No,No,No,No,No,No,No,No,No,Single Vehicle Crashes,Fauquier County,,Rural,38.79334,-77.90974,Non-Interstate,SC-721N (FAUQUIER COUNTY),721.0,FREE STATE RD,0.45,Local,Not at Intersection,,No,0,0,No,0,0,0,0,0,0,0,0,0,0,0,c0650173,0,0,1,Minor
1,2023-04-02,10:10:00,Sunday,Non-Collision,Roadside,"Blacktop, Asphalt, Bituminous",No Defects,Daylight,Daylight,"Two-Way, Divided, Unprotected Median",Not Provided,No Adverse Condition (Clear/Cloud),Straight - Level,Not Provided,No,Not at Intersection,Not Provided,No Passing Lines,Dry,Intersection Area,Non-Intersection,Yes - Working,No,2023,Spring,April,Daytime,9:00am - 11:59am,10,Injury Crash,No,No,No,No,No,No,No,No,No,No,No,No,No,Single Vehicle Crashes,Shenandoah County,,Rural,38.6905,-78.65045,Non-Interstate,US-11N,11.0,OLD VALLEY PIKE,283.88,Major Collector,Not at Intersection,,No,0,0,No,0,0,0,0,0,0,0,0,0,0,1,c5217609,0,0,1,Minor
3,2023-12-18,08:00:00,Monday,Rear End,On Roadway,"Blacktop, Asphalt, Bituminous",No Defects,Daylight,Daylight,"Two-Way, Divided, Unprotected Median",Not Provided,No Adverse Condition (Clear/Cloud),Straight - Level,Not Provided,No,Not at Intersection,Not Provided,Traffic Lanes Marked,Dry,Intersection Area,Non-Intersection,Yes - Working,No,2023,Winter,December,Daytime,6:00am - 8:59am,8,Property Damage Crash,No,No,No,No,No,No,No,No,No,No,No,No,No,Multiple Vehicle Crashes,Henrico County,,Urban,37.62004,-77.55852,Non-Interstate,CR-7518S (HENRICO COUNTY),7518.0,PARHAM RD,3.75,Other Principal Arterial,Not at Intersection,,No,0,0,No,0,0,0,0,0,0,0,0,0,0,0,c8232391,0,0,1,Minor
2,2024-04-14,16:50:00,Sunday,Angle,On Roadway,"Blacktop, Asphalt, Bituminous",No Defects,Daylight,Daylight,"Two-Way, Not Divided",Not Provided,No Adverse Condition (Clear/Cloud),Straight - Level,Not Provided,No,Three Approaches,Not Provided,Stop Sign,Dry,Intersection Area,Within Intersection,Yes - Working,No,2024,Spring,April,Daytime,3:00pm - 5:59pm,16,Property Damage Crash,No,No,No,No,No,No,No,No,No,No,No,No,No,Multiple Vehicle Crashes,Fredericksburg City,,Urban,38.3072,-77.46567,Non-Interstate,PRINCE EDWARD ST (PR - CITY OF FREDERICKSBURG),,PRINCE EDWARD ST,0.79,Major Collector,At Intersection,PITT ST,Yes,0,0,No,0,0,0,0,0,0,0,0,0,0,0,c5867655,0,0,1,Minor
2,2023-12-20,10:32:00,Wednesday,Angle,On Roadway,"Blacktop, Asphalt, Bituminous",No Defects,Daylight,Daylight,"Two-Way, Not Divided",Not Provided,No Adverse Condition (Clear/Cloud),Grade - Curve,Not Provided,No,Four Approaches,Not Provided,Stop Sign,Dry,Intersection Area,Intersection Related - Within 150 Feet,Yes - Working,No,2023,Winter,December,Daytime,9:00am - 11:59am,10,Injury Crash,No,No,No,No,No,No,No,No,No,No,No,No,No,Multiple Vehicle Crashes,Albemarle County,,Urban,38.00711,-78.52131,Non-Interstate,SC-780S (ALBEMARLE COUNTY),780.0,OLD LYNCHBURG RD,0.14,Major Collector,At Intersection,MOUNTAINWOOD RD,No,0,0,No,0,0,0,0,0,0,0,0,0,0,9,c6794129,0,1,0,Severe
2,2024-11-06,07:54:00,Wednesday,Rear End,On Roadway,"Blacktop, Asphalt, Bituminous",No Defects,Daylight,Daylight,"Two-Way, Not Divided",Not Provided,No Adverse Condition (Clear/Cloud),Straight - Level,Not Provided,Yes - With School Activity,Roundabout,Not Provided,Yield Sign,Dry,Intersection Area,Within Intersection,Yes - Working,No,2024,Autumn,November,Daytime,6:00am - 8:59am,7,Injury Crash,No,No,No,No,No,No,No,No,Yes,No,Yes,No,No,Multiple Vehicle Crashes,Loudoun County,,Urban,38.97754,-77.54688,Non-Interstate,SC-774E (LOUDOUN COUNTY),774.0,CREIGHTON RD,0.79,Minor Collector,At Intersection,WOLFSPRING PL,No,0,0,No,0,0,0,0,0,0,0,0,0,0,1,c8351577,0,0,1,Minor
2,2024-06-11,01:12:00,Tuesday,Head On,On Roadway,"Blacktop, Asphalt, Bituminous",No Defects,Darkness,Darkness - Road Not Lighted,"Two-Way, Not Divided",Not Provided,No Adverse Condition (Clear/Cloud),Straight - Level,Not Provided,No,Not at Intersection,Not Provided,Traffic Lanes Marked,Dry,Intersection Area,Non-Intersection,Yes - Working,No,2024,Summer,June,Nighttime,Midnight - 2:59am,1,Property Damage Crash,No,Yes,No,No,No,No,No,No,No,No,No,No,No,Multiple Vehicle Crashes,Chesterfield County,,Urban,37.52036,-77.59689,Non-Interstate,SC-1985S (CHESTERFIELD COUNTY),1985.0,WOODMONT DR,0.21,Local,At Intersection,ROCKLEDGE RD,No,0,0,No,0,0,0,0,0,0,0,0,0,0,0,c7362527,0,0,1,Minor
3,2022-11-08,08:15:00,Tuesday,Rear End,On Roadway,"Blacktop, Asphalt, Bituminous",No Defects,Daylight,Daylight,"Two-Way, Not Divided",Not Provided,No Adverse Condition (Clear/Cloud),Straight - Level,Not Provided,No,Not at Intersection,Not Provided,No Passing Lines,Dry,Interchange Area,Main-Line Roadway,Yes - Working,No,2022,Autumn,November,Daytime,6:00am - 8:59am,8,Injury Crash,No,Yes,Yes,No,No,No,No,No,No,No,No,No,No,Multiple Vehicle Crashes,Orange County,,Rural,38.27062,-77.9122,Non-Interstate,VA-20N,20.0,CONSTITUTION HWY,78.89,Minor Arterial,Not at Intersection,,No,0,0,No,0,0,0,0,0,0,0,0,1,0,2,c1505547,0,1,0,Severe
2,2024-10-27,14:10:00,Sunday,Rear End,On Roadway,"Blacktop, Asphalt, Bituminous",No Defects,Daylight,Daylight,"Two-Way, Divided, Positive Median Barrier",Not Provided,No Adverse Condition (Clear/Cloud),Straight - Level,Not Provided,No,Not at Intersection,Not Provided,Traffic Lanes Marked,Dry,Intersection Area,Non-Intersection,Yes - Working,No,2024,Autumn,October,Daytime,Noon - 2:59pm,14,Property Damage Crash,No,Yes,No,No,No,No,No,No,No,No,No,No,No,Multiple Vehicle Crashes,Fairfax County,,Urban,38.80286,-77.10421,Interstate,I-95N,95.0,I-95,174.65,Interstate,Not at Intersection,,No,0,0,No,0,0,0,0,0,0,0,0,0,0,0,c6795917,0,0,1,Minor
1,2023-07-22,04:00:00,Saturday,Fixed Object - Off Road,Roadside,"Blacktop, Asphalt, Bituminous",No Defects,Darkness,Darkness - Road Not Lighted,"Two-Way, Divided, Unprotected Median",Not Provided,No Adverse Condition (Clear/Cloud),Straight - Level,Not Provided,No,Not at Intersection,Not Provided,No Passing Lines,Dry,Intersection Area,Non-Intersection,Yes - Working,No,2023,Summer,July,Nighttime,3:00am - 5:59am,4,Property Damage Crash,No,Yes,No,No,No,No,No,No,No,No,No,No,No,Single Vehicle Crashes,New Kent County,,Rural,37.58238,-77.15298,Non-Interstate,SC-638N (NEW KENT COUNTY),638.0,COSBY MILL RD,3.05,Minor Collector,Not at Intersection,,No,0,0,No,0,0,0,0,0,0,0,0,0,0,0,c8666702,0,0,1,Minor
2,2024-04-24,18:56:00,Wednesday,Rear End,On Roadway,"Blacktop, Asphalt, Bituminous",No Defects,Daylight,Daylight,"Two-Way, Divided, Positive Median Barrier",Not Provided,No Adverse Condition (Clear/Cloud),Straight - Level,Not Provided,No,Four Approaches,Not Provided,Traffic Signal,Dry,Intersection Area,Intersection Related - Within 150 Feet,Yes - Working,No,2024,Spring,April,Nighttime,6:00pm - 8:59pm,18,Injury Crash,No,No,No,No,No,No,No,No,No,No,No,No,No,Multiple Vehicle Crashes,Hampton City,,Urban,37.03315,-76.32571,Non-Interstate,VA-351E,351.0,PEMBROKE AVE,6.82,Minor Arterial,At Intersection,MERCURY BLVD,Yes,0,1,No,0,0,0,0,0,0,0,0,0,0,2,c6831021,0,1,0,Severe
2,2022-12-21,18:25:00,Wednesday,Rear End,On Roadway,"Blacktop, Asphalt, Bituminous",No Defects,Darkness,Darkness - Road Not Lighted,"Two-Way, Not Divided",Not Provided,No Adverse Condition (Clear/Cloud),Straight - Level,Not Provided,No,Two Approaches,Not Provided,No Passing Lines,Dry,Intersection Area,Intersection Related - Within 150 Feet,Yes - Working,No,2022,Winter,December,Nighttime,6:00pm - 8:59pm,18,Property Damage Crash,No,No,No,No,No,No,No,No,No,No,Yes,No,No,Multiple Vehicle Crashes,Lee County,Jonesville,Rural,36.68891,-83.11142,Non-Interstate,US-58W,58.0,MAIN ST,33.33,Minor Arterial,At Intersection,PARK ST,Yes,0,0,No,0,0,0,0,0,0,0,0,0,0,0,c6112581,0,0,1,Minor
3,2024-08-18,14:42:00,Sunday,Angle,On Roadway,"Blacktop, Asphalt, Bituminous",No Defects,Daylight,Daylight,"Two-Way, Not Divided",Not Provided,No Adverse Condition (Clear/Cloud),Grade - Straight,Not Provided,No,Not at Intersection,Not Provided,No Traffic Control,Dry,Interchange Area,Main-Line Roadway,No Traffic Control Device Present,No,2024,Summer,August,Daytime,Noon - 2:59pm,14,Injury Crash,No,No,No,No,No,No,No,No,No,No,No,No,No,Multiple Vehicle Crashes,Fairfax County,,Urban,38.82345,-77.21295,Non-Interstate,SC-2630S (FAIRFAX COUNTY),2630.0,HERITAGE DR,0.75,Major Collector,Not at Intersection,,Yes,0,1,No,0,0,0,0,0,0,0,0,0,0,2,c7655105,0,1,0,Severe
2,2022-06-03,19:15:00,Friday,Rear End,On Roadway,"Blacktop, Asphalt, Bituminous",No Defects,Dawn,Dawn,"Two-Way, Divided, Unprotected Median",Not Provided,No Adverse Condition (Clear/Cloud),Straight - Level,Not Provided,No,Four Approaches,Not Provided,Traffic Signal,Dry,Intersection Area,Within Intersection,Yes - Working,No,2022,Summer,June,Nighttime,6:00pm - 8:59pm,19,Property Damage Crash,No,No,No,No,No,No,No,No,No,No,No,No,No,Multiple Vehicle Crashes,Prince William County,,Urban,38.81855,-77.6317,Non-Interstate,SC-2502W (PRINCE WILLIAM COUNTY),2502.0,HEATHCOTE BLVD,0.41,Major Collector,At Intersection,OLD CAROLINA RD,No,0,0,No,0,0,0,0,0,0,0,0,0,0,0,c8133872,0,0,1,Minor
2,2022-06-11,23:38:00,Saturday,Fixed Object - Off Road,Roadside,"Blacktop, Asphalt, Bituminous",No Defects,Darkness,Darkness - Road Lighted,"One-Way, Not Divided",Not Provided,No Adverse Condition (Clear/Cloud),Straight - Level,Not Provided,No,Three Approaches,Not Provided,Traffic Lanes Marked,Dry,Intersection Area,Within Intersection,Yes - Working,No,2022,Summer,June,Nighttime,9:00pm - 11:59pm,23,Property Damage Crash,No,Yes,No,No,No,No,No,No,No,No,No,No,No,Multiple Vehicle Crashes,Roanoke City,,Urban,37.26888,-79.93026,Non-Interstate,VA-24P,24.0,JAMISON AVE,0.18,Minor Arterial,At Intersection,8TH ST,No,0,0,No,0,0,0,0,0,0,0,0,0,0,0,c8579899,0,0,1,Minor
3,2023-08-20,15:31:00,Sunday,Rear End,On Roadway,"Blacktop, Asphalt, Bituminous",No Defects,Daylight,Daylight,"Two-Way, Divided, Positive Median Barrier",Not Provided,No Adverse Condition (Clear/Cloud),Straight - Level,Not Provided,No,Not at Intersection,Not Provided,Traffic Lanes Marked,Dry,Intersection Area,Non-Intersection,Yes - Working,No,2023,Summer,August,Daytime,3:00pm - 5:59pm,15,Property Damage Crash,No,No,No,No,No,No,No,No,No,No,No,No,No,Multiple Vehicle Crashes,James City County,,Rural,37.44221,-76.8552,Interstate,I-64W,64.0,I-64,225.19,Interstate,Not at Intersection,,No,0,0,No,0,0,0,0,0,0,0,0,0,0,0,c0013935,0,0,1,Minor
2,2022-12-07,13:47:00,Wednesday,Angle,On Roadway,"Blacktop, Asphalt, Bituminous",No Defects,Daylight,Daylight,"Two-Way, Not Divided",Not Provided,No Adverse Condition (Clear/Cloud),Grade - Straight,Not Provided,No,Four Approaches,Not Provided,Traffic Signal,Dry,Intersection Area,Within Intersection,Yes - Working,No,2022,Winter,December,Daytime,Noon - 2:59pm,13,Injury Crash,No,No,No,No,Yes,No,No,No,No,No,No,No,No,Multiple Vehicle Crashes,Alleghany County,Clifton Forge,Urban,37.81525,-79.81891,Non-Interstate,BUS US-220N (1 TOWN OF CLIFTON FORGE),220.0,A ST,1.49,Minor Arterial,At Intersection,MAIN ST,No,0,0,No,0,0,0,0,0,1,0,0,0,0,1,c0758096,0,0,1,Minor
4,2023-06-04,15:30:00,Sunday,Fixed Object in Road,On Roadway,"Blacktop, Asphalt, Bituminous",No Defects,Daylight,Daylight,"Two-Way, Not Divided",Not Provided,No Adverse Condition (Clear/Cloud),Straight - Level,Not Provided,No,Not at Intersection,Not Provided,Stop Sign,Dry,Intersection Area,Non-Intersection,Yes - Working,No,2023,Summer,June,Daytime,3:00pm - 5:59pm,15,Property Damage Crash,No,No,No,No,No,No,No,No,No,No,No,No,No,Multiple Vehicle Crashes,Henrico County,,Urban,37.48824,-77.37683,,DAWNFIELD LN (NP - HENRICO COUNTY),,DAWNFIELD LN,0.33,,Not at Intersection,,No,0,0,No,0,0,0,0,0,0,0,0,0,0,0,c4444678,0,0,1,Minor
1,2022-05-12,06:20:00,Thursday,Other,Roadside,"Blacktop, Asphalt, Bituminous",No Defects,Daylight,Daylight,"Two-Way, Divided, Unprotected Median",Not Provided,No Adverse Condition (Clear/Cloud),Straight - Level,Not Provided,No,Not at Intersection,Not Provided,Traffic Lanes Marked,Dry,Intersection Area,Non-Intersection,Yes - Working,No,2022,Spring,May,Daytime,6:00am - 8:59am,6,Injury Crash,No,No,No,No,No,No,No,No,No,Yes,No,No,No,Single Vehicle Crashes,Nottoway County,,Rural,37.16444,-78.25711,Non-Interstate,US-360E,360.0,PATRICK HENRY HWY,83.34,Other Principal Arterial,Not at Intersection,,No,0,0,No,0,0,0,0,0,0,0,0,0,0,2,c7973838,0,1,0,Severe
2,2022-05-29,00:17:00,Sunday,Angle,On Roadway,"Blacktop, Asphalt, Bituminous",No Defects,Daylight,Daylight,"Two-Way, Not Divided",Not Provided,No Adverse Condition (Clear/Cloud),Straight - Level,Not Provided,No,Not at Intersection,Not Provided,Traffic Lanes Marked,Dry,Intersection Area,Non-Intersection,Yes - Working,No,2022,Spring,May,Nighttime,Midnight - 2:59am,0,Property Damage Crash,No,No,No,No,No,No,No,No,No,No,No,No,No,Multiple Vehicle Crashes,Lynchburg City,,Urban,37.4005,-79.17365,Non-Interstate,OAKLEY AVE (PR - CITY OF LYNCHBURG),221.0,OAKLEY AVE,0.31,Minor Arterial,Not at Intersection,,No,0,0,No,0,0,0,0,0,0,0,0,0,0,0,c7688922,0,0,1,Minor
2,2024-05-28,15:37:00,Tuesday,Angle,On Roadway,"Blacktop, Asphalt, Bituminous",No Defects,Daylight,Daylight,"Two-Way, Not Divided",Not Provided,No Adverse Condition (Clear/Cloud),Straight - Level,Not Provided,No,Three Approaches,Not Provided,Stop Sign,Dry,Intersection Area,Within Intersection,Yes - Working,No,2024,Spring,May,Daytime,3:00pm - 5:59pm,15,Property Damage Crash,No,No,No,No,No,No,No,No,No,No,No,No,No,Multiple Vehicle Crashes,Nelson County,,Rural,37.63803,-78.94497,Non-Interstate,SC-657N (NELSON COUNTY),657.0,TYE RIVER RD,9.17,Minor Collector,At Intersection,TYE RIVER RD,No,0,0,No,0,0,0,0,0,0,0,0,0,0,0,c1105188,0,0,1,Minor
2,2023-02-13,07:40:00,Monday,Rear End,On Roadway,"Blacktop, Asphalt, Bituminous",No Defects,Daylight,Daylight,"Two-Way, Divided, Unprotected Median",Not Provided,No Adverse Condition (Clear/Cloud),Straight - Level,Not Provided,No,Three Approaches,Not Provided,Traffic Signal,Dry,Interchange Area,Acceleration/Deceleration Lanes,Yes - Working,No,2023,Winter,February,Daytime,6:00am - 8:59am,7,Property Damage Crash,No,No,No,No,No,No,No,No,No,No,No,No,No,Multiple Vehicle Crashes,Fairfax County,,Urban,38.90028,-77.4458,Non-Interstate,US-50W,50.0,LEE JACKSON MEMORIAL HWY,63.33,Minor Arterial,At Intersection,AIRPLANE RD,No,0,0,No,0,0,0,0,0,0,0,0,0,0,0,c6985932,0,0,1,Minor
2,2023-05-17,21:55:00,Wednesday,Fixed Object - Off Road,Median,"Blacktop, Asphalt, Bituminous",No Defects,Darkness,Darkness - Road Lighted,"Two-Way, Divided, Positive Median Barrier",Not Provided,No Adverse Condition (Clear/Cloud),Straight - Level,Not Provided,No,Not at Intersection,Not Provided,Traffic Lanes Marked,Dry,Interchange Area,Main-Line Roadway,Yes - Working,No,2023,Spring,May,Nighttime,9:00pm - 11:59pm,21,Property Damage Crash,No,No,Yes,No,No,No,No,No,No,No,Yes,No,No,Multiple Vehicle Crashes,Montgomery County,Christiansburg,Urban,37.12878,-80.37153,Interstate,I-81S,81.0,I-81,117.95,Interstate,Not at Intersection,,No,0,0,Yes,0,0,0,0,0,0,0,0,0,0,0,c4883702,0,0,1,Minor
2,2024-12-26,20:52:00,Thursday,Rear End,On Roadway,"Blacktop, Asphalt, Bituminous",No Defects,Darkness,Darkness - Road Lighted,"Two-Way, Divided, Unprotected Median",Not Provided,No Adverse Condition (Clear/Cloud),Straight - Level,Not Provided,No,Three Approaches,Not Provided,Traffic Signal,Dry,Intersection Area,Intersection Related - Within 150 Feet,Yes - Working,No,2024,Winter,December,Nighttime,6:00pm - 8:59pm,20,Property Damage Crash,No,No,No,No,No,No,No,No,No,Yes,No,No,No,Multiple Vehicle Crashes,Fairfax City,,Urban,38.86199,-77.29396,Non-Interstate,US-29N,29.0,FAIRFAX BLVD,236.23,Other Principal Arterial,At Intersection,FAIR WOODS PKWAY,No,0,0,No,0,0,0,0,0,0,0,0,0,0,0,c1855574,0,0,1,Minor
1,2023-10-30,06:27:00,Monday,Deer,On Roadway,"Blacktop, Asphalt, Bituminous",No Defects,Dawn,Dawn,"Two-Way, Not Divided",Not Provided,No Adverse Condition (Clear/Cloud),Straight - Level,Not Provided,No,Not at Intersection,Not Provided,Traffic Lanes Marked,Dry,Intersection Area,Non-Intersection,Yes - Working,No,2023,Autumn,October,Daytime,6:00am - 8:59am,6,Property Damage Crash,No,No,No,No,No,No,No,No,No,No,No,No,No,Single Vehicle Crashes,Halifax County,,Rural,36.78993,-79.00884,Non-Interstate,VA-57W,57.0,CHATHAM RD,85.86,Major Collector,Not at Intersection,,No,0,0,No,0,0,0,0,0,0,0,0,0,0,0,c0924384,0,0,1,Minor
2,2023-04-13,10:55:00,Thursday,Sideswipe - Same Direction,On Roadway,"Blacktop, Asphalt, Bituminous",No Defects,Darkness,Darkness - Road Lighted,"Two-Way, Divided, Unprotected Median",Not Provided,No Adverse Condition (Clear/Cloud),Straight - Level,Not Provided,No,Not at Intersection,Not Provided,Traffic Lanes Marked,Dry,Interchange Area,Main-Line Roadway,Yes - Working,No,2023,Spring,April,Daytime,9:00am - 11:59am,10,Property Damage Crash,No,Yes,No,No,No,No,No,No,No,Yes,No,No,No,Multiple Vehicle Crashes,Fairfax County,,Urban,38.88101,-77.22128,Interstate,I-495N,495.0,I-495,8.62,Interstate,Not at Intersection,,No,0,0,No,0,0,0,0,0,0,0,0,0,0,0,c1381023,0,0,1,Minor
2,2022-09-26,08:00:00,Monday,Angle,On Roadway,"Blacktop, Asphalt, Bituminous",No Defects,Daylight,Daylight,"Two-Way, Divided, Unprotected Median",Not Provided,Fog,Straight - Level,Not Provided,No,Four Approaches,Not Provided,Stop Sign,Wet,Intersection Area,Within Intersection,Yes - Working,No,2022,Autumn,September,Daytime,6:00am - 8:59am,8,Property Damage Crash,No,No,No,No,No,No,No,No,No,Yes,No,No,No,Multiple Vehicle Crashes,Lee County,,Rural,36.67924,-83.36465,Non-Interstate,US-58W,58.0,WILDERNESS RD,18.02,Minor Arterial,At Intersection,VALLEY SPRING RD,No,0,0,No,0,0,0,0,0,0,0,0,0,0,0,c6628438,0,0,1,Minor
2,2022-05-17,16:10:00,Tuesday,Rear End,On Roadway,"Blacktop, Asphalt, Bituminous",No Defects,Daylight,Daylight,"One-Way, Not Divided",Not Provided,No Adverse Condition (Clear/Cloud),Grade - Curve,Not Provided,No,Not at Intersection,Not Provided,Traffic Lanes Marked,Dry,Interchange Area,On Entrance/Exit Ramp,Yes - Working,No,2022,Spring,May,Daytime,3:00pm - 5:59pm,16,Property Damage Crash,No,No,No,No,No,No,No,No,No,Yes,No,No,No,Multiple Vehicle Crashes,Spotsylvania County,,Urban,38.24011,-77.50127,Interstate,I-95S RAMP 126A,95.0,I-95 RAMP,0.11,Interstate,Not at Intersection,,No,0,0,No,0,0,0,0,0,0,0,0,0,0,0,c2548581,0,0,1,Minor
2,2024-07-21,12:05:00,Sunday,Rear End,On Roadway,"Blacktop, Asphalt, Bituminous",No Defects,Daylight,Daylight,"Two-Way, Divided, Positive Median Barrier",Not Provided,No Adverse Condition (Clear/Cloud),Straight - Level,Not Provided,No,Not at Intersection,Not Provided,Traffic Lanes Marked,Dry,Intersection Area,Non-Intersection,Yes - Working,No,2024,Summer,July,Daytime,Noon - 2:59pm,12,Property Damage Crash,No,Yes,No,No,No,No,No,No,No,No,No,No,No,Multiple Vehicle Crashes,Norfolk City,,Urban,36.85706,-76.19585,Interstate,I-64E,64.0,I-64,283.97,Interstate,Not at Intersection,,No,0,0,No,0,0,0,0,0,0,0,0,0,0,0,c8789569,0,0,1,Minor
2,2022-01-14,18:00:00,Friday,Angle,On Roadway,"Blacktop, Asphalt, Bituminous",No Defects,Darkness,Darkness - Road Lighted,"Two-Way, Divided, Positive Median Barrier",Not Provided,No Adverse Condition (Clear/Cloud),Straight - Level,Not Provided,No,Not at Intersection,Not Provided,Traffic Lanes Marked,Dry,Interchange Area,Main-Line Roadway,Yes - Working,No,2022,Winter,January,Nighttime,6:00pm - 8:59pm,18,Property Damage Crash,No,No,No,No,No,No,No,No,No,Yes,No,No,No,Multiple Vehicle Crashes,Richmond City,,Urban,37.56508,-77.44392,Non-Interstate,US-1N,1.0,CHAMBERLAYNE AVE,94.79,Other Principal Arterial,At Intersection,GRAHAM RD,No,0,0,No,0,0,0,0,0,0,0,0,0,0,0,c0754373,0,0,1,Minor
2,2024-12-29,23:23:00,Sunday,Rear End,On Roadway,"Blacktop, Asphalt, Bituminous",No Defects,Darkness,Darkness - Road Lighted,"Two-Way, Not Divided",Not Provided,No Adverse Condition (Clear/Cloud),Straight - Level,Not Provided,No,Not at Intersection,Not Provided,Traffic Lanes Marked,Dry,Intersection Area,Non-Intersection,Yes - Working,No,2024,Winter,December,Nighttime,9:00pm - 11:59pm,23,Property Damage Crash,No,No,No,No,No,No,No,No,No,No,Yes,No,No,Multiple Vehicle Crashes,Richmond City,,Urban,37.54199,-77.46984,Non-Interstate,UR-7603S (CITY OF RICHMOND),0.0,MEADOW ST,0.34,Major Collector,At Intersection,BLAIR ST,No,0,0,No,0,0,0,0,0,0,0,0,0,0,0,c8576162,0,0,1,Minor
1,2023-01-19,12:13:00,Thursday,Other,On Roadway,"Blacktop, Asphalt, Bituminous",No Defects,Daylight,Daylight,"Two-Way, Not Divided",Not Provided,No Adverse Condition (Clear/Cloud),Curve - Level,Not Provided,No,Not at Intersection,Not Provided,Traffic Lanes Marked,Wet,Interchange Area,Main-Line Roadway,Yes - Working,No,2023,Winter,January,Daytime,Noon - 2:59pm,12,Property Damage Crash,No,No,No,No,No,No,No,No,No,No,No,No,No,Single Vehicle Crashes,Rockingham County,,Rural,38.40609,-78.73956,,MASSANUTTEN DR (NP - ROCKINGHAM COUNTY),,MASSANUTTEN DR,1.79,,Not at Intersection,,No,0,0,No,0,0,0,0,0,0,0,0,0,0,0,c9209486,0,0,1,Minor
1,2024-09-16,08:59:00,Monday,Fixed Object - Off Road,Shoulder,"Blacktop, Asphalt, Bituminous",No Defects,Daylight,Daylight,"Two-Way, Not Divided",Not Provided,No Adverse Condition (Clear/Cloud),Curve - Level,Not Provided,No,Not at Intersection,Not Provided,Traffic Lanes Marked,Dry,Interchange Area,Main-Line Roadway,Yes - Working,No,2024,Autumn,September,Daytime,6:00am - 8:59am,8,Injury Crash,No,No,No,No,No,No,No,No,No,No,Yes,No,No,Single Vehicle Crashes,Stafford County,,Urban,38.41784,-77.53555,Non-Interstate,SC-650S (STAFFORD COUNTY),650.0,MT OLIVE RD,2.43,Local,Not at Intersection,,No,0,0,No,0,0,0,0,0,0,0,1,0,0,1,c3896465,0,0,1,Minor
2,2023-05-06,21:33:00,Saturday,Head On,On Roadway,"Blacktop, Asphalt, Bituminous",No Defects,Darkness,Darkness - Road Not Lighted,"Two-Way, Divided, Unprotected Median",Not Provided,No Adverse Condition (Clear/Cloud),Straight - Level,Not Provided,No,Not at Intersection,Not Provided,Traffic Lanes Marked,Dry,Interchange Area,Main-Line Roadway,Yes - Working,No,2023,Spring,May,Nighttime,9:00pm - 11:59pm,21,Injury Crash,Yes,No,No,No,No,No,No,No,No,No,No,No,No,Multiple Vehicle Crashes,James City County,,Urban,37.32519,-76.78954,Non-Interstate,SC-614N (JAMES CITY COUNTY),614.0,CENTERVILLE RD,7.42,Minor Arterial,Not at Intersection,,No,0,0,No,0,0,0,0,0,0,0,0,0,0,1,c9325508,0,0,1,Minor
1,2022-08-20,16:30:00,Saturday,Fixed Object - Off Road,Roadside,"Blacktop, Asphalt, Bituminous",No Defects,Daylight,Daylight,"Two-Way, Not Divided",Not Provided,No Adverse Condition (Clear/Cloud),Straight - Level,Not Provided,No,Not at Intersection,Not Provided,No Traffic Control,Dry,Intersection Area,Non-Intersection,No Traffic Control Device Present,No,2022,Summer,August,Daytime,3:00pm - 5:59pm,16,Property Damage Crash,No,No,No,No,No,No,No,No,No,No,Yes,No,No,Single Vehicle Crashes,Rockingham County,,Rural,38.25966,-78.78469,Non-Interstate,SC-663E (ROCKINGHAM COUNTY),663.0,BROWNS GAP RD,1.58,Minor Collector,Not at Intersection,,Yes,0,0,No,0,0,0,0,0,0,0,0,0,0,0,c1887037,0,0,1,Minor